bref_id,season,salary,espn_name,match_method,match_confidence
o/onealsh01,1999-00,17142000,Shaquille O'Neal,exact_normalized,0.99
g/garneke01,1999-00,16806000,Kevin Garnett,exact_normalized,0.99
m/mournal01,1999-00,15004000,Alonzo Mourning,exact_normalized,0.99
h/howarju01,1999-00,15000000,Juwan Howard,exact_normalized,0.99
p/pippesc01,1999-00,14795000,Scottie Pippen,exact_normalized,0.99
m/malonka01,1999-00,14000000,Karl Malone,exact_normalized,0.99
w/wallara01,1999-00,10800000,Rasheed Wallace,exact_normalized,0.99
k/kempsh01,1999-00,10780000,Shawn Kemp,exact_normalized,0.99
s/stoudda01,1999-00,10125000,Damon Stoudamire,exact_normalized,0.99
m/mcdyean01,1999-00,9900000,Antonio McDyess,exact_normalized,0.99
w/walkean02,1999-00,9000000,Antoine Walker,exact_normalized,0.99
a/abdursh01,1999-00,9000000,Shareef Abdur-Rahim,exact_normalized,0.99
i/iversal01,1999-00,9000000,Allen Iverson,exact_normalized,0.99
b/bakervi01,1999-00,9000000,Vin Baker,exact_normalized,0.99
h/hardaan01,1999-00,9000000,Anfernee Hardaway,exact_normalized,0.99
a/allenra02,1999-00,9000000,Ray Allen,exact_normalized,0.99
b/bryanko01,1999-00,9000000,Kobe Bryant,exact_normalized,0.99
m/marbust01,1999-00,9000000,Stephon Marbury,exact_normalized,0.99
d/divacvl01,1999-00,8837000,Vlade Divac,exact_normalized,0.99
r/reevebr01,1999-00,8666000,Bryant Reeves,exact_normalized,0.99
g/guglito01,1999-00,8558000,Tom Gugliotta,exact_normalized,0.99
v/vanexni01,1999-00,8354000,Nick Van Exel,exact_normalized,0.99
c/campbel01,1999-00,7975000,Elden Campbell,exact_normalized,0.99
b/brandte01,1999-00,7400000,Terrell Brandon,exact_normalized,0.99
c/colemde01,1999-00,7370000,Derrick Coleman,exact_normalized,0.99
k/kittlke01,1999-00,7166000,Kerry Kittles,exact_normalized,0.99
d/dudlech02,1999-00,7100000,Chris Dudley,exact_normalized,0.99
r/ratlith01,1999-00,7031000,Theo Ratliff,exact_normalized,0.99
g/geigema01,1999-00,6889000,Matt Geiger,exact_normalized,0.99
k/kiddja01,1999-00,6858000,Jason Kidd,exact_normalized,0.99
a/anderke01,1999-00,6680000,Kenny Anderson,exact_normalized,0.99
h/hillty01,1999-00,6422000,Tyrone Hill,exact_normalized,0.99
r/robincl02,1999-00,6125000,Clifford Robinson,exact_normalized,0.99
m/mashbja01,1999-00,5600000,Jamal Mashburn,exact_normalized,0.99
n/nashst01,1999-00,5500000,Steve Nash,exact_normalized,0.99
h/hendeal01,1999-00,5318000,Alan Henderson,exact_normalized,0.99
m/marshdo01,1999-00,5250000,Donyell Marshall,exact_normalized,0.99
c/cambyma01,1999-00,5250000,Marcus Camby,exact_normalized,0.99
o/ostergr01,1999-00,5200000,Greg Ostertag,exact_normalized,0.99
l/longllu01,1999-00,5175000,Luc Longley,exact_normalized,0.99
b/brownpj01,1999-00,5124000,P.J. Brown,exact_normalized,0.99
o/onealje01,1999-00,5075000,Jermaine O'Neal,exact_normalized,0.99
d/dampier01,1999-00,4988000,Erick Dampier,exact_normalized,0.99
p/persowe01,1999-00,4900000,Wesley Person,exact_normalized,0.99
v/vaughlo01,1999-00,4810000,Loy Vaught,exact_normalized,0.99
h/horryro01,1999-00,4800000,Robert Horry,exact_normalized,0.99
m/mckeyde01,1999-00,4800000,Derrick McKey,exact_normalized,0.99
m/mcilvji01,1999-00,4800000,Jim Mcilvaine,exact_normalized,0.99
s/stackje01,1999-00,4781000,Jerry Stackhouse,exact_normalized,0.99
w/wardch01,1999-00,4540000,Charlie Ward,exact_normalized,0.99
d/davisda01,1999-00,4490000,Dale Davis,exact_normalized,0.99
w/wrighlo02,1999-00,4400000,Lorenzen Wright,exact_normalized,0.99
b/blaylmo01,1999-00,4200000,Mookie Blaylock,exact_normalized,0.99
m/millsch01,1999-00,4200000,Chris Mills,exact_normalized,0.99
c/childch01,1999-00,4160000,Chris Childs,exact_normalized,0.99
a/armstda01,1999-00,4125000,Darrell Armstrong,exact_normalized,0.99
r/russebr01,1999-00,4000000,Bryon Russell,exact_normalized,0.99
b/barrybr01,1999-00,3960000,Brent Barry,exact_normalized,0.99
c/caffeja01,1999-00,3937000,Jason Caffey,exact_normalized,0.99
p/potapvi01,1999-00,3810000,Vitaly Potapenko,exact_normalized,0.99
s/surabo01,1999-00,3760000,Bob Sura,exact_normalized,0.99
w/williwa02,1999-00,3750000,Walt Williams,exact_normalized,0.99
w/willisc01,1999-00,3750000,Scott Williams,exact_normalized,0.99
c/cassesa01,1999-00,3500000,Sam Cassell,exact_normalized,0.99
o/olowomi01,1999-00,3456000,Michael Olowokandi,exact_normalized,0.99
b/brandel01,1999-00,3375000,Elton Brand,exact_normalized,0.99
w/willier01,1999-00,3336000,Eric Williams,exact_normalized,0.99
b/besttr01,1999-00,3250000,Travis Best,exact_normalized,0.99
s/stewami01,1999-00,3200000,Michael Stewart,exact_normalized,0.99
s/stronde01,1999-00,3159000,Derek Strong,exact_normalized,0.99
b/bibbymi01,1999-00,3092000,Mike Bibby,exact_normalized,0.99
f/foxri01,1999-00,3033000,Rick Fox,exact_normalized,0.99
f/francst01,1999-00,3020000,Steve Francis,exact_normalized,0.99
f/fishede01,1999-00,3000000,Derek Fisher,exact_normalized,0.99
m/murrala01,1999-00,3000000,Lamond Murray,exact_normalized,0.99
s/snower01,1999-00,3000000,Eric Snow,exact_normalized,0.99
j/johnser02,1999-00,2951000,Ervin Johnson,exact_normalized,0.99
p/pricebr01,1999-00,2944000,Brent Price,exact_normalized,0.99
k/knightr01,1999-00,2800000,Travis Knight,exact_normalized,0.99
l/lafrera01,1999-00,2777000,Raef LaFrentz,exact_normalized,0.99
m/murratr01,1999-00,2720000,Tracy Murray,exact_normalized,0.99
n/nesbyty01,1999-00,2716000,Tyrone Nesby,exact_normalized,0.99
d/davisba01,1999-00,2712000,Baron Davis,exact_normalized,0.99
c/cummivo01,1999-00,2600000,Vonteego Cummings,exact_normalized,0.99
w/wesleda01,1999-00,2520000,David Wesley,exact_normalized,0.99
g/garrede01,1999-00,2520000,Dean Garrett,exact_normalized,0.99
j/jamisan01,1999-00,2503000,Antawn Jamison,exact_normalized,0.99
m/mccarwa01,1999-00,2500000,Walter McCarty,exact_normalized,0.99
p/peelean01,1999-00,2495000,Anthony Peeler,exact_normalized,0.99
o/odomla01,1999-00,2445000,Lamar Odom,exact_normalized,0.99
f/fundela01,1999-00,2400000,Lawrence Funderburke,exact_normalized,0.99
h/hunteli01,1999-00,2350000,Lindsey Hunter,exact_normalized,0.99
r/rosema01,1999-00,2285000,Malik Rose,exact_normalized,0.99
c/cartevi01,1999-00,2267000,Vince Carter,exact_normalized,0.99
b/bendejo01,1999-00,2214000,Jonathan Bender,exact_normalized,0.99
c/curryde01,1999-00,2100000,Dell Curry,exact_normalized,0.99
t/traylro01,1999-00,2059000,Robert Traylor,exact_normalized,0.99
h/harriot01,1999-00,2025000,Othella Harrington,exact_normalized,0.99
s/szczewa02,1999-00,2011000,Wally Szczerbiak,exact_normalized,0.99
m/montrer01,1999-00,2000000,Eric Montross,exact_normalized,0.99
p/piatker01,1999-00,2000000,Eric Piatkowski,exact_normalized,0.99
r/rogerro01,1999-00,2000000,Rodney Rogers,exact_normalized,0.99
f/feickja01,1999-00,2000000,Jamie Feick,exact_normalized,0.99
w/wallajo01,1999-00,2000000,John Wallace,exact_normalized,0.99
p/portete01,1999-00,2000000,Terry Porter,exact_normalized,0.99
a/andersh01,1999-00,2000000,Shandon Anderson,exact_normalized,0.99
c/cheanca01,1999-00,2000000,Calbert Cheaney,exact_normalized,0.99
c/currymi01,1999-00,2000000,Michael Curry,exact_normalized,0.99
l/lynchge01,1999-00,2000000,George Lynch,exact_normalized,0.99
l/longgr01,1999-00,2000000,Grant Long,exact_normalized,0.99
c/crawfch01,1999-00,2000000,Chris Crawford,exact_normalized,0.99
k/kerrst01,1999-00,1968000,Steve Kerr,exact_normalized,0.99
d/delnevi01,1999-00,1925000,Vinny Del Negro,exact_normalized,0.99
r/rooksse01,1999-00,1920000,Sean Rooks,exact_normalized,0.99
h/harrilu01,1999-00,1920000,Lucious Harris,exact_normalized,0.99
w/willija02,1999-00,1879000,Jason Williams,exact_normalized,0.99
h/hamilri01,1999-00,1836000,Richard Hamilton,exact_normalized,0.99
h/hughela01,1999-00,1722000,Larry Hughes,exact_normalized,0.99
m/millean02,1999-00,1682000,Andre Miller,exact_normalized,0.99
n/nowitdi01,1999-00,1583000,Dirk Nowitzki,exact_normalized,0.99
m/mariosh01,1999-00,1546000,Shawn Marion,exact_normalized,0.99
p/piercpa01,1999-00,1503000,Paul Pierce,exact_normalized,0.99
t/terryja01,1999-00,1468000,Jason Terry,exact_normalized,0.99
w/wellsbo01,1999-00,1428000,Bonzi Wells,exact_normalized,0.99
l/langdtr01,1999-00,1394000,Trajan Langdon,exact_normalized,0.99
r/radojal01,1999-00,1325000,Aleksandar Radojevic,exact_normalized,0.99
c/clarkke01,1999-00,1289000,Keon Clark,exact_normalized,0.99
m/maggeco01,1999-00,1259000,Corey Maggette,exact_normalized,0.99
d/dickemi01,1999-00,1224000,Michael Dickerson,exact_normalized,0.99
a/averywi01,1999-00,1196000,William Avery,exact_normalized,0.99
h/harprma01,1999-00,1163000,Matt Harpring,exact_normalized,0.99
r/recasel01,1999-00,1100000,Eldridge Recasner,exact_normalized,0.99
a/artesro01,1999-00,1079000,Metta World Peace,exact_normalized,0.99
n/nestera01,1999-00,1050000,Rasho Nesterovic,exact_normalized,0.99
b/bowdlca01,1999-00,1025000,Cal Bowdler,exact_normalized,0.99
p/poseyja01,1999-00,974000,James Posey,exact_normalized,0.99
g/garripa01,1999-00,952000,Pat Garrity,exact_normalized,0.99
l/lewisqu01,1999-00,930000,Quincy Lewis,exact_normalized,0.99
m/mcleoro01,1999-00,914000,Roshown McLeod,exact_normalized,0.99
g/glovedi01,1999-00,893000,Dion Glover,exact_normalized,0.99
d/davisri01,1999-00,878000,Ricky Davis,exact_normalized,0.99
f/fostegr01,1999-00,857000,Greg Foster,exact_normalized,0.99
f/fosteje01,1999-00,857000,Jeff Foster,exact_normalized,0.99
s/skinnbr01,1999-00,843000,Brian Skinner,exact_normalized,0.99
t/thomake01,1999-00,823000,Kenny Thomas,exact_normalized,0.99
g/georgde01,1999-00,790000,Devean George,exact_normalized,0.99
h/harrial01,1999-00,745000,Al Harrington,exact_normalized,0.99
j/jamesti01,1999-00,728000,Tim James,exact_normalized,0.99
j/jonesju01,1999-00,684000,Jumaine Jones,exact_normalized,0.99
p/padgesc01,1999-00,679000,Scott Padgett,exact_normalized,0.99
a/alstora01,1999-00,301000,Rafer Alston,exact_normalized,0.99
g/garneke01,2000-01,19600000,Kevin Garnett,exact_normalized,0.99
o/onealsh01,2000-01,19285000,Shaquille O'Neal,exact_normalized,0.99
m/mournal01,2000-01,16879000,Alonzo Mourning,exact_normalized,0.99
h/howarju01,2000-01,16875000,Juwan Howard,exact_normalized,0.99
o/olajuha01,2000-01,16685000,Hakeem Olajuwon,exact_normalized,0.99
m/malonka01,2000-01,15750000,Karl Malone,exact_normalized,0.99
m/mutomdi01,2000-01,14422000,Dikembe Mutombo,exact_normalized,0.99
r/robinda01,2000-01,13196000,David Robinson,exact_normalized,0.99
p/pippesc01,2000-01,13151000,Scottie Pippen,exact_normalized,0.99
w/wallara01,2000-01,12600000,Rasheed Wallace,exact_normalized,0.99
w/webbech01,2000-01,12000000,Chris Webber,exact_normalized,0.99
k/kempsh01,2000-01,11720000,Shawn Kemp,exact_normalized,0.99
s/stoudda01,2000-01,11250000,Damon Stoudamire,exact_normalized,0.99
s/stockjo01,2000-01,11000000,John Stockton,exact_normalized,0.99
m/mcdyean01,2000-01,10800000,Antonio McDyess,exact_normalized,0.99
m/millere01,2000-01,10666000,Reggie Miller,exact_normalized,0.99
s/sabonar01,2000-01,10636000,Arvydas Sabonis,exact_normalized,0.99
i/ilgauzy01,2000-01,10130000,Zydrunas Ilgauskas,exact_normalized,0.99
h/hardaan01,2000-01,10130000,Anfernee Hardaway,exact_normalized,0.99
m/marbust01,2000-01,10130000,Stephon Marbury,exact_normalized,0.99
w/walkean02,2000-01,10125000,Antoine Walker,exact_normalized,0.99
a/abdursh01,2000-01,10125000,Shareef Abdur-Rahim,exact_normalized,0.99
i/iversal01,2000-01,10125000,Allen Iverson,exact_normalized,0.99
s/sprewla01,2000-01,10125000,Latrell Sprewell,exact_normalized,0.99
b/bakervi01,2000-01,10125000,Vin Baker,exact_normalized,0.99
a/allenra02,2000-01,10125000,Ray Allen,exact_normalized,0.99
b/bryanko01,2000-01,10125000,Kobe Bryant,exact_normalized,0.99
r/reevebr01,2000-01,10110000,Bryant Reeves,exact_normalized,0.99
m/mcgratr01,2000-01,9658000,Tracy McGrady,exact_normalized,0.99
d/duncati01,2000-01,9658000,Tim Duncan,exact_normalized,0.99
r/roseja01,2000-01,9658000,Jalen Rose,exact_normalized,0.99
h/hillgr01,2000-01,9658000,Grant Hill,exact_normalized,0.99
d/divacvl01,2000-01,9641000,Vlade Divac,exact_normalized,0.99
g/guglito01,2000-01,9336000,Tom Gugliotta,exact_normalized,0.99
h/houstal01,2000-01,9000000,Allan Houston,exact_normalized,0.99
v/vanhoke01,2000-01,9000000,Keith Van Horn,exact_normalized,0.99
j/jonesed02,2000-01,8960000,Eddie Jones,exact_normalized,0.99
g/grantbr01,2000-01,8897000,Brian Grant,exact_normalized,0.99
t/thomati01,2000-01,8507000,Tim Thomas,exact_normalized,0.99
f/finlemi01,2000-01,8400000,Michael Finley,exact_normalized,0.99
b/bradlsh01,2000-01,8370000,Shawn Bradley,exact_normalized,0.99
b/brandte01,2000-01,8325000,Terrell Brandon,exact_normalized,0.99
v/vanexni01,2000-01,8184000,Nick Van Exel,exact_normalized,0.99
c/campbel01,2000-01,8050000,Elden Campbell,exact_normalized,0.99
c/colemde01,2000-01,8040000,Derrick Coleman,exact_normalized,0.99
j/johnsav01,2000-01,8000000,Avery Johnson,exact_normalized,0.99
g/grantho01,2000-01,7843000,Horace Grant,exact_normalized,0.99
r/ratlith01,2000-01,7800000,Theo Ratliff,exact_normalized,0.99
k/kiddja01,2000-01,7630000,Jason Kidd,exact_normalized,0.99
a/anderke01,2000-01,7520000,Kenny Anderson,exact_normalized,0.99
g/geigema01,2000-01,7515000,Matt Geiger,exact_normalized,0.99
h/hillty01,2000-01,7415000,Tyrone Hill,exact_normalized,0.99
k/kukocto01,2000-01,7167000,Toni Kukoc,exact_normalized,0.99
r/robincl02,2000-01,6890000,Clifford Robinson,exact_normalized,0.99
l/laettch01,2000-01,6625000,Christian Laettner,exact_normalized,0.99
d/dudlech02,2000-01,6200000,Chris Dudley,exact_normalized,0.99
m/mashbja01,2000-01,6200000,Jamal Mashburn,exact_normalized,0.99
d/davisda01,2000-01,6175000,Dale Davis,exact_normalized,0.99
h/hendeal01,2000-01,5909000,Alan Henderson,exact_normalized,0.99
b/brownpj01,2000-01,5764000,P.J. Brown,exact_normalized,0.99
l/longllu01,2000-01,5750000,Luc Longley,exact_normalized,0.99
c/cambyma01,2000-01,5750000,Marcus Camby,exact_normalized,0.99
o/onealje01,2000-01,5700000,Jermaine O'Neal,exact_normalized,0.99
m/marshdo01,2000-01,5630000,Donyell Marshall,exact_normalized,0.99
s/stithbr01,2000-01,5620000,Bryant Stith,exact_normalized,0.99
d/dampier01,2000-01,5611000,Erick Dampier,exact_normalized,0.99
p/persowe01,2000-01,5600000,Wesley Person,exact_normalized,0.99
m/masonan01,2000-01,5553000,Anthony Mason,exact_normalized,0.99
m/mercero01,2000-01,5515000,Ron Mercer,exact_normalized,0.99
d/davisan01,2000-01,5500000,Antonio Davis,exact_normalized,0.99
n/nashst01,2000-01,5500000,Steve Nash,exact_normalized,0.99
m/mckeyde01,2000-01,5400000,Derrick McKey,exact_normalized,0.99
c/catoke01,2000-01,5400000,Kelvin Cato,exact_normalized,0.99
m/mcilvji01,2000-01,5400000,Jim Mcilvaine,exact_normalized,0.99
e/elliose01,2000-01,5333000,Sean Elliott,exact_normalized,0.99
h/horryro01,2000-01,5300000,Robert Horry,exact_normalized,0.99
c/croshau01,2000-01,5298000,Austin Croshere,exact_normalized,0.99
o/ostergr01,2000-01,5200000,Greg Ostertag,exact_normalized,0.99
s/stackje01,2000-01,5000000,Jerry Stackhouse,exact_normalized,0.99
w/wardch01,2000-01,5000000,Charlie Ward,exact_normalized,0.99
w/wrighlo02,2000-01,4950000,Lorenzen Wright,exact_normalized,0.99
v/vaughlo01,2000-01,4812000,Loy Vaught,exact_normalized,0.99
b/blaylmo01,2000-01,4800000,Mookie Blaylock,exact_normalized,0.99
m/millsch01,2000-01,4800000,Chris Mills,exact_normalized,0.99
c/childch01,2000-01,4680000,Chris Childs,exact_normalized,0.99
r/russebr01,2000-01,4570000,Bryon Russell,exact_normalized,0.99
o/outlabo01,2000-01,4500000,Bo Outlaw,exact_normalized,0.99
w/williwa02,2000-01,4500000,Walt Williams,exact_normalized,0.99
a/abdulta01,2000-01,4500000,Tariq Abdul-Wahad,exact_normalized,0.99
s/surabo01,2000-01,4386000,Bob Sura,exact_normalized,0.99
c/caffeja01,2000-01,4375000,Jason Caffey,exact_normalized,0.99
p/packro01,2000-01,4320000,Robert Pack,exact_normalized,0.99
b/barrybr01,2000-01,4320000,Brent Barry,exact_normalized,0.99
p/potapvi01,2000-01,4286000,Vitaly Potapenko,exact_normalized,0.99
k/knighbr01,2000-01,4250000,Brevin Knight,exact_normalized,0.99
e/eisleho01,2000-01,4250000,Howard Eisley,exact_normalized,0.99
w/willisc01,2000-01,4200000,Scott Williams,exact_normalized,0.99
m/millebr01,2000-01,4000000,Brad Miller,exact_normalized,0.99
c/causwdu01,2000-01,4000000,Duane Causwell,exact_normalized,0.99
w/wallabe01,2000-01,4000000,Ben Wallace,exact_normalized,0.99
m/majerda01,2000-01,4000000,Dan Majerle,exact_normalized,0.99
w/willico02,2000-01,3997000,Corliss Williamson,exact_normalized,0.99
c/cebalce01,2000-01,3937000,Cedric Ceballos,exact_normalized,0.99
w/whiteja01,2000-01,3922000,Jahidi White,exact_normalized,0.99
m/moblecu01,2000-01,3922000,Cuttino Mobley,exact_normalized,0.99
p/pollasc01,2000-01,3922000,Scot Pollard,exact_normalized,0.99
l/lewisra02,2000-01,3920000,Rashard Lewis,exact_normalized,0.99
w/willier01,2000-01,3892000,Eric Williams,exact_normalized,0.99
l/lenarvo01,2000-01,3780000,Voshon Lenard,exact_normalized,0.99
b/barroda01,2000-01,3700000,Dana Barros,exact_normalized,0.99
o/olowomi01,2000-01,3697000,Michael Olowokandi,exact_normalized,0.99
t/thomaku01,2000-01,3680000,Kurt Thomas,exact_normalized,0.99
b/brandel01,2000-01,3629000,Elton Brand,exact_normalized,0.99
f/foylead01,2000-01,3578000,Adonal Foyle,exact_normalized,0.99
j/jacksma01,2000-01,3565000,Mark Jackson,exact_normalized,0.99
m/martike01,2000-01,3536000,Kenyon Martin,exact_normalized,0.99
s/stewami01,2000-01,3520000,Michael Stewart,exact_normalized,0.99
s/stronde01,2000-01,3510000,Derek Strong,exact_normalized,0.99
a/anthogr01,2000-01,3500000,Greg Anthony,exact_normalized,0.99
c/cassesa01,2000-01,3500000,Sam Cassell,exact_normalized,0.99
f/foxri01,2000-01,3412000,Rick Fox,exact_normalized,0.99
k/keefead01,2000-01,3390000,Adam Keefe,exact_normalized,0.99
m/murrala01,2000-01,3375000,Lamond Murray,exact_normalized,0.99
s/snower01,2000-01,3375000,Eric Snow,exact_normalized,0.99
j/johnser02,2000-01,3310000,Ervin Johnson,exact_normalized,0.99
b/bibbymi01,2000-01,3308000,Mike Bibby,exact_normalized,0.99
b/buechju01,2000-01,3259000,Jud Buechler,exact_normalized,0.99
b/besttr01,2000-01,3250000,Travis Best,exact_normalized,0.99
f/francst01,2000-01,3246000,Steve Francis,exact_normalized,0.99
b/battito01,2000-01,3200000,Tony Battie,exact_normalized,0.99
k/knightr01,2000-01,3200000,Travis Knight,exact_normalized,0.99
s/swiftst01,2000-01,3164000,Stromile Swift,exact_normalized,0.99
c/chrisdo01,2000-01,3132000,Doug Christie,exact_normalized,0.99
a/armstda01,2000-01,3100000,Darrell Armstrong,exact_normalized,0.99
m/murratr01,2000-01,3060000,Tracy Murray,exact_normalized,0.99
f/fishede01,2000-01,3000000,Derek Fisher,exact_normalized,0.99
p/piatker01,2000-01,3000000,Eric Piatkowski,exact_normalized,0.99
a/atkinch01,2000-01,3000000,Chucky Atkins,exact_normalized,0.99
n/nesbyty01,2000-01,2990000,Tyrone Nesby,exact_normalized,0.99
l/lafrera01,2000-01,2970000,Raef LaFrentz,exact_normalized,0.99
d/davisba01,2000-01,2916000,Baron Davis,exact_normalized,0.99
p/pricebr01,2000-01,2880000,Brent Price,exact_normalized,0.99
w/wesleda01,2000-01,2880000,David Wesley,exact_normalized,0.99
g/garrede01,2000-01,2880000,Dean Garrett,exact_normalized,0.99
m/mooremi01,2000-01,2848000,Mikki Moore,exact_normalized,0.99
m/milesda01,2000-01,2841000,Darius Miles,exact_normalized,0.99
j/jonespo01,2000-01,2815000,Popeye Jones,exact_normalized,0.99
d/daniean01,2000-01,2814000,Antonio Daniels,exact_normalized,0.99
m/mccarwa01,2000-01,2812000,Walter McCarty,exact_normalized,0.99
w/willije01,2000-01,2750000,Jerome Williams,exact_normalized,0.99
p/peelean01,2000-01,2737000,Anthony Peeler,exact_normalized,0.99
b/barryjo01,2000-01,2727000,Jon Barry,exact_normalized,0.99
w/willike02,2000-01,2700000,Kevin Willis,exact_normalized,0.99
f/fundela01,2000-01,2700000,Lawrence Funderburke,exact_normalized,0.99
j/jamisan01,2000-01,2678000,Antawn Jamison,exact_normalized,0.99
h/hunteli01,2000-01,2650000,Lindsey Hunter,exact_normalized,0.99
o/odomla01,2000-01,2628000,Lamar Odom,exact_normalized,0.99
r/rosema01,2000-01,2570000,Malik Rose,exact_normalized,0.99
f/fizerma01,2000-01,2562000,Marcus Fizer,exact_normalized,0.99
t/tarladr01,2000-01,2500000,Dragan Tarlac,exact_normalized,0.99
c/cartevi01,2000-01,2425000,Vince Carter,exact_normalized,0.99
b/bendejo01,2000-01,2380000,Jonathan Bender,exact_normalized,0.99
w/whitnch01,2000-01,2370000,Chris Whitney,exact_normalized,0.99
m/millemi01,2000-01,2320000,Mike Miller,exact_normalized,0.99
h/harriot01,2000-01,2250000,Othella Harrington,exact_normalized,0.99
a/anderde01,2000-01,2250000,Derek Anderson,exact_normalized,0.99
s/starkjo01,2000-01,2250000,John Starks,exact_normalized,0.99
p/perduwi01,2000-01,2250000,Will Perdue,exact_normalized,0.99
b/brownra02,2000-01,2250000,Randy Brown,exact_normalized,0.99
s/shawbr01,2000-01,2250000,Brian Shaw,exact_normalized,0.99
g/greenac01,2000-01,2250000,A.C. Green,exact_normalized,0.99
c/colesbi01,2000-01,2250000,Bimbo Coles,exact_normalized,0.99
s/smithjo02,2000-01,2250000,Joe Smith,exact_normalized,0.99
w/williaa01,2000-01,2250000,Aaron Williams,exact_normalized,0.99
p/perkisa01,2000-01,2250000,Sam Perkins,exact_normalized,0.99
s/stricro02,2000-01,2250000,Rod Strickland,exact_normalized,0.99
d/delkto01,2000-01,2250000,Tony Delk,exact_normalized,0.99
b/billuch01,2000-01,2250000,Chauncey Billups,exact_normalized,0.99
j/jacksbo01,2000-01,2250000,Bobby Jackson,exact_normalized,0.99
c/crawfch01,2000-01,2250000,Chris Crawford,exact_normalized,0.99
m/montrer01,2000-01,2240000,Eric Montross,exact_normalized,0.99
t/traylro01,2000-01,2203000,Robert Traylor,exact_normalized,0.99
k/kerrst01,2000-01,2200000,Steve Kerr,exact_normalized,0.99
s/schrede01,2000-01,2200000,Detlef Schrempf,exact_normalized,0.99
r/rogerro01,2000-01,2200000,Rodney Rogers,exact_normalized,0.99
f/feickja01,2000-01,2200000,Jamie Feick,exact_normalized,0.99
c/crawfja01,2000-01,2200000,Jamal Crawford,exact_normalized,0.99
w/wallajo01,2000-01,2200000,John Wallace,exact_normalized,0.99
p/portete01,2000-01,2200000,Terry Porter,exact_normalized,0.99
a/andersh01,2000-01,2200000,Shandon Anderson,exact_normalized,0.99
p/polynol01,2000-01,2200000,Olden Polynice,exact_normalized,0.99
r/rogerca01,2000-01,2200000,Carlos Rogers,exact_normalized,0.99
c/cheanca01,2000-01,2200000,Calbert Cheaney,exact_normalized,0.99
c/currymi01,2000-01,2200000,Michael Curry,exact_normalized,0.99
m/mccloge01,2000-01,2200000,George McCloud,exact_normalized,0.99
t/thorpot01,2000-01,2200000,Otis Thorpe,exact_normalized,0.99
l/lynchge01,2000-01,2200000,George Lynch,exact_normalized,0.99
l/longgr01,2000-01,2200000,Grant Long,exact_normalized,0.99
s/szczewa02,2000-01,2162000,Wally Szczerbiak,exact_normalized,0.99
r/rooksse01,2000-01,2160000,Sean Rooks,exact_normalized,0.99
h/harrilu01,2000-01,2160000,Lucious Harris,exact_normalized,0.99
j/johnsde03,2000-01,2107000,DerMarr Johnson,exact_normalized,0.99
m/mitchsa01,2000-01,2100000,Sam Mitchell,exact_normalized,0.99
w/willial02,2000-01,2100000,Alvin Williams,exact_normalized,0.99
d/delnevi01,2000-01,2100000,Vinny Del Negro,exact_normalized,0.99
p/parksch02,2000-01,2100000,Cherokee Parks,exact_normalized,0.99
w/willija02,2000-01,2011000,Jason Williams,exact_normalized,0.99
c/curryde01,2000-01,2000000,Dell Curry,exact_normalized,0.99
h/hamilri01,2000-01,1973000,Richard Hamilton,exact_normalized,0.99
m/mihmch01,2000-01,1923000,Chris Mihm,exact_normalized,0.99
d/declean01,2000-01,1920000,Andrew DeClercq,exact_normalized,0.99
h/hughela01,2000-01,1842000,Larry Hughes,exact_normalized,0.99
m/mckieaa01,2000-01,1820000,Aaron McKie,exact_normalized,0.99
m/millean02,2000-01,1808000,Andre Miller,exact_normalized,0.99
f/fostegr01,2000-01,1764000,Greg Foster,exact_normalized,0.99
h/hamda01,2000-01,1700000,Darvin Ham,exact_normalized,0.99
n/nowitdi01,2000-01,1693000,Dirk Nowitzki,exact_normalized,0.99
m/mariosh01,2000-01,1662000,Shawn Marion,exact_normalized,0.99
p/przybjo01,2000-01,1619000,Joel Przybilla,exact_normalized,0.99
p/piercpa01,2000-01,1608000,Paul Pierce,exact_normalized,0.99
t/terryja01,2000-01,1579000,Jason Terry,exact_normalized,0.99
d/doolike01,2000-01,1538000,Keyon Dooling,exact_normalized,0.99
w/wellsbo01,2000-01,1528000,Bonzi Wells,exact_normalized,0.99
v/vaughja01,2000-01,1500000,Jacque Vaughn,exact_normalized,0.99
l/langdtr01,2000-01,1500000,Trajan Langdon,exact_normalized,0.99
b/bullama01,2000-01,1481000,Matt Bullard,exact_normalized,0.99
m/moisoje01,2000-01,1461000,Jerome Moiso,exact_normalized,0.99
r/radojal01,2000-01,1425000,Aleksandar Radojevic,exact_normalized,0.99
n/newmajo01,2000-01,1400000,Johnny Newman,exact_normalized,0.99
c/clarkke01,2000-01,1379000,Keon Clark,exact_normalized,0.99
m/masseto01,2000-01,1360000,Tony Massenburg,exact_normalized,0.99
m/maggeco01,2000-01,1353000,Corey Maggette,exact_normalized,0.99
b/blounco01,2000-01,1320000,Corie Blount,exact_normalized,0.99
a/alexaco02,2000-01,1319000,Courtney Alexander,exact_normalized,0.99
d/dickemi01,2000-01,1310000,Michael Dickerson,exact_normalized,0.99
s/stojape01,2000-01,1310000,Peja Stojakovic,exact_normalized,0.99
a/averywi01,2000-01,1286000,William Avery,exact_normalized,0.99
c/cleavma01,2000-01,1253000,Mateen Cleaves,exact_normalized,0.99
h/harprma01,2000-01,1244000,Matt Harpring,exact_normalized,0.99
t/tabakza01,2000-01,1210000,Zan Tabak,exact_normalized,0.99
f/ferryda01,2000-01,1200000,Danny Ferry,exact_normalized,0.99
j/johnsan02,2000-01,1200000,Anthony Johnson,exact_normalized,0.99
e/ellisla01,2000-01,1200000,LaPhonso Ellis,exact_normalized,0.99
r/recasel01,2000-01,1200000,Eldridge Recasner,exact_normalized,0.99
m/mannida01,2000-01,1200000,Danny Manning,exact_normalized,0.99
c/cartean01,2000-01,1200000,Anthony Carter,exact_normalized,0.99
h/hawkihe01,2000-01,1200000,Hersey Hawkins,exact_normalized,0.99
c/collija02,2000-01,1190000,Jason Collier,exact_normalized,0.99
a/artesro01,2000-01,1160000,Metta World Peace,exact_normalized,0.99
t/turkohe01,2000-01,1131000,Hedo Turkoglu,exact_normalized,0.99
h/hammoto01,2000-01,1130000,Tom Hammonds,exact_normalized,0.99
n/nestera01,2000-01,1123000,Rasho Nesterovic,exact_normalized,0.99
b/bowdlca01,2000-01,1102000,Cal Bowdler,exact_normalized,0.99
b/buckngr01,2000-01,1100000,Greg Buckner,exact_normalized,0.99
m/masonde01,2000-01,1074000,Desmond Mason,exact_normalized,0.99
p/poseyja01,2000-01,1047000,James Posey,exact_normalized,0.99
r/richaqu01,2000-01,1020000,Quentin Richardson,exact_normalized,0.99
g/garripa01,2000-01,1019000,Pat Garrity,exact_normalized,0.99
l/lewisqu01,2000-01,1000000,Quincy Lewis,exact_normalized,0.99
p/patteru01,2000-01,990000,Ruben Patterson,exact_normalized,0.99
m/mcleoro01,2000-01,978000,Roshown McLeod,exact_normalized,0.99
m/magloja01,2000-01,975000,Jamaal Magloire,exact_normalized,0.99
g/glovedi01,2000-01,960000,Dion Glover,exact_normalized,0.99
d/davisri01,2000-01,939000,Ricky Davis,exact_normalized,0.99
f/fosteje01,2000-01,922000,Jeff Foster,exact_normalized,0.99
s/skinnbr01,2000-01,901000,Brian Skinner,exact_normalized,0.99
p/petermo01,2000-01,898000,Morris Peterson,exact_normalized,0.99
t/thomake01,2000-01,885000,Kenny Thomas,exact_normalized,0.99
h/hoibefr01,2000-01,880000,Fred Hoiberg,exact_normalized,0.99
l/luety01,2000-01,865000,Tyronn Lue,exact_normalized,0.99
g/georgde01,2000-01,849000,Devean George,exact_normalized,0.99
l/lopezfe01,2000-01,831000,Felipe Lopez,exact_normalized,0.99
s/stevede01,2000-01,828000,DeShawn Stevenson,exact_normalized,0.99
c/crottjo01,2000-01,800000,John Crotty,exact_normalized,0.99
m/macledo01,2000-01,798000,Don Maclean,exact_normalized,0.99
h/harrial01,2000-01,797000,Al Harrington,exact_normalized,0.99
b/bagarda01,2000-01,795000,Dalibor Bagaric,exact_normalized,0.99
j/jamesti01,2000-01,783000,Tim James,exact_normalized,0.99
t/tsakaja01,2000-01,763000,Jake Tsakalidis,exact_normalized,0.99
c/cummivo01,2000-01,757000,Vonteego Cummings,exact_normalized,0.99
d/davishu01,2000-01,752000,Hubert Davis,exact_normalized,0.99
b/benjaco01,2000-01,744000,Corey Benjamin,exact_normalized,0.99
m/mohamna01,2000-01,739000,Nazr Mohammed,exact_normalized,0.99
j/jonesju01,2000-01,735000,Jumaine Jones,exact_normalized,0.99
b/bowenbr01,2000-01,733000,Bruce Bowen,exact_normalized,0.99
p/padgesc01,2000-01,730000,Scott Padgett,exact_normalized,0.99
j/jonesda01,2000-01,714000,Damon Jones,exact_normalized,0.99
b/barkler01,2000-01,712000,Erick Barkley,exact_normalized,0.99
m/madsema01,2000-01,707000,Mark Madsen,exact_normalized,0.99
m/martida01,2000-01,673000,Darrick Martin,exact_normalized,0.99
d/davisem01,2000-01,611000,Emanual Davis,exact_normalized,0.99
r/robined01,2000-01,600000,Eddie Robinson,exact_normalized,0.99
a/amaecjo01,2000-01,598000,John Amaechi,exact_normalized,0.99
w/willish01,2000-01,550000,Shammond Williams,exact_normalized,0.99
e/edwarke01,2000-01,548000,Kevin Edwards,exact_normalized,0.99
a/abdulma02,2000-01,548000,Mahmoud Abdul-Rauf,exact_normalized,0.99
b/benoida01,2000-01,548000,David Benoit,exact_normalized,0.99
w/wingada01,2000-01,548000,David Wingate,exact_normalized,0.99
e/eliema01,2000-01,548000,Mario Elie,exact_normalized,0.99
s/spencfe01,2000-01,548000,Felton Spencer,exact_normalized,0.99
r/reiddo01,2000-01,548000,Don Reid,exact_normalized,0.99
w/willimo01,2000-01,548000,Monty Williams,exact_normalized,0.99
s/scottsh01,2000-01,548000,Shawnelle Scott,exact_normalized,0.99
d/daviste01,2000-01,548000,Terry Davis,exact_normalized,0.99
a/augmost01,2000-01,548000,Stacey Augmon,exact_normalized,0.99
m/malonma01,2000-01,548000,Matt Maloney,exact_normalized,0.99
h/harvean01,2000-01,548000,Antonio Harvey,exact_normalized,0.99
m/mcinnje01,2000-01,523000,Jeff McInnis,exact_normalized,0.99
e/edneyty01,2000-01,523000,Tyus Edney,exact_normalized,0.99
h/hudsotr01,2000-01,523000,Troy Hudson,exact_normalized,0.99
n/norrimo01,2000-01,523000,Moochie Norris,exact_normalized,0.99
b/bowenry01,2000-01,508000,Ryan Bowen,exact_normalized,0.99
p/profila01,2000-01,508000,Laron Profit,exact_normalized,0.99
b/brunsri01,2000-01,507000,Rick Brunson,exact_normalized,0.99
s/sundobr01,2000-01,498000,Bruno Sundov,exact_normalized,0.99
d/davidko01,2000-01,498000,Kornel David,exact_normalized,0.99
p/popema01,2000-01,498000,Mark Pope,exact_normalized,0.99
g/griffad01,2000-01,498000,Adrian Griffin,exact_normalized,0.99
b/bryanma01,2000-01,458000,Mark Bryant,exact_normalized,0.99
b/boothca01,2000-01,423000,Calvin Booth,exact_normalized,0.99
m/maccuto01,2000-01,423000,Todd MacCulloch,exact_normalized,0.99
b/blounma01,2000-01,423000,Mark Blount,exact_normalized,0.99
a/alstora01,2000-01,423000,Rafer Alston,exact_normalized,0.99
e/eschmev01,2000-01,423000,Evan Eschmeyer,exact_normalized,0.99
h/herrech01,2000-01,423000,Chris Herren,exact_normalized,0.99
p/perryel01,2000-01,390000,Elliot Perry,exact_normalized,0.99
o/ollieke01,2000-01,363000,Kevin Ollie,exact_normalized,0.99
p/palacmi01,2000-01,326000,Milt Palacio,exact_normalized,0.99
n/najered01,2000-01,316000,Eduardo Najera,exact_normalized,0.99
s/smithmi03,2000-01,316000,Mike Smith,exact_normalized,0.99
r/reddmi01,2000-01,316000,Michael Redd,exact_normalized,0.99
h/hamilze01,2000-01,316000,Zendon Hamilton,exact_normalized,0.99
h/hartja01,2000-01,316000,Jason Hart,exact_normalized,0.99
s/santida01,2000-01,316000,Daniel Santiago,exact_normalized,0.99
l/langhda01,2000-01,316000,Dan Langhi,exact_normalized,0.99
h/houseed01,2000-01,316000,Eddie House,exact_normalized,0.99
s/samakso01,2000-01,316000,Soumaila Samake,exact_normalized,0.99
v/voskuja01,2000-01,316000,Jake Voskuhl,exact_normalized,0.99
j/jacksst02,2000-01,316000,Stephen Jackson,exact_normalized,0.99
p/portech01,2000-01,316000,Chris Porter,exact_normalized,0.99
m/mcphepa01,2000-01,316000,Paul McPherson,exact_normalized,0.99
g/guytoaj01,2000-01,316000,A.J. Guyton,exact_normalized,0.99
c/cardibr01,2000-01,316000,Brian Cardinal,exact_normalized,0.99
j/jacksma02,2000-01,316000,Marc Jackson,exact_normalized,0.99
w/wolkoru01,2000-01,316000,Ruben Wolkowyski,exact_normalized,0.99
o/oyedeol01,2000-01,316000,Olumide Oyedeji,exact_normalized,0.99
m/mottoha01,2000-01,316000,Hanno Mottola,exact_normalized,0.99
b/buforro01,2000-01,288000,Rodney Buford,exact_normalized,0.99
g/goldwan01,2000-01,243000,Anthony Goldwire,exact_normalized,0.99
b/brownch01,2000-01,241000,Chucky Brown,exact_normalized,0.99
m/maxweve01,2000-01,161000,Vernon Maxwell,exact_normalized,0.99
o/overtdo01,2000-01,90000,Doug Overton,exact_normalized,0.99
c/colsose01,2000-01,83000,Sean Colson,exact_normalized,0.99
v/vanteda01,2000-01,80000,David Vanterpool,exact_normalized,0.99
g/goodrst01,2000-01,37000,Steve Goodrich,exact_normalized,0.99
g/gilled01,2000-01,34000,Eddie Gill,exact_normalized,0.99
g/garnech01,2000-01,32000,Chris Garner,exact_normalized,0.99
b/burresc01,2000-01,29000,Scott Burrell,exact_normalized,0.99
m/mcclida01,2000-01,26000,Dan Mcclintock,exact_normalized,0.99
b/bellra01,2000-01,24000,Raja Bell,exact_normalized,0.99
t/thomaja01,2000-01,24000,Jamel Thomas,exact_normalized,0.99
g/garneke01,2001-02,22400000,Kevin Garnett,exact_normalized,0.99
o/onealsh01,2001-02,21428000,Shaquille O'Neal,exact_normalized,0.99
m/mournal01,2001-02,18756000,Alonzo Mourning,exact_normalized,0.99
h/howarju01,2001-02,18750000,Juwan Howard,exact_normalized,0.99
p/pippesc01,2001-02,18083000,Scottie Pippen,exact_normalized,0.99
m/malonka01,2001-02,17500000,Karl Malone,exact_normalized,0.99
w/wallara01,2001-02,14400000,Rasheed Wallace,exact_normalized,0.99
m/mutomdi01,2001-02,14315000,Dikembe Mutombo,exact_normalized,0.99
k/kempsh01,2001-02,12770000,Shawn Kemp,exact_normalized,0.99
w/webbech01,2001-02,12750000,Chris Webber,exact_normalized,0.99
s/stoudda01,2001-02,12375000,Damon Stoudamire,exact_normalized,0.99
m/millere01,2001-02,12045000,Reggie Miller,exact_normalized,0.99
m/mcdyean01,2001-02,11700000,Antonio McDyess,exact_normalized,0.99
w/walkean02,2001-02,11250000,Antoine Walker,exact_normalized,0.99
a/abdursh01,2001-02,11250000,Shareef Abdur-Rahim,exact_normalized,0.99
i/iversal01,2001-02,11250000,Allen Iverson,exact_normalized,0.99
s/sprewla01,2001-02,11250000,Latrell Sprewell,exact_normalized,0.99
b/bakervi01,2001-02,11250000,Vin Baker,exact_normalized,0.99
i/ilgauzy01,2001-02,11250000,Zydrunas Ilgauskas,exact_normalized,0.99
h/hardaan01,2001-02,11250000,Anfernee Hardaway,exact_normalized,0.99
a/allenra02,2001-02,11250000,Ray Allen,exact_normalized,0.99
b/bryanko01,2001-02,11250000,Kobe Bryant,exact_normalized,0.99
m/marbust01,2001-02,11250000,Stephon Marbury,exact_normalized,0.99
d/davisan01,2001-02,11000000,Antonio Davis,exact_normalized,0.99
m/mcgratr01,2001-02,10865000,Tracy McGrady,exact_normalized,0.99
d/duncati01,2001-02,10865000,Tim Duncan,exact_normalized,0.99
r/roseja01,2001-02,10865000,Jalen Rose,exact_normalized,0.99
v/vanhoke01,2001-02,10865000,Keith Van Horn,exact_normalized,0.99
h/hillgr01,2001-02,10865000,Grant Hill,exact_normalized,0.99
f/finlemi01,2001-02,10625000,Michael Finley,exact_normalized,0.99
d/divacvl01,2001-02,10444000,Vlade Divac,exact_normalized,0.99
g/guglito01,2001-02,10113000,Tom Gugliotta,exact_normalized,0.99
j/jonesed02,2001-02,10080000,Eddie Jones,exact_normalized,0.99
g/grantbr01,2001-02,10009000,Brian Grant,exact_normalized,0.99
h/houstal01,2001-02,10000000,Allan Houston,exact_normalized,0.99
t/thomati01,2001-02,9675000,Tim Thomas,exact_normalized,0.99
r/robinda01,2001-02,9500000,David Robinson,exact_normalized,0.99
b/brandte01,2001-02,9250000,Terrell Brandon,exact_normalized,0.99
v/vanexni01,2001-02,9093000,Nick Van Exel,exact_normalized,0.99
c/colemde01,2001-02,8710000,Derrick Coleman,exact_normalized,0.99
r/ratlith01,2001-02,8593000,Theo Ratliff,exact_normalized,0.99
k/kiddja01,2001-02,8440000,Jason Kidd,exact_normalized,0.99
a/anderke01,2001-02,8350000,Kenny Anderson,exact_normalized,0.99
g/geigema01,2001-02,8142000,Matt Geiger,exact_normalized,0.99
k/kukocto01,2001-02,8050000,Toni Kukoc,exact_normalized,0.99
s/stockjo01,2001-02,8000000,John Stockton,exact_normalized,0.99
c/campbel01,2001-02,7975000,Elden Campbell,exact_normalized,0.99
r/robincl02,2001-02,7656000,Clifford Robinson,exact_normalized,0.99
k/kittlke01,2001-02,7167000,Kerry Kittles,exact_normalized,0.99
d/davisda01,2001-02,7010000,Dale Davis,exact_normalized,0.99
m/mashbja01,2001-02,6975000,Jamal Mashburn,exact_normalized,0.99
o/ostergr01,2001-02,6933000,Greg Ostertag,exact_normalized,0.99
h/hillty01,2001-02,6600000,Tyrone Hill,exact_normalized,0.99
o/outlabo01,2001-02,6555000,Bo Outlaw,exact_normalized,0.99
o/oaklech01,2001-02,6545000,Charles Oakley,exact_normalized,0.99
m/marshdo01,2001-02,6510000,Donyell Marshall,exact_normalized,0.99
h/hendeal01,2001-02,6500000,Alan Henderson,exact_normalized,0.99
a/anderde01,2001-02,6495000,Derek Anderson,exact_normalized,0.99
b/brownpj01,2001-02,6404000,P.J. Brown,exact_normalized,0.99
o/onealje01,2001-02,6325000,Jermaine O'Neal,exact_normalized,0.99
c/croshau01,2001-02,6310000,Austin Croshere,exact_normalized,0.99
p/persowe01,2001-02,6300000,Wesley Person,exact_normalized,0.99
c/cambyma01,2001-02,6250000,Marcus Camby,exact_normalized,0.99
d/dampier01,2001-02,6235000,Erick Dampier,exact_normalized,0.99
m/mercero01,2001-02,6066000,Ron Mercer,exact_normalized,0.99
c/catoke01,2001-02,6048000,Kelvin Cato,exact_normalized,0.99
m/mckeyde01,2001-02,6000000,Derrick McKey,exact_normalized,0.99
n/nashst01,2001-02,5750000,Steve Nash,exact_normalized,0.99
s/stackje01,2001-02,5500000,Jerry Stackhouse,exact_normalized,0.99
a/andersh01,2001-02,5500000,Shandon Anderson,exact_normalized,0.99
w/wrighlo02,2001-02,5500000,Lorenzen Wright,exact_normalized,0.99
a/anderni01,2001-02,5401000,Nick Anderson,exact_normalized,0.99
b/blaylmo01,2001-02,5400000,Mookie Blaylock,exact_normalized,0.99
m/millsch01,2001-02,5400000,Chris Mills,exact_normalized,0.99
w/willial02,2001-02,5350000,Alvin Williams,exact_normalized,0.99
h/horryro01,2001-02,5300000,Robert Horry,exact_normalized,0.99
r/robined01,2001-02,5205000,Eddie Robinson,exact_normalized,0.99
c/childch01,2001-02,5200000,Chris Childs,exact_normalized,0.99
r/russebr01,2001-02,5142000,Bryon Russell,exact_normalized,0.99
w/wardch01,2001-02,5110000,Charlie Ward,exact_normalized,0.99
a/abdulta01,2001-02,5062000,Tariq Abdul-Wahad,exact_normalized,0.99
o/olajuha01,2001-02,5061000,Hakeem Olajuwon,exact_normalized,0.99
w/willije01,2001-02,5000000,Jerome Williams,exact_normalized,0.99
c/chrisdo01,2001-02,5000000,Doug Christie,exact_normalized,0.99
w/williwa02,2001-02,5000000,Walt Williams,exact_normalized,0.99
s/stojape01,2001-02,5000000,Peja Stojakovic,exact_normalized,0.99
s/surabo01,2001-02,4913000,Bob Sura,exact_normalized,0.99
c/caffeja01,2001-02,4812000,Jason Caffey,exact_normalized,0.99
e/eisleho01,2001-02,4781000,Howard Eisley,exact_normalized,0.99
p/potapvi01,2001-02,4762000,Vitaly Potapenko,exact_normalized,0.99
b/barrybr01,2001-02,4680000,Brent Barry,exact_normalized,0.99
o/olowomi01,2001-02,4662000,Michael Olowokandi,exact_normalized,0.99
w/willisc01,2001-02,4650000,Scott Williams,exact_normalized,0.99
b/boothca01,2001-02,4539000,Calvin Booth,exact_normalized,0.99
m/masonan01,2001-02,4538000,Anthony Mason,exact_normalized,0.99
s/smithjo02,2001-02,4538000,Joe Smith,exact_normalized,0.99
p/patteru01,2001-02,4538000,Ruben Patterson,exact_normalized,0.99
j/johnsav01,2001-02,4538000,Avery Johnson,exact_normalized,0.99
k/knighbr01,2001-02,4500000,Brevin Knight,exact_normalized,0.99
m/mohamna01,2001-02,4500000,Nazr Mohammed,exact_normalized,0.99
w/wallabe01,2001-02,4500000,Ben Wallace,exact_normalized,0.99
w/willier01,2001-02,4448000,Eric Williams,exact_normalized,0.99
f/fortsda01,2001-02,4441000,Danny Fortson,exact_normalized,0.99
l/laettch01,2001-02,4421000,Christian Laettner,exact_normalized,0.99
w/whiteja01,2001-02,4413000,Jahidi White,exact_normalized,0.99
t/thomaku01,2001-02,4413000,Kurt Thomas,exact_normalized,0.99
l/lewisra02,2001-02,4413000,Rashard Lewis,exact_normalized,0.99
m/moblecu01,2001-02,4412000,Cuttino Mobley,exact_normalized,0.99
m/millebr01,2001-02,4400000,Brad Miller,exact_normalized,0.99
f/foylead01,2001-02,4400000,Adonal Foyle,exact_normalized,0.99
p/pollasc01,2001-02,4344000,Scot Pollard,exact_normalized,0.99
l/lenarvo01,2001-02,4252000,Voshon Lenard,exact_normalized,0.99
b/bibbymi01,2001-02,4174000,Mike Bibby,exact_normalized,0.99
b/bradlsh01,2001-02,4155000,Shawn Bradley,exact_normalized,0.99
a/armstda01,2001-02,4130000,Darrell Armstrong,exact_normalized,0.99
w/willico02,2001-02,4000000,Corliss Williamson,exact_normalized,0.99
m/mckieaa01,2001-02,4000000,Aaron McKie,exact_normalized,0.99
c/cassesa01,2001-02,4000000,Sam Cassell,exact_normalized,0.99
a/anthogr01,2001-02,3940000,Greg Anthony,exact_normalized,0.99
b/brandel01,2001-02,3882000,Elton Brand,exact_normalized,0.99
j/jacksma01,2001-02,3860000,Mark Jackson,exact_normalized,0.99
s/stewami01,2001-02,3840000,Michael Stewart,exact_normalized,0.99
m/martike01,2001-02,3801000,Kenyon Martin,exact_normalized,0.99
f/foxri01,2001-02,3791000,Rick Fox,exact_normalized,0.99
l/lafrera01,2001-02,3755000,Raef LaFrentz,exact_normalized,0.99
m/murrala01,2001-02,3750000,Lamond Murray,exact_normalized,0.99
s/snower01,2001-02,3750000,Eric Snow,exact_normalized,0.99
b/brownkw01,2001-02,3697000,Kwame Brown,exact_normalized,0.99
p/pricebr01,2001-02,3680000,Brent Price,exact_normalized,0.99
j/johnser02,2001-02,3670000,Ervin Johnson,exact_normalized,0.99
b/buechju01,2001-02,3666000,Jud Buechler,exact_normalized,0.99
b/battito01,2001-02,3600000,Tony Battie,exact_normalized,0.99
k/knightr01,2001-02,3600000,Travis Knight,exact_normalized,0.99
n/norrimo01,2001-02,3600000,Moochie Norris,exact_normalized,0.99
r/rebraze01,2001-02,3500000,Zeljko Rebraca,exact_normalized,0.99
f/francst01,2001-02,3473000,Steve Francis,exact_normalized,0.99
s/swiftst01,2001-02,3401000,Stromile Swift,exact_normalized,0.99
m/murratr01,2001-02,3400000,Tracy Murray,exact_normalized,0.99
j/jamisan01,2001-02,3388000,Antawn Jamison,exact_normalized,0.99
a/atkinch01,2001-02,3300000,Chucky Atkins,exact_normalized,0.99
n/nesbyty01,2001-02,3260000,Tyrone Nesby,exact_normalized,0.99
b/besttr01,2001-02,3250000,Travis Best,exact_normalized,0.99
c/cartean01,2001-02,3250000,Anthony Carter,exact_normalized,0.99
j/jacksma02,2001-02,3250000,Marc Jackson,exact_normalized,0.99
w/wesleda01,2001-02,3240000,David Wesley,exact_normalized,0.99
g/garrede01,2001-02,3240000,Dean Garrett,exact_normalized,0.99
b/barryjo01,2001-02,3175000,Jon Barry,exact_normalized,0.99
m/mccarwa01,2001-02,3125000,Walter McCarty,exact_normalized,0.99
d/davisba01,2001-02,3119000,Baron Davis,exact_normalized,0.99
c/cartevi01,2001-02,3073000,Vince Carter,exact_normalized,0.99
m/milesda01,2001-02,3054000,Darius Miles,exact_normalized,0.99
e/eschmev01,2001-02,3038000,Evan Eschmeyer,exact_normalized,0.99
f/fishede01,2001-02,3000000,Derek Fisher,exact_normalized,0.99
p/piatker01,2001-02,3000000,Eric Piatkowski,exact_normalized,0.99
d/daniean01,2001-02,3000000,Antonio Daniels,exact_normalized,0.99
e/ellisla01,2001-02,3000000,LaPhonso Ellis,exact_normalized,0.99
w/willike02,2001-02,3000000,Kevin Willis,exact_normalized,0.99
f/fundela01,2001-02,3000000,Lawrence Funderburke,exact_normalized,0.99
p/peelean01,2001-02,2978000,Anthony Peeler,exact_normalized,0.99
g/gasolpa01,2001-02,2970000,Pau Gasol,exact_normalized,0.99
d/declean01,2001-02,2900000,Andrew DeClercq,exact_normalized,0.99
o/odomla01,2001-02,2812000,Lamar Odom,exact_normalized,0.99
t/traylro01,2001-02,2793000,Robert Traylor,exact_normalized,0.99
c/chandty01,2001-02,2756000,Tyson Chandler,exact_normalized,0.99
f/fizerma01,2001-02,2754000,Marcus Fizer,exact_normalized,0.99
h/hunteli01,2001-02,2700000,Lindsey Hunter,exact_normalized,0.99
w/whitnch01,2001-02,2666000,Chris Whitney,exact_normalized,0.99
w/wallajo01,2001-02,2630000,John Wallace,exact_normalized,0.99
w/willija02,2001-02,2554000,Jason Williams,exact_normalized,0.99
b/bendejo01,2001-02,2546000,Jonathan Bender,exact_normalized,0.99
m/mooremi01,2001-02,2531000,Mikki Moore,exact_normalized,0.99
g/gatlich01,2001-02,2504000,Chris Gatling,exact_normalized,0.99
c/crawfch01,2001-02,2500000,Chris Crawford,exact_normalized,0.99
m/millemi01,2001-02,2494000,Mike Miller,exact_normalized,0.99
m/montrer01,2001-02,2480000,Eric Montross,exact_normalized,0.99
h/harriot01,2001-02,2475000,Othella Harrington,exact_normalized,0.99
s/starkjo01,2001-02,2475000,John Starks,exact_normalized,0.99
b/brownra02,2001-02,2475000,Randy Brown,exact_normalized,0.99
c/colesbi01,2001-02,2475000,Bimbo Coles,exact_normalized,0.99
w/williaa01,2001-02,2475000,Aaron Williams,exact_normalized,0.99
d/delkto01,2001-02,2475000,Tony Delk,exact_normalized,0.99
b/billuch01,2001-02,2475000,Chauncey Billups,exact_normalized,0.99
j/jacksbo01,2001-02,2475000,Bobby Jackson,exact_normalized,0.99
g/grantho01,2001-02,2419000,Horace Grant,exact_normalized,0.99
k/kerrst01,2001-02,2406000,Steve Kerr,exact_normalized,0.99
r/rogerro01,2001-02,2400000,Rodney Rogers,exact_normalized,0.99
r/rooksse01,2001-02,2400000,Sean Rooks,exact_normalized,0.99
p/portete01,2001-02,2400000,Terry Porter,exact_normalized,0.99
c/cheanca01,2001-02,2400000,Calbert Cheaney,exact_normalized,0.99
c/currymi01,2001-02,2400000,Michael Curry,exact_normalized,0.99
m/mccloge01,2001-02,2400000,George McCloud,exact_normalized,0.99
a/augmost01,2001-02,2400000,Stacey Augmon,exact_normalized,0.99
h/harrilu01,2001-02,2400000,Lucious Harris,exact_normalized,0.99
l/lynchge01,2001-02,2400000,George Lynch,exact_normalized,0.99
l/longgr01,2001-02,2400000,Grant Long,exact_normalized,0.99
d/davishu01,2001-02,2368000,Hubert Davis,exact_normalized,0.99
h/hughela01,2001-02,2343000,Larry Hughes,exact_normalized,0.99
s/szczewa02,2001-02,2313000,Wally Szczerbiak,exact_normalized,0.99
r/rosema01,2001-02,2285000,Malik Rose,exact_normalized,0.99
d/delnevi01,2001-02,2275000,Vinny Del Negro,exact_normalized,0.99
j/johnsde03,2001-02,2265000,DerMarr Johnson,exact_normalized,0.99
c/curryed01,2001-02,2232000,Eddy Curry,exact_normalized,0.99
b/battish01,2001-02,2203000,Shane Battier,exact_normalized,0.99
a/amaecjo01,2001-02,2175000,John Amaechi,exact_normalized,0.99
n/nowitdi01,2001-02,2157000,Dirk Nowitzki,exact_normalized,0.99
h/hamilri01,2001-02,2111000,Richard Hamilton,exact_normalized,0.99
c/curryde01,2001-02,2100000,Dell Curry,exact_normalized,0.99
m/mihmch01,2001-02,2067000,Chris Mihm,exact_normalized,0.99
p/piercpa01,2001-02,2051000,Paul Pierce,exact_normalized,0.99
w/wellsbo01,2001-02,2028000,Bonzi Wells,exact_normalized,0.99
r/richaja01,2001-02,2021000,Jason Richardson,exact_normalized,0.99
g/griffed01,2001-02,2011000,Eddie Griffin,exact_normalized,0.99
d/doleami01,2001-02,2000000,Michael Doleac,exact_normalized,0.99
s/stithbr01,2001-02,2000000,Bryant Stith,exact_normalized,0.99
c/clarkke01,2001-02,1971000,Keon Clark,exact_normalized,0.99
d/dickemi01,2001-02,1940000,Michael Dickerson,exact_normalized,0.99
m/millean02,2001-02,1934000,Andre Miller,exact_normalized,0.99
f/fostegr01,2001-02,1924000,Greg Foster,exact_normalized,0.99
h/harprma01,2001-02,1908000,Matt Harpring,exact_normalized,0.99
c/crawfja01,2001-02,1894000,Jamal Crawford,exact_normalized,0.99
d/diopde01,2001-02,1842000,DeSagana Diop,exact_normalized,0.99
m/mariosh01,2001-02,1778000,Shawn Marion,exact_normalized,0.99
h/hamda01,2001-02,1760000,Darvin Ham,exact_normalized,0.99
w/willish01,2001-02,1750000,Shammond Williams,exact_normalized,0.99
p/przybjo01,2001-02,1741000,Joel Przybilla,exact_normalized,0.99
n/nestera01,2001-02,1725000,Rasho Nesterovic,exact_normalized,0.99
l/luety01,2001-02,1714000,Tyronn Lue,exact_normalized,0.99
w/whitero02,2001-02,1694000,Rodney White,exact_normalized,0.99
t/terryja01,2001-02,1689000,Jason Terry,exact_normalized,0.99
d/doolike01,2001-02,1654000,Keyon Dooling,exact_normalized,0.99
j/johnsjo02,2001-02,1608000,Joe Johnson,exact_normalized,0.99
l/langdtr01,2001-02,1604000,Trajan Langdon,exact_normalized,0.99
n/newmajo01,2001-02,1575000,Johnny Newman,exact_normalized,0.99
m/moisoje01,2001-02,1571000,Jerome Moiso,exact_normalized,0.99
g/garripa01,2001-02,1569000,Pat Garrity,exact_normalized,0.99
b/brownke01,2001-02,1528000,Kedrick Brown,exact_normalized,0.99
m/mcleoro01,2001-02,1509000,Roshown McLeod,exact_normalized,0.99
m/masseto01,2001-02,1500000,Tony Massenburg,exact_normalized,0.99
m/mannida01,2001-02,1500000,Danny Manning,exact_normalized,0.99
b/barroda01,2001-02,1500000,Dana Barros,exact_normalized,0.99
d/davisri01,2001-02,1496000,Ricky Davis,exact_normalized,0.99
t/thomaet01,2001-02,1493000,Etan Thomas,exact_normalized,0.99
s/skinnbr01,2001-02,1483000,Brian Skinner,exact_normalized,0.99
b/blounco01,2001-02,1452000,Corie Blount,exact_normalized,0.99
r/radmavl01,2001-02,1452000,Vladimir Radmanovic,exact_normalized,0.99
m/maggeco01,2001-02,1448000,Corey Maggette,exact_normalized,0.99
h/harrial01,2001-02,1436000,Al Harrington,exact_normalized,0.99
a/alexaco02,2001-02,1418000,Courtney Alexander,exact_normalized,0.99
w/walkesa01,2001-02,1400000,Samaki Walker,exact_normalized,0.99
j/jefferi01,2001-02,1379000,Richard Jefferson,exact_normalized,0.99
a/averywi01,2001-02,1375000,William Avery,exact_normalized,0.99
c/cleavma01,2001-02,1347000,Mateen Cleaves,exact_normalized,0.99
m/murphtr01,2001-02,1310000,Troy Murphy,exact_normalized,0.99
r/recasel01,2001-02,1300000,Eldridge Recasner,exact_normalized,0.99
d/drewbr01,2001-02,1300000,Bryce Drew,exact_normalized,0.99
b/bullama01,2001-02,1300000,Matt Bullard,exact_normalized,0.99
j/jonespo01,2001-02,1300000,Popeye Jones,exact_normalized,0.99
c/collija02,2001-02,1280000,Jason Collier,exact_normalized,0.99
a/artesro01,2001-02,1241000,Metta World Peace,exact_normalized,0.99
t/turkohe01,2001-02,1216000,Hedo Turkoglu,exact_normalized,0.99
b/buckngr01,2001-02,1210000,Greg Buckner,exact_normalized,0.99
h/hastoki01,2001-02,1182000,Kirk Haston,exact_normalized,0.99
b/bowdlca01,2001-02,1179000,Cal Bowdler,exact_normalized,0.99
m/masonde01,2001-02,1155000,Desmond Mason,exact_normalized,0.99
b/bradlmi01,2001-02,1124000,Michael Bradley,exact_normalized,0.99
p/poseyja01,2001-02,1120000,James Posey,exact_normalized,0.99
r/richaqu01,2001-02,1097000,Quentin Richardson,exact_normalized,0.99
l/lewisqu01,2001-02,1070000,Quincy Lewis,exact_normalized,0.99
c/collija04,2001-02,1067000,Jason Collins,exact_normalized,0.99
m/magloja01,2001-02,1048000,Jamaal Magloire,exact_normalized,0.99
h/huntest01,2001-02,1037000,Steven Hunter,exact_normalized,0.99
g/glovedi01,2001-02,1027000,Dion Glover,exact_normalized,0.99
r/randoza01,2001-02,1019000,Zach Randolph,exact_normalized,0.99
c/claxtsp01,2001-02,1006000,Speedy Claxton,exact_normalized,0.99
j/jordami01,2001-02,1000000,Michael Jordan,exact_normalized,0.99
f/ferryda01,2001-02,1000000,Danny Ferry,exact_normalized,0.99
h/hoibefr01,2001-02,1000000,Fred Hoiberg,exact_normalized,0.99
r/reiddo01,2001-02,1000000,Don Reid,exact_normalized,0.99
c/crottjo01,2001-02,1000000,John Crotty,exact_normalized,0.99
b/bryanma01,2001-02,1000000,Mark Bryant,exact_normalized,0.99
f/fosteje01,2001-02,986000,Jeff Foster,exact_normalized,0.99
p/petermo01,2001-02,966000,Morris Peterson,exact_normalized,0.99
t/thomake01,2001-02,946000,Kenny Thomas,exact_normalized,0.99
f/fortejo01,2001-02,939000,Joseph Forte,exact_normalized,0.99
h/harvedo01,2001-02,927000,Donnell Harvey,exact_normalized,0.99
s/sasseje01,2001-02,902000,Jeryl Sasser,exact_normalized,0.99
s/stevede01,2001-02,890000,DeShawn Stevenson,exact_normalized,0.99
a/armstbr01,2001-02,865000,Brandon Armstrong,exact_normalized,0.99
b/bagarda01,2001-02,854000,Dalibor Bagaric,exact_normalized,0.99
j/jamesti01,2001-02,837000,Tim James,exact_normalized,0.99
g/georgde01,2001-02,834000,Devean George,exact_normalized,0.99
k/kirilan01,2001-02,831000,Andrei Kirilenko,exact_normalized,0.99
t/tsakaja01,2001-02,820000,Jake Tsakalidis,exact_normalized,0.99
h/haywobr01,2001-02,815000,Brendan Haywood,exact_normalized,0.99
c/cummivo01,2001-02,810000,Vonteego Cummings,exact_normalized,0.99
n/ndiayma02,2001-02,793000,Mamadou N'diaye,exact_normalized,0.99
j/jonesju01,2001-02,786000,Jumaine Jones,exact_normalized,0.99
p/padgesc01,2001-02,781000,Scott Padgett,exact_normalized,0.99
d/dalemsa01,2001-02,771000,Samuel Dalembert,exact_normalized,0.99
b/barkler01,2001-02,765000,Erick Barkley,exact_normalized,0.99
m/madsema01,2001-02,760000,Mark Madsen,exact_normalized,0.99
t/tinslja01,2001-02,749000,Jamaal Tinsley,exact_normalized,0.99
b/brezepr01,2001-02,749000,Primoz Brezec,exact_normalized,0.99
p/parketo01,2001-02,744000,Tony Parker,exact_normalized,0.99
b/bowenbr01,2001-02,715000,Bruce Bowen,exact_normalized,0.99
p/parksch02,2001-02,715000,Cherokee Parks,exact_normalized,0.99
d/davisem01,2001-02,715000,Emanual Davis,exact_normalized,0.99
p/palacmi01,2001-02,690000,Milt Palacio,exact_normalized,0.99
w/wallage01,2001-02,664000,Gerald Wallace,exact_normalized,0.99
b/boykiea01,2001-02,650000,Earl Boykins,exact_normalized,0.99
g/griffad01,2001-02,648000,Adrian Griffin,exact_normalized,0.99
b/bowenry01,2001-02,630000,Ryan Bowen,exact_normalized,0.99
a/alstora01,2001-02,625000,Rafer Alston,exact_normalized,0.99
j/jamisha01,2001-02,600000,Harold Jamison,exact_normalized,0.99
b/butlemi02,2001-02,591000,Mitchell Butler,exact_normalized,0.99
o/ollieke01,2001-02,591000,Kevin Ollie,exact_normalized,0.99
d/dudlech02,2001-02,591000,Chris Dudley,exact_normalized,0.99
b/brunsri01,2001-02,591000,Rick Brunson,exact_normalized,0.99
s/shawbr01,2001-02,591000,Brian Shaw,exact_normalized,0.99
s/spencfe01,2001-02,591000,Felton Spencer,exact_normalized,0.99
r/robinla01,2001-02,591000,Larry Robinson,exact_normalized,0.99
m/mitchsa01,2001-02,591000,Sam Mitchell,exact_normalized,0.99
s/stricer01,2001-02,591000,Erick Strickland,exact_normalized,0.99
r/rogerca01,2001-02,591000,Carlos Rogers,exact_normalized,0.99
s/stricro02,2001-02,591000,Rod Strickland,exact_normalized,0.99
h/hudsotr01,2001-02,591000,Troy Hudson,exact_normalized,0.99
a/alexavi01,2001-02,591000,Victor Alexander,exact_normalized,0.99
w/willimo01,2001-02,591000,Monty Williams,exact_normalized,0.99
s/scottsh01,2001-02,591000,Shawnelle Scott,exact_normalized,0.99
p/popema01,2001-02,591000,Mark Pope,exact_normalized,0.99
h/harvean01,2001-02,591000,Antonio Harvey,exact_normalized,0.99
m/mcinnje01,2001-02,590000,Jeff McInnis,exact_normalized,0.99
m/martida01,2001-02,590000,Darrick Martin,exact_normalized,0.99
v/vaughja01,2001-02,590000,Jacque Vaughn,exact_normalized,0.99
g/gillke01,2001-02,590000,Kendall Gill,exact_normalized,0.99
r/richmmi01,2001-02,590000,Mitch Richmond,exact_normalized,0.99
m/majerda01,2001-02,590000,Dan Majerle,exact_normalized,0.99
m/marksse01,2001-02,566000,Sean Marks,exact_normalized,0.99
s/stepavl01,2001-02,566000,Vladimir Stepania,exact_normalized,0.99
j/jonesda01,2001-02,566000,Damon Jones,exact_normalized,0.99
s/sundobr01,2001-02,565000,Bruno Sundov,exact_normalized,0.99
l/lopezfe01,2001-02,565000,Felipe Lopez,exact_normalized,0.99
m/maccuto01,2001-02,550000,Todd MacCulloch,exact_normalized,0.99
m/mccasam01,2001-02,541000,Amal McCaskill,exact_normalized,0.99
d/dialde01,2001-02,541000,Derrick Dial,exact_normalized,0.99
m/mccoyje01,2001-02,541000,Jelani McCoy,exact_normalized,0.99
e/ekeziob01,2001-02,541000,Obinna Ekezie,exact_normalized,0.99
r/ruffimi01,2001-02,540000,Michael Ruffin,exact_normalized,0.99
b/buforro01,2001-02,540000,Rodney Buford,exact_normalized,0.99
b/blounma01,2001-02,540000,Mark Blount,exact_normalized,0.99
s/stricma01,2001-02,539000,Mark Strickland,exact_normalized,0.99
m/morrite01,2001-02,490000,Terence Morris,exact_normalized,0.99
j/jacksji01,2001-02,480000,Jim Jackson,exact_normalized,0.99
d/drobnpr01,2001-02,479000,Predrag Drobnjak,exact_normalized,0.99
l/longar01,2001-02,466000,Art Long,exact_normalized,0.99
n/nailole01,2001-02,466000,Lee Nailon,exact_normalized,0.99
h/hamilze01,2001-02,466000,Zendon Hamilton,exact_normalized,0.99
p/postela01,2001-02,466000,Lavor Postell,exact_normalized,0.99
j/jamesje01,2001-02,466000,Jerome James,exact_normalized,0.99
o/oyedeol01,2001-02,466000,Olumide Oyedeji,exact_normalized,0.99
n/najered01,2001-02,465000,Eduardo Najera,exact_normalized,0.99
b/bellra01,2001-02,465000,Raja Bell,exact_normalized,0.99
r/reddmi01,2001-02,465000,Michael Redd,exact_normalized,0.99
h/hartja01,2001-02,465000,Jason Hart,exact_normalized,0.99
s/santida01,2001-02,465000,Daniel Santiago,exact_normalized,0.99
l/langhda01,2001-02,465000,Dan Langhi,exact_normalized,0.99
g/gilled01,2001-02,465000,Eddie Gill,exact_normalized,0.99
h/houseed01,2001-02,465000,Eddie House,exact_normalized,0.99
v/voskuja01,2001-02,465000,Jake Voskuhl,exact_normalized,0.99
j/jacksst02,2001-02,465000,Stephen Jackson,exact_normalized,0.99
g/guytoaj01,2001-02,465000,A.J. Guyton,exact_normalized,0.99
c/cardibr01,2001-02,465000,Brian Cardinal,exact_normalized,0.99
m/mottoha01,2001-02,465000,Hanno Mottola,exact_normalized,0.99
m/medvest01,2001-02,465000,Slava Medvedenko,exact_normalized,0.99
s/slatere01,2001-02,438000,Reggie Slater,exact_normalized,0.99
g/goodrst01,2001-02,389000,Steve Goodrich,exact_normalized,0.99
a/arenagi01,2001-02,333000,Gilbert Arenas,exact_normalized,0.99
v/vardara01,2001-02,333000,Ratko Varda,exact_normalized,0.99
w/watsoea01,2001-02,333000,Earl Watson,exact_normalized,0.99
c/collija03,2001-02,333000,Jarron Collins,exact_normalized,0.99
s/satteke01,2001-02,333000,Kenny Satterfield,exact_normalized,0.99
a/allenma01,2001-02,333000,Malik Allen,exact_normalized,0.99
b/breweja01,2001-02,333000,Jamison Brewer,exact_normalized,0.99
h/hassetr01,2001-02,333000,Trenton Hassell,exact_normalized,0.99
b/brownti01,2001-02,333000,Tierre Brown,exact_normalized,0.99
t/torreos01,2001-02,333000,Oscar Torres,exact_normalized,0.99
o/olivede01,2001-02,333000,Dean Oliver,exact_normalized,0.99
b/boumtru01,2001-02,333000,Ruben Boumtje-Boumtje,exact_normalized,0.99
r/richano01,2001-02,333000,Norman Richardson,exact_normalized,0.99
s/scalabr01,2001-02,333000,Brian Scalabrine,exact_normalized,0.99
a/arroyca01,2001-02,333000,Carlos Arroyo,exact_normalized,0.99
b/browner01,2001-02,333000,Ernest Brown,exact_normalized,0.99
f/fotsian01,2001-02,332000,Antonis Fotsis,exact_normalized,0.99
e/evansma01,2001-02,332000,Maurice Evans,exact_normalized,0.99
b/brownda02,2001-02,332000,Damone Brown,exact_normalized,0.99
s/solomwi01,2001-02,332000,Will Solomon,exact_normalized,0.99
j/jonesal01,2001-02,332000,Alvin Jones,exact_normalized,0.99
s/simmobo01,2001-02,332000,Bobby Simmons,exact_normalized,0.99
f/fordal02,2001-02,332000,Alton Ford,exact_normalized,0.99
t/trepaje01,2001-02,332000,Jeff Trepagnier,exact_normalized,0.99
w/woodslo01,2001-02,332000,Loren Woods,exact_normalized,0.99
g/garneke01,2002-03,25200000,Kevin Garnett,exact_normalized,0.99
o/onealsh01,2002-03,23571000,Shaquille O'Neal,exact_normalized,0.99
k/kempsh01,2002-03,21500000,Shawn Kemp,exact_normalized,0.99
h/howarju01,2002-03,20625000,Juwan Howard,exact_normalized,0.99
p/pippesc01,2002-03,19727000,Scottie Pippen,exact_normalized,0.99
m/malonka01,2002-03,19250000,Karl Malone,exact_normalized,0.99
w/wallara01,2002-03,16200000,Rasheed Wallace,exact_normalized,0.99
m/mutomdi01,2002-03,16105000,Dikembe Mutombo,exact_normalized,0.99
w/webbech01,2002-03,14343000,Chris Webber,exact_normalized,0.99
s/stoudda01,2002-03,13500000,Damon Stoudamire,exact_normalized,0.99
w/walkean02,2002-03,12375000,Antoine Walker,exact_normalized,0.99
a/abdursh01,2002-03,12375000,Shareef Abdur-Rahim,exact_normalized,0.99
i/iversal01,2002-03,12375000,Allen Iverson,exact_normalized,0.99
s/sprewla01,2002-03,12375000,Latrell Sprewell,exact_normalized,0.99
b/bakervi01,2002-03,12375000,Vin Baker,exact_normalized,0.99
i/ilgauzy01,2002-03,12375000,Zydrunas Ilgauskas,exact_normalized,0.99
h/hardaan01,2002-03,12375000,Anfernee Hardaway,exact_normalized,0.99
a/allenra02,2002-03,12375000,Ray Allen,exact_normalized,0.99
b/bryanko01,2002-03,12375000,Kobe Bryant,exact_normalized,0.99
m/marbust01,2002-03,12375000,Stephon Marbury,exact_normalized,0.99
m/mcgratr01,2002-03,12072000,Tracy McGrady,exact_normalized,0.99
d/duncati01,2002-03,12072000,Tim Duncan,exact_normalized,0.99
r/roseja01,2002-03,12072000,Jalen Rose,exact_normalized,0.99
v/vanhoke01,2002-03,12072000,Keith Van Horn,exact_normalized,0.99
h/hillgr01,2002-03,12072000,Grant Hill,exact_normalized,0.99
m/millere01,2002-03,12046000,Reggie Miller,exact_normalized,0.99
d/davisan01,2002-03,12000000,Antonio Davis,exact_normalized,0.99
f/finlemi01,2002-03,11953000,Michael Finley,exact_normalized,0.99
d/divacvl01,2002-03,11248000,Vlade Divac,exact_normalized,0.99
j/jonesed02,2002-03,11200000,Eddie Jones,exact_normalized,0.99
g/grantbr01,2002-03,11121000,Brian Grant,exact_normalized,0.99
h/houstal01,2002-03,11000000,Allan Houston,exact_normalized,0.99
g/guglito01,2002-03,10890000,Tom Gugliotta,exact_normalized,0.99
t/thomati01,2002-03,10750000,Tim Thomas,exact_normalized,0.99
c/cartevi01,2002-03,10625000,Vince Carter,exact_normalized,0.99
r/robinda01,2002-03,10500000,David Robinson,exact_normalized,0.99
v/vanexni01,2002-03,10003000,Nick Van Exel,exact_normalized,0.99
c/colemde01,2002-03,9830000,Derrick Coleman,exact_normalized,0.99
r/ratlith01,2002-03,9375000,Theo Ratliff,exact_normalized,0.99
k/kiddja01,2002-03,9260000,Jason Kidd,exact_normalized,0.99
a/anderke01,2002-03,9185000,Kenny Anderson,exact_normalized,0.99
s/stockjo01,2002-03,9000000,John Stockton,exact_normalized,0.99
k/kittlke01,2002-03,8717000,Kerry Kittles,exact_normalized,0.99
r/robincl02,2002-03,8421000,Clifford Robinson,exact_normalized,0.99
k/kukocto01,2002-03,8050000,Toni Kukoc,exact_normalized,0.99
d/davisda01,2002-03,8000000,Dale Davis,exact_normalized,0.99
c/campbel01,2002-03,7975000,Elden Campbell,exact_normalized,0.99
o/ostergr01,2002-03,7799000,Greg Ostertag,exact_normalized,0.99
m/mashbja01,2002-03,7750000,Jamal Mashburn,exact_normalized,0.99
t/tayloma01,2002-03,7150000,Maurice Taylor,exact_normalized,0.99
a/anderde01,2002-03,7145000,Derek Anderson,exact_normalized,0.99
m/marshdo01,2002-03,7140000,Donyell Marshall,exact_normalized,0.99
h/hendeal01,2002-03,7091000,Alan Henderson,exact_normalized,0.99
b/brownpj01,2002-03,7044000,P.J. Brown,exact_normalized,0.99
p/persowe01,2002-03,7000000,Wesley Person,exact_normalized,0.99
c/croshau01,2002-03,6960000,Austin Croshere,exact_normalized,0.99
o/onealje01,2002-03,6950000,Jermaine O'Neal,exact_normalized,0.99
d/dampier01,2002-03,6858000,Erick Dampier,exact_normalized,0.99
c/cambyma01,2002-03,6750000,Marcus Camby,exact_normalized,0.99
c/catoke01,2002-03,6696000,Kelvin Cato,exact_normalized,0.99
m/mercero01,2002-03,6618000,Ron Mercer,exact_normalized,0.99
h/hillty01,2002-03,6600000,Tyrone Hill,exact_normalized,0.99
o/outlabo01,2002-03,6555000,Bo Outlaw,exact_normalized,0.99
a/andersh01,2002-03,6100000,Shandon Anderson,exact_normalized,0.99
o/olowomi01,2002-03,6061000,Michael Olowokandi,exact_normalized,0.99
w/wrighlo02,2002-03,6050000,Lorenzen Wright,exact_normalized,0.99
s/stackje01,2002-03,6000000,Jerry Stackhouse,exact_normalized,0.99
m/millsch01,2002-03,6000000,Chris Mills,exact_normalized,0.99
n/nashst01,2002-03,5750000,Steve Nash,exact_normalized,0.99
w/wardch01,2002-03,5750000,Charlie Ward,exact_normalized,0.99
r/robined01,2002-03,5726000,Eddie Robinson,exact_normalized,0.99
c/chrisdo01,2002-03,5625000,Doug Christie,exact_normalized,0.99
s/stojape01,2002-03,5625000,Peja Stojakovic,exact_normalized,0.99
a/abdulta01,2002-03,5625000,Tariq Abdul-Wahad,exact_normalized,0.99
s/surabo01,2002-03,5540000,Bob Sura,exact_normalized,0.99
b/bibbymi01,2002-03,5448000,Mike Bibby,exact_normalized,0.99
w/willial02,2002-03,5350000,Alvin Williams,exact_normalized,0.99
e/eisleho01,2002-03,5312000,Howard Eisley,exact_normalized,0.99
h/horryro01,2002-03,5300000,Robert Horry,exact_normalized,0.99
w/willije01,2002-03,5250000,Jerome Williams,exact_normalized,0.99
c/caffeja01,2002-03,5250000,Jason Caffey,exact_normalized,0.99
p/potapvi01,2002-03,5238000,Vitaly Potapenko,exact_normalized,0.99
m/mohamna01,2002-03,5130000,Nazr Mohammed,exact_normalized,0.99
k/knighbr01,2002-03,5062000,Brevin Knight,exact_normalized,0.99
b/barrybr01,2002-03,5040000,Brent Barry,exact_normalized,0.99
w/willier01,2002-03,5004000,Eric Williams,exact_normalized,0.99
w/wallabe01,2002-03,5000000,Ben Wallace,exact_normalized,0.99
b/boothca01,2002-03,4992000,Calvin Booth,exact_normalized,0.99
m/masonan01,2002-03,4992000,Anthony Mason,exact_normalized,0.99
p/patteru01,2002-03,4992000,Ruben Patterson,exact_normalized,0.99
m/maccuto01,2002-03,4991000,Todd MacCulloch,exact_normalized,0.99
s/smithjo02,2002-03,4991000,Joe Smith,exact_normalized,0.99
j/johnsav01,2002-03,4991000,Avery Johnson,exact_normalized,0.99
l/laettch01,2002-03,4973000,Christian Laettner,exact_normalized,0.99
f/fortsda01,2002-03,4935000,Danny Fortson,exact_normalized,0.99
l/lafrera01,2002-03,4926000,Raef LaFrentz,exact_normalized,0.99
t/thomaku01,2002-03,4904000,Kurt Thomas,exact_normalized,0.99
w/whiteja01,2002-03,4903000,Jahidi White,exact_normalized,0.99
m/moblecu01,2002-03,4903000,Cuttino Mobley,exact_normalized,0.99
l/lewisra02,2002-03,4903000,Rashard Lewis,exact_normalized,0.99
b/brandel01,2002-03,4895000,Elton Brand,exact_normalized,0.99
p/pollasc01,2002-03,4827000,Scot Pollard,exact_normalized,0.99
m/millebr01,2002-03,4800000,Brad Miller,exact_normalized,0.99
b/bradlsh01,2002-03,4675000,Shawn Bradley,exact_normalized,0.99
a/armstda01,2002-03,4506000,Darrell Armstrong,exact_normalized,0.99
w/willico02,2002-03,4500000,Corliss Williamson,exact_normalized,0.99
m/mckieaa01,2002-03,4500000,Aaron McKie,exact_normalized,0.99
c/cassesa01,2002-03,4500000,Sam Cassell,exact_normalized,0.99
j/jamisan01,2002-03,4469000,Antawn Jamison,exact_normalized,0.99
f/foylead01,2002-03,4400000,Adonal Foyle,exact_normalized,0.99
f/francst01,2002-03,4383000,Steve Francis,exact_normalized,0.99
j/jacksma01,2002-03,4220000,Mark Jackson,exact_normalized,0.99
f/foxri01,2002-03,4170000,Rick Fox,exact_normalized,0.99
s/stewami01,2002-03,4160000,Michael Stewart,exact_normalized,0.99
s/snower01,2002-03,4125000,Eric Snow,exact_normalized,0.99
m/martike01,2002-03,4067000,Kenyon Martin,exact_normalized,0.99
j/johnser02,2002-03,4030000,Ervin Johnson,exact_normalized,0.99
b/battito01,2002-03,4000000,Tony Battie,exact_normalized,0.99
k/knightr01,2002-03,4000000,Travis Knight,exact_normalized,0.99
b/brownkw01,2002-03,3974000,Kwame Brown,exact_normalized,0.99
d/davisba01,2002-03,3942000,Baron Davis,exact_normalized,0.99
r/rebraze01,2002-03,3850000,Zeljko Rebraca,exact_normalized,0.99
m/murratr01,2002-03,3740000,Tracy Murray,exact_normalized,0.99
t/traylro01,2002-03,3726000,Robert Traylor,exact_normalized,0.99
s/swiftst01,2002-03,3656000,Stromile Swift,exact_normalized,0.99
c/cartean01,2002-03,3656000,Anthony Carter,exact_normalized,0.99
a/atkinch01,2002-03,3600000,Chucky Atkins,exact_normalized,0.99
w/wesleda01,2002-03,3600000,David Wesley,exact_normalized,0.99
n/norrimo01,2002-03,3600000,Moochie Norris,exact_normalized,0.99
j/jacksma02,2002-03,3575000,Marc Jackson,exact_normalized,0.99
o/odomla01,2002-03,3557000,Lamar Odom,exact_normalized,0.99
w/willija02,2002-03,3425000,Jason Williams,exact_normalized,0.99
d/daniean01,2002-03,3375000,Antonio Daniels,exact_normalized,0.99
e/ellisla01,2002-03,3300000,LaPhonso Ellis,exact_normalized,0.99
f/fundela01,2002-03,3300000,Lawrence Funderburke,exact_normalized,0.99
m/milesda01,2002-03,3267000,Darius Miles,exact_normalized,0.99
d/declean01,2002-03,3263000,Andrew DeClercq,exact_normalized,0.99
b/bendejo01,2002-03,3226000,Jonathan Bender,exact_normalized,0.99
p/peelean01,2002-03,3220000,Anthony Peeler,exact_normalized,0.99
g/gasolpa01,2002-03,3194000,Pau Gasol,exact_normalized,0.99
b/barryjo01,2002-03,3175000,Jon Barry,exact_normalized,0.99
h/hughela01,2002-03,3159000,Larry Hughes,exact_normalized,0.99
e/eschmev01,2002-03,3104000,Evan Eschmeyer,exact_normalized,0.99
f/fishede01,2002-03,3000000,Derek Fisher,exact_normalized,0.99
h/hunteli01,2002-03,3000000,Lindsey Hunter,exact_normalized,0.99
w/whitnch01,2002-03,2962000,Chris Whitney,exact_normalized,0.99
f/fizerma01,2002-03,2946000,Marcus Fizer,exact_normalized,0.99
s/szczewa02,2002-03,2933000,Wally Szczerbiak,exact_normalized,0.99
n/nowitdi01,2002-03,2923000,Dirk Nowitzki,exact_normalized,0.99
m/mooremi01,2002-03,2813000,Mikki Moore,exact_normalized,0.99
p/piercpa01,2002-03,2793000,Paul Pierce,exact_normalized,0.99
w/wellsbo01,2002-03,2777000,Bonzi Wells,exact_normalized,0.99
m/malonma01,2002-03,2775000,Matt Maloney,exact_normalized,0.99
d/doleami01,2002-03,2753000,Michael Doleac,exact_normalized,0.99
c/crawfch01,2002-03,2750000,Chris Crawford,exact_normalized,0.99
c/clarkke01,2002-03,2726000,Keon Clark,exact_normalized,0.99
h/harriot01,2002-03,2700000,Othella Harrington,exact_normalized,0.99
b/brownra02,2002-03,2700000,Randy Brown,exact_normalized,0.99
c/colesbi01,2002-03,2700000,Bimbo Coles,exact_normalized,0.99
w/williaa01,2002-03,2700000,Aaron Williams,exact_normalized,0.99
d/delkto01,2002-03,2700000,Tony Delk,exact_normalized,0.99
b/billuch01,2002-03,2700000,Chauncey Billups,exact_normalized,0.99
j/jacksbo01,2002-03,2700000,Bobby Jackson,exact_normalized,0.99
d/dickemi01,2002-03,2699000,Michael Dickerson,exact_normalized,0.99
h/hamilri01,2002-03,2681000,Richard Hamilton,exact_normalized,0.99
m/millemi01,2002-03,2668000,Mike Miller,exact_normalized,0.99
h/harprma01,2002-03,2667000,Matt Harpring,exact_normalized,0.99
g/grantho01,2002-03,2662000,Horace Grant,exact_normalized,0.99
r/rooksse01,2002-03,2640000,Sean Rooks,exact_normalized,0.99
h/harrilu01,2002-03,2640000,Lucious Harris,exact_normalized,0.99
d/davishu01,2002-03,2631000,Hubert Davis,exact_normalized,0.99
k/kerrst01,2002-03,2625000,Steve Kerr,exact_normalized,0.99
c/currymi01,2002-03,2600000,Michael Curry,exact_normalized,0.99
l/lynchge01,2002-03,2600000,George Lynch,exact_normalized,0.99
m/millean02,2002-03,2460000,Andre Miller,exact_normalized,0.99
n/nestera01,2002-03,2436000,Rasho Nesterovic,exact_normalized,0.99
a/augmost01,2002-03,2400000,Stacey Augmon,exact_normalized,0.99
a/amaecjo01,2002-03,2393000,John Amaechi,exact_normalized,0.99
b/battish01,2002-03,2368000,Shane Battier,exact_normalized,0.99
m/mariosh01,2002-03,2265000,Shawn Marion,exact_normalized,0.99
g/garripa01,2002-03,2238000,Pat Garrity,exact_normalized,0.99
m/mihmch01,2002-03,2222000,Chris Mihm,exact_normalized,0.99
g/griffed01,2002-03,2162000,Eddie Griffin,exact_normalized,0.99
d/davisri01,2002-03,2156000,Ricky Davis,exact_normalized,0.99
t/terryja01,2002-03,2153000,Jason Terry,exact_normalized,0.99
s/skinnbr01,2002-03,2148000,Brian Skinner,exact_normalized,0.99
h/harrial01,2002-03,2110000,Al Harrington,exact_normalized,0.99
m/maggeco01,2002-03,2069000,Corey Maggette,exact_normalized,0.99
c/crawfja01,2002-03,2026000,Jamal Crawford,exact_normalized,0.99
w/willish01,2002-03,1987000,Shammond Williams,exact_normalized,0.99
d/diopde01,2002-03,1980000,DeSagana Diop,exact_normalized,0.99
a/artesro01,2002-03,1904000,Metta World Peace,exact_normalized,0.99
l/luety01,2002-03,1885000,Tyronn Lue,exact_normalized,0.99
p/przybjo01,2002-03,1862000,Joel Przybilla,exact_normalized,0.99
w/whitero02,2002-03,1821000,Rodney White,exact_normalized,0.99
d/doolike01,2002-03,1769000,Keyon Dooling,exact_normalized,0.99
j/johnsjo02,2002-03,1729000,Joe Johnson,exact_normalized,0.99
p/poseyja01,2002-03,1723000,James Posey,exact_normalized,0.99
m/moisoje01,2002-03,1681000,Jerome Moiso,exact_normalized,0.99
m/mannida01,2002-03,1650000,Danny Manning,exact_normalized,0.99
b/brownke01,2002-03,1643000,Kedrick Brown,exact_normalized,0.99
m/masseto01,2002-03,1636000,Tony Massenburg,exact_normalized,0.99
t/thomaet01,2002-03,1605000,Etan Thomas,exact_normalized,0.99
g/glovedi01,2002-03,1584000,Dion Glover,exact_normalized,0.99
f/fosteje01,2002-03,1571000,Jeff Foster,exact_normalized,0.99
r/radmavl01,2002-03,1561000,Vladimir Radmanovic,exact_normalized,0.99
t/thomake01,2002-03,1557000,Kenny Thomas,exact_normalized,0.99
g/georgde01,2002-03,1542000,Devean George,exact_normalized,0.99
w/walkesa01,2002-03,1540000,Samaki Walker,exact_normalized,0.99
a/alexaco02,2002-03,1524000,Courtney Alexander,exact_normalized,0.99
j/jefferi01,2002-03,1482000,Richard Jefferson,exact_normalized,0.99
c/cleavma01,2002-03,1441000,Mateen Cleaves,exact_normalized,0.99
j/jonesju01,2002-03,1419000,Jumaine Jones,exact_normalized,0.99
p/padgesc01,2002-03,1410000,Scott Padgett,exact_normalized,0.99
m/murphtr01,2002-03,1409000,Troy Murphy,exact_normalized,0.99
b/blounco01,2002-03,1400000,Corie Blount,exact_normalized,0.99
s/shawbr01,2002-03,1400000,Brian Shaw,exact_normalized,0.99
c/cheanca01,2002-03,1400000,Calbert Cheaney,exact_normalized,0.99
w/willimo01,2002-03,1400000,Monty Williams,exact_normalized,0.99
c/collija02,2002-03,1376000,Jason Collier,exact_normalized,0.99
t/turkohe01,2002-03,1300000,Hedo Turkoglu,exact_normalized,0.99
d/drewbr01,2002-03,1300000,Bryce Drew,exact_normalized,0.99
h/hastoki01,2002-03,1271000,Kirk Haston,exact_normalized,0.99
m/masonde01,2002-03,1235000,Desmond Mason,exact_normalized,0.99
b/bradlmi01,2002-03,1208000,Michael Bradley,exact_normalized,0.99
r/richaqu01,2002-03,1174000,Quentin Richardson,exact_normalized,0.99
c/collija04,2002-03,1147000,Jason Collins,exact_normalized,0.99
m/magloja01,2002-03,1126000,Jamaal Magloire,exact_normalized,0.99
f/ferryda01,2002-03,1100000,Danny Ferry,exact_normalized,0.99
h/hoibefr01,2002-03,1100000,Fred Hoiberg,exact_normalized,0.99
r/reiddo01,2002-03,1100000,Don Reid,exact_normalized,0.99
b/bryanma01,2002-03,1100000,Mark Bryant,exact_normalized,0.99
r/randoza01,2002-03,1096000,Zach Randolph,exact_normalized,0.99
c/claxtsp01,2002-03,1081000,Speedy Claxton,exact_normalized,0.99
p/petermo01,2002-03,1033000,Morris Peterson,exact_normalized,0.99
j/jordami01,2002-03,1030000,Michael Jordan,exact_normalized,0.99
f/fortejo01,2002-03,1009000,Joseph Forte,exact_normalized,0.99
w/willike02,2002-03,1000000,Kevin Willis,exact_normalized,0.99
h/harvedo01,2002-03,992000,Donnell Harvey,exact_normalized,0.99
s/sasseje01,2002-03,969000,Jeryl Sasser,exact_normalized,0.99
s/stevede01,2002-03,956000,DeShawn Stevenson,exact_normalized,0.99
a/armstbr01,2002-03,930000,Brandon Armstrong,exact_normalized,0.99
b/bagarda01,2002-03,914000,Dalibor Bagaric,exact_normalized,0.99
k/kirilan01,2002-03,893000,Andrei Kirilenko,exact_normalized,0.99
t/tsakaja01,2002-03,877000,Jake Tsakalidis,exact_normalized,0.99
n/ndiayma02,2002-03,852000,Mamadou N'diaye,exact_normalized,0.99
b/bowenbr01,2002-03,824000,Bruce Bowen,exact_normalized,0.99
p/parksch02,2002-03,824000,Cherokee Parks,exact_normalized,0.99
d/davisem01,2002-03,824000,Emanual Davis,exact_normalized,0.99
m/madsema01,2002-03,817000,Mark Madsen,exact_normalized,0.99
t/tinslja01,2002-03,805000,Jamaal Tinsley,exact_normalized,0.99
b/brezepr01,2002-03,805000,Primoz Brezec,exact_normalized,0.99
p/parketo01,2002-03,800000,Tony Parker,exact_normalized,0.99
p/palacmi01,2002-03,749000,Milt Palacio,exact_normalized,0.99
w/wallage01,2002-03,714000,Gerald Wallace,exact_normalized,0.99
v/vaughja01,2002-03,700000,Jacque Vaughn,exact_normalized,0.99
b/boykiea01,2002-03,700000,Earl Boykins,exact_normalized,0.99
s/stepavl01,2002-03,637000,Vladimir Stepania,exact_normalized,0.99
b/blounma01,2002-03,637000,Mark Blount,exact_normalized,0.99
m/mccasam01,2002-03,612000,Amal McCaskill,exact_normalized,0.99
b/bowenry01,2002-03,587000,Ryan Bowen,exact_normalized,0.99
v/voskuja01,2002-03,587000,Jake Voskuhl,exact_normalized,0.99
j/jacksst02,2002-03,587000,Stephen Jackson,exact_normalized,0.99
o/oyedeol01,2002-03,587000,Olumide Oyedeji,exact_normalized,0.99
d/drobnpr01,2002-03,526000,Predrag Drobnjak,exact_normalized,0.99
a/arenagi01,2002-03,512000,Gilbert Arenas,exact_normalized,0.99
b/brownda02,2002-03,512000,Damone Brown,exact_normalized,0.99
m/morrite01,2002-03,512000,Terence Morris,exact_normalized,0.99
b/breweja01,2002-03,512000,Jamison Brewer,exact_normalized,0.99
h/hassetr01,2002-03,512000,Trenton Hassell,exact_normalized,0.99
f/fordal02,2002-03,512000,Alton Ford,exact_normalized,0.99
t/trepaje01,2002-03,512000,Jeff Trepagnier,exact_normalized,0.99
s/scalabr01,2002-03,512000,Brian Scalabrine,exact_normalized,0.99
g/garneke01,2003-04,28000000,Kevin Garnett,exact_normalized,0.99
o/onealsh01,2003-04,26571000,Shaquille O'Neal,exact_normalized,0.99
w/wallara01,2003-04,18000000,Rasheed Wallace,exact_normalized,0.99
m/mutomdi01,2003-04,17895000,Dikembe Mutombo,exact_normalized,0.99
h/houstal01,2003-04,15937000,Allan Houston,exact_normalized,0.99
w/webbech01,2003-04,15937000,Chris Webber,exact_normalized,0.99
s/stoudda01,2003-04,14625000,Damon Stoudamire,exact_normalized,0.99
w/walkean02,2003-04,13500000,Antoine Walker,exact_normalized,0.99
m/mcdyean01,2003-04,13500000,Antonio McDyess,exact_normalized,0.99
a/abdursh01,2003-04,13500000,Shareef Abdur-Rahim,exact_normalized,0.99
i/iversal01,2003-04,13500000,Allen Iverson,exact_normalized,0.99
s/sprewla01,2003-04,13500000,Latrell Sprewell,exact_normalized,0.99
b/bakervi01,2003-04,13500000,Vin Baker,exact_normalized,0.99
i/ilgauzy01,2003-04,13500000,Zydrunas Ilgauskas,exact_normalized,0.99
h/hardaan01,2003-04,13500000,Anfernee Hardaway,exact_normalized,0.99
a/allenra02,2003-04,13500000,Ray Allen,exact_normalized,0.99
b/bryanko01,2003-04,13500000,Kobe Bryant,exact_normalized,0.99
m/marbust01,2003-04,13500000,Stephon Marbury,exact_normalized,0.99
f/finlemi01,2003-04,13281000,Michael Finley,exact_normalized,0.99
v/vanhoke01,2003-04,13280000,Keith Van Horn,exact_normalized,0.99
m/mcgratr01,2003-04,13279000,Tracy McGrady,exact_normalized,0.99
d/duncati01,2003-04,13279000,Tim Duncan,exact_normalized,0.99
r/roseja01,2003-04,13279000,Jalen Rose,exact_normalized,0.99
j/jonesed02,2003-04,12320000,Eddie Jones,exact_normalized,0.99
g/grantbr01,2003-04,12234000,Brian Grant,exact_normalized,0.99
d/divacvl01,2003-04,12051000,Vlade Divac,exact_normalized,0.99
d/davisan01,2003-04,12000000,Antonio Davis,exact_normalized,0.99
c/cartevi01,2003-04,11953000,Vince Carter,exact_normalized,0.99
t/thomati01,2003-04,11825000,Tim Thomas,exact_normalized,0.99
g/guglito01,2003-04,11668000,Tom Gugliotta,exact_normalized,0.99
k/kiddja01,2003-04,10950000,Jason Kidd,exact_normalized,0.99
v/vanexni01,2003-04,10912000,Nick Van Exel,exact_normalized,0.99
r/ratlith01,2003-04,10156000,Theo Ratliff,exact_normalized,0.99
k/kittlke01,2003-04,9267000,Kerry Kittles,exact_normalized,0.99
o/ostergr01,2003-04,8666000,Greg Ostertag,exact_normalized,0.99
m/mashbja01,2003-04,8525000,Jamal Mashburn,exact_normalized,0.99
k/kukocto01,2003-04,8050000,Toni Kukoc,exact_normalized,0.99
t/tayloma01,2003-04,7800000,Maurice Taylor,exact_normalized,0.99
a/anderde01,2003-04,7794000,Derek Anderson,exact_normalized,0.99
p/persowe01,2003-04,7700000,Wesley Person,exact_normalized,0.99
h/hendeal01,2003-04,7682000,Alan Henderson,exact_normalized,0.99
c/croshau01,2003-04,7610000,Austin Croshere,exact_normalized,0.99
d/dampier01,2003-04,7482000,Erick Dampier,exact_normalized,0.99
c/catoke01,2003-04,7344000,Kelvin Cato,exact_normalized,0.99
c/cambyma01,2003-04,7250000,Marcus Camby,exact_normalized,0.99
m/mercero01,2003-04,7169000,Ron Mercer,exact_normalized,0.99
a/andersh01,2003-04,6700000,Shandon Anderson,exact_normalized,0.99
w/wrighlo02,2003-04,6600000,Lorenzen Wright,exact_normalized,0.99
s/stackje01,2003-04,6500000,Jerry Stackhouse,exact_normalized,0.99
b/brandel01,2003-04,6364000,Elton Brand,exact_normalized,0.99
c/chrisdo01,2003-04,6250000,Doug Christie,exact_normalized,0.99
s/stojape01,2003-04,6250000,Peja Stojakovic,exact_normalized,0.99
r/robined01,2003-04,6246000,Eddie Robinson,exact_normalized,0.99
s/surabo01,2003-04,6166000,Bob Sura,exact_normalized,0.99
w/wardch01,2003-04,6030000,Charlie Ward,exact_normalized,0.99
o/outlabo01,2003-04,5955000,Bo Outlaw,exact_normalized,0.99
e/eisleho01,2003-04,5843000,Howard Eisley,exact_normalized,0.99
n/nashst01,2003-04,5750000,Steve Nash,exact_normalized,0.99
f/francst01,2003-04,5720000,Steve Francis,exact_normalized,0.99
p/potapvi01,2003-04,5715000,Vitaly Potapenko,exact_normalized,0.99
m/mohamna01,2003-04,5700000,Nazr Mohammed,exact_normalized,0.99
w/willier01,2003-04,5560000,Eric Williams,exact_normalized,0.99
l/laettch01,2003-04,5526000,Christian Laettner,exact_normalized,0.99
w/willial02,2003-04,5500000,Alvin Williams,exact_normalized,0.99
w/wallabe01,2003-04,5500000,Ben Wallace,exact_normalized,0.99
p/patteru01,2003-04,5447000,Ruben Patterson,exact_normalized,0.99
b/boothca01,2003-04,5446000,Calvin Booth,exact_normalized,0.99
s/smithjo02,2003-04,5445000,Joe Smith,exact_normalized,0.99
j/johnsav01,2003-04,5445000,Avery Johnson,exact_normalized,0.99
f/fortsda01,2003-04,5428000,Danny Fortson,exact_normalized,0.99
w/willije01,2003-04,5400000,Jerome Williams,exact_normalized,0.99
b/barrybr01,2003-04,5400000,Brent Barry,exact_normalized,0.99
w/whiteja01,2003-04,5394000,Jahidi White,exact_normalized,0.99
t/thomaku01,2003-04,5394000,Kurt Thomas,exact_normalized,0.99
m/moblecu01,2003-04,5393000,Cuttino Mobley,exact_normalized,0.99
p/pollasc01,2003-04,5310000,Scot Pollard,exact_normalized,0.99
h/horryro01,2003-04,5300000,Robert Horry,exact_normalized,0.99
b/bradlsh01,2003-04,5194000,Shawn Bradley,exact_normalized,0.99
d/davisba01,2003-04,5173000,Baron Davis,exact_normalized,0.99
m/martike01,2003-04,5128000,Kenyon Martin,exact_normalized,0.99
k/knighbr01,2003-04,5062000,Brevin Knight,exact_normalized,0.99
w/willico02,2003-04,5000000,Corliss Williamson,exact_normalized,0.99
m/mckieaa01,2003-04,5000000,Aaron McKie,exact_normalized,0.99
o/odomla01,2003-04,4692000,Lamar Odom,exact_normalized,0.99
s/swiftst01,2003-04,4614000,Stromile Swift,exact_normalized,0.99
j/jacksma01,2003-04,4580000,Mark Jackson,exact_normalized,0.99
f/foxri01,2003-04,4549000,Rick Fox,exact_normalized,0.99
m/murrala01,2003-04,4500000,Lamond Murray,exact_normalized,0.99
s/snower01,2003-04,4500000,Eric Snow,exact_normalized,0.99
s/stewami01,2003-04,4480000,Michael Stewart,exact_normalized,0.99
b/battito01,2003-04,4400000,Tony Battie,exact_normalized,0.99
f/foylead01,2003-04,4400000,Adonal Foyle,exact_normalized,0.99
b/bendejo01,2003-04,4278000,Jonathan Bender,exact_normalized,0.99
b/brownkw01,2003-04,4252000,Kwame Brown,exact_normalized,0.99
r/rebraze01,2003-04,4200000,Zeljko Rebraca,exact_normalized,0.99
m/milesda01,2003-04,4130000,Darius Miles,exact_normalized,0.99
c/cartean01,2003-04,4063000,Anthony Carter,exact_normalized,0.99
w/wesleda01,2003-04,3960000,David Wesley,exact_normalized,0.99
s/szczewa02,2003-04,3912000,Wally Szczerbiak,exact_normalized,0.99
a/atkinch01,2003-04,3900000,Chucky Atkins,exact_normalized,0.99
j/jacksma02,2003-04,3900000,Marc Jackson,exact_normalized,0.99
f/fizerma01,2003-04,3726000,Marcus Fizer,exact_normalized,0.99
d/declean01,2003-04,3625000,Andrew DeClercq,exact_normalized,0.99
f/fundela01,2003-04,3600000,Lawrence Funderburke,exact_normalized,0.99
n/norrimo01,2003-04,3600000,Moochie Norris,exact_normalized,0.99
h/hamilri01,2003-04,3596000,Richard Hamilton,exact_normalized,0.99
g/gasolpa01,2003-04,3417000,Pau Gasol,exact_normalized,0.99
m/millemi01,2003-04,3380000,Mike Miller,exact_normalized,0.99
m/millean02,2003-04,3317000,Andre Miller,exact_normalized,0.99
h/hunteli01,2003-04,3300000,Lindsey Hunter,exact_normalized,0.99
w/whitnch01,2003-04,3259000,Chris Whitney,exact_normalized,0.99
j/johnsde03,2003-04,3087000,DerMarr Johnson,exact_normalized,0.99
m/mariosh01,2003-04,3069000,Shawn Marion,exact_normalized,0.99
f/fishede01,2003-04,3000000,Derek Fisher,exact_normalized,0.99
c/crawfch01,2003-04,3000000,Chris Crawford,exact_normalized,0.99
t/terryja01,2003-04,2933000,Jason Terry,exact_normalized,0.99
h/harriot01,2003-04,2925000,Othella Harrington,exact_normalized,0.99
c/colesbi01,2003-04,2925000,Bimbo Coles,exact_normalized,0.99
w/williaa01,2003-04,2925000,Aaron Williams,exact_normalized,0.99
d/delkto01,2003-04,2925000,Tony Delk,exact_normalized,0.99
j/jacksbo01,2003-04,2925000,Bobby Jackson,exact_normalized,0.99
g/grantho01,2003-04,2903000,Horace Grant,exact_normalized,0.99
d/davishu01,2003-04,2894000,Hubert Davis,exact_normalized,0.99
m/maggeco01,2003-04,2862000,Corey Maggette,exact_normalized,0.99
m/mihmch01,2003-04,2823000,Chris Mihm,exact_normalized,0.99
c/currymi01,2003-04,2800000,Michael Curry,exact_normalized,0.99
l/lynchge01,2003-04,2800000,George Lynch,exact_normalized,0.99
a/artesro01,2003-04,2676000,Metta World Peace,exact_normalized,0.99
a/amaecjo01,2003-04,2610000,John Amaechi,exact_normalized,0.99
c/crawfja01,2003-04,2577000,Jamal Crawford,exact_normalized,0.99
b/battish01,2003-04,2533000,Shane Battier,exact_normalized,0.99
p/poseyja01,2003-04,2445000,James Posey,exact_normalized,0.99
a/augmost01,2003-04,2400000,Stacey Augmon,exact_normalized,0.99
p/przybjo01,2003-04,2373000,Joel Przybilla,exact_normalized,0.99
l/lewisqu01,2003-04,2350000,Quincy Lewis,exact_normalized,0.99
g/glovedi01,2003-04,2270000,Dion Glover,exact_normalized,0.99
f/fosteje01,2003-04,2264000,Jeff Foster,exact_normalized,0.99
d/doolike01,2003-04,2256000,Keyon Dooling,exact_normalized,0.99
g/georgde01,2003-04,2244000,Devean George,exact_normalized,0.99
m/moisoje01,2003-04,2230000,Jerome Moiso,exact_normalized,0.99
t/thomake01,2003-04,2225000,Kenny Thomas,exact_normalized,0.99
t/thomaet01,2003-04,2211000,Etan Thomas,exact_normalized,0.99
c/cleavma01,2003-04,2134000,Mateen Cleaves,exact_normalized,0.99
d/diopde01,2003-04,2118000,DeSagana Diop,exact_normalized,0.99
c/collija02,2003-04,2109000,Jason Collier,exact_normalized,0.99
j/jonesju01,2003-04,2104000,Jumaine Jones,exact_normalized,0.99
p/padgesc01,2003-04,2102000,Scott Padgett,exact_normalized,0.99
t/turkohe01,2003-04,1995000,Hedo Turkoglu,exact_normalized,0.99
w/whitero02,2003-04,1948000,Rodney White,exact_normalized,0.99
m/masonde01,2003-04,1898000,Desmond Mason,exact_normalized,0.99
j/johnsjo02,2003-04,1850000,Joe Johnson,exact_normalized,0.99
r/richaqu01,2003-04,1805000,Quentin Richardson,exact_normalized,0.99
b/brownke01,2003-04,1757000,Kedrick Brown,exact_normalized,0.99
m/magloja01,2003-04,1735000,Jamaal Magloire,exact_normalized,0.99
r/radmavl01,2003-04,1670000,Vladimir Radmanovic,exact_normalized,0.99
c/claxtsp01,2003-04,1667000,Speedy Claxton,exact_normalized,0.99
p/petermo01,2003-04,1646000,Morris Peterson,exact_normalized,0.99
h/harvedo01,2003-04,1631000,Donnell Harvey,exact_normalized,0.99
s/stevede01,2003-04,1624000,DeShawn Stevenson,exact_normalized,0.99
j/jefferi01,2003-04,1586000,Richard Jefferson,exact_normalized,0.99
t/tsakaja01,2003-04,1580000,Jake Tsakalidis,exact_normalized,0.99
n/ndiayma02,2003-04,1537000,Mamadou N'diaye,exact_normalized,0.99
m/murphtr01,2003-04,1507000,Troy Murphy,exact_normalized,0.99
m/madsema01,2003-04,1474000,Mark Madsen,exact_normalized,0.99
d/drewbr01,2003-04,1300000,Bryce Drew,exact_normalized,0.99
b/bradlmi01,2003-04,1292000,Michael Bradley,exact_normalized,0.99
c/collija04,2003-04,1227000,Jason Collins,exact_normalized,0.99
r/randoza01,2003-04,1172000,Zach Randolph,exact_normalized,0.99
a/armstbr01,2003-04,995000,Brandon Armstrong,exact_normalized,0.99
k/kirilan01,2003-04,956000,Andrei Kirilenko,exact_normalized,0.99
d/dalemsa01,2003-04,887000,Samuel Dalembert,exact_normalized,0.99
b/brezepr01,2003-04,862000,Primoz Brezec,exact_normalized,0.99
t/tinslja01,2003-04,861000,Jamaal Tinsley,exact_normalized,0.99
p/parketo01,2003-04,856000,Tony Parker,exact_normalized,0.99
w/wallage01,2003-04,764000,Gerald Wallace,exact_normalized,0.99
d/drobnpr01,2003-04,639000,Predrag Drobnjak,exact_normalized,0.99
h/hassetr01,2003-04,587000,Trenton Hassell,exact_normalized,0.99
o/onealsh01,2004-05,29464000,Shaquille O'Neal,exact_normalized,0.99
m/mutomdi01,2004-05,19684000,Dikembe Mutombo,exact_normalized,0.99
h/houstal01,2004-05,17531000,Allan Houston,exact_normalized,0.99
w/webbech01,2004-05,17351000,Chris Webber,exact_normalized,0.99
s/stoudda01,2004-05,15750000,Damon Stoudamire,exact_normalized,0.99
w/walkean02,2004-05,14625000,Antoine Walker,exact_normalized,0.99
a/abdursh01,2004-05,14625000,Shareef Abdur-Rahim,exact_normalized,0.99
i/iversal01,2004-05,14625000,Allen Iverson,exact_normalized,0.99
s/sprewla01,2004-05,14625000,Latrell Sprewell,exact_normalized,0.99
b/bakervi01,2004-05,14625000,Vin Baker,exact_normalized,0.99
i/ilgauzy01,2004-05,14625000,Zydrunas Ilgauskas,exact_normalized,0.99
h/hardaan01,2004-05,14625000,Anfernee Hardaway,exact_normalized,0.99
a/allenra02,2004-05,14625000,Ray Allen,exact_normalized,0.99
b/bryanko01,2004-05,14625000,Kobe Bryant,exact_normalized,0.99
m/marbust01,2004-05,14625000,Stephon Marbury,exact_normalized,0.99
f/finlemi01,2004-05,14609000,Michael Finley,exact_normalized,0.99
m/mcgratr01,2004-05,14487000,Tracy McGrady,exact_normalized,0.99
r/roseja01,2004-05,14487000,Jalen Rose,exact_normalized,0.99
v/vanhoke01,2004-05,14487000,Keith Van Horn,exact_normalized,0.99
h/hillgr01,2004-05,14487000,Grant Hill,exact_normalized,0.99
j/jonesed02,2004-05,13440000,Eddie Jones,exact_normalized,0.99
g/grantbr01,2004-05,13346000,Brian Grant,exact_normalized,0.99
c/cartevi01,2004-05,13281000,Vince Carter,exact_normalized,0.99
t/thomati01,2004-05,12900000,Tim Thomas,exact_normalized,0.99
d/davisan01,2004-05,12000000,Antonio Davis,exact_normalized,0.99
v/vanexni01,2004-05,11821000,Nick Van Exel,exact_normalized,0.99
r/ratlith01,2004-05,10937000,Theo Ratliff,exact_normalized,0.99
k/kittlke01,2004-05,9817000,Kerry Kittles,exact_normalized,0.99
m/mashbja01,2004-05,9300000,Jamal Mashburn,exact_normalized,0.99
t/tayloma01,2004-05,8450000,Maurice Taylor,exact_normalized,0.99
a/anderde01,2004-05,8444000,Derek Anderson,exact_normalized,0.99
h/hendeal01,2004-05,8273000,Alan Henderson,exact_normalized,0.99
c/croshau01,2004-05,8260000,Austin Croshere,exact_normalized,0.99
d/dampier01,2004-05,8105000,Erick Dampier,exact_normalized,0.99
c/catoke01,2004-05,7992000,Kelvin Cato,exact_normalized,0.99
c/cambyma01,2004-05,7750000,Marcus Camby,exact_normalized,0.99
a/andersh01,2004-05,7300000,Shandon Anderson,exact_normalized,0.99
w/wrighlo02,2004-05,7150000,Lorenzen Wright,exact_normalized,0.99
s/stackje01,2004-05,7000000,Jerry Stackhouse,exact_normalized,0.99
c/chrisdo01,2004-05,6875000,Doug Christie,exact_normalized,0.99
s/stojape01,2004-05,6875000,Peja Stojakovic,exact_normalized,0.99
m/martike01,2004-05,6667000,Kenyon Martin,exact_normalized,0.99
e/eisleho01,2004-05,6375000,Howard Eisley,exact_normalized,0.99
m/mohamna01,2004-05,6270000,Nazr Mohammed,exact_normalized,0.99
p/potapvi01,2004-05,6191000,Vitaly Potapenko,exact_normalized,0.99
l/laettch01,2004-05,6078000,Christian Laettner,exact_normalized,0.99
s/swiftst01,2004-05,6022000,Stromile Swift,exact_normalized,0.99
w/wallabe01,2004-05,6000000,Ben Wallace,exact_normalized,0.99
f/fortsda01,2004-05,5922000,Danny Fortson,exact_normalized,0.99
b/boothca01,2004-05,5900000,Calvin Booth,exact_normalized,0.99
s/smithjo02,2004-05,5899000,Joe Smith,exact_normalized,0.99
p/patteru01,2004-05,5899000,Ruben Patterson,exact_normalized,0.99
t/thomaku01,2004-05,5885000,Kurt Thomas,exact_normalized,0.99
w/whiteja01,2004-05,5884000,Jahidi White,exact_normalized,0.99
m/moblecu01,2004-05,5883000,Cuttino Mobley,exact_normalized,0.99
p/pollasc01,2004-05,5792000,Scot Pollard,exact_normalized,0.99
n/nashst01,2004-05,5750000,Steve Nash,exact_normalized,0.99
b/bradlsh01,2004-05,5714000,Shawn Bradley,exact_normalized,0.99
w/willije01,2004-05,5600000,Jerome Williams,exact_normalized,0.99
w/willico02,2004-05,5500000,Corliss Williamson,exact_normalized,0.99
m/mckieaa01,2004-05,5500000,Aaron McKie,exact_normalized,0.99
m/milesda01,2004-05,5419000,Darius Miles,exact_normalized,0.99
b/brownkw01,2004-05,5361000,Kwame Brown,exact_normalized,0.99
o/outlabo01,2004-05,5355000,Bo Outlaw,exact_normalized,0.99
f/fizerma01,2004-05,4915000,Marcus Fizer,exact_normalized,0.99
m/murrala01,2004-05,4875000,Lamond Murray,exact_normalized,0.99
s/snower01,2004-05,4875000,Eric Snow,exact_normalized,0.99
b/battito01,2004-05,4800000,Tony Battie,exact_normalized,0.99
s/stewami01,2004-05,4800000,Michael Stewart,exact_normalized,0.99
m/millemi01,2004-05,4482000,Mike Miller,exact_normalized,0.99
g/gasolpa01,2004-05,4318000,Pau Gasol,exact_normalized,0.99
j/jacksma02,2004-05,4225000,Marc Jackson,exact_normalized,0.99
a/atkinch01,2004-05,4200000,Chucky Atkins,exact_normalized,0.99
j/johnsde03,2004-05,4119000,DerMarr Johnson,exact_normalized,0.99
m/mihmch01,2004-05,3785000,Chris Mihm,exact_normalized,0.99
n/norrimo01,2004-05,3600000,Moochie Norris,exact_normalized,0.99
c/crawfja01,2004-05,3475000,Jamal Crawford,exact_normalized,0.99
p/przybjo01,2004-05,3215000,Joel Przybilla,exact_normalized,0.99
b/battish01,2004-05,3212000,Shane Battier,exact_normalized,0.99
h/harriot01,2004-05,3150000,Othella Harrington,exact_normalized,0.99
w/williaa01,2004-05,3150000,Aaron Williams,exact_normalized,0.99
d/delkto01,2004-05,3150000,Tony Delk,exact_normalized,0.99
j/jacksbo01,2004-05,3150000,Bobby Jackson,exact_normalized,0.99
d/doolike01,2004-05,3073000,Keyon Dooling,exact_normalized,0.99
m/moisoje01,2004-05,3054000,Jerome Moiso,exact_normalized,0.99
t/thomaet01,2004-05,3043000,Etan Thomas,exact_normalized,0.99
f/fishede01,2004-05,3000000,Derek Fisher,exact_normalized,0.99
l/lynchge01,2004-05,3000000,George Lynch,exact_normalized,0.99
c/cleavma01,2004-05,2969000,Mateen Cleaves,exact_normalized,0.99
c/collija02,2004-05,2949000,Jason Collier,exact_normalized,0.99
g/griffed01,2004-05,2937000,Eddie Griffin,exact_normalized,0.99
t/turkohe01,2004-05,2803000,Hedo Turkoglu,exact_normalized,0.99
d/diopde01,2004-05,2695000,DeSagana Diop,exact_normalized,0.99
m/masonde01,2004-05,2680000,Desmond Mason,exact_normalized,0.99
r/richaqu01,2004-05,2562000,Quentin Richardson,exact_normalized,0.99
w/whitero02,2004-05,2481000,Rodney White,exact_normalized,0.99
m/magloja01,2004-05,2474000,Jamaal Magloire,exact_normalized,0.99
c/claxtsp01,2004-05,2390000,Speedy Claxton,exact_normalized,0.99
p/petermo01,2004-05,2371000,Morris Peterson,exact_normalized,0.99
h/harvedo01,2004-05,2363000,Donnell Harvey,exact_normalized,0.99
s/stevede01,2004-05,2362000,DeShawn Stevenson,exact_normalized,0.99
j/johnsjo02,2004-05,2358000,Joe Johnson,exact_normalized,0.99
b/brownke01,2004-05,2332000,Kedrick Brown,exact_normalized,0.99
t/tsakaja01,2004-05,2322000,Jake Tsakalidis,exact_normalized,0.99
r/radmavl01,2004-05,2301000,Vladimir Radmanovic,exact_normalized,0.99
n/ndiayma02,2004-05,2269000,Mamadou N'diaye,exact_normalized,0.99
j/jefferi01,2004-05,2266000,Richard Jefferson,exact_normalized,0.99
m/murphtr01,2004-05,2232000,Troy Murphy,exact_normalized,0.99
m/madsema01,2004-05,2212000,Mark Madsen,exact_normalized,0.99
b/bradlmi01,2004-05,1985000,Michael Bradley,exact_normalized,0.99
c/collija04,2004-05,1887000,Jason Collins,exact_normalized,0.99
r/randoza01,2004-05,1805000,Zach Randolph,exact_normalized,0.99
k/kirilan01,2004-05,1672000,Andrei Kirilenko,exact_normalized,0.99
d/dalemsa01,2004-05,1600000,Samuel Dalembert,exact_normalized,0.99
t/tinslja01,2004-05,1554000,Jamaal Tinsley,exact_normalized,0.99
b/brezepr01,2004-05,1554000,Primoz Brezec,exact_normalized,0.99
p/parketo01,2004-05,1545000,Tony Parker,exact_normalized,0.99
w/wallage01,2004-05,1377000,Gerald Wallace,exact_normalized,0.99
o/onealsh01,2005-06,20000000,Shaquille O'Neal,exact_normalized,0.99
w/webbech01,2005-06,19125000,Chris Webber,exact_normalized,0.99
g/garneke01,2005-06,18000000,Kevin Garnett,exact_normalized,0.99
i/iversal01,2005-06,16453125,Allen Iverson,exact_normalized,0.99
m/marbust01,2005-06,16453125,Stephon Marbury,exact_normalized,0.99
k/kiddja01,2005-06,16440000,Jason Kidd,exact_normalized,0.99
o/onealje01,2005-06,16440000,Jermaine O'Neal,exact_normalized,0.99
b/bryanko01,2005-06,15946875,Kobe Bryant,exact_normalized,0.99
d/duncati01,2005-06,15845157,Tim Duncan,exact_normalized,0.99
b/bakervi01,2005-06,15750000,Vin Baker,exact_normalized,0.99
h/hardaan01,2005-06,15750000,Anfernee Hardaway,exact_normalized,0.99
m/mcgratr01,2005-06,15694250,Tracy McGrady,exact_normalized,0.99
r/roseja01,2005-06,15694250,Jalen Rose,exact_normalized,0.99
v/vanhoke01,2005-06,15694250,Keith Van Horn,exact_normalized,0.99
h/hillgr01,2005-06,15694250,Grant Hill,exact_normalized,0.99
j/jonesed02,2005-06,14666250,Eddie Jones,exact_normalized,0.99
t/thomati01,2005-06,13975000,Tim Thomas,exact_normalized,0.99
d/davisan01,2005-06,13865000,Antonio Davis,exact_normalized,0.99
p/piercpa01,2005-06,13843156,Paul Pierce,exact_normalized,0.99
n/nowitdi01,2005-06,13843156,Dirk Nowitzki,exact_normalized,0.99
j/jamisan01,2005-06,13843156,Antawn Jamison,exact_normalized,0.99
c/cartevi01,2005-06,13843156,Vince Carter,exact_normalized,0.99
f/francst01,2005-06,13700000,Steve Francis,exact_normalized,0.99
d/davisba01,2005-06,13700000,Baron Davis,exact_normalized,0.99
m/mariosh01,2005-06,13700000,Shawn Marion,exact_normalized,0.99
a/allenra02,2005-06,13223140,Ray Allen,exact_normalized,0.99
b/brandel01,2005-06,13152000,Elton Brand,exact_normalized,0.99
r/reddmi01,2005-06,12000000,Michael Redd,exact_normalized,0.99
j/johnsjo02,2005-06,12000000,Joe Johnson,exact_normalized,0.99
r/ratlith01,2005-06,11666666,Theo Ratliff,exact_normalized,0.99
b/bibbymi01,2005-06,11500000,Mike Bibby,exact_normalized,0.99
o/odomla01,2005-06,11448596,Lamar Odom,exact_normalized,0.99
b/boozeca01,2005-06,11260483,Carlos Boozer,exact_normalized,0.99
g/gasolpa01,2005-06,10993000,Pau Gasol,exact_normalized,0.99
k/kirilan01,2005-06,10983000,Andrei Kirilenko,exact_normalized,0.99
m/martike01,2005-06,10886364,Kenyon Martin,exact_normalized,0.99
w/wallara01,2005-06,10860000,Rasheed Wallace,exact_normalized,0.99
r/randoza01,2005-06,10666667,Zach Randolph,exact_normalized,0.99
l/lafrera01,2005-06,10623288,Raef LaFrentz,exact_normalized,0.99
s/szczewa02,2005-06,10500000,Wally Szczerbiak,exact_normalized,0.99
h/hughela01,2005-06,10344900,Larry Hughes,exact_normalized,0.99
a/arenagi01,2005-06,10243200,Gilbert Arenas,exact_normalized,0.99
j/jefferi01,2005-06,10200000,Richard Jefferson,exact_normalized,0.99
m/mashbja01,2005-06,10075000,Jamal Mashburn,exact_normalized,0.99
n/nashst01,2005-06,9625000,Steve Nash,exact_normalized,0.99
l/lewisra02,2005-06,9571429,Rashard Lewis,exact_normalized,0.99
c/cambyma01,2005-06,9400000,Marcus Camby,exact_normalized,0.99
t/tayloma01,2005-06,9100000,Maurice Taylor,exact_normalized,0.99
r/richaja01,2005-06,8888888,Jason Richardson,exact_normalized,0.99
m/millebr01,2005-06,8750000,Brad Miller,exact_normalized,0.99
i/ilgauzy01,2005-06,8743238,Zydrunas Ilgauskas,exact_normalized,0.99
c/catoke01,2005-06,8640000,Kelvin Cato,exact_normalized,0.99
d/dalemsa01,2005-06,8477178,Samuel Dalembert,exact_normalized,0.99
p/parketo01,2005-06,8400000,Tony Parker,exact_normalized,0.99
s/stackje01,2005-06,8367187,Jerry Stackhouse,exact_normalized,0.99
m/magloja01,2005-06,8333334,Jamaal Magloire,exact_normalized,0.99
c/chandty01,2005-06,8299670,Tyson Chandler,exact_normalized,0.99
o/okurme01,2005-06,8250000,Mehmet Okur,exact_normalized,0.99
t/thomake01,2005-06,8183769,Kenny Thomas,exact_normalized,0.99
h/hamilri01,2005-06,8125000,Richard Hamilton,exact_normalized,0.99
m/millean02,2005-06,8100000,Andre Miller,exact_normalized,0.99
s/simmobo01,2005-06,8000000,Bobby Simmons,exact_normalized,0.99
w/wellsbo01,2005-06,8000000,Bonzi Wells,exact_normalized,0.99
b/brownpj01,2005-06,8000000,P.J. Brown,exact_normalized,0.99
c/croshau01,2005-06,7900000,Austin Croshere,exact_normalized,0.99
w/wrighlo02,2005-06,7700000,Lorenzen Wright,exact_normalized,0.99
d/dampier01,2005-06,7662500,Erick Dampier,exact_normalized,0.99
w/willija02,2005-06,7562500,Jason Williams,exact_normalized,0.99
s/stojape01,2005-06,7525000,Peja Stojakovic,exact_normalized,0.99
b/brownkw01,2005-06,7500000,Kwame Brown,exact_normalized,0.99
c/chrisdo01,2005-06,7500000,Doug Christie,exact_normalized,0.99
w/wallabe01,2005-06,7500000,Ben Wallace,exact_normalized,0.99
g/ginobma01,2005-06,7428937,Manu Ginobili,exact_normalized,0.99
c/curryed01,2005-06,7394663,Eddy Curry,exact_normalized,0.99
m/murphtr01,2005-06,7365079,Troy Murphy,exact_normalized,0.99
f/foylead01,2005-06,7312500,Adonal Foyle,exact_normalized,0.99
m/milesda01,2005-06,7250000,Darius Miles,exact_normalized,0.99
m/moblecu01,2005-06,7241379,Cuttino Mobley,exact_normalized,0.99
m/masonde01,2005-06,7233333,Desmond Mason,exact_normalized,0.99
b/bendejo01,2005-06,7175000,Jonathan Bender,exact_normalized,0.99
t/thomaku01,2005-06,7085919,Kurt Thomas,exact_normalized,0.99
m/maggeco01,2005-06,7000000,Corey Maggette,exact_normalized,0.99
r/rosema01,2005-06,6979147,Malik Rose,exact_normalized,0.99
h/harrial01,2005-06,6975500,Al Harrington,exact_normalized,0.99
r/richaqu01,2005-06,6945500,Quentin Richardson,exact_normalized,0.99
e/eisleho01,2005-06,6906000,Howard Eisley,exact_normalized,0.99
w/walkean02,2005-06,6884000,Antoine Walker,exact_normalized,0.99
m/millemi01,2005-06,6871431,Mike Miller,exact_normalized,0.99
a/artesro01,2005-06,6842105,Metta World Peace,exact_normalized,0.99
n/nestera01,2005-06,6720000,Rasho Nesterovic,exact_normalized,0.99
t/terryja01,2005-06,6666667,Jason Terry,exact_normalized,0.99
c/crawfja01,2005-06,6480000,Jamal Crawford,exact_normalized,0.99
s/smithjo02,2005-06,6353200,Joe Smith,exact_normalized,0.99
p/patteru01,2005-06,6353200,Ruben Patterson,exact_normalized,0.99
w/willial02,2005-06,6300000,Alvin Williams,exact_normalized,0.99
p/pollasc01,2005-06,6274935,Scot Pollard,exact_normalized,0.99
f/fortsda01,2005-06,6207670,Danny Fortson,exact_normalized,0.99
c/cassesa01,2005-06,6187500,Sam Cassell,exact_normalized,0.99
w/willico02,2005-06,6000000,Corliss Williamson,exact_normalized,0.99
d/davisri01,2005-06,5909800,Ricky Davis,exact_normalized,0.99
b/billuch01,2005-06,5909800,Chauncey Billups,exact_normalized,0.99
h/howarju01,2005-06,5900400,Juwan Howard,exact_normalized,0.99
p/poseyja01,2005-06,5900400,James Posey,exact_normalized,0.99
o/olowomi01,2005-06,5900400,Michael Olowokandi,exact_normalized,0.99
j/jacksst02,2005-06,5610000,Stephen Jackson,exact_normalized,0.99
m/mingya01,2005-06,5594906,Yao Ming,fuzzy_95,0.95
b/blounma01,2005-06,5515875,Mark Blount,exact_normalized,0.99
m/mohamna01,2005-06,5500000,Nazr Mohammed,exact_normalized,0.99
c/collija04,2005-06,5500000,Jason Collins,exact_normalized,0.99
s/snower01,2005-06,5484375,Eric Snow,exact_normalized,0.99
t/tinslja01,2005-06,5400000,Jamaal Tinsley,exact_normalized,0.99
f/fishede01,2005-06,5393300,Derek Fisher,exact_normalized,0.99
m/mcdyean01,2005-06,5393300,Antonio McDyess,exact_normalized,0.99
d/daniema01,2005-06,5393300,Marquis Daniels,exact_normalized,0.99
t/turkohe01,2005-06,5393300,Hedo Turkoglu,exact_normalized,0.99
t/thomaet01,2005-06,5393300,Etan Thomas,exact_normalized,0.99
j/jaricma01,2005-06,5280528,Marko Jaric,exact_normalized,0.99
h/hudsotr01,2005-06,5253000,Troy Hudson,exact_normalized,0.99
b/battito01,2005-06,5200000,Tony Battie,exact_normalized,0.99
w/wesleda01,2005-06,5075000,David Wesley,exact_normalized,0.99
h/harprma01,2005-06,5020000,Matt Harpring,exact_normalized,0.99
g/georgde01,2005-06,5000600,Devean George,exact_normalized,0.99
a/abdursh01,2005-06,5000000,Shareef Abdur-Rahim,exact_normalized,0.99
w/watsoea01,2005-06,5000000,Earl Watson,exact_normalized,0.99
w/wallage01,2005-06,5000000,Gerald Wallace,exact_normalized,0.99
s/swiftst01,2005-06,5000000,Stromile Swift,exact_normalized,0.99
d/daniean01,2005-06,5000000,Antonio Daniels,exact_normalized,0.99
h/hasleud01,2005-06,5000000,Udonis Haslem,exact_normalized,0.99
f/fosteje01,2005-06,5000000,Jeff Foster,exact_normalized,0.99
j/jamesje01,2005-06,5000000,Jerome James,exact_normalized,0.99
s/skinnbr01,2005-06,4950000,Brian Skinner,exact_normalized,0.99
c/cardibr01,2005-06,4950000,Brian Cardinal,exact_normalized,0.99
b/battish01,2005-06,4903000,Shane Battier,exact_normalized,0.99
m/marshdo01,2005-06,4799108,Donyell Marshall,exact_normalized,0.99
g/gadzuda01,2005-06,4750000,Dan Gadzuric,exact_normalized,0.99
b/barrybr01,2005-06,4691390,Brent Barry,exact_normalized,0.99
j/jamesle01,2005-06,4621800,LeBron James,exact_normalized,0.99
k/knighbr01,2005-06,4600000,Brevin Knight,exact_normalized,0.99
p/petermo01,2005-06,4550000,Morris Peterson,exact_normalized,0.99
j/jacksma02,2005-06,4550000,Marc Jackson,exact_normalized,0.99
b/bargnan01,2005-06,4501200,Andrea Bargnani,exact_normalized,0.99
a/atkinch01,2005-06,4500000,Chucky Atkins,exact_normalized,0.99
h/howardw01,2005-06,4493160,Dwight Howard,exact_normalized,0.99
o/ostergr01,2005-06,4400000,Greg Ostertag,exact_normalized,0.99
h/hassetr01,2005-06,4350000,Trenton Hassell,exact_normalized,0.99
b/bogutan01,2005-06,4340520,Andrew Bogut,exact_normalized,0.99
b/bellra01,2005-06,4250000,Raja Bell,exact_normalized,0.99
s/stoudda01,2005-06,4250000,Damon Stoudamire,exact_normalized,0.99
n/norrimo01,2005-06,4200000,Moochie Norris,exact_normalized,0.99
n/najered01,2005-06,4190476,Eduardo Najera,exact_normalized,0.99
m/milicda01,2005-06,4135200,Darko Milicic,exact_normalized,0.99
g/goodedr01,2005-06,4065811,Drew Gooden,exact_normalized,0.99
o/okafoem01,2005-06,4020120,Emeka Okafor,exact_normalized,0.99
h/haywobr01,2005-06,4000000,Brendan Haywood,exact_normalized,0.99
g/giricgo01,2005-06,4000000,Gordan Giricek,exact_normalized,0.99
j/jasiksa01,2005-06,4000000,Sarunas Jasikevicius,exact_normalized,0.99
p/pachuza01,2005-06,4000000,Zaza Pachulia,exact_normalized,0.99
a/arroyca01,2005-06,4000000,Carlos Arroyo,exact_normalized,0.99
w/willier01,2005-06,3938000,Eric Williams,exact_normalized,0.99
w/willima02,2005-06,3883000,Marvin Williams,exact_normalized,0.99
a/alstora01,2005-06,3850000,Rafer Alston,exact_normalized,0.99
m/mihmch01,2005-06,3792817,Chris Mihm,exact_normalized,0.99
a/anthoca01,2005-06,3713640,Carmelo Anthony,exact_normalized,0.99
k/korveky01,2005-06,3636364,Kyle Korver,exact_normalized,0.99
g/gordobe01,2005-06,3610200,Ben Gordon,exact_normalized,0.99
c/claxtsp01,2005-06,3600000,Speedy Claxton,exact_normalized,0.99
j/jonesda01,2005-06,3596924,Damon Jones,exact_normalized,0.99
l/lenarvo01,2005-06,3520000,Voshon Lenard,exact_normalized,0.99
s/surabo01,2005-06,3520000,Bob Sura,exact_normalized,0.99
d/davisda01,2005-06,3500000,Dale Davis,exact_normalized,0.99
l/luety01,2005-06,3500000,Tyronn Lue,exact_normalized,0.99
w/willide01,2005-06,3487440,Deron Williams,exact_normalized,0.99
m/mcinnje01,2005-06,3400000,Jeff McInnis,exact_normalized,0.99
b/bowenbr01,2005-06,3375000,Bruce Bowen,exact_normalized,0.99
w/williaa01,2005-06,3375000,Aaron Williams,exact_normalized,0.99
j/jacksbo01,2005-06,3375000,Bobby Jackson,exact_normalized,0.99
b/boshch01,2005-06,3348000,Chris Bosh,exact_normalized,0.99
p/potapvi01,2005-06,3325416,Vitaly Potapenko,exact_normalized,0.99
l/livinsh01,2005-06,3254880,Shaun Livingston,exact_normalized,0.99
g/garripa01,2005-06,3231250,Pat Garrity,exact_normalized,0.99
h/harriot01,2005-06,3200000,Othella Harrington,exact_normalized,0.99
r/radmavl01,2005-06,3166154,Vladimir Radmanovic,exact_normalized,0.99
p/paulch01,2005-06,3144240,Chris Paul,exact_normalized,0.99
d/doolike01,2005-06,3100000,Keyon Dooling,exact_normalized,0.99
w/wadedw01,2005-06,3031920,Dwyane Wade,exact_normalized,0.99
h/horryro01,2005-06,3000000,Robert Horry,exact_normalized,0.99
p/piatker01,2005-06,3000000,Eric Piatkowski,exact_normalized,0.99
r/rushka01,2005-06,3000000,Kareem Rush,exact_normalized,0.99
r/rebraze01,2005-06,3000000,Zeljko Rebraca,exact_normalized,0.99
m/medvest01,2005-06,3000000,Slava Medvedenko,exact_normalized,0.99
o/ollieke01,2005-06,2950200,Kevin Ollie,exact_normalized,0.99
n/newblir01,2005-06,2950200,Ira Newble,exact_normalized,0.99
h/harride01,2005-06,2947440,Devin Harris,exact_normalized,0.99
d/delkto01,2005-06,2925000,Tony Delk,exact_normalized,0.99
t/tsakaja01,2005-06,2900000,Jake Tsakalidis,exact_normalized,0.99
f/feltora01,2005-06,2847360,Raymond Felton,exact_normalized,0.99
h/huntest01,2005-06,2844828,Steven Hunter,exact_normalized,0.99
w/wilcoch01,2005-06,2812239,Chris Wilcox,exact_normalized,0.99
d/duhonch01,2005-06,2800000,Chris Duhon,exact_normalized,0.99
n/nocioan01,2005-06,2775000,Andres Nocioni,exact_normalized,0.99
k/kamanch01,2005-06,2753760,Chris Kaman,exact_normalized,0.99
b/brezepr01,2005-06,2750000,Primoz Brezec,exact_normalized,0.99
b/boykiea01,2005-06,2750000,Earl Boykins,exact_normalized,0.99
s/stevede01,2005-06,2750000,DeShawn Stevenson,exact_normalized,0.99
c/childjo01,2005-06,2677200,Josh Childress,exact_normalized,0.99
f/finlemi01,2005-06,2675000,Michael Finley,exact_normalized,0.99
d/doleami01,2005-06,2640000,Michael Doleac,exact_normalized,0.99
j/jacksji01,2005-06,2640000,Jim Jackson,exact_normalized,0.99
s/stoudam01,2005-06,2589023,Amar'e Stoudemire,exact_normalized,0.99
s/scalabr01,2005-06,2586207,Brian Scalabrine,exact_normalized,0.99
w/webstma02,2005-06,2586120,Martell Webster,exact_normalized,0.99
h/hinriki01,2005-06,2513880,Kirk Hinrich,exact_normalized,0.99
n/nachbbo01,2005-06,2500000,Bostjan Nachbar,exact_normalized,0.99
r/robincl02,2005-06,2500000,Clifford Robinson,exact_normalized,0.99
g/griffed01,2005-06,2500000,Eddie Griffin,exact_normalized,0.99
w/wilkida02,2005-06,2500000,Damien Wilkins,exact_normalized,0.99
m/mckieaa01,2005-06,2500000,Aaron McKie,exact_normalized,0.99
m/macijar01,2005-06,2500000,Arvydas Macijauskas,exact_normalized,0.99
d/dixonju01,2005-06,2500000,Juan Dixon,exact_normalized,0.99
b/butleca01,2005-06,2461617,Caron Butler,exact_normalized,0.99
d/denglu01,2005-06,2443920,Luol Deng,exact_normalized,0.99
j/jeffrja01,2005-06,2433824,Jared Jeffries,exact_normalized,0.99
j/johnsan02,2005-06,2420000,Anthony Johnson,exact_normalized,0.99
e/elyme01,2005-06,2401027,Melvin Ely,exact_normalized,0.99
j/jonesja02,2005-06,2400000,James Jones,exact_normalized,0.99
v/villach01,2005-06,2360880,Charlie Villanueva,exact_normalized,0.99
c/caldejo01,2005-06,2333334,Jose Calderon,exact_normalized,0.99
j/jonesfr01,2005-06,2328843,Fred Jones,exact_normalized,0.99
o/obertfa01,2005-06,2325000,Fabricio Oberto,exact_normalized,0.99
f/fordtj01,2005-06,2303040,T.J. Ford,exact_normalized,0.99
d/dickada01,2005-06,2255350,Dan Dickau,exact_normalized,0.99
a/araujra01,2005-06,2238960,Rafael Araujo,exact_normalized,0.99
s/songada01,2005-06,2200000,Darius Songaila,exact_normalized,0.99
w/welscji01,2005-06,2177114,Jiri Welsch,exact_normalized,0.99
f/fryech01,2005-06,2162880,Channing Frye,exact_normalized,0.99
s/sweetmi01,2005-06,2116920,Michael Sweetney,exact_normalized,0.99
i/iguodan01,2005-06,2058000,Andre Iguodala,exact_normalized,0.99
v/voskuja01,2005-06,2015625,Jake Voskuhl,exact_normalized,0.99
h/hayesja01,2005-06,2011080,Jarvis Hayes,exact_normalized,0.99
b/bonnema01,2005-06,2000000,Matt Bonner,exact_normalized,0.99
m/madsema01,2005-06,2000000,Mark Madsen,exact_normalized,0.99
k/kukocto01,2005-06,2000000,Toni Kukoc,exact_normalized,0.99
m/mutomdi01,2005-06,2000000,Dikembe Mutombo,exact_normalized,0.99
d/diopde01,2005-06,2000000,DeSagana Diop,exact_normalized,0.99
d/dioguik01,2005-06,1988160,Ike Diogu,exact_normalized,0.99
j/jackslu02,2005-06,1955160,Luke Jackson,exact_normalized,0.99
p/pietrmi01,2005-06,1910520,Mickael Pietrus,exact_normalized,0.99
b/bynuman01,2005-06,1888680,Andrew Bynum,exact_normalized,0.99
j/jonesju01,2005-06,1875000,Jumaine Jones,exact_normalized,0.99
b/biedran01,2005-06,1857360,Andris Biedrins,exact_normalized,0.99
c/collini01,2005-06,1815000,Nick Collison,exact_normalized,0.99
b/barryjo01,2005-06,1800000,Jon Barry,exact_normalized,0.99
s/swiftro01,2005-06,1764480,Robert Swift,exact_normalized,0.99
p/princta01,2005-06,1763115,Tayshaun Prince,exact_normalized,0.99
e/evansre01,2005-06,1760000,Reggie Evans,exact_normalized,0.99
c/cheanca01,2005-06,1760000,Calbert Cheaney,exact_normalized,0.99
w/willima01,2005-06,1760000,Mo Williams,exact_normalized,0.99
h/hunteli01,2005-06,1760000,Lindsey Hunter,exact_normalized,0.99
b/banksma01,2005-06,1724280,Marcus Banks,exact_normalized,0.99
c/collija03,2005-06,1700000,Jarron Collins,exact_normalized,0.99
s/salmojo01,2005-06,1699001,John Salmons,exact_normalized,0.99
t/telfase01,2005-06,1676280,Sebastian Telfair,exact_normalized,0.99
a/anderde01,2005-06,1670000,Derek Anderson,exact_normalized,0.99
r/ruffimi01,2005-06,1670000,Michael Ruffin,exact_normalized,0.99
g/grantbr01,2005-06,1670000,Brian Grant,exact_normalized,0.99
a/allenma01,2005-06,1670000,Malik Allen,exact_normalized,0.99
k/korolya01,2005-06,1670000,Yaroslav Korolev,exact_normalized,0.99
b/buckngr01,2005-06,1670000,Greg Buckner,exact_normalized,0.99
r/ridnolu01,2005-06,1638000,Luke Ridnour,exact_normalized,0.99
m/mayse01,2005-06,1619280,Sean May,exact_normalized,0.99
p/padgesc01,2005-06,1600000,Scott Padgett,exact_normalized,0.99
h/humphkr01,2005-06,1592400,Kris Humphries,exact_normalized,0.99
b/brownde02,2005-06,1592400,Devin Brown,exact_normalized,0.99
p/przybjo01,2005-06,1560000,Joel Przybilla,exact_normalized,0.99
s/smithjo03,2005-06,1560000,Josh Smith,exact_normalized,0.99
g/gainere01,2005-06,1556160,Reece Gaines,exact_normalized,0.99
h/hartja01,2005-06,1540000,Jason Hart,exact_normalized,0.99
m/mccanra01,2005-06,1538400,Rashad McCants,exact_normalized,0.99
j/jeffeal01,2005-06,1512840,Al Jefferson,exact_normalized,0.99
e/evansma01,2005-06,1500000,Maurice Evans,exact_normalized,0.99
w/wrighan01,2005-06,1461360,Antoine Wright,exact_normalized,0.99
s/snydeki01,2005-06,1437240,Kirk Snyder,exact_normalized,0.99
c/cabarza01,2005-06,1404360,Zarko Cabarkapa,exact_normalized,0.99
p/palacmi01,2005-06,1400000,Milt Palacio,exact_normalized,0.99
g/grahajo01,2005-06,1388400,Joey Graham,exact_normalized,0.99
w/westda01,2005-06,1334160,David West,exact_normalized,0.99
g/grangda01,2005-06,1318920,Danny Granger,exact_normalized,0.99
b/butlera01,2005-06,1300000,Rasual Butler,exact_normalized,0.99
s/smithjr01,2005-06,1297080,JR Smith,exact_normalized,0.99
p/pavloal01,2005-06,1274160,Sasha Pavlovic,exact_normalized,0.99
g/greenge01,2005-06,1253040,Gerald Green,exact_normalized,0.99
w/wrighdo01,2005-06,1238640,Dorell Wright,exact_normalized,0.99
j/jonesda02,2005-06,1223160,Dahntay Jones,exact_normalized,0.99
w/warriha01,2005-06,1196520,Hakim Warrick,exact_normalized,0.99
n/nelsoja01,2005-06,1189200,Jameer Nelson,exact_normalized,0.99
d/diawbo01,2005-06,1174200,Boris Diaw,exact_normalized,0.99
h/hodgeju01,2005-06,1148760,Julius Hodge,exact_normalized,0.99
p/podkopa01,2005-06,1141560,Pavel Podkolzin,exact_normalized,0.99
r/russebr01,2005-06,1138500,Bryon Russell,exact_normalized,0.99
o/outlabo01,2005-06,1138500,Bo Outlaw,exact_normalized,0.99
m/mournal01,2005-06,1138500,Alonzo Mourning,exact_normalized,0.99
a/augmost01,2005-06,1138500,Stacey Augmon,exact_normalized,0.99
p/planizo01,2005-06,1127280,Zoran Planinic,exact_normalized,0.99
m/mcleoke01,2005-06,1125000,Keith McLeod,exact_normalized,0.99
w/waltolu01,2005-06,1125000,Luke Walton,exact_normalized,0.99
r/robinna01,2005-06,1102680,Nate Robinson,exact_normalized,0.99
k/kaponja01,2005-06,1100000,Jason Kapono,exact_normalized,0.99
c/carroma01,2005-06,1100000,Matt Carroll,exact_normalized,0.99
k/khryavi01,2005-06,1095960,Victor Khryapa,fuzzy_92,0.929
o/outlatr01,2005-06,1082160,Travis Outlaw,exact_normalized,0.99
m/martida01,2005-06,1081575,Darrick Martin,exact_normalized,0.99
j/jackja01,2005-06,1058640,Jarrett Jack,exact_normalized,0.99
c/cookbr01,2005-06,1038960,Brian Cook,exact_normalized,0.99
m/mccarwa01,2005-06,1035000,Walter McCarty,exact_normalized,0.99
v/vaughja01,2005-06,1029873,Jacque Vaughn,exact_normalized,0.99
m/mooremi01,2005-06,1029873,Mikki Moore,exact_normalized,0.99
m/moniase01,2005-06,1016400,Sergei Monia,exact_normalized,0.99
g/garcifr01,2005-06,1016400,Francisco Garcia,exact_normalized,0.99
w/westde01,2005-06,1010040,Delonte West,exact_normalized,0.99
k/krstine01,2005-06,1010040,Nenad Krstic,exact_normalized,0.99
e/edwarjo01,2005-06,1000000,John Edwards,exact_normalized,0.99
b/blakest01,2005-06,1000000,Steve Blake,exact_normalized,0.99
h/headlu01,2005-06,975600,Luther Head,exact_normalized,0.99
d/delfica01,2005-06,969600,Carlos Delfino,exact_normalized,0.99
a/allento01,2005-06,969600,Tony Allen,exact_normalized,0.99
c/cartean01,2005-06,965185,Anthony Carter,exact_normalized,0.99
m/martike02,2005-06,937440,Kevin Martin,exact_normalized,0.99
p/petrojo01,2005-06,936600,Johan Petro,exact_normalized,0.99
p/perkike01,2005-06,936480,Kendrick Perkins,exact_normalized,0.99
b/barbole01,2005-06,930600,Leandro Barbosa,exact_normalized,0.99
h/howarjo01,2005-06,923880,Josh Howard,exact_normalized,0.99
v/vujacsa01,2005-06,910440,Sasha Vujacic,exact_normalized,0.99
m/maxieja01,2005-06,905640,Jason Maxiell,exact_normalized,0.99
u/udrihbe01,2005-06,904800,Beno Udrih,exact_normalized,0.99
b/bowenry01,2005-06,900498,Ryan Bowen,exact_normalized,0.99
b/boothca01,2005-06,900498,Calvin Booth,exact_normalized,0.99
h/harrida01,2005-06,898200,David Harrison,exact_normalized,0.99
p/pargoja01,2005-06,895248,Jannero Pargo,exact_normalized,0.99
k/kleizli01,2005-06,879360,Linas Kleiza,exact_normalized,0.99
b/boganke01,2005-06,869373,Keith Bogans,exact_normalized,0.99
s/simiewa01,2005-06,867720,Wayne Simien,exact_normalized,0.99
v/varejan01,2005-06,866800,Anderson Varejao,exact_normalized,0.99
l/leeda02,2005-06,861360,David Lee,exact_normalized,0.99
l/lampema01,2005-06,858534,Maciej Lampe,exact_normalized,0.99
g/griffad01,2005-06,844537,Adrian Griffin,exact_normalized,0.99
n/nailole01,2005-06,835810,Lee Nailon,exact_normalized,0.99
h/hamilze01,2005-06,835810,Zendon Hamilton,exact_normalized,0.99
c/cleavma01,2005-06,835810,Mateen Cleaves,exact_normalized,0.99
g/gilled01,2005-06,835810,Eddie Gill,exact_normalized,0.99
h/houseed01,2005-06,835810,Eddie House,exact_normalized,0.99
p/profila01,2005-06,835810,Laron Profit,exact_normalized,0.99
w/woodslo01,2005-06,780000,Loren Woods,exact_normalized,0.99
w/wilksmi01,2005-06,771123,Mike Wilks,exact_normalized,0.99
b/bradlmi01,2005-06,771123,Michael Bradley,exact_normalized,0.99
b/burkepa01,2005-06,750000,Pat Burke,exact_normalized,0.99
b/baxtelo01,2005-06,745248,Lonny Baxter,exact_normalized,0.99
m/morrite01,2005-06,745248,Terence Morris,exact_normalized,0.99
w/woodsqy01,2005-06,745248,Qyntel Woods,exact_normalized,0.99
f/frahmri01,2005-06,745248,Richie Frahm,exact_normalized,0.99
p/parkesm01,2005-06,745248,Smush Parker,exact_normalized,0.99
t/tskitni01,2005-06,745248,Nikoloz Tskitishvili,exact_normalized,0.99
m/marksse01,2005-06,719373,Sean Marks,exact_normalized,0.99
d/duprero01,2005-06,719373,Ronald Dupree,exact_normalized,0.99
v/vanexni01,2005-06,719373,Nick Van Exel,exact_normalized,0.99
j/johnsde03,2005-06,719373,DerMarr Johnson,exact_normalized,0.99
h/hendeal01,2005-06,719373,Alan Henderson,exact_normalized,0.99
e/elsonfr01,2005-06,719373,Francisco Elson,exact_normalized,0.99
b/brunsri01,2005-06,719373,Rick Brunson,exact_normalized,0.99
j/johnsli01,2005-06,719373,Linton Johnson,exact_normalized,0.99
r/rossqu01,2005-06,719373,Quinton Ross,exact_normalized,0.99
m/murrala01,2005-06,719373,Lamond Murray,exact_normalized,0.99
j/johnser02,2005-06,719373,Ervin Johnson,exact_normalized,0.99
a/andersh01,2005-06,719373,Shandon Anderson,exact_normalized,0.99
s/sampsja01,2005-06,719373,Jamal Sampson,exact_normalized,0.99
a/armstda01,2005-06,719373,Darrell Armstrong,exact_normalized,0.99
j/jacksje01,2005-06,696508,Jermaine Jackson,exact_normalized,0.99
s/stoudsa01,2005-06,675000,Salim Stoudamire,exact_normalized,0.99
r/ramospe01,2005-06,660000,Peter John Ramos,exact_normalized,0.99
b/batises01,2005-06,644209,Esteban Batista,exact_normalized,0.99
b/burksan01,2005-06,641748,Antonio Burks,exact_normalized,0.99
s/sowpa01,2005-06,641748,Pape Sow,exact_normalized,0.99
i/iveyro01,2005-06,641748,Royal Ivey,exact_normalized,0.99
s/seungha01,2005-06,641748,Ha Seung-Jin,fuzzy_95,0.95
k/kasunma01,2005-06,641748,Mario Kasun,exact_normalized,0.99
s/storeaw01,2005-06,641748,Awvee Storey,exact_normalized,0.99
p/poweljo01,2005-06,641748,Josh Powell,exact_normalized,0.99
a/arizatr01,2005-06,641748,Trevor Ariza,exact_normalized,0.99
b/butleja01,2005-06,641748,Jackie Butler,exact_normalized,0.99
r/reedju01,2005-06,641748,Justin Reed,exact_normalized,0.99
b/bellch01,2005-06,641748,Charlie Bell,exact_normalized,0.99
v/vromaja01,2005-06,641748,Jackson Vroman,exact_normalized,0.99
b/barroea01,2005-06,641748,Earl Barron,exact_normalized,0.99
s/smithdo04,2005-06,641748,Donta Smith,exact_normalized,0.99
r/robinbe01,2005-06,641747,Bernard Robinson,exact_normalized,0.99
b/barnema02,2005-06,627251,Matt Barnes,exact_normalized,0.99
s/singlja01,2005-06,625000,James Singleton,exact_normalized,0.99
e/ewingda01,2005-06,450000,Daniel Ewing,exact_normalized,0.99
w/willilo02,2005-06,450000,Lou Williams,exact_normalized,0.99
e/ellismo01,2005-06,448762,Monta Ellis,exact_normalized,0.99
g/gomesry01,2005-06,428762,Ryan Gomes,exact_normalized,0.99
t/taftch01,2005-06,423762,Chris Taft,exact_normalized,0.99
b/burleke01,2005-06,398762,Kevin Burleson,exact_normalized,0.99
j/jonesdw02,2005-06,398762,Dwayne Jones II,exact_normalized,0.99
w/whalero01,2005-06,398762,Robert Whaley,exact_normalized,0.99
d/dienetr01,2005-06,398762,Travis Diener,exact_normalized,0.99
m/marshra01,2005-06,398762,Rawle Marshall,exact_normalized,0.99
p/pricero01,2005-06,398762,Ronnie Price,exact_normalized,0.99
j/johnsam01,2005-06,398762,Amir Johnson,exact_normalized,0.99
w/wafervo01,2005-06,398762,Von Wafer,exact_normalized,0.99
b/blatcan01,2005-06,398762,Andray Blatche,exact_normalized,0.99
g/greende01,2005-06,398762,Devin Green,exact_normalized,0.99
w/wrighbr02,2005-06,398762,Bracey Wright,exact_normalized,0.99
g/greenor01,2005-06,398762,Orien Greene,exact_normalized,0.99
a/anderal01,2005-06,398762,Alan Anderson,exact_normalized,0.99
n/ndongbo01,2005-06,398762,Boniface N'Dong,fuzzy_96,0.966
r/roberan02,2005-06,398762,Anthony Roberson,exact_normalized,0.99
a/ackeral01,2005-06,398762,Alex Acker,exact_normalized,0.99
b/bassbr01,2005-06,398762,Brandon Bass,exact_normalized,0.99
o/owensan01,2005-06,398762,Andre Owens,exact_normalized,0.99
r/roberla01,2005-06,398762,Lawrence Roberts,exact_normalized,0.99
f/fitchge01,2005-06,398762,Gerald Fitch,exact_normalized,0.99
r/randosh01,2005-06,398762,Shavlik Randolph,exact_normalized,0.99
b/basdeed01,2005-06,398762,Eddie Basden,exact_normalized,0.99
i/ilyaser01,2005-06,398762,Ersan Ilyasova,exact_normalized,0.99
a/andrima01,2005-06,398762,Martynas Andriuskevicius,exact_normalized,0.99
t/thompdi01,2005-06,398762,Dijon Thompson,exact_normalized,0.99
m/milescj01,2005-06,398761,CJ Miles,exact_normalized,0.99
t/taylodo01,2005-06,398672,Donell Taylor,exact_normalized,0.99
h/hayesch01,2005-06,248118,Chuck Hayes,exact_normalized,0.99
g/garneke01,2006-07,21000000,Kevin Garnett,exact_normalized,0.99
o/onealsh01,2006-07,20000000,Shaquille O'Neal,exact_normalized,0.99
k/kiddja01,2006-07,18084000,Jason Kidd,exact_normalized,0.99
o/onealje01,2006-07,18084000,Jermaine O'Neal,exact_normalized,0.99
b/bryanko01,2006-07,17718750,Kobe Bryant,exact_normalized,0.99
d/duncati01,2006-07,17429673,Tim Duncan,exact_normalized,0.99
i/iversal01,2006-07,17184375,Allen Iverson,exact_normalized,0.99
m/marbust01,2006-07,17184375,Stephon Marbury,exact_normalized,0.99
m/mcgratr01,2006-07,16901500,Tracy McGrady,exact_normalized,0.99
h/hillgr01,2006-07,16901500,Grant Hill,exact_normalized,0.99
w/wallabe01,2006-07,16000000,Ben Wallace,exact_normalized,0.99
p/piercpa01,2006-07,15101626,Paul Pierce,exact_normalized,0.99
j/jamisan01,2006-07,15101626,Antawn Jamison,exact_normalized,0.99
c/cartevi01,2006-07,15101626,Vince Carter,exact_normalized,0.99
n/nowitdi01,2006-07,15101622,Dirk Nowitzki,exact_normalized,0.99
f/francst01,2006-07,15070000,Steve Francis,exact_normalized,0.99
d/davisba01,2006-07,15070000,Baron Davis,exact_normalized,0.99
m/mariosh01,2006-07,15070000,Shawn Marion,exact_normalized,0.99
a/allenra02,2006-07,14611570,Ray Allen,exact_normalized,0.99
b/brandel01,2006-07,14248000,Elton Brand,exact_normalized,0.99
h/hughela01,2006-07,13363012,Larry Hughes,exact_normalized,0.99
r/reddmi01,2006-07,13260000,Michael Redd,exact_normalized,0.99
j/johnsjo02,2006-07,12744190,Joe Johnson,exact_normalized,0.99
b/bibbymi01,2006-07,12500000,Mike Bibby,exact_normalized,0.99
s/stoudam01,2006-07,12455000,Amar'e Stoudemire,exact_normalized,0.99
m/mingya01,2006-07,12455000,Yao Ming,fuzzy_95,0.95
g/gasolpa01,2006-07,12364000,Pau Gasol,exact_normalized,0.99
k/kirilan01,2006-07,12364000,Andrei Kirilenko,exact_normalized,0.99
o/odomla01,2006-07,12348596,Lamar Odom,exact_normalized,0.99
m/martike01,2006-07,12068182,Kenyon Martin,exact_normalized,0.99
r/randoza01,2006-07,12000000,Zach Randolph,exact_normalized,0.99
s/szczewa02,2006-07,11775000,Wally Szczerbiak,exact_normalized,0.99
r/ratlith01,2006-07,11666666,Theo Ratliff,exact_normalized,0.99
w/wallara01,2006-07,11650000,Rasheed Wallace,exact_normalized,0.99
l/lafrera01,2006-07,11532037,Raef LaFrentz,exact_normalized,0.99
b/boozeca01,2006-07,11260483,Carlos Boozer,exact_normalized,0.99
j/jefferi01,2006-07,11200000,Richard Jefferson,exact_normalized,0.99
a/arenagi01,2006-07,11096800,Gilbert Arenas,exact_normalized,0.99
s/stojape01,2006-07,10800000,Peja Stojakovic,exact_normalized,0.99
n/nashst01,2006-07,10500000,Steve Nash,exact_normalized,0.99
r/richaja01,2006-07,9999999,Jason Richardson,exact_normalized,0.99
d/dampier01,2006-07,9628000,Erick Dampier,exact_normalized,0.99
m/millebr01,2006-07,9625000,Brad Miller,exact_normalized,0.99
d/dalemsa01,2006-07,9464307,Samuel Dalembert,exact_normalized,0.99
p/parketo01,2006-07,9450000,Tony Parker,exact_normalized,0.99
i/ilgauzy01,2006-07,9442697,Zydrunas Ilgauskas,exact_normalized,0.99
l/lewisra02,2006-07,9350649,Rashard Lewis,exact_normalized,0.99
s/stackje01,2006-07,9296874,Jerry Stackhouse,exact_normalized,0.99
h/hamilri01,2006-07,9187500,Richard Hamilton,exact_normalized,0.99
c/chandty01,2006-07,9150000,Tyson Chandler,exact_normalized,0.99
m/millean02,2006-07,8966666,Andre Miller,exact_normalized,0.99
c/cambyma01,2006-07,8800000,Marcus Camby,exact_normalized,0.99
s/simmobo01,2006-07,8640000,Bobby Simmons,exact_normalized,0.99
b/brownpj01,2006-07,8560000,P.J. Brown,exact_normalized,0.99
m/magloja01,2006-07,8433334,Jamaal Magloire,exact_normalized,0.99
b/brownkw01,2006-07,8287500,Kwame Brown,exact_normalized,0.99
m/murphtr01,2006-07,8285714,Troy Murphy,exact_normalized,0.99
g/ginobma01,2006-07,8254374,Manu Ginobili,exact_normalized,0.99
w/willija02,2006-07,8250000,Jason Williams,exact_normalized,0.99
o/okurme01,2006-07,8250000,Mehmet Okur,exact_normalized,0.99
c/curryed01,2006-07,8171103,Eddy Curry,exact_normalized,0.99
f/foylead01,2006-07,8125000,Adonal Foyle,exact_normalized,0.99
m/moblecu01,2006-07,8125000,Cuttino Mobley,exact_normalized,0.99
c/chrisdo01,2006-07,8125000,Doug Christie,exact_normalized,0.99
t/terryja01,2006-07,8100000,Jason Terry,exact_normalized,0.99
m/masonde01,2006-07,8037036,Desmond Mason,exact_normalized,0.99
p/princta01,2006-07,7851240,Tayshaun Prince,exact_normalized,0.99
t/thomaku01,2006-07,7821482,Kurt Thomas,exact_normalized,0.99
m/milesda01,2006-07,7750000,Darius Miles,exact_normalized,0.99
h/harrial01,2006-07,7625000,Al Harrington,exact_normalized,0.99
m/millemi01,2006-07,7623813,Mike Miller,exact_normalized,0.99
w/walkean02,2006-07,7606820,Antoine Walker,exact_normalized,0.99
a/artesro01,2006-07,7526316,Metta World Peace,exact_normalized,0.99
r/richaqu01,2006-07,7525500,Quentin Richardson,exact_normalized,0.99
r/rosema01,2006-07,7525397,Malik Rose,exact_normalized,0.99
b/butleca01,2006-07,7438000,Caron Butler,exact_normalized,0.99
c/croshau01,2006-07,7300000,Austin Croshere,exact_normalized,0.99
b/blounma01,2006-07,7288165,Mark Blount,exact_normalized,0.99
n/nestera01,2006-07,7280000,Rasho Nesterovic,exact_normalized,0.99
c/crawfja01,2006-07,7200000,Jamal Crawford,exact_normalized,0.99
t/thomake01,2006-07,7187500,Kenny Thomas,exact_normalized,0.99
m/maggeco01,2006-07,7000000,Corey Maggette,exact_normalized,0.99
c/claxtsp01,2006-07,6854546,Speedy Claxton,exact_normalized,0.99
c/cassesa01,2006-07,6850000,Sam Cassell,exact_normalized,0.99
s/smithjo02,2006-07,6807000,Joe Smith,exact_normalized,0.99
p/patteru01,2006-07,6807000,Ruben Patterson,exact_normalized,0.99
g/goodedr01,2006-07,6645402,Drew Gooden,exact_normalized,0.99
f/fortsda01,2006-07,6596990,Danny Fortson,exact_normalized,0.99
h/harprma01,2006-07,6500000,Matt Harpring,exact_normalized,0.99
w/willico02,2006-07,6500000,Corliss Williamson,exact_normalized,0.99
h/howarju01,2006-07,6392100,Juwan Howard,exact_normalized,0.99
p/poseyja01,2006-07,6392100,James Posey,exact_normalized,0.99
d/davisri01,2006-07,6364400,Ricky Davis,exact_normalized,0.99
b/billuch01,2006-07,6364400,Chauncey Billups,exact_normalized,0.99
w/wilcoch01,2006-07,6250000,Chris Wilcox,exact_normalized,0.99
j/jacksst02,2006-07,6120000,Stephen Jackson,exact_normalized,0.99
s/snower01,2006-07,6093750,Eric Snow,exact_normalized,0.99
f/fishede01,2006-07,5883600,Derek Fisher,exact_normalized,0.99
m/mcdyean01,2006-07,5883600,Antonio McDyess,exact_normalized,0.99
d/daniema01,2006-07,5883600,Marquis Daniels,exact_normalized,0.99
t/turkohe01,2006-07,5883600,Hedo Turkoglu,exact_normalized,0.99
t/thomaet01,2006-07,5883600,Etan Thomas,exact_normalized,0.99
t/tinslja01,2006-07,5850000,Jamaal Tinsley,exact_normalized,0.99
j/jamesle01,2006-07,5828089,LeBron James,exact_normalized,0.99
c/collija04,2006-07,5800000,Jason Collins,exact_normalized,0.99
b/battito01,2006-07,5746000,Tony Battie,exact_normalized,0.99
m/marshdo01,2006-07,5633037,Donyell Marshall,exact_normalized,0.99
h/hudsotr01,2006-07,5603000,Troy Hudson,exact_normalized,0.99
w/wallage01,2006-07,5525000,Gerald Wallace,exact_normalized,0.99
j/jaricma01,2006-07,5525000,Marko Jaric,exact_normalized,0.99
h/hasleud01,2006-07,5525000,Udonis Haslem,exact_normalized,0.99
f/fosteje01,2006-07,5500000,Jeff Foster,exact_normalized,0.99
s/skinnbr01,2006-07,5400000,Brian Skinner,exact_normalized,0.99
a/abdursh01,2006-07,5400000,Shareef Abdur-Rahim,exact_normalized,0.99
w/watsoea01,2006-07,5400000,Earl Watson,exact_normalized,0.99
s/swiftst01,2006-07,5400000,Stromile Swift,exact_normalized,0.99
d/daniean01,2006-07,5400000,Antonio Daniels,exact_normalized,0.99
c/cardibr01,2006-07,5400000,Brian Cardinal,exact_normalized,0.99
j/jamesje01,2006-07,5400000,Jerome James,exact_normalized,0.99
b/battish01,2006-07,5393300,Shane Battier,exact_normalized,0.99
g/gadzuda01,2006-07,5252065,Dan Gadzuric,exact_normalized,0.99
j/jacksbo01,2006-07,5250000,Bobby Jackson,exact_normalized,0.99
m/milicda01,2006-07,5218622,Darko Milicic,exact_normalized,0.99
m/mohamna01,2006-07,5215000,Nazr Mohammed,exact_normalized,0.99
j/jeffrja01,2006-07,5215000,Jared Jeffries,exact_normalized,0.99
p/przybjo01,2006-07,5215000,Joel Przybilla,exact_normalized,0.99
t/thomati01,2006-07,5215000,Tim Thomas,exact_normalized,0.99
r/radmavl01,2006-07,5215000,Vladimir Radmanovic,exact_normalized,0.99
b/barrybr01,2006-07,5117880,Brent Barry,exact_normalized,0.99
j/jacksma02,2006-07,4875000,Marc Jackson,exact_normalized,0.99
h/howardw01,2006-07,4806720,Dwight Howard,exact_normalized,0.99
a/anthoca01,2006-07,4694041,Carmelo Anthony,exact_normalized,0.99
b/bogutan01,2006-07,4665960,Andrew Bogut,exact_normalized,0.99
n/najered01,2006-07,4571428,Eduardo Najera,exact_normalized,0.99
p/petermo01,2006-07,4550000,Morris Peterson,exact_normalized,0.99
b/bargnan01,2006-07,4501200,Andrea Bargnani,exact_normalized,0.99
b/bellra01,2006-07,4500000,Raja Bell,exact_normalized,0.99
h/haywobr01,2006-07,4500000,Brendan Haywood,exact_normalized,0.99
k/knighbr01,2006-07,4400000,Brevin Knight,exact_normalized,0.99
s/salmojo01,2006-07,4400000,John Salmons,exact_normalized,0.99
h/hassetr01,2006-07,4350000,Trenton Hassell,exact_normalized,0.99
o/okafoem01,2006-07,4300560,Emeka Okafor,exact_normalized,0.99
w/willier01,2006-07,4296000,Eric Williams,exact_normalized,0.99
b/boshch01,2006-07,4235220,Chris Bosh,exact_normalized,0.99
m/mihmch01,2006-07,4214241,Chris Mihm,exact_normalized,0.99
a/alstora01,2006-07,4200000,Rafer Alston,exact_normalized,0.99
w/willima02,2006-07,4174800,Marvin Williams,exact_normalized,0.99
d/duranke01,2006-07,4171200,Kevin Durant,exact_normalized,0.99
p/parkean01,2006-07,4150000,Anthony Parker,exact_normalized,0.99
a/arroyca01,2006-07,4100000,Carlos Arroyo,exact_normalized,0.99
s/stoudda01,2006-07,4050000,Damon Stoudamire,exact_normalized,0.99
a/aldrila01,2006-07,4027320,LaMarcus Aldridge,exact_normalized,0.99
k/korveky01,2006-07,4018182,Kyle Korver,exact_normalized,0.99
e/evansre01,2006-07,4000000,Reggie Evans,exact_normalized,0.99
g/giricgo01,2006-07,4000000,Gordan Giricek,exact_normalized,0.99
j/jasiksa01,2006-07,4000000,Sarunas Jasikevicius,exact_normalized,0.99
p/pachuza01,2006-07,4000000,Zaza Pachulia,exact_normalized,0.99
n/nocioan01,2006-07,3950000,Andres Nocioni,exact_normalized,0.99
j/jonesda01,2006-07,3884678,Damon Jones,exact_normalized,0.99
g/gordobe01,2006-07,3862080,Ben Gordon,exact_normalized,0.99
l/livinsh01,2006-07,3841920,Shaun Livingston,exact_normalized,0.99
w/wadedw01,2006-07,3841443,Dwyane Wade,exact_normalized,0.99
s/surabo01,2006-07,3840000,Bob Sura,exact_normalized,0.99
g/garbajo01,2006-07,3750000,Jorge Garbajosa,exact_normalized,0.99
b/bowenbr01,2006-07,3750000,Bruce Bowen,exact_normalized,0.99
w/willide01,2006-07,3749040,Deron Williams,exact_normalized,0.99
p/potapvi01,2006-07,3674584,Vitaly Potapenko,exact_normalized,0.99
s/songada01,2006-07,3650000,Darius Songaila,exact_normalized,0.99
m/morriad01,2006-07,3616680,Adam Morrison,exact_normalized,0.99
m/mcinnje01,2006-07,3600000,Jeff McInnis,exact_normalized,0.99
b/banksma01,2006-07,3600000,Marcus Banks,exact_normalized,0.99
g/garripa01,2006-07,3525000,Pat Garrity,exact_normalized,0.99
d/davisda01,2006-07,3500000,Dale Davis,exact_normalized,0.99
l/luety01,2006-07,3500000,Tyronn Lue,exact_normalized,0.99
k/kamanch01,2006-07,3491767,Chris Kaman,exact_normalized,0.99
p/paulch01,2006-07,3380160,Chris Paul,exact_normalized,0.99
d/doolike01,2006-07,3348000,Keyon Dooling,exact_normalized,0.99
h/horryro01,2006-07,3315000,Robert Horry,exact_normalized,0.99
e/elyme01,2006-07,3303813,Melvin Ely,exact_normalized,0.99
t/thomaty01,2006-07,3260760,Tyrus Thomas,exact_normalized,0.99
w/wrighlo02,2006-07,3250000,Lorenzen Wright,exact_normalized,0.99
b/buckngr01,2006-07,3240741,Greg Buckner,exact_normalized,0.99
r/rebraze01,2006-07,3240000,Zeljko Rebraca,exact_normalized,0.99
o/ollieke01,2006-07,3196050,Kevin Ollie,exact_normalized,0.99
n/newblir01,2006-07,3196050,Ira Newble,exact_normalized,0.99
h/hinriki01,2006-07,3192628,Kirk Hinrich,exact_normalized,0.99
h/harride01,2006-07,3153120,Devin Harris,exact_normalized,0.99
a/arizatr01,2006-07,3100000,Trevor Ariza,exact_normalized,0.99
j/jonesfr01,2006-07,3100000,Fred Jones,exact_normalized,0.99
f/feltora01,2006-07,3060840,Raymond Felton,exact_normalized,0.99
g/greenje02,2006-07,3058200,Jeff Green,exact_normalized,0.99
h/huntest01,2006-07,3024000,Steven Hunter,exact_normalized,0.99
d/duhonch01,2006-07,3024000,Chris Duhon,exact_normalized,0.99
a/atkinch01,2006-07,3000000,Chucky Atkins,exact_normalized,0.99
e/elsonfr01,2006-07,3000000,Francisco Elson,exact_normalized,0.99
b/butlera01,2006-07,3000000,Rasual Butler,exact_normalized,0.99
w/willish02,2006-07,2952840,Shelden Williams,exact_normalized,0.99
b/boykiea01,2006-07,2950000,Earl Boykins,exact_normalized,0.99
f/fordtj01,2006-07,2929467,T.J. Ford,exact_normalized,0.99
t/tsakaja01,2006-07,2900000,Jake Tsakalidis,exact_normalized,0.99
f/finlemi01,2006-07,2889000,Michael Finley,exact_normalized,0.99
d/doleami01,2006-07,2880000,Michael Doleac,exact_normalized,0.99
c/childjo01,2006-07,2863920,Josh Childress,exact_normalized,0.99
g/greenwi01,2006-07,2800000,Willie Green,exact_normalized,0.99
s/scalabr01,2006-07,2793103,Brian Scalabrine,exact_normalized,0.99
w/webstma02,2006-07,2780160,Martell Webster,exact_normalized,0.99
d/dickada01,2006-07,2753218,Dan Dickau,exact_normalized,0.99
b/brezepr01,2006-07,2750000,Primoz Brezec,exact_normalized,0.99
g/griffed01,2006-07,2700000,Eddie Griffin,exact_normalized,0.99
w/wilkida02,2006-07,2700000,Damien Wilkins,exact_normalized,0.99
s/sweetmi01,2006-07,2696956,Michael Sweetney,exact_normalized,0.99
r/roybr01,2006-07,2681880,Brandon Roy,exact_normalized,0.99
j/jonesja02,2006-07,2650000,James Jones,exact_normalized,0.99
j/johnsan02,2006-07,2640000,Anthony Johnson,exact_normalized,0.99
c/collija03,2006-07,2625698,Jarron Collins,exact_normalized,0.99
d/denglu01,2006-07,2614440,Luol Deng,exact_normalized,0.99
h/hayesja01,2006-07,2564127,Jarvis Hayes,exact_normalized,0.99
d/dixonju01,2006-07,2550000,Juan Dixon,exact_normalized,0.99
v/villach01,2006-07,2537880,Charlie Villanueva,exact_normalized,0.99
b/breweco01,2006-07,2535720,Corey Brewer,exact_normalized,0.99
p/pietrmi01,2006-07,2535260,Mickael Pietrus,exact_normalized,0.99
b/boganke01,2006-07,2510000,Keith Bogans,exact_normalized,0.99
c/collini01,2006-07,2501070,Nick Collison,exact_normalized,0.99
o/obertfa01,2006-07,2500000,Fabricio Oberto,exact_normalized,0.99
n/nachbbo01,2006-07,2500000,Bostjan Nachbar,exact_normalized,0.99
m/mournal01,2006-07,2500000,Alonzo Mourning,exact_normalized,0.99
m/mckieaa01,2006-07,2500000,Aaron McKie,exact_normalized,0.99
f/foyera01,2006-07,2448240,Randy Foye,exact_normalized,0.99
r/ridnolu01,2006-07,2425878,Luke Ridnour,exact_normalized,0.99
a/araujra01,2006-07,2395200,Rafael Araujo,exact_normalized,0.99
c/caldejo01,2006-07,2333334,Jose Calderon,exact_normalized,0.99
f/fryech01,2006-07,2325000,Channing Frye,exact_normalized,0.99
h/hunteli01,2006-07,2250000,Lindsey Hunter,exact_normalized,0.99
g/gayru01,2006-07,2242920,Rudy Gay,exact_normalized,0.99
m/madsema01,2006-07,2210000,Mark Madsen,exact_normalized,0.99
m/mutomdi01,2006-07,2210000,Dikembe Mutombo,exact_normalized,0.99
i/iguodan01,2006-07,2201640,Andre Iguodala,exact_normalized,0.99
h/harriot01,2006-07,2200000,Othella Harrington,exact_normalized,0.99
b/butleja01,2006-07,2200000,Jackie Butler,exact_normalized,0.99
p/pollasc01,2006-07,2200000,Scot Pollard,exact_normalized,0.99
c/cabarza01,2006-07,2157097,Zarko Cabarkapa,exact_normalized,0.99
d/dioguik01,2006-07,2137200,Ike Diogu,exact_normalized,0.99
w/wellsbo01,2006-07,2115000,Bonzi Wells,exact_normalized,0.99
o/obryapa01,2006-07,2061720,Patrick O'Bryant,exact_normalized,0.99
w/westda01,2006-07,2051938,David West,exact_normalized,0.99
b/bynuman01,2006-07,2030280,Andrew Bynum,exact_normalized,0.99
b/bonnema01,2006-07,2000000,Matt Bonner,exact_normalized,0.99
v/voskuja01,2006-07,2000000,Jake Voskuhl,exact_normalized,0.99
d/diopde01,2006-07,1998000,DeSagana Diop,exact_normalized,0.99
b/biedran01,2006-07,1986960,Andris Biedrins,exact_normalized,0.99
g/georgde01,2006-07,1974259,Devean George,exact_normalized,0.99
p/pavloal01,2006-07,1962206,Sasha Pavlovic,exact_normalized,0.99
s/senesa01,2006-07,1958640,Mouhamed Sene,exact_normalized,0.99
w/willima01,2006-07,1920000,Mo Williams,exact_normalized,0.99
s/swiftro01,2006-07,1887600,Robert Swift,exact_normalized,0.99
j/jonesda02,2006-07,1886113,Dahntay Jones,exact_normalized,0.99
d/diawbo01,2006-07,1870501,Boris Diaw,exact_normalized,0.99
r/redicjj01,2006-07,1860720,JJ Redick,exact_normalized,0.99
p/planizo01,2006-07,1854376,Zoran Planinic,exact_normalized,0.99
o/outlatr01,2006-07,1836426,Travis Outlaw,exact_normalized,0.99
y/youngth01,2006-07,1830720,Thaddeus Young,exact_normalized,0.99
c/cookbr01,2006-07,1817141,Brian Cook,exact_normalized,0.99
r/ruffimi01,2006-07,1803600,Michael Ruffin,exact_normalized,0.99
a/allenma01,2006-07,1803600,Malik Allen,exact_normalized,0.99
t/telfase01,2006-07,1793160,Sebastian Telfair,exact_normalized,0.99
a/armsthi01,2006-07,1767600,Hilton Armstrong,exact_normalized,0.99
w/wesleda01,2006-07,1750000,David Wesley,exact_normalized,0.99
w/willish01,2006-07,1750000,Shammond Williams,exact_normalized,0.99
w/williaa01,2006-07,1750000,Aaron Williams,exact_normalized,0.99
m/mayse01,2006-07,1740720,Sean May,exact_normalized,0.99
h/humphkr01,2006-07,1703520,Kris Humphries,exact_normalized,0.99
p/perkike01,2006-07,1689410,Kendrick Perkins,exact_normalized,0.99
b/barbole01,2006-07,1679733,Leandro Barbosa,exact_normalized,0.99
s/sefolth01,2006-07,1679280,Thabo Sefolosha,exact_normalized,0.99
h/howarjo01,2006-07,1667603,Josh Howard,exact_normalized,0.99
m/mccanra01,2006-07,1653720,Rashad McCants,exact_normalized,0.99
e/evansma01,2006-07,1620000,Maurice Evans,exact_normalized,0.99
j/jeffeal01,2006-07,1618320,Al Jefferson,exact_normalized,0.99
r/robincl02,2006-07,1600000,Clifford Robinson,exact_normalized,0.99
b/brewero02,2006-07,1595400,Ronnie Brewer,exact_normalized,0.99
w/wrighan01,2006-07,1570920,Antoine Wright,exact_normalized,0.99
s/stuckro01,2006-07,1569600,Rodney Stuckey,exact_normalized,0.99
r/roseja01,2006-07,1540000,Jalen Rose,exact_normalized,0.99
s/snydeki01,2006-07,1537440,Kirk Snyder,exact_normalized,0.99
r/reedju01,2006-07,1529873,Justin Reed,exact_normalized,0.99
s/simmoce01,2006-07,1515480,Cedric Simmons,exact_normalized,0.99
g/grahajo01,2006-07,1492440,Joey Graham,exact_normalized,0.99
g/griffad01,2006-07,1475000,Adrian Griffin,exact_normalized,0.99
k/korolya01,2006-07,1470000,Yaroslav Korolev,exact_normalized,0.99
s/smithjo03,2006-07,1460640,Josh Smith,exact_normalized,0.99
c/carnero01,2006-07,1439760,Rodney Carney,exact_normalized,0.99
g/grangda01,2006-07,1417800,Danny Granger,exact_normalized,0.99
h/houseed01,2006-07,1400000,Eddie House,exact_normalized,0.99
s/smithjr01,2006-07,1387560,JR Smith,exact_normalized,0.99
w/waltolu01,2006-07,1375000,Luke Walton,exact_normalized,0.99
w/willish03,2006-07,1367760,Shawne Williams,exact_normalized,0.99
m/mcleoke01,2006-07,1350000,Keith McLeod,exact_normalized,0.99
g/greenge01,2006-07,1347000,Gerald Green,exact_normalized,0.99
b/blakest01,2006-07,1330000,Steve Blake,exact_normalized,0.99
w/wrighdo01,2006-07,1325160,Dorell Wright,exact_normalized,0.99
w/warriha01,2006-07,1286280,Hakim Warrick,exact_normalized,0.99
n/nelsoja01,2006-07,1272120,Jameer Nelson,exact_normalized,0.99
d/doubyqu01,2006-07,1240920,Quincy Douby,exact_normalized,0.99
h/hodgeju01,2006-07,1234800,Julius Hodge,exact_normalized,0.99
s/smithja02,2006-07,1233840,Jason Smith,exact_normalized,0.99
p/podkopa01,2006-07,1221240,Pavel Podkolzin,exact_normalized,0.99
b/balkmre01,2006-07,1191240,Renaldo Balkman,exact_normalized,0.99
k/kaponja01,2006-07,1188000,Jason Kapono,exact_normalized,0.99
c/carroma01,2006-07,1188000,Matt Carroll,exact_normalized,0.99
r/robinna01,2006-07,1185480,Nate Robinson,exact_normalized,0.99
p/piatker01,2006-07,1178348,Eric Piatkowski,exact_normalized,0.99
a/armstda01,2006-07,1178348,Darrell Armstrong,exact_normalized,0.99
k/khryavi01,2006-07,1172400,Victor Khryapa,fuzzy_92,0.929
r/rondora01,2006-07,1143600,Rajon Rondo,exact_normalized,0.99
j/jackja01,2006-07,1137960,Jarrett Jack,exact_normalized,0.99
g/garcifr01,2006-07,1092600,Francisco Garcia,exact_normalized,0.99
w/westde01,2006-07,1080480,Delonte West,exact_normalized,0.99
k/krstine01,2006-07,1080480,Nenad Krstic,exact_normalized,0.99
m/mooremi01,2006-07,1071225,Mikki Moore,exact_normalized,0.99
b/boonejo01,2006-07,1053960,Josh Boone,exact_normalized,0.99
h/headlu01,2006-07,1048800,Luther Head,exact_normalized,0.99
d/delfica01,2006-07,1037280,Carlos Delfino,exact_normalized,0.99
a/allento01,2006-07,1037280,Tony Allen,exact_normalized,0.99
l/lowryky01,2006-07,1011720,Kyle Lowry,exact_normalized,0.99
p/petrojo01,2006-07,1006800,Johan Petro,exact_normalized,0.99
m/martike02,2006-07,1002840,Kevin Martin,exact_normalized,0.99
p/pargoja01,2006-07,1000000,Jannero Pargo,exact_normalized,0.99
r/robinbe01,2006-07,1000000,Bernard Robinson,exact_normalized,0.99
r/randosh01,2006-07,1000000,Shavlik Randolph,exact_normalized,0.99
b/boothca01,2006-07,998967,Calvin Booth,exact_normalized,0.99
v/vujacsa01,2006-07,973920,Sasha Vujacic,exact_normalized,0.99
m/maxieja01,2006-07,973440,Jason Maxiell,exact_normalized,0.99
b/brownsh01,2006-07,971280,Shannon Brown,exact_normalized,0.99
u/udrihbe01,2006-07,967920,Beno Udrih,exact_normalized,0.99
h/harrida01,2006-07,960840,David Harrison,exact_normalized,0.99
v/varejan01,2006-07,945600,Anderson Varejao,exact_normalized,0.99
a/afflaar01,2006-07,944520,Arron Afflalo,exact_normalized,0.99
f/farmajo01,2006-07,939120,Jordan Farmar,exact_normalized,0.99
s/simiewa01,2006-07,932760,Wayne Simien,exact_normalized,0.99
s/stevede01,2006-07,932015,DeShawn Stevenson,exact_normalized,0.99
l/leeda02,2006-07,926040,David Lee,exact_normalized,0.99
a/agerma01,2006-07,906480,Maurice Ager,exact_normalized,0.99
c/collima01,2006-07,899880,Mardy Collins,exact_normalized,0.99
k/kleizli01,2006-07,845360,Linas Kleiza,exact_normalized,0.99
b/burkepa01,2006-07,810000,Pat Burke,exact_normalized,0.99
g/gelabmi01,2006-07,802000,Mickael Gelabale,exact_normalized,0.99
i/ilicmi01,2006-07,800000,Mile Ilic,exact_normalized,0.99
p/parkesm01,2006-07,798112,Smush Parker,exact_normalized,0.99
w/wagneda02,2006-07,798112,Dajuan Wagner,exact_normalized,0.99
s/sampsja01,2006-07,774551,Jamal Sampson,exact_normalized,0.99
d/duprero01,2006-07,771331,Ronald Dupree,exact_normalized,0.99
j/johnsli01,2006-07,771331,Linton Johnson,exact_normalized,0.99
r/rossqu01,2006-07,771331,Quinton Ross,exact_normalized,0.99
m/morrira01,2006-07,750000,Randolph Morris,exact_normalized,0.99
m/marksse01,2006-07,744551,Sean Marks,exact_normalized,0.99
b/barrean01,2006-07,744551,Andre Barrett,exact_normalized,0.99
p/padgesc01,2006-07,744551,Scott Padgett,exact_normalized,0.99
s/sowpa01,2006-07,744551,Pape Sow,exact_normalized,0.99
m/martida01,2006-07,744551,Darrick Martin,exact_normalized,0.99
r/ramospe01,2006-07,744551,Peter John Ramos,exact_normalized,0.99
l/langja01,2006-07,744551,James Lang,exact_normalized,0.99
v/vaughja01,2006-07,744551,Jacque Vaughn,exact_normalized,0.99
i/iveyro01,2006-07,744551,Royal Ivey,exact_normalized,0.99
w/wilksmi01,2006-07,744551,Mike Wilks,exact_normalized,0.99
u/udokaim01,2006-07,744551,Ime Udoka,exact_normalized,0.99
j/johnsde03,2006-07,744551,DerMarr Johnson,exact_normalized,0.99
m/masonro01,2006-07,744551,Roger Mason Jr.,exact_normalized,0.99
t/tayloma01,2006-07,744551,Maurice Taylor,exact_normalized,0.99
o/outlabo01,2006-07,744551,Bo Outlaw,exact_normalized,0.99
c/catoke01,2006-07,744551,Kelvin Cato,exact_normalized,0.99
j/jonesju01,2006-07,744551,Jumaine Jones,exact_normalized,0.99
b/bakervi01,2006-07,744551,Vin Baker,exact_normalized,0.99
p/poweljo01,2006-07,744551,Josh Powell,exact_normalized,0.99
r/rushka01,2006-07,744551,Kareem Rush,exact_normalized,0.99
b/barnema02,2006-07,744551,Matt Barnes,exact_normalized,0.99
b/bellch01,2006-07,744551,Charlie Bell,exact_normalized,0.99
b/bastoma01,2006-07,744551,Maceo Baston,exact_normalized,0.99
o/olowomi01,2006-07,744551,Michael Olowokandi,exact_normalized,0.99
b/barroea01,2006-07,744551,Earl Barron,exact_normalized,0.99
s/stoudsa01,2006-07,729000,Salim Stoudamire,exact_normalized,0.99
s/singlja01,2006-07,675000,James Singleton,exact_normalized,0.99
j/jonesso01,2006-07,675000,Solomon Jones,exact_normalized,0.99
t/taylodo01,2006-07,664209,Donell Taylor,exact_normalized,0.99
j/jonesdw02,2006-07,664209,Dwayne Jones II,exact_normalized,0.99
d/dienetr01,2006-07,664209,Travis Diener,exact_normalized,0.99
m/marshra01,2006-07,664209,Rawle Marshall,exact_normalized,0.99
p/pricero01,2006-07,664209,Ronnie Price,exact_normalized,0.99
t/turiaro01,2006-07,664209,Ronny Turiaf,exact_normalized,0.99
j/johnsam01,2006-07,664209,Amir Johnson,exact_normalized,0.99
b/blatcan01,2006-07,664209,Andray Blatche,exact_normalized,0.99
w/wrighbr02,2006-07,664209,Bracey Wright,exact_normalized,0.99
g/grahast01,2006-07,664209,Stephen Graham,exact_normalized,0.99
g/greenor01,2006-07,664209,Orien Greene,exact_normalized,0.99
g/greerly01,2006-07,664209,Lynn Greer,exact_normalized,0.99
e/ewingda01,2006-07,664209,Daniel Ewing,exact_normalized,0.99
b/bassbr01,2006-07,664209,Brandon Bass,exact_normalized,0.99
r/roberla01,2006-07,664209,Lawrence Roberts,exact_normalized,0.99
e/ellismo01,2006-07,664209,Monta Ellis,exact_normalized,0.99
h/hayesch01,2006-07,664209,Chuck Hayes,exact_normalized,0.99
f/felixno01,2006-07,664209,Noel Felix,exact_normalized,0.99
b/basdeed01,2006-07,664209,Eddie Basden,exact_normalized,0.99
i/ilyaser01,2006-07,664209,Ersan Ilyasova,exact_normalized,0.99
a/andrima01,2006-07,664209,Martynas Andriuskevicius,exact_normalized,0.99
m/milescj01,2006-07,664209,CJ Miles,exact_normalized,0.99
g/gomesry01,2006-07,664209,Ryan Gomes,exact_normalized,0.99
w/willilo02,2006-07,664209,Lou Williams,exact_normalized,0.99
b/batises01,2006-07,644209,Esteban Batista,exact_normalized,0.99
m/millspa01,2006-07,625000,Paul Millsap,exact_normalized,0.99
a/anderde01,2006-07,617539,Derek Anderson,exact_normalized,0.99
n/novakst01,2006-07,600000,Steve Novak,exact_normalized,0.99
b/brownde02,2006-07,516806,Devin Brown,exact_normalized,0.99
m/medvest01,2006-07,490528,Slava Medvedenko,exact_normalized,0.99
p/powele01,2006-07,432000,Leon Powe,exact_normalized,0.99
g/greenta01,2006-07,427163,Taurean Green,exact_normalized,0.99
m/mcrobjo01,2006-07,427163,Josh McRoberts,exact_normalized,0.99
d/diawaya01,2006-07,412718,Yakhouba Diawara,exact_normalized,0.99
h/holliry01,2006-07,412718,Ryan Hollins,exact_normalized,0.99
a/adamsha01,2006-07,412718,Hassan Adams,exact_normalized,0.99
s/slokaur01,2006-07,412718,Uros Slokar,exact_normalized,0.99
d/davispa01,2006-07,412718,Paul Davis,exact_normalized,0.99
s/smithcr01,2006-07,412718,Craig Smith,exact_normalized,0.99
a/augusja01,2006-07,412718,James Augustine,exact_normalized,0.99
h/hitero01,2006-07,412718,Robert Hite,exact_normalized,0.99
b/blalowi01,2006-07,412718,Will Blalock,exact_normalized,0.99
m/mccrach01,2006-07,412718,Chris McCray,exact_normalized,0.99
n/noelda01,2006-07,412718,David Noel,exact_normalized,0.99
m/markoda01,2006-07,412718,Damir Markota,exact_normalized,0.99
t/tuckepj01,2006-07,412718,P.J. Tucker,exact_normalized,0.99
j/johnsal01,2006-07,412718,Alexander Johnson,exact_normalized,0.99
k/kinseta01,2006-07,412718,Tarence Kinsey,exact_normalized,0.99
m/mensapo01,2006-07,412718,Pops Mensah-Bonsu,exact_normalized,0.99
b/bareajo01,2006-07,412718,J.J. Barea,exact_normalized,0.99
q/quinnch01,2006-07,412718,Chris Quinn,exact_normalized,0.99
g/gibsoda01,2006-07,412718,Daniel Gibson,exact_normalized,0.99
r/rayal01,2006-07,412718,Allan Ray,exact_normalized,0.99
w/webbech01,2006-07,407313,Chris Webber,exact_normalized,0.99
b/brownan01,2006-07,406340,Andre Brown,exact_normalized,0.99
w/whiteja02,2006-07,405435,James White,exact_normalized,0.99
j/jonesed02,2006-07,337238,Eddie Jones,exact_normalized,0.99
h/harriju01,2006-07,302200,Junior Harrington,exact_normalized,0.99
r/reineja01,2006-07,302200,Jared Reiner,exact_normalized,0.99
a/azubuke01,2006-07,259770,Kelenna Azubuike,exact_normalized,0.99
w/williju01,2006-07,252486,Justin Williams,exact_normalized,0.99
h/hartja01,2006-07,197087,Jason Hart,exact_normalized,0.99
a/anderal01,2006-07,128935,Alan Anderson,exact_normalized,0.99
h/hallmi01,2006-07,121388,Mike Hall,exact_normalized,0.99
j/jackslu02,2006-07,109493,Luke Jackson,exact_normalized,0.99
a/amundlo01,2006-07,101966,Lou Amundson,exact_normalized,0.99
h/hendeal01,2006-07,70075,Alan Henderson,exact_normalized,0.99
c/conrowi01,2006-07,55839,Will Conroy,exact_normalized,0.99
c/cartean01,2006-07,37620,Anthony Carter,exact_normalized,0.99
w/wafervo01,2006-07,23443,Von Wafer,exact_normalized,0.99
g/garneke01,2007-08,23751934,Kevin Garnett,exact_normalized,0.99
o/onealsh01,2007-08,21000000,Shaquille O'Neal,exact_normalized,0.99
k/kiddja01,2007-08,19728000,Jason Kidd,exact_normalized,0.99
o/onealje01,2007-08,19728000,Jermaine O'Neal,exact_normalized,0.99
b/bryanko01,2007-08,19490625,Kobe Bryant,exact_normalized,0.99
d/duncati01,2007-08,19014188,Tim Duncan,exact_normalized,0.99
i/iversal01,2007-08,19012500,Allen Iverson,exact_normalized,0.99
m/marbust01,2007-08,19012500,Stephon Marbury,exact_normalized,0.99
m/mcgratr01,2007-08,18257750,Tracy McGrady,exact_normalized,0.99
d/davisba01,2007-08,16440000,Baron Davis,exact_normalized,0.99
m/mariosh01,2007-08,16440000,Shawn Marion,exact_normalized,0.99
p/piercpa01,2007-08,16360094,Paul Pierce,exact_normalized,0.99
n/nowitdi01,2007-08,16360094,Dirk Nowitzki,exact_normalized,0.99
j/jamisan01,2007-08,16360094,Antawn Jamison,exact_normalized,0.99
a/allenra02,2007-08,16000000,Ray Allen,exact_normalized,0.99
w/wallabe01,2007-08,15500000,Ben Wallace,exact_normalized,0.99
b/brandel01,2007-08,15344000,Elton Brand,exact_normalized,0.99
b/bibbymi01,2007-08,14983603,Mike Bibby,exact_normalized,0.99
l/lewisra02,2007-08,14884951,Rashard Lewis,exact_normalized,0.99
r/reddmi01,2007-08,14520000,Michael Redd,exact_normalized,0.99
s/stoudam01,2007-08,13762775,Amar'e Stoudemire,exact_normalized,0.99
m/mingya01,2007-08,13762775,Yao Ming,fuzzy_95,0.95
g/gasolpa01,2007-08,13735000,Pau Gasol,exact_normalized,0.99
k/kirilan01,2007-08,13735000,Andrei Kirilenko,exact_normalized,0.99
j/johnsjo02,2007-08,13488378,Joe Johnson,exact_normalized,0.99
r/randoza01,2007-08,13333333,Zach Randolph,exact_normalized,0.99
c/cartevi01,2007-08,13325000,Vince Carter,exact_normalized,0.99
m/martike01,2007-08,13250000,Kenyon Martin,exact_normalized,0.99
o/odomla01,2007-08,13248596,Lamar Odom,exact_normalized,0.99
w/wadedw01,2007-08,13041250,Dwyane Wade,exact_normalized,0.99
b/boshch01,2007-08,13041250,Chris Bosh,exact_normalized,0.99
a/anthoca01,2007-08,13041250,Carmelo Anthony,exact_normalized,0.99
j/jamesle01,2007-08,13041250,LeBron James,exact_normalized,0.99
w/wallara01,2007-08,12540000,Rasheed Wallace,exact_normalized,0.99
l/lafrera01,2007-08,12440787,Raef LaFrentz,exact_normalized,0.99
s/szczewa02,2007-08,12275000,Wally Szczerbiak,exact_normalized,0.99
j/jefferi01,2007-08,12200000,Richard Jefferson,exact_normalized,0.99
h/hughela01,2007-08,12000084,Larry Hughes,exact_normalized,0.99
a/arenagi01,2007-08,11950400,Gilbert Arenas,exact_normalized,0.99
s/stojape01,2007-08,11664000,Peja Stojakovic,exact_normalized,0.99
b/boozeca01,2007-08,11593816,Carlos Boozer,exact_normalized,0.99
n/nashst01,2007-08,11375000,Steve Nash,exact_normalized,0.99
h/hinriki01,2007-08,11250000,Kirk Hinrich,exact_normalized,0.99
r/richaja01,2007-08,11111110,Jason Richardson,exact_normalized,0.99
w/westda01,2007-08,10650000,David West,exact_normalized,0.99
d/dampier01,2007-08,10590500,Erick Dampier,exact_normalized,0.99
p/parketo01,2007-08,10500000,Tony Parker,exact_normalized,0.99
m/millebr01,2007-08,10500000,Brad Miller,exact_normalized,0.99
c/chandty01,2007-08,10500000,Tyson Chandler,exact_normalized,0.99
d/dalemsa01,2007-08,10251435,Samuel Dalembert,exact_normalized,0.99
i/ilgauzy01,2007-08,10142156,Zydrunas Ilgauskas,exact_normalized,0.99
c/cambyma01,2007-08,10000000,Marcus Camby,exact_normalized,0.99
b/billuch01,2007-08,10000000,Chauncey Billups,exact_normalized,0.99
h/hamilri01,2007-08,10000000,Richard Hamilton,exact_normalized,0.99
m/millean02,2007-08,9600000,Andre Miller,exact_normalized,0.99
h/howarjo01,2007-08,9500000,Josh Howard,exact_normalized,0.99
w/wallage01,2007-08,9500000,Gerald Wallace,exact_normalized,0.99
b/brownkw01,2007-08,9379279,Kwame Brown,exact_normalized,0.99
s/simmobo01,2007-08,9280000,Bobby Simmons,exact_normalized,0.99
m/murphtr01,2007-08,9206349,Troy Murphy,exact_normalized,0.99
g/ginobma01,2007-08,9079811,Manu Ginobili,exact_normalized,0.99
d/diawbo01,2007-08,9000000,Boris Diaw,exact_normalized,0.99
o/okurme01,2007-08,9000000,Mehmet Okur,exact_normalized,0.99
c/curryed01,2007-08,8947543,Eddy Curry,exact_normalized,0.99
w/willija02,2007-08,8937500,Jason Williams,exact_normalized,0.99
t/terryja01,2007-08,8898000,Jason Terry,exact_normalized,0.99
p/princta01,2007-08,8675620,Tayshaun Prince,exact_normalized,0.99
k/kamanch01,2007-08,8600000,Chris Kaman,exact_normalized,0.99
n/nocioan01,2007-08,8500000,Andres Nocioni,exact_normalized,0.99
b/butleca01,2007-08,8468990,Caron Butler,exact_normalized,0.99
h/harrial01,2007-08,8425625,Al Harrington,exact_normalized,0.99
m/millemi01,2007-08,8376194,Mike Miller,exact_normalized,0.99
m/moblecu01,2007-08,8350000,Cuttino Mobley,exact_normalized,0.99
w/walkean02,2007-08,8329640,Antoine Walker,exact_normalized,0.99
f/fordtj01,2007-08,8275000,T.J. Ford,exact_normalized,0.99
m/milesda01,2007-08,8250000,Darius Miles,exact_normalized,0.99
r/richaqu01,2007-08,8105500,Quentin Richardson,exact_normalized,0.99
t/thomaku01,2007-08,8091188,Kurt Thomas,exact_normalized,0.99
c/crawfja01,2007-08,7920000,Jamal Crawford,exact_normalized,0.99
b/blounma01,2007-08,7901040,Mark Blount,exact_normalized,0.99
t/thomake01,2007-08,7875000,Kenny Thomas,exact_normalized,0.99
n/nestera01,2007-08,7840000,Rasho Nesterovic,exact_normalized,0.99
w/willima01,2007-08,7750000,Mo Williams,exact_normalized,0.99
a/artesro01,2007-08,7400000,Metta World Peace,exact_normalized,0.99
r/rosema01,2007-08,7101250,Malik Rose,exact_normalized,0.99
m/maggeco01,2007-08,7000000,Corey Maggette,exact_normalized,0.99
m/mckieaa01,2007-08,7000000,Aaron McKie,exact_normalized,0.99
d/davisri01,2007-08,6819000,Ricky Davis,exact_normalized,0.99
s/stackje01,2007-08,6750000,Jerry Stackhouse,exact_normalized,0.99
s/snower01,2007-08,6703125,Eric Snow,exact_normalized,0.99
j/jacksst02,2007-08,6630000,Stephen Jackson,exact_normalized,0.99
r/ridnolu01,2007-08,6500000,Luke Ridnour,exact_normalized,0.99
m/milicda01,2007-08,6500000,Darko Milicic,exact_normalized,0.99
w/wilcoch01,2007-08,6500000,Chris Wilcox,exact_normalized,0.99
g/goodedr01,2007-08,6453416,Drew Gooden,exact_normalized,0.99
m/mcdyean01,2007-08,6373900,Antonio McDyess,exact_normalized,0.99
d/daniema01,2007-08,6373900,Marquis Daniels,exact_normalized,0.99
t/turkohe01,2007-08,6373900,Hedo Turkoglu,exact_normalized,0.99
t/thomaet01,2007-08,6373900,Etan Thomas,exact_normalized,0.99
c/claxtsp01,2007-08,6306182,Speedy Claxton,exact_normalized,0.99
t/tinslja01,2007-08,6300000,Jamaal Tinsley,exact_normalized,0.99
c/collija04,2007-08,6100000,Jason Collins,exact_normalized,0.99
h/howardw01,2007-08,6061274,Dwight Howard,exact_normalized,0.99
j/jaricma01,2007-08,6050000,Marko Jaric,exact_normalized,0.99
h/hasleud01,2007-08,6050000,Udonis Haslem,exact_normalized,0.99
h/harprma01,2007-08,6000000,Matt Harpring,exact_normalized,0.99
b/battish01,2007-08,5883600,Shane Battier,exact_normalized,0.99
c/cardibr01,2007-08,5850000,Brian Cardinal,exact_normalized,0.99
a/abdursh01,2007-08,5800000,Shareef Abdur-Rahim,exact_normalized,0.99
w/watsoea01,2007-08,5800000,Earl Watson,exact_normalized,0.99
s/swiftst01,2007-08,5800000,Stromile Swift,exact_normalized,0.99
d/daniean01,2007-08,5800000,Antonio Daniels,exact_normalized,0.99
j/jamesje01,2007-08,5800000,Jerome James,exact_normalized,0.99
p/przybjo01,2007-08,5762575,Joel Przybilla,exact_normalized,0.99
g/gadzuda01,2007-08,5751130,Dan Gadzuric,exact_normalized,0.99
c/collini01,2007-08,5750000,Nick Collison,exact_normalized,0.99
j/jacksbo01,2007-08,5670000,Bobby Jackson,exact_normalized,0.99
m/mohamna01,2007-08,5632200,Nazr Mohammed,exact_normalized,0.99
j/jeffrja01,2007-08,5632200,Jared Jeffries,exact_normalized,0.99
t/thomati01,2007-08,5632200,Tim Thomas,exact_normalized,0.99
r/radmavl01,2007-08,5632200,Vladimir Radmanovic,exact_normalized,0.99
b/barbole01,2007-08,5600000,Leandro Barbosa,exact_normalized,0.99
m/marshdo01,2007-08,5566965,Donyell Marshall,exact_normalized,0.99
f/fosteje01,2007-08,5500000,Jeff Foster,exact_normalized,0.99
c/carroma01,2007-08,5450000,Matt Carroll,exact_normalized,0.99
o/okafoem01,2007-08,5427307,Emeka Okafor,exact_normalized,0.99
m/mooremi01,2007-08,5356000,Mikki Moore,exact_normalized,0.99
k/kaponja01,2007-08,5356000,Jason Kapono,exact_normalized,0.99
v/varejan01,2007-08,5356000,Anderson Varejao,exact_normalized,0.99
s/smithjo02,2007-08,5205000,Joe Smith,exact_normalized,0.99
b/battito01,2007-08,5200000,Tony Battie,exact_normalized,0.99
p/petermo01,2007-08,5000000,Morris Peterson,exact_normalized,0.99
m/masonde01,2007-08,5000000,Desmond Mason,exact_normalized,0.99
h/haywobr01,2007-08,5000000,Brendan Haywood,exact_normalized,0.99
b/bogutan01,2007-08,4991520,Andrew Bogut,exact_normalized,0.99
n/najered01,2007-08,4952380,Eduardo Najera,exact_normalized,0.99
g/gordobe01,2007-08,4881669,Ben Gordon,exact_normalized,0.99
b/bargnan01,2007-08,4838880,Andrea Bargnani,exact_normalized,0.99
s/salmojo01,2007-08,4752000,John Salmons,exact_normalized,0.99
b/bellra01,2007-08,4750000,Raja Bell,exact_normalized,0.99
o/odengr01,2007-08,4662000,Greg Oden,exact_normalized,0.99
a/alstora01,2007-08,4550000,Rafer Alston,exact_normalized,0.99
k/korveky01,2007-08,4500000,Kyle Korver,exact_normalized,0.99
p/perkike01,2007-08,4480912,Kendrick Perkins,exact_normalized,0.99
w/willima02,2007-08,4466040,Marvin Williams,exact_normalized,0.99
l/livinsh01,2007-08,4404629,Shaun Livingston,exact_normalized,0.99
f/fishede01,2007-08,4352000,Derek Fisher,exact_normalized,0.99
h/hassetr01,2007-08,4350000,Trenton Hassell,exact_normalized,0.99
p/parkean01,2007-08,4350000,Anthony Parker,exact_normalized,0.99
a/aldrila01,2007-08,4329360,LaMarcus Aldridge,exact_normalized,0.99
e/evansre01,2007-08,4320000,Reggie Evans,exact_normalized,0.99
p/pavloal01,2007-08,4250000,Sasha Pavlovic,exact_normalized,0.99
b/blakest01,2007-08,4250000,Steve Blake,exact_normalized,0.99
v/vanhoke01,2007-08,4236997,Keith Van Horn,exact_normalized,0.99
j/jonesda01,2007-08,4172432,Damon Jones,exact_normalized,0.99
d/duranke01,2007-08,4171200,Kevin Durant,exact_normalized,0.99
b/bowenbr01,2007-08,4125000,Bruce Bowen,exact_normalized,0.99
w/willide01,2007-08,4010640,Deron Williams,exact_normalized,0.99
g/garbajo01,2007-08,4000000,Jorge Garbajosa,exact_normalized,0.99
o/outlatr01,2007-08,4000000,Travis Outlaw,exact_normalized,0.99
j/jasiksa01,2007-08,4000000,Sarunas Jasikevicius,exact_normalized,0.99
p/pachuza01,2007-08,4000000,Zaza Pachulia,exact_normalized,0.99
w/waltolu01,2007-08,4000000,Luke Walton,exact_normalized,0.99
a/arroyca01,2007-08,4000000,Carlos Arroyo,exact_normalized,0.99
h/harride01,2007-08,3995003,Devin Harris,exact_normalized,0.99
b/banksma01,2007-08,3966207,Marcus Banks,exact_normalized,0.99
s/songada01,2007-08,3942000,Darius Songaila,exact_normalized,0.99
m/morriad01,2007-08,3887880,Adam Morrison,exact_normalized,0.99
s/surabo01,2007-08,3840000,Bob Sura,exact_normalized,0.99
g/garripa01,2007-08,3818750,Pat Garrity,exact_normalized,0.99
b/buckngr01,2007-08,3750746,Greg Buckner,exact_normalized,0.99
h/horfoal01,2007-08,3745800,Al Horford,exact_normalized,0.99
j/johnsam01,2007-08,3666667,Amir Johnson,exact_normalized,0.99
h/huntest01,2007-08,3638600,Steven Hunter,exact_normalized,0.99
h/horryro01,2007-08,3630000,Robert Horry,exact_normalized,0.99
p/paulch01,2007-08,3615960,Chris Paul,exact_normalized,0.99
d/doolike01,2007-08,3596000,Keyon Dooling,exact_normalized,0.99
t/thomaty01,2007-08,3505320,Tyrus Thomas,exact_normalized,0.99
o/obertfa01,2007-08,3500000,Fabricio Oberto,exact_normalized,0.99
c/cookbr01,2007-08,3500000,Brian Cook,exact_normalized,0.99
p/pietrmi01,2007-08,3470771,Mickael Pietrus,exact_normalized,0.99
o/ollieke01,2007-08,3441900,Kevin Ollie,exact_normalized,0.99
c/conlemi01,2007-08,3377160,Mike Conley,exact_normalized,0.99
s/stevede01,2007-08,3348215,DeShawn Stevenson,exact_normalized,0.99
d/denglu01,2007-08,3320339,Luol Deng,exact_normalized,0.99
b/butlera01,2007-08,3315000,Rasual Butler,exact_normalized,0.99
j/jonesfr01,2007-08,3300000,Fred Jones,exact_normalized,0.99
f/feltora01,2007-08,3274440,Raymond Felton,exact_normalized,0.99
w/wrighlo02,2007-08,3250000,Lorenzen Wright,exact_normalized,0.99
d/duhonch01,2007-08,3248000,Chris Duhon,exact_normalized,0.99
p/poseyja01,2007-08,3206000,James Posey,exact_normalized,0.99
w/willish02,2007-08,3174240,Shelden Williams,exact_normalized,0.99
d/doleami01,2007-08,3120000,Michael Doleac,exact_normalized,0.99
b/bellch01,2007-08,3106000,Charlie Bell,exact_normalized,0.99
f/finlemi01,2007-08,3103000,Michael Finley,exact_normalized,0.99
a/arizatr01,2007-08,3100000,Trevor Ariza,exact_normalized,0.99
g/greenwi01,2007-08,3094000,Willie Green,exact_normalized,0.99
g/greenje02,2007-08,3058200,Jeff Green,exact_normalized,0.99
a/atkinch01,2007-08,3000000,Chucky Atkins,exact_normalized,0.99
e/elsonfr01,2007-08,3000000,Francisco Elson,exact_normalized,0.99
v/voskuja01,2007-08,3000000,Jake Voskuhl,exact_normalized,0.99
b/barnema02,2007-08,3000000,Matt Barnes,exact_normalized,0.99
s/scalabr01,2007-08,3000000,Brian Scalabrine,exact_normalized,0.99
w/webstma02,2007-08,2974080,Martell Webster,exact_normalized,0.99
s/scolalu01,2007-08,2916667,Luis Scola,exact_normalized,0.99
w/wilkida02,2007-08,2900000,Damien Wilkins,exact_normalized,0.99
j/jonesja02,2007-08,2900000,James Jones,exact_normalized,0.99
r/roybr01,2007-08,2883120,Brandon Roy,exact_normalized,0.99
j/johnsan02,2007-08,2860000,Anthony Johnson,exact_normalized,0.99
i/iguodan01,2007-08,2804889,Andre Iguodala,exact_normalized,0.99
j/jianlyi01,2007-08,2777760,Yi Jianlian,fuzzy_95,0.95
m/mournal01,2007-08,2762500,Alonzo Mourning,exact_normalized,0.99
b/brezepr01,2007-08,2750000,Primoz Brezec,exact_normalized,0.99
v/villach01,2007-08,2715000,Charlie Villanueva,exact_normalized,0.99
b/bonnema01,2007-08,2700000,Matt Bonner,exact_normalized,0.99
b/biedran01,2007-08,2636696,Andris Biedrins,exact_normalized,0.99
f/foyera01,2007-08,2631840,Randy Foye,exact_normalized,0.99
s/swiftro01,2007-08,2601113,Robert Swift,exact_normalized,0.99
t/telfase01,2007-08,2562426,Sebastian Telfair,exact_normalized,0.99
d/dixonju01,2007-08,2550000,Juan Dixon,exact_normalized,0.99
b/breweco01,2007-08,2535720,Corey Brewer,exact_normalized,0.99
h/humphkr01,2007-08,2522913,Kris Humphries,exact_normalized,0.99
m/mihmch01,2007-08,2500000,Chris Mihm,exact_normalized,0.99
n/nachbbo01,2007-08,2500000,Bostjan Nachbar,exact_normalized,0.99
f/fryech01,2007-08,2487240,Channing Frye,exact_normalized,0.99
j/jeffeal01,2007-08,2480885,Al Jefferson,exact_normalized,0.99
b/blatcan01,2007-08,2479339,Andray Blatche,exact_normalized,0.99
c/caldejo01,2007-08,2471604,Jose Calderon,exact_normalized,0.99
b/boganke01,2007-08,2440000,Keith Bogans,exact_normalized,0.99
f/francst01,2007-08,2439333,Steve Francis,exact_normalized,0.99
m/madsema01,2007-08,2420000,Mark Madsen,exact_normalized,0.99
g/gayru01,2007-08,2411160,Rudy Gay,exact_normalized,0.99
h/harriot01,2007-08,2376000,Othella Harrington,exact_normalized,0.99
g/georgde01,2007-08,2369111,Devean George,exact_normalized,0.99
s/snydeki01,2007-08,2358433,Kirk Snyder,exact_normalized,0.99
c/collija03,2007-08,2350000,Jarron Collins,exact_normalized,0.99
b/butleja01,2007-08,2350000,Jackie Butler,exact_normalized,0.99
w/wrighbr03,2007-08,2323080,Brandan Wright,exact_normalized,0.99
h/hartja01,2007-08,2300000,Jason Hart,exact_normalized,0.99
d/dioguik01,2007-08,2286360,Ike Diogu,exact_normalized,0.99
w/wellsbo01,2007-08,2284200,Bonzi Wells,exact_normalized,0.99
h/hunteli01,2007-08,2250000,Lindsey Hunter,exact_normalized,0.99
s/smithjo03,2007-08,2243543,Josh Smith,exact_normalized,0.99
o/obryapa01,2007-08,2216400,Patrick O'Bryant,exact_normalized,0.99
a/augusdj01,2007-08,2208960,D.J. Augustin,exact_normalized,0.99
b/bynuman01,2007-08,2172000,Andrew Bynum,exact_normalized,0.99
d/diopde01,2007-08,2146000,DeSagana Diop,exact_normalized,0.99
n/noahjo01,2007-08,2135400,Joakim Noah,exact_normalized,0.99
s/smithjr01,2007-08,2134067,JR Smith,exact_normalized,0.99
s/senesa01,2007-08,2105520,Mouhamed Sene,exact_normalized,0.99
w/wrighdo01,2007-08,2040746,Dorell Wright,exact_normalized,0.99
h/hawessp01,2007-08,2028600,Spencer Hawes,exact_normalized,0.99
r/redicjj01,2007-08,2000160,JJ Redick,exact_normalized,0.99
n/nelsoja01,2007-08,1961609,Jameer Nelson,exact_normalized,0.99
k/khryavi01,2007-08,1928598,Victor Khryapa,fuzzy_92,0.929
l/lawac01,2007-08,1927080,Acie Law,exact_normalized,0.99
a/armsthi01,2007-08,1900200,Hilton Armstrong,exact_normalized,0.99
w/williaa01,2007-08,1890000,Aaron Williams,exact_normalized,0.99
w/westde01,2007-08,1889760,Delonte West,exact_normalized,0.99
k/krstine01,2007-08,1889760,Nenad Krstic,exact_normalized,0.99
d/delfica01,2007-08,1868141,Carlos Delfino,exact_normalized,0.99
a/allento01,2007-08,1868141,Tony Allen,exact_normalized,0.99
m/mayse01,2007-08,1862160,Sean May,exact_normalized,0.99
y/youngth01,2007-08,1830720,Thaddeus Young,exact_normalized,0.99
p/pargoja01,2007-08,1830000,Jannero Pargo,exact_normalized,0.99
h/hillgr01,2007-08,1830000,Grant Hill,exact_normalized,0.99
b/bastoma01,2007-08,1830000,Maceo Baston,exact_normalized,0.99
j/jonesed02,2007-08,1830000,Eddie Jones,exact_normalized,0.99
m/martike02,2007-08,1808121,Kevin Martin,exact_normalized,0.99
s/sefolth01,2007-08,1805160,Thabo Sefolosha,exact_normalized,0.99
p/perovko01,2007-08,1800000,Kosta Perovic,exact_normalized,0.99
m/mccanra01,2007-08,1769160,Rashad McCants,exact_normalized,0.99
v/vujacsa01,2007-08,1756951,Sasha Vujacic,exact_normalized,0.99
w/wesleda01,2007-08,1750000,David Wesley,exact_normalized,0.99
h/hayesch01,2007-08,1750000,Chuck Hayes,exact_normalized,0.99
e/evansma01,2007-08,1740000,Maurice Evans,exact_normalized,0.99
w/wrighju01,2007-08,1739160,Julian Wright,exact_normalized,0.99
h/harrida01,2007-08,1734316,David Harrison,exact_normalized,0.99
b/brewero02,2007-08,1715040,Ronnie Brewer,exact_normalized,0.99
w/wrighan01,2007-08,1680600,Antoine Wright,exact_normalized,0.99
t/thornal01,2007-08,1652280,Al Thornton,exact_normalized,0.99
s/simmoce01,2007-08,1629120,Cedric Simmons,exact_normalized,0.99
k/knighbr01,2007-08,1600000,Brevin Knight,exact_normalized,0.99
r/robincl02,2007-08,1600000,Clifford Robinson,exact_normalized,0.99
g/grahajo01,2007-08,1596600,Joey Graham,exact_normalized,0.99
g/griffad01,2007-08,1593000,Adrian Griffin,exact_normalized,0.99
s/stuckro01,2007-08,1569600,Rodney Stuckey,exact_normalized,0.99
c/carnero01,2007-08,1547760,Rodney Carney,exact_normalized,0.99
r/reedju01,2007-08,1529873,Justin Reed,exact_normalized,0.99
g/grangda01,2007-08,1516800,Danny Granger,exact_normalized,0.99
d/dienetr01,2007-08,1500000,Travis Diener,exact_normalized,0.99
h/houseed01,2007-08,1500000,Eddie House,exact_normalized,0.99
y/youngni01,2007-08,1491240,Nick Young,exact_normalized,0.99
w/willish03,2007-08,1470360,Shawne Williams,exact_normalized,0.99
g/greenge01,2007-08,1440960,Gerald Green,exact_normalized,0.99
w/willise01,2007-08,1416600,Sean Williams,exact_normalized,0.99
w/warriha01,2007-08,1376040,Hakim Warrick,exact_normalized,0.99
b/belinma01,2007-08,1345800,Marco Belinelli,exact_normalized,0.99
p/pecheol01,2007-08,1345800,Oleksiy Pecherov,exact_normalized,0.99
d/doubyqu01,2007-08,1333920,Quincy Douby,exact_normalized,0.99
c/crittja01,2007-08,1285200,Javaris Crittenton,exact_normalized,0.99
b/balkmre01,2007-08,1280640,Renaldo Balkman,exact_normalized,0.99
a/ajincal01,2007-08,1276320,Alexis Ajinca,exact_normalized,0.99
r/robinna01,2007-08,1268160,Nate Robinson,exact_normalized,0.99
s/smithja02,2007-08,1233840,Jason Smith,exact_normalized,0.99
r/rondora01,2007-08,1229280,Rajon Rondo,exact_normalized,0.99
v/vaughja01,2007-08,1219590,Jacque Vaughn,exact_normalized,0.99
p/piatker01,2007-08,1219590,Eric Piatkowski,exact_normalized,0.99
f/foylead01,2007-08,1219590,Adonal Foyle,exact_normalized,0.99
j/jackja01,2007-08,1217400,Jarrett Jack,exact_normalized,0.99
h/hayesja01,2007-08,1200000,Jarvis Hayes,exact_normalized,0.99
b/brownde02,2007-08,1200000,Devin Brown,exact_normalized,0.99
c/cookda02,2007-08,1184400,Daequan Cook,exact_normalized,0.99
g/garcifr01,2007-08,1168800,Francisco Garcia,exact_normalized,0.99
d/dudleja01,2007-08,1137000,Jared Dudley,exact_normalized,0.99
b/boonejo01,2007-08,1133040,Josh Boone,exact_normalized,0.99
r/randosh01,2007-08,1130000,Shavlik Randolph,exact_normalized,0.99
h/headlu01,2007-08,1122000,Luther Head,exact_normalized,0.99
b/boothca01,2007-08,1103225,Calvin Booth,exact_normalized,0.99
p/pricero01,2007-08,1100000,Ronnie Price,exact_normalized,0.99
c/chandwi01,2007-08,1091640,Wilson Chandler,exact_normalized,0.99
l/lowryky01,2007-08,1087680,Kyle Lowry,exact_normalized,0.99
r/robinbe01,2007-08,1080000,Bernard Robinson,exact_normalized,0.99
p/petrojo01,2007-08,1077120,Johan Petro,exact_normalized,0.99
b/brownsh01,2007-08,1044120,Shannon Brown,exact_normalized,0.99
m/maxieja01,2007-08,1041360,Jason Maxiell,exact_normalized,0.99
k/kleizli01,2007-08,1011360,Linas Kleiza,exact_normalized,0.99
f/farmajo01,2007-08,1009560,Jordan Farmar,exact_normalized,0.99
a/almonmo01,2007-08,1005960,Morris Almond,exact_normalized,0.99
u/udokaim01,2007-08,1000000,Ime Udoka,exact_normalized,0.99
s/simiewa01,2007-08,997800,Wayne Simien,exact_normalized,0.99
l/leeda02,2007-08,990600,David Lee,exact_normalized,0.99
a/agerma01,2007-08,974400,Maurice Ager,exact_normalized,0.99
b/barroea01,2007-08,973328,Earl Barron,exact_normalized,0.99
b/brookaa01,2007-08,972720,Aaron Brooks,exact_normalized,0.99
c/collima01,2007-08,967320,Mardy Collins,exact_normalized,0.99
t/taylodo01,2007-08,945610,Donell Taylor,exact_normalized,0.99
m/milescj01,2007-08,945610,CJ Miles,exact_normalized,0.99
a/afflaar01,2007-08,944520,Arron Afflalo,exact_normalized,0.99
t/tuckeal02,2007-08,931920,Alando Tucker,exact_normalized,0.99
e/elyme01,2007-08,895341,Melvin Ely,exact_normalized,0.99
a/anderch01,2007-08,885294,Chris Andersen,exact_normalized,0.99
h/hallmi01,2007-08,862456,Mike Hall,exact_normalized,0.99
w/williju01,2007-08,862456,Justin Williams,exact_normalized,0.99
i/ilicmi01,2007-08,850000,Mile Ilic,exact_normalized,0.99
r/rossqu01,2007-08,826046,Quinton Ross,exact_normalized,0.99
m/morrira01,2007-08,810000,Randolph Morris,exact_normalized,0.99
g/gelabmi01,2007-08,802000,Mickael Gelabale,exact_normalized,0.99
p/poweljo01,2007-08,800000,Josh Powell,exact_normalized,0.99
s/stoudsa01,2007-08,783000,Salim Stoudamire,exact_normalized,0.99
m/mcinnje01,2007-08,770610,Jeff McInnis,exact_normalized,0.99
m/marksse01,2007-08,770610,Sean Marks,exact_normalized,0.99
a/anderde01,2007-08,770610,Derek Anderson,exact_normalized,0.99
j/jacobca01,2007-08,770610,Casey Jacobsen,exact_normalized,0.99
s/skinnbr01,2007-08,770610,Brian Skinner,exact_normalized,0.99
m/martida01,2007-08,770610,Darrick Martin,exact_normalized,0.99
s/singlja01,2007-08,770610,James Singleton,exact_normalized,0.99
j/jonesdw02,2007-08,770610,Dwayne Jones II,exact_normalized,0.99
i/iveyro01,2007-08,770610,Royal Ivey,exact_normalized,0.99
r/ruffimi01,2007-08,770610,Michael Ruffin,exact_normalized,0.99
b/bowenry01,2007-08,770610,Ryan Bowen,exact_normalized,0.99
c/croshau01,2007-08,770610,Austin Croshere,exact_normalized,0.99
m/masonro01,2007-08,770610,Roger Mason Jr.,exact_normalized,0.99
d/dickada01,2007-08,770610,Dan Dickau,exact_normalized,0.99
t/turiaro01,2007-08,770610,Ronny Turiaf,exact_normalized,0.99
w/wafervo01,2007-08,770610,Von Wafer,exact_normalized,0.99
a/allenma01,2007-08,770610,Malik Allen,exact_normalized,0.99
h/hitero01,2007-08,770610,Robert Hite,exact_normalized,0.99
h/hamda01,2007-08,770610,Darvin Ham,exact_normalized,0.99
g/grahast01,2007-08,770610,Stephen Graham,exact_normalized,0.99
g/greenor01,2007-08,770610,Orien Greene,exact_normalized,0.99
s/storeaw01,2007-08,770610,Awvee Storey,exact_normalized,0.99
g/greerly01,2007-08,770610,Lynn Greer,exact_normalized,0.99
b/brownan01,2007-08,770610,Andre Brown,exact_normalized,0.99
h/hardaan01,2007-08,770610,Anfernee Hardaway,exact_normalized,0.99
e/ewingda01,2007-08,770610,Daniel Ewing,exact_normalized,0.99
b/bassbr01,2007-08,770610,Brandon Bass,exact_normalized,0.99
r/rushka01,2007-08,770610,Kareem Rush,exact_normalized,0.99
p/patteru01,2007-08,770610,Ruben Patterson,exact_normalized,0.99
e/ellismo01,2007-08,770610,Monta Ellis,exact_normalized,0.99
m/mutomdi01,2007-08,770610,Dikembe Mutombo,exact_normalized,0.99
c/cartean01,2007-08,770610,Anthony Carter,exact_normalized,0.99
s/sampsja01,2007-08,770610,Jamal Sampson,exact_normalized,0.99
a/armstda01,2007-08,770610,Darrell Armstrong,exact_normalized,0.99
g/gomesry01,2007-08,770610,Ryan Gomes,exact_normalized,0.99
p/pollasc01,2007-08,770610,Scot Pollard,exact_normalized,0.99
w/willilo02,2007-08,770610,Lou Williams,exact_normalized,0.99
h/howarju01,2007-08,761544,Juwan Howard,exact_normalized,0.99
f/fesenky01,2007-08,750000,Kyrylo Fesenko,exact_normalized,0.99
j/jonesso01,2007-08,729000,Solomon Jones,exact_normalized,0.99
g/gilled01,2007-08,693549,Eddie Gill,exact_normalized,0.99
d/diawaya01,2007-08,687456,Yakhouba Diawara,exact_normalized,0.99
p/powele01,2007-08,687456,Leon Powe,exact_normalized,0.99
h/holliry01,2007-08,687456,Ryan Hollins,exact_normalized,0.99
a/adamsha01,2007-08,687456,Hassan Adams,exact_normalized,0.99
d/davispa01,2007-08,687456,Paul Davis,exact_normalized,0.99
s/smithcr01,2007-08,687456,Craig Smith,exact_normalized,0.99
m/millspa01,2007-08,687456,Paul Millsap,exact_normalized,0.99
a/augusja01,2007-08,687456,James Augustine,exact_normalized,0.99
a/amundlo01,2007-08,687456,Lou Amundson,exact_normalized,0.99
w/whiteja02,2007-08,687456,James White,exact_normalized,0.99
g/greende01,2007-08,687456,Devin Green,exact_normalized,0.99
c/conrowi01,2007-08,687456,Will Conroy,exact_normalized,0.99
n/novakst01,2007-08,687456,Steve Novak,exact_normalized,0.99
n/noelda01,2007-08,687456,David Noel,exact_normalized,0.99
o/owensan01,2007-08,687456,Andre Owens,exact_normalized,0.99
k/kinseta01,2007-08,687456,Tarence Kinsey,exact_normalized,0.99
m/mensapo01,2007-08,687456,Pops Mensah-Bonsu,exact_normalized,0.99
b/bareajo01,2007-08,687456,J.J. Barea,exact_normalized,0.99
q/quinnch01,2007-08,687456,Chris Quinn,exact_normalized,0.99
g/gibsoda01,2007-08,687456,Daniel Gibson,exact_normalized,0.99
a/azubuke01,2007-08,687456,Kelenna Azubuike,exact_normalized,0.99
p/pruitga01,2007-08,650000,Gabe Pruitt,exact_normalized,0.99
m/mccoyje01,2007-08,634620,Jelani McCoy,exact_normalized,0.99
m/mahinia01,2007-08,625840,Ian Mahinmi,exact_normalized,0.99
j/jonesda02,2007-08,584757,Dahntay Jones,exact_normalized,0.99
f/frahmri01,2007-08,566625,Richie Frahm,exact_normalized,0.99
u/udrihbe01,2007-08,561544,Beno Udrih,exact_normalized,0.99
n/navarju01,2007-08,538090,Juan Carlos Navarro,exact_normalized,0.99
m/moonja01,2007-08,427163,Jamario Moon,exact_normalized,0.99
g/gardnth01,2007-08,427163,Thomas Gardner,exact_normalized,0.99
s/sessira01,2007-08,427163,Ramon Sessions,exact_normalized,0.99
m/mcguido01,2007-08,427163,Dominic McGuire,exact_normalized,0.99
n/nichode01,2007-08,427163,Demetris Nichols,exact_normalized,0.99
s/shakumu01,2007-08,427163,Mustafa Shakur,exact_normalized,0.99
w/watkida01,2007-08,427163,Darryl Watkins,exact_normalized,0.99
k/karlco01,2007-08,427163,Coby Karl,exact_normalized,0.99
l/landrca01,2007-08,427163,Carl Landry,exact_normalized,0.99
h/hillhe02,2007-08,427163,Herbert Hill,exact_normalized,0.99
s/sambch01,2007-08,427163,Cheikh Samb,exact_normalized,0.99
w/westma02,2007-08,427163,Mario West,exact_normalized,0.99
d/davisgl01,2007-08,427163,Glen Davis,exact_normalized,0.99
c/curryja01,2007-08,427163,JamesOn Curry,exact_normalized,0.99
g/gortama01,2007-08,427163,Marcin Gortat,exact_normalized,0.99
d/davidje01,2007-08,427163,Jermareo Davidson,exact_normalized,0.99
g/grayaa01,2007-08,427163,Aaron Gray,exact_normalized,0.99
g/greenta01,2007-08,427163,Taurean Green,exact_normalized,0.99
m/mcrobjo01,2007-08,427163,Josh McRoberts,exact_normalized,0.99
r/richach01,2007-08,427163,Chris Richard,exact_normalized,0.99
t/tollian01,2007-08,427163,Anthony Tolliver,exact_normalized,0.99
s/strawdj01,2007-08,427163,D.J. Strawberry,exact_normalized,0.99
w/webbech01,2007-08,358107,Chris Webber,exact_normalized,0.99
b/boykiea01,2007-08,349041,Earl Boykins,exact_normalized,0.99
s/stoudda01,2007-08,335442,Damon Stoudamire,exact_normalized,0.99
s/simsco01,2007-08,319116,Courtney Sims,exact_normalized,0.99
l/langfke01,2007-08,278912,Keith Langford,exact_normalized,0.99
w/watsocj01,2007-08,251272,C.J. Watson,exact_normalized,0.99
r/richaje01,2007-08,238588,Jeremy Richardson,exact_normalized,0.99
m/magloja01,2007-08,231183,Jamaal Magloire,exact_normalized,0.99
b/brownpj01,2007-08,226650,P.J. Brown,exact_normalized,0.99
g/giricgo01,2007-08,199452,Gordan Giricek,exact_normalized,0.99
r/ratlith01,2007-08,199452,Theo Ratliff,exact_normalized,0.99
c/cassesa01,2007-08,199452,Sam Cassell,exact_normalized,0.99
l/luety01,2007-08,199452,Tyronn Lue,exact_normalized,0.99
p/parkesm01,2007-08,181320,Smush Parker,exact_normalized,0.99
b/barrybr01,2007-08,172177,Brent Barry,exact_normalized,0.99
w/woodslo01,2007-08,142201,Loren Woods,exact_normalized,0.99
f/fazekni01,2007-08,125636,Nick Fazekas,exact_normalized,0.99
n/newblir01,2007-08,122391,Ira Newble,exact_normalized,0.99
h/harrimi01,2007-08,100509,Mike Harris,exact_normalized,0.99
a/allrela01,2007-08,87945,Lance Allred,exact_normalized,0.99
a/ahearbl01,2007-08,67844,Blake Ahearn,exact_normalized,0.99
l/lasmest01,2007-08,67844,Stephane Lasme,exact_normalized,0.99
d/duprero01,2007-08,63462,Ronald Dupree,exact_normalized,0.99
p/powelka01,2007-08,36395,Kasib Powell,exact_normalized,0.99
j/johnsde03,2007-08,27198,DerMarr Johnson,exact_normalized,0.99
j/johnsli01,2007-08,4533,Linton Johnson,exact_normalized,0.99
t/thomabi01,2007-08,4533,Billy Thomas,exact_normalized,0.99
g/garneke01,2008-09,24751934,Kevin Garnett,exact_normalized,0.99
k/kiddja01,2008-09,21372000,Jason Kidd,exact_normalized,0.99
o/onealje01,2008-09,21372000,Jermaine O'Neal,exact_normalized,0.99
b/bryanko01,2008-09,21262500,Kobe Bryant,exact_normalized,0.99
o/onealsh01,2008-09,21000000,Shaquille O'Neal,exact_normalized,0.99
i/iversal01,2008-09,20840625,Allen Iverson,exact_normalized,0.99
m/marbust01,2008-09,20840625,Stephon Marbury,exact_normalized,0.99
d/duncati01,2008-09,20598704,Tim Duncan,exact_normalized,0.99
m/mcgratr01,2008-09,20370437,Tracy McGrady,exact_normalized,0.99
a/allenra02,2008-09,18388430,Ray Allen,exact_normalized,0.99
n/nowitdi01,2008-09,18077904,Dirk Nowitzki,exact_normalized,0.99
p/piercpa01,2008-09,18077903,Paul Pierce,exact_normalized,0.99
m/mariosh01,2008-09,17810000,Shawn Marion,exact_normalized,0.99
l/lewisra02,2008-09,16447871,Rashard Lewis,exact_normalized,0.99
r/reddmi01,2008-09,15780000,Michael Redd,exact_normalized,0.99
g/gasolpa01,2008-09,15106000,Pau Gasol,exact_normalized,0.99
k/kirilan01,2008-09,15106000,Andrei Kirilenko,exact_normalized,0.99
s/stoudam01,2008-09,15070550,Amar'e Stoudemire,exact_normalized,0.99
m/mingya01,2008-09,15070550,Yao Ming,fuzzy_95,0.95
b/bibbymi01,2008-09,14983603,Mike Bibby,exact_normalized,0.99
c/cartevi01,2008-09,14724125,Vince Carter,exact_normalized,0.99
r/randoza01,2008-09,14666667,Zach Randolph,exact_normalized,0.99
a/arenagi01,2008-09,14653466,Gilbert Arenas,exact_normalized,0.99
w/wallabe01,2008-09,14500000,Ben Wallace,exact_normalized,0.99
m/martike01,2008-09,14431816,Kenyon Martin,exact_normalized,0.99
w/wadedw01,2008-09,14410581,Dwyane Wade,exact_normalized,0.99
b/boshch01,2008-09,14410581,Chris Bosh,exact_normalized,0.99
a/anthoca01,2008-09,14410581,Carmelo Anthony,exact_normalized,0.99
j/jamesle01,2008-09,14410581,LeBron James,exact_normalized,0.99
j/johnsjo02,2008-09,14232567,Joe Johnson,exact_normalized,0.99
o/odomla01,2008-09,14148596,Lamar Odom,exact_normalized,0.99
w/wallara01,2008-09,13930000,Rasheed Wallace,exact_normalized,0.99
s/szczewa02,2008-09,13775000,Wally Szczerbiak,exact_normalized,0.99
h/howardw01,2008-09,13758000,Dwight Howard,exact_normalized,0.99
b/brandel01,2008-09,13757844,Elton Brand,exact_normalized,0.99
j/jefferi01,2008-09,13200000,Richard Jefferson,exact_normalized,0.99
h/hughela01,2008-09,12827676,Larry Hughes,exact_normalized,0.99
l/lafrera01,2008-09,12722500,Raef LaFrentz,exact_normalized,0.99
s/stojape01,2008-09,12528000,Peja Stojakovic,exact_normalized,0.99
n/nashst01,2008-09,12250000,Steve Nash,exact_normalized,0.99
r/richaja01,2008-09,12222221,Jason Richardson,exact_normalized,0.99
b/boozeca01,2008-09,11593817,Carlos Boozer,exact_normalized,0.99
d/dampier01,2008-09,11553000,Erick Dampier,exact_normalized,0.99
p/parketo01,2008-09,11550000,Tony Parker,exact_normalized,0.99
m/millebr01,2008-09,11375000,Brad Miller,exact_normalized,0.99
c/chandty01,2008-09,11350000,Tyson Chandler,exact_normalized,0.99
i/iguodan01,2008-09,11300000,Andre Iguodala,exact_normalized,0.99
d/davisba01,2008-09,11250000,Baron Davis,exact_normalized,0.99
d/dalemsa01,2008-09,11238564,Samuel Dalembert,exact_normalized,0.99
b/billuch01,2008-09,11050000,Chauncey Billups,exact_normalized,0.99
e/ellismo01,2008-09,11000000,Monta Ellis,exact_normalized,0.99
j/jeffeal01,2008-09,11000000,Al Jefferson,exact_normalized,0.99
i/ilgauzy01,2008-09,10841615,Zydrunas Ilgauskas,exact_normalized,0.99
h/hamilri01,2008-09,10812500,Richard Hamilton,exact_normalized,0.99
s/simmobo01,2008-09,10602667,Bobby Simmons,exact_normalized,0.99
m/millean02,2008-09,10333334,Andre Miller,exact_normalized,0.99
m/murphtr01,2008-09,10126984,Troy Murphy,exact_normalized,0.99
c/cambyma01,2008-09,10000000,Marcus Camby,exact_normalized,0.99
s/smithjo03,2008-09,10000000,Josh Smith,exact_normalized,0.99
h/hinriki01,2008-09,10000000,Kirk Hinrich,exact_normalized,0.99
h/howarjo01,2008-09,9945000,Josh Howard,exact_normalized,0.99
j/jamisan01,2008-09,9923285,Antawn Jamison,exact_normalized,0.99
g/ginobma01,2008-09,9905248,Manu Ginobili,exact_normalized,0.99
w/westda01,2008-09,9862500,David West,exact_normalized,0.99
c/curryed01,2008-09,9723983,Eddy Curry,exact_normalized,0.99
o/okafoem01,2008-09,9537500,Emeka Okafor,exact_normalized,0.99
k/kamanch01,2008-09,9500000,Chris Kaman,exact_normalized,0.99
w/wallage01,2008-09,9500000,Gerald Wallace,exact_normalized,0.99
p/princta01,2008-09,9500000,Tayshaun Prince,exact_normalized,0.99
d/denglu01,2008-09,9385000,Luol Deng,exact_normalized,0.99
b/butleca01,2008-09,9249980,Caron Butler,exact_normalized,0.99
h/harrial01,2008-09,9226250,Al Harrington,exact_normalized,0.99
t/terryja01,2008-09,9196000,Jason Terry,exact_normalized,0.99
w/walkean02,2008-09,9052460,Antoine Walker,exact_normalized,0.99
m/millemi01,2008-09,9028575,Mike Miller,exact_normalized,0.99
b/biedran01,2008-09,9000000,Andris Biedrins,exact_normalized,0.99
d/diawbo01,2008-09,9000000,Boris Diaw,exact_normalized,0.99
m/moblecu01,2008-09,8925000,Cuttino Mobley,exact_normalized,0.99
m/martike02,2008-09,8760335,Kevin Martin,exact_normalized,0.99
r/richaqu01,2008-09,8685500,Quentin Richardson,exact_normalized,0.99
c/crawfja01,2008-09,8640000,Jamal Crawford,exact_normalized,0.99
t/thomake01,2008-09,8562500,Kenny Thomas,exact_normalized,0.99
b/blounma01,2008-09,8513916,Mark Blount,exact_normalized,0.99
o/okurme01,2008-09,8500000,Mehmet Okur,exact_normalized,0.99
n/nestera01,2008-09,8400000,Rasho Nesterovic,exact_normalized,0.99
w/willima01,2008-09,8353000,Mo Williams,exact_normalized,0.99
m/maggeco01,2008-09,8275862,Corey Maggette,exact_normalized,0.99
n/nocioan01,2008-09,8000000,Andres Nocioni,exact_normalized,0.99
f/fordtj01,2008-09,8000000,T.J. Ford,exact_normalized,0.99
h/harride01,2008-09,7800000,Devin Harris,exact_normalized,0.99
n/nelsoja01,2008-09,7700000,Jameer Nelson,exact_normalized,0.99
r/rosema01,2008-09,7647500,Malik Rose,exact_normalized,0.99
c/caldejo01,2008-09,7438018,Jose Calderon,exact_normalized,0.99
a/artesro01,2008-09,7400000,Metta World Peace,exact_normalized,0.99
s/snower01,2008-09,7312500,Eric Snow,exact_normalized,0.99
j/jacksst02,2008-09,7140000,Stephen Jackson,exact_normalized,0.99
m/milicda01,2008-09,7020000,Darko Milicic,exact_normalized,0.99
s/stackje01,2008-09,7000000,Jerry Stackhouse,exact_normalized,0.99
d/daniema01,2008-09,6864200,Marquis Daniels,exact_normalized,0.99
t/turkohe01,2008-09,6864200,Hedo Turkoglu,exact_normalized,0.99
t/thomaet01,2008-09,6864200,Etan Thomas,exact_normalized,0.99
t/tinslja01,2008-09,6750000,Jamaal Tinsley,exact_normalized,0.99
w/wilcoch01,2008-09,6750000,Chris Wilcox,exact_normalized,0.99
j/jaricma01,2008-09,6575000,Marko Jaric,exact_normalized,0.99
h/hasleud01,2008-09,6575000,Udonis Haslem,exact_normalized,0.99
r/ridnolu01,2008-09,6500000,Luke Ridnour,exact_normalized,0.99
j/jacksbo01,2008-09,6487888,Bobby Jackson,exact_normalized,0.99
b/battish01,2008-09,6448900,Shane Battier,exact_normalized,0.99
g/gordobe01,2008-09,6404750,Ben Gordon,exact_normalized,0.99
c/collini01,2008-09,6350000,Nick Collison,exact_normalized,0.99
p/przybjo01,2008-09,6310150,Joel Przybilla,exact_normalized,0.99
c/cardibr01,2008-09,6300000,Brian Cardinal,exact_normalized,0.99
b/bogutan01,2008-09,6294195,Andrew Bogut,exact_normalized,0.99
g/gadzuda01,2008-09,6250195,Dan Gadzuric,exact_normalized,0.99
a/abdursh01,2008-09,6200000,Shareef Abdur-Rahim,exact_normalized,0.99
w/watsoea01,2008-09,6200000,Earl Watson,exact_normalized,0.99
d/daniean01,2008-09,6200000,Antonio Daniels,exact_normalized,0.99
c/collija04,2008-09,6200000,Jason Collins,exact_normalized,0.99
j/jamesje01,2008-09,6200000,Jerome James,exact_normalized,0.99
b/barbole01,2008-09,6100000,Leandro Barbosa,exact_normalized,0.99
s/salmojo01,2008-09,6077151,John Salmons,exact_normalized,0.99
m/mohamna01,2008-09,6049400,Nazr Mohammed,exact_normalized,0.99
j/jeffrja01,2008-09,6049400,Jared Jeffries,exact_normalized,0.99
t/thomati01,2008-09,6049400,Tim Thomas,exact_normalized,0.99
r/radmavl01,2008-09,6049400,Vladimir Radmanovic,exact_normalized,0.99
h/harprma01,2008-09,6000000,Matt Harpring,exact_normalized,0.99
k/kaponja01,2008-09,5784480,Jason Kapono,exact_normalized,0.99
v/varejan01,2008-09,5784480,Anderson Varejao,exact_normalized,0.99
c/claxtsp01,2008-09,5757818,Speedy Claxton,exact_normalized,0.99
b/battito01,2008-09,5746000,Tony Battie,exact_normalized,0.99
w/willima02,2008-09,5636142,Marvin Williams,exact_normalized,0.99
m/mooremi01,2008-09,5632200,Mikki Moore,exact_normalized,0.99
p/petermo01,2008-09,5592240,Morris Peterson,exact_normalized,0.99
d/duhonch01,2008-09,5585000,Chris Duhon,exact_normalized,0.99
p/poseyja01,2008-09,5585000,James Posey,exact_normalized,0.99
u/udrihbe01,2008-09,5585000,Beno Udrih,exact_normalized,0.99
d/diopde01,2008-09,5585000,DeSagana Diop,exact_normalized,0.99
h/haywobr01,2008-09,5500000,Brendan Haywood,exact_normalized,0.99
f/fosteje01,2008-09,5500000,Jeff Foster,exact_normalized,0.99
p/pietrmi01,2008-09,5300000,Mickael Pietrus,exact_normalized,0.99
m/masonde01,2008-09,5300000,Desmond Mason,exact_normalized,0.99
b/bargnan01,2008-09,5176440,Andrea Bargnani,exact_normalized,0.99
w/willide01,2008-09,5069449,Deron Williams,exact_normalized,0.99
c/carroma01,2008-09,5050000,Matt Carroll,exact_normalized,0.99
o/odengr01,2008-09,5011680,Greg Oden,exact_normalized,0.99
b/bellra01,2008-09,5000000,Raja Bell,exact_normalized,0.99
s/smithjr01,2008-09,4985001,JR Smith,exact_normalized,0.99
k/korveky01,2008-09,4956818,Kyle Korver,exact_normalized,0.99
a/alstora01,2008-09,4900000,Rafer Alston,exact_normalized,0.99
r/rosede01,2008-09,4822800,Derrick Rose,exact_normalized,0.99
k/krstine01,2008-09,4778548,Nenad Krstic,exact_normalized,0.99
f/fishede01,2008-09,4700000,Derek Fisher,exact_normalized,0.99
e/evansre01,2008-09,4640000,Reggie Evans,exact_normalized,0.99
a/aldrila01,2008-09,4631400,LaMarcus Aldridge,exact_normalized,0.99
p/perkike01,2008-09,4578880,Kendrick Perkins,exact_normalized,0.99
p/paulch01,2008-09,4574189,Chris Paul,exact_normalized,0.99
p/parkean01,2008-09,4550000,Anthony Parker,exact_normalized,0.99
v/vujacsa01,2008-09,4524887,Sasha Vujacic,exact_normalized,0.99
p/pavloal01,2008-09,4500000,Sasha Pavlovic,exact_normalized,0.99
t/turiaro01,2008-09,4500000,Ronny Turiaf,exact_normalized,0.99
w/willilo02,2008-09,4500000,Lou Williams,exact_normalized,0.99
d/duranke01,2008-09,4484040,Kevin Durant,exact_normalized,0.99
j/jonesda01,2008-09,4460186,Damon Jones,exact_normalized,0.99
w/waltolu01,2008-09,4420000,Luke Walton,exact_normalized,0.99
h/hassetr01,2008-09,4350000,Trenton Hassell,exact_normalized,0.99
b/beaslmi01,2008-09,4314960,Michael Beasley,exact_normalized,0.99
b/banksma01,2008-09,4260000,Marcus Banks,exact_normalized,0.99
b/blakest01,2008-09,4250000,Steve Blake,exact_normalized,0.99
s/songada01,2008-09,4235000,Darius Songaila,exact_normalized,0.99
t/thomaku01,2008-09,4200000,Kurt Thomas,exact_normalized,0.99
m/morriad01,2008-09,4159200,Adam Morrison,exact_normalized,0.99
f/feltora01,2008-09,4148715,Raymond Felton,exact_normalized,0.99
h/horfoal01,2008-09,4023720,Al Horford,exact_normalized,0.99
b/buckngr01,2008-09,4010005,Greg Buckner,exact_normalized,0.99
j/jonesja02,2008-09,4010000,James Jones,exact_normalized,0.99
b/bowenbr01,2008-09,4000000,Bruce Bowen,exact_normalized,0.99
b/brownkw01,2008-09,4000000,Kwame Brown,exact_normalized,0.99
o/outlatr01,2008-09,4000000,Travis Outlaw,exact_normalized,0.99
p/pachuza01,2008-09,4000000,Zaza Pachulia,exact_normalized,0.99
m/mayooj01,2008-09,3875040,O.J. Mayo,exact_normalized,0.99
h/huntest01,2008-09,3862600,Steven Hunter,exact_normalized,0.99
w/westde01,2008-09,3850000,Delonte West,exact_normalized,0.99
v/vanhoke01,2008-09,3792112,Keith Van Horn,exact_normalized,0.99
w/webstma02,2008-09,3771133,Martell Webster,exact_normalized,0.99
t/thomaty01,2008-09,3749880,Tyrus Thomas,exact_normalized,0.99
g/gibsoda01,2008-09,3700000,Daniel Gibson,exact_normalized,0.99
m/milescj01,2008-09,3700000,CJ Miles,exact_normalized,0.99
j/johnsam01,2008-09,3666667,Amir Johnson,exact_normalized,0.99
g/gomesry01,2008-09,3650000,Ryan Gomes,exact_normalized,0.99
c/conlemi01,2008-09,3630480,Mike Conley,exact_normalized,0.99
b/butlera01,2008-09,3630000,Rasual Butler,exact_normalized,0.99
s/stevede01,2008-09,3616072,DeShawn Stevenson,exact_normalized,0.99
o/obertfa01,2008-09,3600000,Fabricio Oberto,exact_normalized,0.99
s/swiftro01,2008-09,3579131,Robert Swift,exact_normalized,0.99
m/masonro01,2008-09,3500000,Roger Mason Jr.,exact_normalized,0.99
c/cookbr01,2008-09,3500000,Brian Cook,exact_normalized,0.99
w/westbru01,2008-09,3493680,Russell Westbrook,exact_normalized,0.99
v/villach01,2008-09,3448050,Charlie Villanueva,exact_normalized,0.99
w/willish02,2008-09,3395760,Shelden Williams,exact_normalized,0.99
g/greenwi01,2008-09,3388000,Willie Green,exact_normalized,0.99
b/bellch01,2008-09,3354480,Charlie Bell,exact_normalized,0.99
d/doolike01,2008-09,3300000,Keyon Dooling,exact_normalized,0.99
g/greenje02,2008-09,3287640,Jeff Green,exact_normalized,0.99
n/najered01,2008-09,3250000,Eduardo Najera,exact_normalized,0.99
a/atkinch01,2008-09,3240000,Chucky Atkins,exact_normalized,0.99
s/scalabr01,2008-09,3206897,Brian Scalabrine,exact_normalized,0.99
h/humphkr01,2008-09,3200000,Kris Humphries,exact_normalized,0.99
f/fryech01,2008-09,3163769,Channing Frye,exact_normalized,0.99
l/loveke01,2008-09,3163680,Kevin Love,exact_normalized,0.99
s/scolalu01,2008-09,3100667,Luis Scola,exact_normalized,0.99
a/arizatr01,2008-09,3100000,Trevor Ariza,exact_normalized,0.99
w/wilkida02,2008-09,3100000,Damien Wilkins,exact_normalized,0.99
g/gasolma01,2008-09,3093333,Marc Gasol,exact_normalized,0.99
r/roybr01,2008-09,3084240,Brandon Roy,exact_normalized,0.99
l/landrca01,2008-09,3000000,Carl Landry,exact_normalized,0.99
j/jianlyi01,2008-09,2986080,Yi Jianlian,fuzzy_95,0.95
b/bonnema01,2008-09,2978000,Matt Bonner,exact_normalized,0.99
d/dioguik01,2008-09,2912823,Ike Diogu,exact_normalized,0.99
a/azubuke01,2008-09,2900000,Kelenna Azubuike,exact_normalized,0.99
g/gallida01,2008-09,2873520,Danilo Gallinari,exact_normalized,0.99
f/foyera01,2008-09,2815560,Randy Foye,exact_normalized,0.99
b/bynuman01,2008-09,2769300,Andrew Bynum,exact_normalized,0.99
b/blatcan01,2008-09,2739669,Andray Blatche,exact_normalized,0.99
b/breweco01,2008-09,2725920,Corey Brewer,exact_normalized,0.99
m/mayse01,2008-09,2661027,Sean May,exact_normalized,0.99
h/houseed01,2008-09,2650000,Eddie House,exact_normalized,0.99
f/francst01,2008-09,2634480,Steve Francis,exact_normalized,0.99
m/madsema01,2008-09,2630000,Mark Madsen,exact_normalized,0.99
g/gordoer01,2008-09,2623200,Eric Gordon,exact_normalized,0.99
m/mccanra01,2008-09,2620126,Rashad McCants,exact_normalized,0.99
w/wrighdo01,2008-09,2612835,Dorell Wright,exact_normalized,0.99
g/gayru01,2008-09,2579400,Rudy Gay,exact_normalized,0.99
b/boganke01,2008-09,2565000,Keith Bogans,exact_normalized,0.99
m/mihmch01,2008-09,2500000,Chris Mihm,exact_normalized,0.99
e/evansma01,2008-09,2500000,Maurice Evans,exact_normalized,0.99
s/smithcr01,2008-09,2500000,Craig Smith,exact_normalized,0.99
a/allento01,2008-09,2500000,Tony Allen,exact_normalized,0.99
f/finlemi01,2008-09,2500000,Michael Finley,exact_normalized,0.99
w/wrighbr03,2008-09,2497320,Brandan Wright,exact_normalized,0.99
h/hartja01,2008-09,2484000,Jason Hart,exact_normalized,0.99
g/grahajo01,2008-09,2449184,Joey Graham,exact_normalized,0.99
a/alexajo01,2008-09,2403120,Joe Alexander,exact_normalized,0.99
g/grangda01,2008-09,2329805,Danny Granger,exact_normalized,0.99
t/telfase01,2008-09,2300000,Sebastian Telfair,exact_normalized,0.99
d/davisri01,2008-09,2300000,Ricky Davis,exact_normalized,0.99
n/noahjo01,2008-09,2295480,Joakim Noah,exact_normalized,0.99
b/bastoma01,2008-09,2272860,Maceo Baston,exact_normalized,0.99
s/senesa01,2008-09,2252400,Mouhamed Sene,exact_normalized,0.99
l/luety01,2008-09,2250000,Tyronn Lue,exact_normalized,0.99
a/augusdj01,2008-09,2208960,D.J. Augustin,exact_normalized,0.99
h/hawessp01,2008-09,2180760,Spencer Hawes,exact_normalized,0.99
r/redicjj01,2008-09,2139720,JJ Redick,exact_normalized,0.99
w/warriha01,2008-09,2119102,Hakim Warrick,exact_normalized,0.99
l/lopezbr01,2008-09,2098560,Brook Lopez,exact_normalized,0.99
c/collija03,2008-09,2074302,Jarron Collins,exact_normalized,0.99
l/lawac01,2008-09,2071680,Acie Law,exact_normalized,0.99
a/armsthi01,2008-09,2032800,Hilton Armstrong,exact_normalized,0.99
r/robinna01,2008-09,2020179,Nate Robinson,exact_normalized,0.99
j/jackja01,2008-09,2002623,Jarrett Jack,exact_normalized,0.99
k/knighbr01,2008-09,2000000,Brevin Knight,exact_normalized,0.99
b/bayleje01,2008-09,1993560,Jerryd Bayless,exact_normalized,0.99
g/garcifr01,2008-09,1983454,Francisco Garcia,exact_normalized,0.99
h/hillgr01,2008-09,1976400,Grant Hill,exact_normalized,0.99
j/jonesed02,2008-09,1976400,Eddie Jones,exact_normalized,0.99
y/youngth01,2008-09,1968120,Thaddeus Young,exact_normalized,0.99
h/headlu01,2008-09,1962378,Luther Head,exact_normalized,0.99
p/petrojo01,2008-09,1939893,Johan Petro,exact_normalized,0.99
s/sefolth01,2008-09,1931160,Thabo Sefolosha,exact_normalized,0.99
j/johnsan02,2008-09,1910000,Anthony Johnson,exact_normalized,0.99
h/hayesja01,2008-09,1910000,Jarvis Hayes,exact_normalized,0.99
b/barrybr01,2008-09,1910000,Brent Barry,exact_normalized,0.99
t/thompja02,2008-09,1893840,Jason Thompson,exact_normalized,0.99
m/maxieja01,2008-09,1877572,Jason Maxiell,exact_normalized,0.99
w/wrighju01,2008-09,1869600,Julian Wright,exact_normalized,0.99
b/brewero02,2008-09,1834680,Ronnie Brewer,exact_normalized,0.99
k/kleizli01,2008-09,1824493,Linas Kleiza,exact_normalized,0.99
w/wrighan01,2008-09,1800000,Antoine Wright,exact_normalized,0.99
l/leeda02,2008-09,1788033,David Lee,exact_normalized,0.99
t/thornal01,2008-09,1776240,Al Thornton,exact_normalized,0.99
h/hayesch01,2008-09,1768000,Chuck Hayes,exact_normalized,0.99
s/simmoce01,2008-09,1742760,Cedric Simmons,exact_normalized,0.99
r/randoan01,2008-09,1709280,Anthony Randolph,exact_normalized,0.99
e/elsonfr01,2008-09,1700000,Francisco Elson,exact_normalized,0.99
d/dragigo01,2008-09,1700000,Goran Dragic,exact_normalized,0.99
s/stuckro01,2008-09,1687320,Rodney Stuckey,exact_normalized,0.99
c/carnero01,2008-09,1655760,Rodney Carney,exact_normalized,0.99
p/perovko01,2008-09,1634000,Kosta Perovic,exact_normalized,0.99
l/lopezro01,2008-09,1623720,Robin Lopez,exact_normalized,0.99
d/dienetr01,2008-09,1620000,Travis Diener,exact_normalized,0.99
y/youngni01,2008-09,1602960,Nick Young,exact_normalized,0.99
g/georgde01,2008-09,1600000,Devean George,exact_normalized,0.99
w/willish03,2008-09,1572960,Shawne Williams,exact_normalized,0.99
h/haddaha01,2008-09,1572221,Hamed Ehaddadi,fuzzy_96,0.963
s/speigma01,2008-09,1542600,Marreese Speights,exact_normalized,0.99
w/willise01,2008-09,1522920,Sean Williams,exact_normalized,0.99
b/bareajo01,2008-09,1500000,J.J. Barea,exact_normalized,0.99
h/hibbero01,2008-09,1465440,Roy Hibbert,exact_normalized,0.99
b/belinma01,2008-09,1446720,Marco Belinelli,exact_normalized,0.99
p/pecheol01,2008-09,1446720,Oleksiy Pecherov,exact_normalized,0.99
d/doubyqu01,2008-09,1427040,Quincy Douby,exact_normalized,0.99
g/goodedr01,2008-09,1410441,Drew Gooden,exact_normalized,0.99
m/mcgeeja01,2008-09,1392240,JaVale McGee,exact_normalized,0.99
c/crittja01,2008-09,1381560,Javaris Crittenton,exact_normalized,0.99
b/balkmre01,2008-09,1369920,Renaldo Balkman,exact_normalized,0.99
h/hicksjj01,2008-09,1329480,JJ Hickson,exact_normalized,0.99
s/smithja02,2008-09,1326360,Jason Smith,exact_normalized,0.99
b/boothca01,2008-09,1319651,Calvin Booth,exact_normalized,0.99
r/rondora01,2008-09,1315080,Rajon Rondo,exact_normalized,0.99
a/allenma01,2008-09,1300000,Malik Allen,exact_normalized,0.99
a/ajincal01,2008-09,1276320,Alexis Ajinca,exact_normalized,0.99
c/cookda02,2008-09,1273200,Daequan Cook,exact_normalized,0.99
s/skinnbr01,2008-09,1262275,Brian Skinner,exact_normalized,0.99
v/vaughja01,2008-09,1262275,Jacque Vaughn,exact_normalized,0.99
a/anderry01,2008-09,1225200,Ryan Anderson,exact_normalized,0.99
d/dudleja01,2008-09,1222320,Jared Dudley,exact_normalized,0.99
b/boonejo01,2008-09,1212120,Josh Boone,exact_normalized,0.99
s/smithjo02,2008-09,1200000,Joe Smith,exact_normalized,0.99
p/pricero01,2008-09,1188000,Ronnie Price,exact_normalized,0.99
k/koufoko01,2008-09,1176240,Kosta Koufos,exact_normalized,0.99
l/leeco01,2008-09,1176240,Courtney Lee,exact_normalized,0.99
c/chandwi01,2008-09,1173480,Wilson Chandler,exact_normalized,0.99
l/lowryky01,2008-09,1163520,Kyle Lowry,exact_normalized,0.99
a/almonmo01,2008-09,1081440,Morris Almond,exact_normalized,0.99
u/udokaim01,2008-09,1080000,Ime Udoka,exact_normalized,0.99
f/farmajo01,2008-09,1080000,Jordan Farmar,exact_normalized,0.99
b/brookaa01,2008-09,1045560,Aaron Brooks,exact_normalized,0.99
a/agerma01,2008-09,1042440,Maurice Ager,exact_normalized,0.99
b/batumni01,2008-09,1040640,Nicolas Batum,exact_normalized,0.99
c/collima01,2008-09,1034760,Mardy Collins,exact_normalized,0.99
a/afflaar01,2008-09,1015440,Arron Afflalo,exact_normalized,0.99
h/hillge01,2008-09,1006200,George Hill,exact_normalized,0.99
t/tuckeal02,2008-09,1001880,Alando Tucker,exact_normalized,0.99
w/woodslo01,2008-09,998581,Loren Woods,exact_normalized,0.99
e/elyme01,2008-09,998398,Melvin Ely,exact_normalized,0.99
b/brownde02,2008-09,998398,Devin Brown,exact_normalized,0.99
a/arthuda01,2008-09,977160,Darrell Arthur,exact_normalized,0.99
h/holliry01,2008-09,972581,Ryan Hollins,exact_normalized,0.99
q/quinnch01,2008-09,972581,Chris Quinn,exact_normalized,0.99
w/whitedj01,2008-09,964080,D.J. White,exact_normalized,0.99
g/giddejr01,2008-09,957120,J.R. Giddens,exact_normalized,0.99
r/richach01,2008-09,886517,Chris Richard,exact_normalized,0.99
d/diawaya01,2008-09,875000,Yakhouba Diawara,exact_normalized,0.99
i/iveyro01,2008-09,854957,Royal Ivey,exact_normalized,0.99
p/poweljo01,2008-09,854957,Josh Powell,exact_normalized,0.99
l/livinsh01,2008-09,854957,Shaun Livingston,exact_normalized,0.99
m/mahinia01,2008-09,841000,Ian Mahinmi,exact_normalized,0.99
g/grahast01,2008-09,826269,Stephen Graham,exact_normalized,0.99
s/stoudsa01,2008-09,826269,Salim Stoudamire,exact_normalized,0.99
b/bassbr01,2008-09,826269,Brandon Bass,exact_normalized,0.99
d/dorsejo01,2008-09,816500,Joey Dorsey,exact_normalized,0.99
f/fesenky01,2008-09,810000,Kyrylo Fesenko,exact_normalized,0.99
g/greendo01,2008-09,809300,Donte Greene,exact_normalized,0.99
w/weaveky01,2008-09,806452,Kyle Weaver,exact_normalized,0.99
o/obryapa01,2008-09,797581,Patrick O'Bryant,exact_normalized,0.99
m/marksse01,2008-09,797581,Sean Marks,exact_normalized,0.99
p/powele01,2008-09,797581,Leon Powe,exact_normalized,0.99
j/jackslu02,2008-09,797581,Luke Jackson,exact_normalized,0.99
w/willija02,2008-09,797581,Jason Williams,exact_normalized,0.99
m/magloja01,2008-09,797581,Jamaal Magloire,exact_normalized,0.99
d/davispa01,2008-09,797581,Paul Davis,exact_normalized,0.99
s/singlja01,2008-09,797581,James Singleton,exact_normalized,0.99
w/wilksmi01,2008-09,797581,Mike Wilks,exact_normalized,0.99
r/ruffimi01,2008-09,797581,Michael Ruffin,exact_normalized,0.99
o/ollieke01,2008-09,797581,Kevin Ollie,exact_normalized,0.99
b/bowenry01,2008-09,797581,Ryan Bowen,exact_normalized,0.99
f/farmede01,2008-09,797581,Desmon Farmer,exact_normalized,0.99
j/johnsde03,2008-09,797581,DerMarr Johnson,exact_normalized,0.99
c/croshau01,2008-09,797581,Austin Croshere,exact_normalized,0.99
d/dickada01,2008-09,797581,Dan Dickau,exact_normalized,0.99
m/millspa01,2008-09,797581,Paul Millsap,exact_normalized,0.99
m/marshdo01,2008-09,797581,Donyell Marshall,exact_normalized,0.99
w/wafervo01,2008-09,797581,Von Wafer,exact_normalized,0.99
j/johnsli01,2008-09,797581,Linton Johnson,exact_normalized,0.99
f/foylead01,2008-09,797581,Adonal Foyle,exact_normalized,0.99
a/amundlo01,2008-09,797581,Lou Amundson,exact_normalized,0.99
r/rossqu01,2008-09,797581,Quinton Ross,exact_normalized,0.99
g/greende01,2008-09,797581,Devin Green,exact_normalized,0.99
n/novakst01,2008-09,797581,Steve Novak,exact_normalized,0.99
b/brownsh01,2008-09,797581,Shannon Brown,exact_normalized,0.99
b/brownan01,2008-09,797581,Andre Brown,exact_normalized,0.99
r/ratlith01,2008-09,797581,Theo Ratliff,exact_normalized,0.99
r/roberan02,2008-09,797581,Anthony Roberson,exact_normalized,0.99
r/rushka01,2008-09,797581,Kareem Rush,exact_normalized,0.99
m/mcleoke01,2008-09,797581,Keith McLeod,exact_normalized,0.99
h/harrida01,2008-09,797581,David Harrison,exact_normalized,0.99
g/greenge01,2008-09,797581,Gerald Green,exact_normalized,0.99
k/kinseta01,2008-09,797581,Tarence Kinsey,exact_normalized,0.99
b/barnema02,2008-09,797581,Matt Barnes,exact_normalized,0.99
r/randosh01,2008-09,797581,Shavlik Randolph,exact_normalized,0.99
c/cartean01,2008-09,797581,Anthony Carter,exact_normalized,0.99
j/jonesda02,2008-09,797581,Dahntay Jones,exact_normalized,0.99
a/anderch01,2008-09,797581,Chris Andersen,exact_normalized,0.99
w/wrighlo02,2008-09,797581,Lorenzen Wright,exact_normalized,0.99
j/jonesso01,2008-09,797581,Solomon Jones,exact_normalized,0.99
c/cassesa01,2008-09,797581,Sam Cassell,exact_normalized,0.99
m/morrira01,2008-09,797581,Randolph Morris,exact_normalized,0.99
d/dixonju01,2008-09,797581,Juan Dixon,exact_normalized,0.99
m/mbahalu01,2008-09,757000,Luc Mbah a Moute,exact_normalized,0.99
s/sessira01,2008-09,722517,Ramon Sessions,exact_normalized,0.99
h/hunteli01,2008-09,722515,Lindsey Hunter,exact_normalized,0.99
m/moonja01,2008-09,711517,Jamario Moon,exact_normalized,0.99
g/gardnth01,2008-09,711517,Thomas Gardner,exact_normalized,0.99
a/adamsha01,2008-09,711517,Hassan Adams,exact_normalized,0.99
m/mcguido01,2008-09,711517,Dominic McGuire,exact_normalized,0.99
n/nichode01,2008-09,711517,Demetris Nichols,exact_normalized,0.99
h/harrimi01,2008-09,711517,Mike Harris,exact_normalized,0.99
w/watkida01,2008-09,711517,Darryl Watkins,exact_normalized,0.99
s/solomwi01,2008-09,711517,Will Solomon,exact_normalized,0.99
k/karlco01,2008-09,711517,Coby Karl,exact_normalized,0.99
w/watsocj01,2008-09,711517,C.J. Watson,exact_normalized,0.99
s/sambch01,2008-09,711517,Cheikh Samb,exact_normalized,0.99
w/westma02,2008-09,711517,Mario West,exact_normalized,0.99
d/davisgl01,2008-09,711517,Glen Davis,exact_normalized,0.99
c/curryja01,2008-09,711517,JamesOn Curry,exact_normalized,0.99
a/ackeral01,2008-09,711517,Alex Acker,exact_normalized,0.99
g/gortama01,2008-09,711517,Marcin Gortat,exact_normalized,0.99
a/allrela01,2008-09,711517,Lance Allred,exact_normalized,0.99
g/grayaa01,2008-09,711517,Aaron Gray,exact_normalized,0.99
g/greenta01,2008-09,711517,Taurean Green,exact_normalized,0.99
m/mcrobjo01,2008-09,711517,Josh McRoberts,exact_normalized,0.99
t/tollian01,2008-09,711517,Anthony Tolliver,exact_normalized,0.99
s/strawdj01,2008-09,711517,D.J. Strawberry,exact_normalized,0.99
p/pruitga01,2008-09,711517,Gabe Pruitt,exact_normalized,0.99
l/lasmest01,2008-09,711517,Stephane Lasme,exact_normalized,0.99
b/bynumwi01,2008-09,711517,Will Bynum,exact_normalized,0.99
c/chalmma01,2008-09,700000,Mario Chalmers,exact_normalized,0.99
j/jonesdw02,2008-09,670906,Dwayne Jones II,exact_normalized,0.99
a/ahearbl01,2008-09,631995,Blake Ahearn,exact_normalized,0.99
m/mcdyean01,2008-09,600532,Antonio McDyess,exact_normalized,0.99
r/richaje01,2008-09,591148,Jeremy Richardson,exact_normalized,0.99
h/howarju01,2008-09,586457,Juwan Howard,exact_normalized,0.99
v/voskuja01,2008-09,577073,Jake Voskuhl,exact_normalized,0.99
j/jordade01,2008-09,550000,DeAndre Jordan,exact_normalized,0.99
w/walkebi01,2008-09,542114,Henry Walker,exact_normalized,0.99
m/mutomdi01,2008-09,502007,Dikembe Mutombo,exact_normalized,0.99
t/taylomi01,2008-09,500000,Mike Taylor,exact_normalized,0.99
j/jonesfr01,2008-09,459782,Fred Jones,exact_normalized,0.99
m/milesda01,2008-09,450399,Darius Miles,exact_normalized,0.99
j/jacksda01,2008-09,450000,Darnell Jackson,exact_normalized,0.99
c/crawfjo01,2008-09,442114,Joe Crawford,exact_normalized,0.99
h/hillst01,2008-09,442114,Steven Hill,exact_normalized,0.99
m/morroan01,2008-09,442114,Anthony Morrow,exact_normalized,0.99
w/weemsso01,2008-09,442114,Sonny Weems,exact_normalized,0.99
s/singlse01,2008-09,442114,Sean Singletary,exact_normalized,0.99
y/yuesu01,2008-09,442114,Sun Yue,fuzzy_95,0.95
j/jawaina01,2008-09,442114,Nathan Jawai,exact_normalized,0.99
s/sharpwa01,2008-09,442114,Walter Sharpe,exact_normalized,0.99
r/richaja01,2008-09,442114,Jason Richards,fuzzy_93,0.933
b/brownbo02,2008-09,442114,Bobby Brown,exact_normalized,0.99
n/nelsode01,2008-09,442114,DeMarcus Nelson,exact_normalized,0.99
d/douglch01,2008-09,442114,Chris Douglas-Roberts,exact_normalized,0.99
k/kurzro01,2008-09,442114,Rob Kurz,exact_normalized,0.99
h/hunteot01,2008-09,442114,Othello Hunter,exact_normalized,0.99
d/davidje01,2008-09,422725,Jermareo Davidson,exact_normalized,0.99
h/hairsma01,2008-09,299077,Malik Hairston,exact_normalized,0.99
s/swiftst01,2008-09,201741,Stromile Swift,exact_normalized,0.99
w/whiteja02,2008-09,184157,James White,exact_normalized,0.99
j/jeffedo01,2008-09,93624,Dontell Jefferson,exact_normalized,0.99
m/martica01,2008-09,52014,Cartier Martin,exact_normalized,0.99
j/johnstr01,2008-09,46917,Trey Johnson,exact_normalized,0.99
g/gilled01,2008-09,46917,Eddie Gill,exact_normalized,0.99
b/bryanko01,2009-10,23034375,Kobe Bryant,exact_normalized,0.99
o/onealje01,2009-10,23016000,Jermaine O'Neal,exact_normalized,0.99
m/mcgratr01,2009-10,22843124,Tracy McGrady,exact_normalized,0.99
d/duncati01,2009-10,22183220,Tim Duncan,exact_normalized,0.99
o/onealsh01,2009-10,21000000,Shaquille O'Neal,exact_normalized,0.99
n/nowitdi01,2009-10,19795714,Dirk Nowitzki,exact_normalized,0.99
p/piercpa01,2009-10,19795712,Paul Pierce,exact_normalized,0.99
a/allenra02,2009-10,18776860,Ray Allen,exact_normalized,0.99
l/lewisra02,2009-10,18010791,Rashard Lewis,exact_normalized,0.99
r/reddmi01,2009-10,17040000,Michael Redd,exact_normalized,0.99
g/gasolpa01,2009-10,16452000,Pau Gasol,exact_normalized,0.99
k/kirilan01,2009-10,16452000,Andrei Kirilenko,exact_normalized,0.99
g/garneke01,2009-10,16417044,Kevin Garnett,exact_normalized,0.99
s/stoudam01,2009-10,16378325,Amar'e Stoudemire,exact_normalized,0.99
m/mingya01,2009-10,16378325,Yao Ming,fuzzy_95,0.95
a/arenagi01,2009-10,16192080,Gilbert Arenas,exact_normalized,0.99
c/cartevi01,2009-10,16123250,Vince Carter,exact_normalized,0.99
r/randoza01,2009-10,16000000,Zach Randolph,exact_normalized,0.99
m/martike01,2009-10,15852511,Kenyon Martin,exact_normalized,0.99
w/wadedw01,2009-10,15779912,Dwyane Wade,exact_normalized,0.99
b/boshch01,2009-10,15779912,Chris Bosh,exact_normalized,0.99
a/anthoca01,2009-10,15779912,Carmelo Anthony,exact_normalized,0.99
j/jamesle01,2009-10,15779912,LeBron James,exact_normalized,0.99
h/howardw01,2009-10,15202590,Dwight Howard,exact_normalized,0.99
j/johnsjo02,2009-10,14976754,Joe Johnson,exact_normalized,0.99
b/brandel01,2009-10,14858472,Elton Brand,exact_normalized,0.99
j/jefferi01,2009-10,14200000,Richard Jefferson,exact_normalized,0.99
p/paulch01,2009-10,13520500,Chris Paul,exact_normalized,0.99
w/willide01,2009-10,13520500,Deron Williams,exact_normalized,0.99
s/stojape01,2009-10,13392000,Peja Stojakovic,exact_normalized,0.99
r/richaja01,2009-10,13333332,Jason Richardson,exact_normalized,0.99
n/nashst01,2009-10,13125000,Steve Nash,exact_normalized,0.99
p/parketo01,2009-10,12600000,Tony Parker,exact_normalized,0.99
b/bynuman01,2009-10,12500000,Andrew Bynum,exact_normalized,0.99
b/boozeca01,2009-10,12323900,Carlos Boozer,exact_normalized,0.99
m/millebr01,2009-10,12250000,Brad Miller,exact_normalized,0.99
i/iguodan01,2009-10,12200000,Andre Iguodala,exact_normalized,0.99
d/dampier01,2009-10,12115500,Erick Dampier,exact_normalized,0.99
d/davisba01,2009-10,12100000,Baron Davis,exact_normalized,0.99
b/billuch01,2009-10,12100000,Chauncey Billups,exact_normalized,0.99
d/dalemsa01,2009-10,12025694,Samuel Dalembert,exact_normalized,0.99
j/jeffeal01,2009-10,12000000,Al Jefferson,exact_normalized,0.99
c/chandty01,2009-10,11700000,Tyson Chandler,exact_normalized,0.99
j/jamisan01,2009-10,11641095,Antawn Jamison,exact_normalized,0.99
h/hamilri01,2009-10,11375000,Richard Hamilton,exact_normalized,0.99
s/simmobo01,2009-10,11242666,Bobby Simmons,exact_normalized,0.99
m/murphtr01,2009-10,11047619,Troy Murphy,exact_normalized,0.99
e/ellismo01,2009-10,11000000,Monta Ellis,exact_normalized,0.99
h/howarjo01,2009-10,10890000,Josh Howard,exact_normalized,0.99
s/smithjo03,2009-10,10800000,Josh Smith,exact_normalized,0.99
o/okafoem01,2009-10,10797500,Emeka Okafor,exact_normalized,0.99
g/ginobma01,2009-10,10728130,Manu Ginobili,exact_normalized,0.99
c/curryed01,2009-10,10500423,Eddy Curry,exact_normalized,0.99
k/kamanch01,2009-10,10400000,Chris Kaman,exact_normalized,0.99
d/denglu01,2009-10,10365000,Luol Deng,exact_normalized,0.99
p/princta01,2009-10,10324380,Tayshaun Prince,exact_normalized,0.99
g/grangda01,2009-10,10130500,Danny Granger,exact_normalized,0.99
h/harrial01,2009-10,10026875,Al Harrington,exact_normalized,0.99
b/bogutan01,2009-10,10000000,Andrew Bogut,exact_normalized,0.99
g/gordobe01,2009-10,10000000,Ben Gordon,exact_normalized,0.99
b/butleca01,2009-10,9780970,Caron Butler,exact_normalized,0.99
m/millemi01,2009-10,9780937,Mike Miller,exact_normalized,0.99
m/martike02,2009-10,9680170,Kevin Martin,exact_normalized,0.99
w/wallage01,2009-10,9500000,Gerald Wallace,exact_normalized,0.99
m/moblecu01,2009-10,9500000,Cuttino Mobley,exact_normalized,0.99
h/hinriki01,2009-10,9500000,Kirk Hinrich,exact_normalized,0.99
c/crawfja01,2009-10,9360000,Jamal Crawford,exact_normalized,0.99
c/cambyma01,2009-10,9150000,Marcus Camby,exact_normalized,0.99
t/terryja01,2009-10,9075000,Jason Terry,exact_normalized,0.99
w/westda01,2009-10,9075000,David West,exact_normalized,0.99
b/biedran01,2009-10,9000000,Andris Biedrins,exact_normalized,0.99
d/diawbo01,2009-10,9000000,Boris Diaw,exact_normalized,0.99
o/okurme01,2009-10,9000000,Mehmet Okur,exact_normalized,0.99
t/turkohe01,2009-10,9000000,Hedo Turkoglu,exact_normalized,0.99
m/maggeco01,2009-10,8937931,Corey Maggette,exact_normalized,0.99
w/willima01,2009-10,8860000,Mo Williams,exact_normalized,0.99
t/thomake01,2009-10,8775000,Kenny Thomas,exact_normalized,0.99
r/richaqu01,2009-10,8700000,Quentin Richardson,exact_normalized,0.99
f/fordtj01,2009-10,8500000,T.J. Ford,exact_normalized,0.99
h/harride01,2009-10,8400000,Devin Harris,exact_normalized,0.99
c/caldejo01,2009-10,8219009,Jose Calderon,exact_normalized,0.99
k/kiddja01,2009-10,8100000,Jason Kidd,exact_normalized,0.99
n/nelsoja01,2009-10,8100000,Jameer Nelson,exact_normalized,0.99
b/blounma01,2009-10,7967375,Mark Blount,exact_normalized,0.99
t/thomaet01,2009-10,7906088,Etan Thomas,exact_normalized,0.99
m/millspa01,2009-10,7692932,Paul Millsap,exact_normalized,0.99
j/jacksst02,2009-10,7650000,Stephen Jackson,exact_normalized,0.99
m/milicda01,2009-10,7540000,Darko Milicic,exact_normalized,0.99
n/nocioan01,2009-10,7500000,Andres Nocioni,exact_normalized,0.99
o/odomla01,2009-10,7500000,Lamar Odom,exact_normalized,0.99
w/willima02,2009-10,7500000,Marvin Williams,exact_normalized,0.99
j/jaricma01,2009-10,7100000,Marko Jaric,exact_normalized,0.99
h/hasleud01,2009-10,7100000,Udonis Haslem,exact_normalized,0.99
l/leeda02,2009-10,7000000,David Lee,exact_normalized,0.99
b/battish01,2009-10,6939200,Shane Battier,exact_normalized,0.99
p/przybjo01,2009-10,6857725,Joel Przybilla,exact_normalized,0.99
g/gadzuda01,2009-10,6749260,Dan Gadzuric,exact_normalized,0.99
m/millean02,2009-10,6730800,Andre Miller,exact_normalized,0.99
m/mariosh01,2009-10,6635068,Shawn Marion,exact_normalized,0.99
b/battito01,2009-10,6606600,Tony Battie,exact_normalized,0.99
b/barbole01,2009-10,6600000,Leandro Barbosa,exact_normalized,0.99
d/daniean01,2009-10,6600000,Antonio Daniels,exact_normalized,0.99
j/jamesje01,2009-10,6600000,Jerome James,exact_normalized,0.99
b/bargnan01,2009-10,6527491,Andrea Bargnani,exact_normalized,0.99
r/ridnolu01,2009-10,6500000,Luke Ridnour,exact_normalized,0.99
v/villach01,2009-10,6500000,Charlie Villanueva,exact_normalized,0.99
m/mohamna01,2009-10,6466600,Nazr Mohammed,exact_normalized,0.99
j/jeffrja01,2009-10,6466600,Jared Jeffries,exact_normalized,0.99
r/radmavl01,2009-10,6466600,Vladimir Radmanovic,exact_normalized,0.99
s/salmojo01,2009-10,6429151,John Salmons,exact_normalized,0.99
v/varejan01,2009-10,6363636,Anderson Varejao,exact_normalized,0.99
c/collini01,2009-10,6250000,Nick Collison,exact_normalized,0.99
b/bibbymi01,2009-10,6217617,Mike Bibby,exact_normalized,0.99
k/kaponja01,2009-10,6212960,Jason Kapono,exact_normalized,0.99
s/smithjr01,2009-10,6171426,JR Smith,exact_normalized,0.99
f/fosteje01,2009-10,6077500,Jeff Foster,exact_normalized,0.99
d/duhonch01,2009-10,6031800,Chris Duhon,exact_normalized,0.99
p/poseyja01,2009-10,6031800,James Posey,exact_normalized,0.99
u/udrihbe01,2009-10,6031800,Beno Udrih,exact_normalized,0.99
d/diopde01,2009-10,6031800,DeSagana Diop,exact_normalized,0.99
h/haywobr01,2009-10,6000000,Brendan Haywood,exact_normalized,0.99
w/wallara01,2009-10,5854000,Rasheed Wallace,exact_normalized,0.99
a/arizatr01,2009-10,5854000,Trevor Ariza,exact_normalized,0.99
a/artesro01,2009-10,5854000,Metta World Peace,exact_normalized,0.99
g/gortama01,2009-10,5854000,Marcin Gortat,exact_normalized,0.99
a/aldrila01,2009-10,5844827,LaMarcus Aldridge,exact_normalized,0.99
p/petermo01,2009-10,5800000,Morris Peterson,exact_normalized,0.99
g/garcifr01,2009-10,5800000,Francisco Garcia,exact_normalized,0.99
f/feltora01,2009-10,5501196,Raymond Felton,exact_normalized,0.99
o/odengr01,2009-10,5361240,Greg Oden,exact_normalized,0.99
p/pietrmi01,2009-10,5300000,Mickael Pietrus,exact_normalized,0.99
m/morriad01,2009-10,5257229,Adam Morrison,exact_normalized,0.99
b/bellra01,2009-10,5250000,Raja Bell,exact_normalized,0.99
c/claxtsp01,2009-10,5209454,Speedy Claxton,exact_normalized,0.99
r/rosede01,2009-10,5184480,Derrick Rose,exact_normalized,0.99
k/korveky01,2009-10,5163636,Kyle Korver,exact_normalized,0.99
k/krstine01,2009-10,5160832,Nenad Krstic,exact_normalized,0.99
f/fishede01,2009-10,5048000,Derek Fisher,exact_normalized,0.99
m/maxieja01,2009-10,5000000,Jason Maxiell,exact_normalized,0.99
v/vujacsa01,2009-10,5000000,Sasha Vujacic,exact_normalized,0.99
r/robinna01,2009-10,5000000,Nate Robinson,exact_normalized,0.99
j/jackja01,2009-10,5000000,Jarrett Jack,exact_normalized,0.99
g/griffbl01,2009-10,4983480,Blake Griffin,exact_normalized,0.99
w/willilo02,2009-10,4972500,Lou Williams,exact_normalized,0.99
e/evansre01,2009-10,4960000,Reggie Evans,exact_normalized,0.99
w/waltolu01,2009-10,4840000,Luke Walton,exact_normalized,0.99
d/duranke01,2009-10,4796880,Kevin Durant,exact_normalized,0.99
p/pachuza01,2009-10,4750000,Zaza Pachulia,exact_normalized,0.99
t/thomaty01,2009-10,4743598,Tyrus Thomas,exact_normalized,0.99
c/carroma01,2009-10,4700000,Matt Carroll,exact_normalized,0.99
b/beaslmi01,2009-10,4638600,Michael Beasley,exact_normalized,0.99
g/goodedr01,2009-10,4580735,Drew Gooden,exact_normalized,0.99
b/banksma01,2009-10,4553793,Marcus Banks,exact_normalized,0.99
s/songada01,2009-10,4526000,Darius Songaila,exact_normalized,0.99
m/mcdyean01,2009-10,4500000,Antonio McDyess,exact_normalized,0.99
p/perkike01,2009-10,4500000,Kendrick Perkins,exact_normalized,0.99
t/thabeha01,2009-10,4458840,Hasheem Thabeet,exact_normalized,0.99
h/hassetr01,2009-10,4350000,Trenton Hassell,exact_normalized,0.99
w/webstma02,2009-10,4344000,Martell Webster,exact_normalized,0.99
j/jonesja02,2009-10,4330000,James Jones,exact_normalized,0.99
h/horfoal01,2009-10,4307640,Al Horford,exact_normalized,0.99
w/westde01,2009-10,4254250,Delonte West,exact_normalized,0.99
m/mayooj01,2009-10,4165560,O.J. Mayo,exact_normalized,0.99
t/turiaro01,2009-10,4140000,Ronny Turiaf,exact_normalized,0.99
b/bowenbr01,2009-10,4100000,Bruce Bowen,exact_normalized,0.99
g/gibsoda01,2009-10,4088500,Daniel Gibson,exact_normalized,0.99
b/buckngr01,2009-10,4080915,Greg Buckner,exact_normalized,0.99
h/hardeja01,2009-10,4004160,James Harden,exact_normalized,0.99
b/brownkw01,2009-10,4000000,Kwame Brown,exact_normalized,0.99
b/bassbr01,2009-10,4000000,Brandon Bass,exact_normalized,0.99
b/blakest01,2009-10,4000000,Steve Blake,exact_normalized,0.99
b/butlera01,2009-10,3945000,Rasual Butler,exact_normalized,0.99
j/johnsam01,2009-10,3941667,Amir Johnson,exact_normalized,0.99
r/roybr01,2009-10,3910816,Brandon Roy,exact_normalized,0.99
g/gomesry01,2009-10,3892500,Ryan Gomes,exact_normalized,0.99
s/stevede01,2009-10,3883929,DeShawn Stevenson,exact_normalized,0.99
c/conlemi01,2009-10,3883800,Mike Conley,exact_normalized,0.99
t/thomaku01,2009-10,3800000,Kurt Thomas,exact_normalized,0.99
m/masonro01,2009-10,3780000,Roger Mason Jr.,exact_normalized,0.99
w/westbru01,2009-10,3755640,Russell Westbrook,exact_normalized,0.99
m/milescj01,2009-10,3700000,CJ Miles,exact_normalized,0.99
h/huntest01,2009-10,3696000,Steven Hunter,exact_normalized,0.99
g/greenwi01,2009-10,3682000,Willie Green,exact_normalized,0.99
s/sessira01,2009-10,3670667,Ramon Sessions,exact_normalized,0.99
a/anderch01,2009-10,3650000,Chris Andersen,exact_normalized,0.99
w/wilkida02,2009-10,3630000,Damien Wilkins,exact_normalized,0.99
e/evansty01,2009-10,3610080,Tyreke Evans,exact_normalized,0.99
b/bellch01,2009-10,3602960,Charlie Bell,exact_normalized,0.99
o/outlatr01,2009-10,3600000,Travis Outlaw,exact_normalized,0.99
f/foyera01,2009-10,3575761,Randy Foye,exact_normalized,0.99
d/doolike01,2009-10,3564000,Keyon Dooling,exact_normalized,0.99
g/greenje02,2009-10,3516960,Jeff Green,exact_normalized,0.99
d/delfica01,2009-10,3500000,Carlos Delfino,exact_normalized,0.99
c/cookbr01,2009-10,3500000,Brian Cook,exact_normalized,0.99
s/scalabr01,2009-10,3413793,Brian Scalabrine,exact_normalized,0.99
l/loveke01,2009-10,3401040,Kevin Love,exact_normalized,0.99
g/gasolma01,2009-10,3333333,Marc Gasol,exact_normalized,0.99
s/scolalu01,2009-10,3284667,Luis Scola,exact_normalized,0.99
g/gayru01,2009-10,3280997,Rudy Gay,exact_normalized,0.99
b/bonnema01,2009-10,3256500,Matt Bonner,exact_normalized,0.99
j/jianlyi01,2009-10,3194400,Yi Jianlian,fuzzy_95,0.95
a/azubuke01,2009-10,3100000,Kelenna Azubuike,exact_normalized,0.99
g/gallida01,2009-10,3089040,Danilo Gallinari,exact_normalized,0.99
d/davisgl01,2009-10,3000004,Glen Davis,exact_normalized,0.99
m/moonja01,2009-10,3000000,Jamario Moon,exact_normalized,0.99
n/najered01,2009-10,3000000,Eduardo Najera,exact_normalized,0.99
l/landrca01,2009-10,3000000,Carl Landry,exact_normalized,0.99
w/warriha01,2009-10,3000000,Hakim Warrick,exact_normalized,0.99
b/blatcan01,2009-10,3000000,Andray Blatche,exact_normalized,0.99
h/hillgr01,2009-10,3000000,Grant Hill,exact_normalized,0.99
w/wilcoch01,2009-10,3000000,Chris Wilcox,exact_normalized,0.99
f/flynnjo01,2009-10,2969280,Jonny Flynn,exact_normalized,0.99
b/breweco01,2009-10,2916120,Corey Brewer,exact_normalized,0.99
h/humphkr01,2009-10,2900000,Kris Humphries,exact_normalized,0.99
w/wrighdo01,2009-10,2887165,Dorell Wright,exact_normalized,0.99
h/houseed01,2009-10,2862000,Eddie House,exact_normalized,0.99
m/madsema01,2009-10,2840000,Mark Madsen,exact_normalized,0.99
r/redicjj01,2009-10,2839408,JJ Redick,exact_normalized,0.99
g/gordoer01,2009-10,2819880,Eric Gordon,exact_normalized,0.99
a/armsthi01,2009-10,2801198,Hilton Armstrong,exact_normalized,0.99
w/watsoea01,2009-10,2800000,Earl Watson,exact_normalized,0.99
s/sefolth01,2009-10,2759628,Thabo Sefolosha,exact_normalized,0.99
b/brewero02,2009-10,2717161,Ronnie Brewer,exact_normalized,0.99
c/curryst01,2009-10,2710560,Stephen Curry,exact_normalized,0.99
w/wrighbr03,2009-10,2671440,Brandan Wright,exact_normalized,0.99
p/parkean01,2009-10,2644231,Anthony Parker,exact_normalized,0.99
a/alexajo01,2009-10,2583360,Joe Alexander,exact_normalized,0.99
e/evansma01,2009-10,2500000,Maurice Evans,exact_normalized,0.99
t/telfase01,2009-10,2500000,Sebastian Telfair,exact_normalized,0.99
j/jonesda02,2009-10,2500000,Dahntay Jones,exact_normalized,0.99
a/allento01,2009-10,2500000,Tony Allen,exact_normalized,0.99
f/finlemi01,2009-10,2500000,Michael Finley,exact_normalized,0.99
h/hilljo01,2009-10,2483280,Jordan Hill,exact_normalized,0.99
n/noahjo01,2009-10,2455680,Joakim Noah,exact_normalized,0.99
w/willish03,2009-10,2416067,Shawne Williams,exact_normalized,0.99
d/davisri01,2009-10,2400000,Ricky Davis,exact_normalized,0.99
a/augusdj01,2009-10,2374680,D.J. Augustin,exact_normalized,0.99
h/hawessp01,2009-10,2332800,Spencer Hawes,exact_normalized,0.99
a/anderda03,2009-10,2314815,David Andersen,exact_normalized,0.99
s/smithcr01,2009-10,2300000,Craig Smith,exact_normalized,0.99
d/derozde01,2009-10,2282640,DeMar DeRozan,exact_normalized,0.99
l/lopezbr01,2009-10,2255880,Brook Lopez,exact_normalized,0.99
l/lawac01,2009-10,2216160,Acie Law,exact_normalized,0.99
h/holliry01,2009-10,2183333,Ryan Hollins,exact_normalized,0.99
j/jennibr01,2009-10,2168520,Brandon Jennings,exact_normalized,0.99
h/hayesch01,2009-10,2147750,Chuck Hayes,exact_normalized,0.99
b/bayleje01,2009-10,2143080,Jerryd Bayless,exact_normalized,0.99
b/balkmre01,2009-10,2112417,Renaldo Balkman,exact_normalized,0.99
y/youngth01,2009-10,2105400,Thaddeus Young,exact_normalized,0.99
i/ilyaser01,2009-10,2100000,Ersan Ilyasova,exact_normalized,0.99
r/rondora01,2009-10,2094923,Rajon Rondo,exact_normalized,0.99
j/johnsan02,2009-10,2062800,Anthony Johnson,exact_normalized,0.99
h/hayesja01,2009-10,2062800,Jarvis Hayes,exact_normalized,0.99
b/barrybr01,2009-10,2062800,Brent Barry,exact_normalized,0.99
w/willite01,2009-10,2060040,Terrence Williams,exact_normalized,0.99
b/boonejo01,2009-10,2056968,Josh Boone,exact_normalized,0.99
t/thompja02,2009-10,2035920,Jason Thompson,exact_normalized,0.99
l/lowryky01,2009-10,2034996,Kyle Lowry,exact_normalized,0.99
w/wrighju01,2009-10,2000040,Julian Wright,exact_normalized,0.99
p/pargoja01,2009-10,1990000,Jannero Pargo,exact_normalized,0.99
n/nestera01,2009-10,1990000,Rasho Nesterovic,exact_normalized,0.99
o/obertfa01,2009-10,1990000,Fabricio Oberto,exact_normalized,0.99
d/daniema01,2009-10,1990000,Marquis Daniels,exact_normalized,0.99
b/brownsh01,2009-10,1990000,Shannon Brown,exact_normalized,0.99
f/fryech01,2009-10,1990000,Channing Frye,exact_normalized,0.99
f/farmajo01,2009-10,1947240,Jordan Farmar,exact_normalized,0.99
t/thornal01,2009-10,1900200,Al Thornton,exact_normalized,0.99
c/collima01,2009-10,1867742,Mardy Collins,exact_normalized,0.99
h/hansbty01,2009-10,1859160,Tyler Hansbrough,exact_normalized,0.99
r/randoan01,2009-10,1837560,Anthony Randolph,exact_normalized,0.99
d/dragigo01,2009-10,1836000,Goran Dragic,exact_normalized,0.99
s/stuckro01,2009-10,1805040,Rodney Stuckey,exact_normalized,0.99
w/wrighan01,2009-10,1800000,Antoine Wright,exact_normalized,0.99
c/clarkea01,2009-10,1766280,Earl Clark,exact_normalized,0.99
l/lopezro01,2009-10,1745520,Robin Lopez,exact_normalized,0.99
y/youngni01,2009-10,1714800,Nick Young,exact_normalized,0.99
e/elsonfr01,2009-10,1700000,Francisco Elson,exact_normalized,0.99
d/dayeau01,2009-10,1677840,Austin Daye,exact_normalized,0.99
s/speigma01,2009-10,1658280,Marreese Speights,exact_normalized,0.99
b/bareajo01,2009-10,1657500,J.J. Barea,exact_normalized,0.99
w/willise01,2009-10,1629120,Sean Williams,exact_normalized,0.99
h/haddaha01,2009-10,1627779,Hamed Ehaddadi,fuzzy_96,0.963
j/jonesso01,2009-10,1620000,Solomon Jones,exact_normalized,0.99
b/barnema02,2009-10,1600000,Matt Barnes,exact_normalized,0.99
g/georgde01,2009-10,1600000,Devean George,exact_normalized,0.99
j/johnsja01,2009-10,1594080,James Johnson,exact_normalized,0.99
h/hibbero01,2009-10,1575360,Roy Hibbert,exact_normalized,0.99
b/belinma01,2009-10,1547640,Marco Belinelli,exact_normalized,0.99
p/pecheol01,2009-10,1547640,Oleksiy Pecherov,exact_normalized,0.99
h/holidjr01,2009-10,1514280,Jrue Holiday,exact_normalized,0.99
p/pavloal01,2009-10,1500000,Sasha Pavlovic,exact_normalized,0.99
m/mcgeeja01,2009-10,1496640,JaVale McGee,exact_normalized,0.99
c/crittja01,2009-10,1477920,Javaris Crittenton,exact_normalized,0.99
l/lawsoty01,2009-10,1438680,Ty Lawson,exact_normalized,0.99
h/hicksjj01,2009-10,1429200,JJ Hickson,exact_normalized,0.99
s/smithja02,2009-10,1418880,Jason Smith,exact_normalized,0.99
t/teaguje01,2009-10,1373880,Jeff Teague,exact_normalized,0.99
a/ajincal01,2009-10,1372080,Alexis Ajinca,exact_normalized,0.99
c/cookda02,2009-10,1362120,Daequan Cook,exact_normalized,0.99
m/maynoer01,2009-10,1318920,Eric Maynor,exact_normalized,0.99
a/anderry01,2009-10,1317120,Ryan Anderson,exact_normalized,0.99
d/dudleja01,2009-10,1307640,Jared Dudley,exact_normalized,0.99
a/allenma01,2009-10,1300000,Malik Allen,exact_normalized,0.99
c/collida01,2009-10,1266120,Darren Collison,exact_normalized,0.99
l/leeco01,2009-10,1264440,Courtney Lee,exact_normalized,0.99
c/chandwi01,2009-10,1255440,Wilson Chandler,exact_normalized,0.99
p/pricero01,2009-10,1250000,Ronnie Price,exact_normalized,0.99
k/koufoko01,2009-10,1214040,Kosta Koufos,exact_normalized,0.99
c/casspom01,2009-10,1167000,Omri Casspi,exact_normalized,0.99
m/mulleby01,2009-10,1120200,Byron Mullens,exact_normalized,0.99
i/ibakase01,2009-10,1120200,Serge Ibaka,exact_normalized,0.99
b/batumni01,2009-10,1118760,Nicolas Batum,exact_normalized,0.99
b/brookaa01,2009-10,1118520,Aaron Brooks,exact_normalized,0.99
b/brownde02,2009-10,1107572,Devin Brown,exact_normalized,0.99
a/afflaar01,2009-10,1086240,Arron Afflalo,exact_normalized,0.99
h/hillge01,2009-10,1081680,George Hill,exact_normalized,0.99
b/beaubro01,2009-10,1075440,Rodrigue Beaubois,exact_normalized,0.99
t/tuckeal02,2009-10,1071720,Alando Tucker,exact_normalized,0.99
a/arthuda01,2009-10,1050480,Darrell Arthur,exact_normalized,0.99
q/quinnch01,2009-10,1050387,Chris Quinn,exact_normalized,0.99
i/iveyro01,2009-10,1050000,Royal Ivey,exact_normalized,0.99
g/gibsota01,2009-10,1039800,Taj Gibson,exact_normalized,0.99
w/whitedj01,2009-10,1036440,D.J. White,exact_normalized,0.99
r/rossqu01,2009-10,1033342,Quinton Ross,exact_normalized,0.99
n/novakst01,2009-10,1031000,Steve Novak,exact_normalized,0.99
s/singlja01,2009-10,1030189,James Singleton,exact_normalized,0.99
g/giddejr01,2009-10,1028880,J.R. Giddens,exact_normalized,0.99
c/carrode01,2009-10,1009680,DeMarre Carroll,exact_normalized,0.99
e/ellinwa01,2009-10,1003560,Wayne Ellington,exact_normalized,0.99
w/watsocj01,2009-10,1000497,C.J. Watson,exact_normalized,0.99
g/grayaa01,2009-10,1000497,Aaron Gray,exact_normalized,0.99
d/douglto01,2009-10,996240,Toney Douglas,exact_normalized,0.99
m/mahinia01,2009-10,989670,Ian Mahinmi,exact_normalized,0.99
p/poweljo01,2009-10,959111,Josh Powell,exact_normalized,0.99
d/diawaya01,2009-10,945000,Yakhouba Diawara,exact_normalized,0.99
i/ilgauzy01,2009-10,925000,Zydrunas Ilgauskas,exact_normalized,0.99
s/stoudsa01,2009-10,884881,Salim Stoudamire,exact_normalized,0.99
w/weaveky01,2009-10,870968,Kyle Weaver,exact_normalized,0.99
f/fesenky01,2009-10,870000,Kyrylo Fesenko,exact_normalized,0.99
g/greendo01,2009-10,870000,Donte Greene,exact_normalized,0.99
o/obryapa01,2009-10,855189,Patrick O'Bryant,exact_normalized,0.99
p/powele01,2009-10,855189,Leon Powe,exact_normalized,0.99
d/doubyqu01,2009-10,855189,Quincy Douby,exact_normalized,0.99
h/haislma01,2009-10,855189,Marcus Haislip,exact_normalized,0.99
a/amundlo01,2009-10,855189,Lou Amundson,exact_normalized,0.99
s/senesa01,2009-10,855189,Mouhamed Sene,exact_normalized,0.99
r/roberan02,2009-10,855189,Anthony Roberson,exact_normalized,0.99
k/kinseta01,2009-10,855189,Tarence Kinsey,exact_normalized,0.99
m/morrira01,2009-10,855189,Randolph Morris,exact_normalized,0.99
b/blairde01,2009-10,850000,DeJuan Blair,exact_normalized,0.99
m/marksse01,2009-10,825497,Sean Marks,exact_normalized,0.99
w/willija02,2009-10,825497,Jason Williams,exact_normalized,0.99
s/skinnbr01,2009-10,825497,Brian Skinner,exact_normalized,0.99
m/magloja01,2009-10,825497,Jamaal Magloire,exact_normalized,0.99
d/davispa01,2009-10,825497,Paul Davis,exact_normalized,0.99
m/mcguido01,2009-10,825497,Dominic McGuire,exact_normalized,0.99
o/ollieke01,2009-10,825497,Kevin Ollie,exact_normalized,0.99
b/bowenry01,2009-10,825497,Ryan Bowen,exact_normalized,0.99
h/headlu01,2009-10,825497,Luther Head,exact_normalized,0.99
m/masonde01,2009-10,825497,Desmond Mason,exact_normalized,0.99
c/collija03,2009-10,825497,Jarron Collins,exact_normalized,0.99
a/atkinch01,2009-10,825497,Chucky Atkins,exact_normalized,0.99
b/boganke01,2009-10,825497,Keith Bogans,exact_normalized,0.99
m/mooremi01,2009-10,825497,Mikki Moore,exact_normalized,0.99
j/johnsli01,2009-10,825497,Linton Johnson,exact_normalized,0.99
f/foylead01,2009-10,825497,Adonal Foyle,exact_normalized,0.99
w/whiteja02,2009-10,825497,James White,exact_normalized,0.99
d/dioguik01,2009-10,825497,Ike Diogu,exact_normalized,0.99
c/collija04,2009-10,825497,Jason Collins,exact_normalized,0.99
w/willish02,2009-10,825497,Shelden Williams,exact_normalized,0.99
h/hartja01,2009-10,825497,Jason Hart,exact_normalized,0.99
g/grahast01,2009-10,825497,Stephen Graham,exact_normalized,0.99
b/brezepr01,2009-10,825497,Primoz Brezec,exact_normalized,0.99
h/howarju01,2009-10,825497,Juwan Howard,exact_normalized,0.99
s/smithjo02,2009-10,825497,Joe Smith,exact_normalized,0.99
r/ratlith01,2009-10,825497,Theo Ratliff,exact_normalized,0.99
r/rushka01,2009-10,825497,Kareem Rush,exact_normalized,0.99
d/davidje01,2009-10,825497,Jermareo Davidson,exact_normalized,0.99
w/wallabe01,2009-10,825497,Ben Wallace,exact_normalized,0.99
m/mensapo01,2009-10,825497,Pops Mensah-Bonsu,exact_normalized,0.99
c/cartean01,2009-10,825497,Anthony Carter,exact_normalized,0.99
m/mcrobjo01,2009-10,825497,Josh McRoberts,exact_normalized,0.99
t/thomati01,2009-10,825497,Tim Thomas,exact_normalized,0.99
g/grahajo01,2009-10,825497,Joey Graham,exact_normalized,0.99
h/hunteli01,2009-10,825497,Lindsey Hunter,exact_normalized,0.99
c/carnero01,2009-10,825497,Rodney Carney,exact_normalized,0.99
p/pruitga01,2009-10,825497,Gabe Pruitt,exact_normalized,0.99
a/arroyca01,2009-10,825497,Carlos Arroyo,exact_normalized,0.99
b/bynumwi01,2009-10,825497,Will Bynum,exact_normalized,0.99
p/petrojo01,2009-10,825497,Johan Petro,exact_normalized,0.99
m/mayse01,2009-10,825479,Sean May,exact_normalized,0.99
y/youngsa01,2009-10,824200,Sam Young,exact_normalized,0.99
u/udokaim01,2009-10,786650,Ime Udoka,exact_normalized,0.99
c/chalmma01,2009-10,756000,Mario Chalmers,exact_normalized,0.99
b/boykiea01,2009-10,752659,Earl Boykins,exact_normalized,0.99
t/tinslja01,2009-10,738091,Jamaal Tinsley,exact_normalized,0.99
j/jeffedo01,2009-10,736420,Dontell Jefferson,exact_normalized,0.99
t/taylomi01,2009-10,736420,Mike Taylor,exact_normalized,0.99
h/hairsma01,2009-10,736420,Malik Hairston,exact_normalized,0.99
c/crawfjo01,2009-10,736420,Joe Crawford,exact_normalized,0.99
m/morroan01,2009-10,736420,Anthony Morrow,exact_normalized,0.99
w/weemsso01,2009-10,736420,Sonny Weems,exact_normalized,0.99
y/yuesu01,2009-10,736420,Sun Yue,fuzzy_95,0.95
j/jawaina01,2009-10,736420,Nathan Jawai,exact_normalized,0.99
s/sharpwa01,2009-10,736420,Walter Sharpe,exact_normalized,0.99
w/walkebi01,2009-10,736420,Henry Walker,exact_normalized,0.99
j/jacksda01,2009-10,736420,Darnell Jackson,exact_normalized,0.99
b/brownbo02,2009-10,736420,Bobby Brown,exact_normalized,0.99
m/mbahalu01,2009-10,736420,Luc Mbah a Moute,exact_normalized,0.99
j/jordade01,2009-10,736420,DeAndre Jordan,exact_normalized,0.99
w/willija04,2009-10,736420,Jawad Williams,exact_normalized,0.99
n/nelsode01,2009-10,736420,DeMarcus Nelson,exact_normalized,0.99
d/douglch01,2009-10,736420,Chris Douglas-Roberts,exact_normalized,0.99
h/hunteot01,2009-10,736420,Othello Hunter,exact_normalized,0.99
b/budinch01,2009-10,725000,Chase Budinger,exact_normalized,0.99
t/tayloje02,2009-10,725000,Jermaine Taylor,exact_normalized,0.99
w/wilksmi01,2009-10,679821,Mike Wilks,exact_normalized,0.99
i/iversal01,2009-10,650686,Allen Iverson,exact_normalized,0.99
m/meeksjo01,2009-10,650000,Jodie Meeks,exact_normalized,0.99
h/huntech01,2009-10,632455,Chris Hunter,exact_normalized,0.99
b/bendejo01,2009-10,597271,Jonathan Bender,exact_normalized,0.99
a/alstora01,2009-10,475875,Rafer Alston,exact_normalized,0.99
b/byarsde01,2009-10,457588,Derrick Byars,exact_normalized,0.99
g/gildetr01,2009-10,457588,Trey Gilder,exact_normalized,0.99
c/cunnida01,2009-10,457588,Dante Cunningham,exact_normalized,0.99
b/brownde04,2009-10,457588,Derrick Brown,exact_normalized,0.99
p/priceaj01,2009-10,457588,A.J. Price,exact_normalized,0.99
g/griffta01,2009-10,457588,Taylor Griffin,exact_normalized,0.99
g/greenda02,2009-10,457588,Danny Green,exact_normalized,0.99
s/summeda01,2009-10,457588,DaJuan Summers,exact_normalized,0.99
t/thornma01,2009-10,457588,Marcus Thornton,exact_normalized,0.99
l/landrma01,2009-10,457588,Marcus Landry,exact_normalized,0.99
m/millspa02,2009-10,457588,Patty Mills,exact_normalized,0.99
p/pendeje02,2009-10,457588,Jeff Ayres,exact_normalized,0.99
h/hudsole01,2009-10,457588,Lester Hudson,exact_normalized,0.99
b/brockjo01,2009-10,457588,Jon Brockman,exact_normalized,0.99
j/jerebjo01,2009-10,457588,Jonas Jerebko,exact_normalized,0.99
m/matthwe02,2009-10,457588,Wesley Matthews,exact_normalized,0.99
w/westma02,2009-10,451595,Mario West,exact_normalized,0.99
t/tollian01,2009-10,427316,Anthony Tolliver,exact_normalized,0.99
s/stackje01,2009-10,422460,Jerry Stackhouse,exact_normalized,0.99
g/gainesu01,2009-10,269169,Sundiata Gaines,exact_normalized,0.99
l/livinsh01,2009-10,228226,Shaun Livingston,exact_normalized,0.99
d/dienetr01,2009-10,208802,Travis Diener,exact_normalized,0.99
r/richach01,2009-10,186271,Chris Richard,exact_normalized,0.99
h/hughela01,2009-10,160244,Larry Hughes,exact_normalized,0.99
j/jeffeot01,2009-10,113051,Othyus Jeffers,exact_normalized,0.99
c/cardibr01,2009-10,111685,Brian Cardinal,exact_normalized,0.99
h/harrimi01,2009-10,95301,Mike Harris,exact_normalized,0.99
t/templga01,2009-10,88826,Garrett Temple,exact_normalized,0.99
h/hasbrke01,2009-10,75476,Kenny Hasbrouck,exact_normalized,0.99
m/martica01,2009-10,69310,Cartier Martin,exact_normalized,0.99
b/barroea01,2009-10,63127,Earl Barron,exact_normalized,0.99
j/jerrecu01,2009-10,59217,Curtis Jerrells,exact_normalized,0.99
j/jonesdw02,2009-10,48559,Dwayne Jones II,exact_normalized,0.99
d/dorsejo01,2009-10,47651,Joey Dorsey,exact_normalized,0.99
g/geeal01,2009-10,45759,Alonzo Gee,exact_normalized,0.99
r/randosh01,2009-10,43703,Shavlik Randolph,exact_normalized,0.99
s/shakumu01,2009-10,40375,Mustafa Shakur,exact_normalized,0.99
j/jacksce01,2009-10,40375,Cedric Jackson,exact_normalized,0.99
j/johnsal01,2009-10,29135,Alexander Johnson,exact_normalized,0.99
k/kurzro01,2009-10,25991,Rob Kurz,exact_normalized,0.99
k/karlco01,2009-10,17328,Coby Karl,exact_normalized,0.99
b/butchbr01,2009-10,10767,Brian Butch,exact_normalized,0.99
s/stiemgr01,2009-10,5383,Greg Stiemsma,exact_normalized,0.99
g/gaffnto01,2009-10,2692,Tony Gaffney,exact_normalized,0.99
l/lafayol01,2009-10,2692,Oliver Lafayette,exact_normalized,0.99
b/bryanko01,2010-11,24806250,Kobe Bryant,exact_normalized,0.99
l/lewisra02,2010-11,19573711,Rashard Lewis,exact_normalized,0.99
d/duncati01,2010-11,18835381,Tim Duncan,exact_normalized,0.99
g/garneke01,2010-11,18832044,Kevin Garnett,exact_normalized,0.99
r/reddmi01,2010-11,18300000,Michael Redd,exact_normalized,0.99
g/gasolpa01,2010-11,17823000,Pau Gasol,exact_normalized,0.99
k/kirilan01,2010-11,17823000,Andrei Kirilenko,exact_normalized,0.99
a/arenagi01,2010-11,17730694,Gilbert Arenas,exact_normalized,0.99
m/mingya01,2010-11,17686100,Yao Ming,fuzzy_95,0.95
r/randoza01,2010-11,17666666,Zach Randolph,exact_normalized,0.99
c/cartevi01,2010-11,17522375,Vince Carter,exact_normalized,0.99
n/nowitdi01,2010-11,17278618,Dirk Nowitzki,exact_normalized,0.99
a/anthoca01,2010-11,17149243,Carmelo Anthony,exact_normalized,0.99
h/howardw01,2010-11,16647180,Dwight Howard,exact_normalized,0.99
m/martike01,2010-11,16545454,Kenyon Martin,exact_normalized,0.99
s/stoudam01,2010-11,16486611,Amar'e Stoudemire,exact_normalized,0.99
j/johnsjo02,2010-11,16324500,Joe Johnson,exact_normalized,0.99
b/brandel01,2010-11,15959099,Elton Brand,exact_normalized,0.99
p/paulch01,2010-11,14940153,Chris Paul,exact_normalized,0.99
w/willide01,2010-11,14940153,Deron Williams,exact_normalized,0.99
b/boshch01,2010-11,14500000,Chris Bosh,exact_normalized,0.99
j/jamesle01,2010-11,14500000,LeBron James,exact_normalized,0.99
r/richaja01,2010-11,14444443,Jason Richardson,exact_normalized,0.99
b/boozeca01,2010-11,14400000,Carlos Boozer,exact_normalized,0.99
w/wadedw01,2010-11,14200000,Dwyane Wade,exact_normalized,0.99
d/davisba01,2010-11,14000000,Baron Davis,exact_normalized,0.99
p/piercpa01,2010-11,13876321,Paul Pierce,exact_normalized,0.99
b/bynuman01,2010-11,13700000,Andrew Bynum,exact_normalized,0.99
r/roybr01,2010-11,13603750,Brandon Roy,exact_normalized,0.99
g/gayru01,2010-11,13603750,Rudy Gay,exact_normalized,0.99
p/parketo01,2010-11,13500000,Tony Parker,exact_normalized,0.99
d/dalemsa01,2010-11,13428129,Samuel Dalembert,exact_normalized,0.99
j/jamisan01,2010-11,13358905,Antawn Jamison,exact_normalized,0.99
c/collini01,2010-11,13270000,Nick Collison,exact_normalized,0.99
b/billuch01,2010-11,13150000,Chauncey Billups,exact_normalized,0.99
j/jeffeal01,2010-11,13000000,Al Jefferson,exact_normalized,0.99
c/chandty01,2010-11,12600000,Tyson Chandler,exact_normalized,0.99
h/hamilri01,2010-11,12500000,Richard Hamilton,exact_normalized,0.99
i/iguodan01,2010-11,12345250,Andre Iguodala,exact_normalized,0.99
g/ginobma01,2010-11,11854584,Manu Ginobili,exact_normalized,0.99
k/kamanch01,2010-11,11800000,Chris Kaman,exact_normalized,0.99
c/cambyma01,2010-11,11749832,Marcus Camby,exact_normalized,0.99
s/smithjo03,2010-11,11700000,Josh Smith,exact_normalized,0.99
c/curryed01,2010-11,11530592,Eddy Curry,exact_normalized,0.99
o/okafoem01,2010-11,11495000,Emeka Okafor,exact_normalized,0.99
d/denglu01,2010-11,11345000,Luol Deng,exact_normalized,0.99
a/aldrila01,2010-11,11244000,LaMarcus Aldridge,exact_normalized,0.99
p/princta01,2010-11,11148760,Tayshaun Prince,exact_normalized,0.99
e/ellismo01,2010-11,11000000,Monta Ellis,exact_normalized,0.99
b/bogutan01,2010-11,11000000,Andrew Bogut,exact_normalized,0.99
g/grangda01,2010-11,10973202,Danny Granger,exact_normalized,0.99
l/leeda02,2010-11,10800000,David Lee,exact_normalized,0.99
c/crawfja01,2010-11,10800000,Jamal Crawford,exact_normalized,0.99
g/gordobe01,2010-11,10800000,Ben Gordon,exact_normalized,0.99
m/martike02,2010-11,10600005,Kevin Martin,exact_normalized,0.99
b/butleca01,2010-11,10561960,Caron Butler,exact_normalized,0.99
w/wallage01,2010-11,10500000,Gerald Wallace,exact_normalized,0.99
n/nashst01,2010-11,10310938,Steve Nash,exact_normalized,0.99
t/turkohe01,2010-11,10215850,Hedo Turkoglu,exact_normalized,0.99
a/allenra02,2010-11,10000000,Ray Allen,exact_normalized,0.99
o/okurme01,2010-11,9945000,Mehmet Okur,exact_normalized,0.99
t/terryja01,2010-11,9873000,Jason Terry,exact_normalized,0.99
m/maggeco01,2010-11,9600000,Corey Maggette,exact_normalized,0.99
m/moblecu01,2010-11,9500000,Cuttino Mobley,exact_normalized,0.99
w/willima01,2010-11,9300000,Mo Williams,exact_normalized,0.99
h/hinriki01,2010-11,9100000,Kirk Hinrich,exact_normalized,0.99
r/rondora01,2010-11,9090911,Rajon Rondo,exact_normalized,0.99
b/biedran01,2010-11,9000000,Andris Biedrins,exact_normalized,0.99
d/diawbo01,2010-11,9000000,Boris Diaw,exact_normalized,0.99
c/caldejo01,2010-11,9000000,Jose Calderon,exact_normalized,0.99
h/harride01,2010-11,8981000,Devin Harris,exact_normalized,0.99
k/kiddja01,2010-11,8610500,Jason Kidd,exact_normalized,0.99
b/bargnan01,2010-11,8500000,Andrea Bargnani,exact_normalized,0.99
f/fordtj01,2010-11,8500000,T.J. Ford,exact_normalized,0.99
j/jacksst02,2010-11,8453250,Stephen Jackson,exact_normalized,0.99
j/jefferi01,2010-11,8400000,Richard Jefferson,exact_normalized,0.99
w/westda01,2010-11,8287500,David West,exact_normalized,0.99
o/odomla01,2010-11,8200000,Lamar Odom,exact_normalized,0.99
s/salmojo01,2010-11,8000000,John Salmons,exact_normalized,0.99
b/blounma01,2010-11,7967375,Mark Blount,exact_normalized,0.99
n/nelsoja01,2010-11,7800000,Jameer Nelson,exact_normalized,0.99
s/scolalu01,2010-11,7775378,Luis Scola,exact_normalized,0.99
p/przybjo01,2010-11,7725470,Joel Przybilla,exact_normalized,0.99
m/millspa01,2010-11,7600000,Paul Millsap,exact_normalized,0.99
b/battish01,2010-11,7354500,Shane Battier,exact_normalized,0.99
v/varejan01,2010-11,7281818,Anderson Varejao,exact_normalized,0.99
m/millean02,2010-11,7269264,Andre Miller,exact_normalized,0.99
w/willima02,2010-11,7262500,Marvin Williams,exact_normalized,0.99
r/redicjj01,2010-11,7250000,JJ Redick,exact_normalized,0.99
g/gadzuda01,2010-11,7248325,Dan Gadzuric,exact_normalized,0.99
p/poseyja01,2010-11,7148800,James Posey,exact_normalized,0.99
b/barbole01,2010-11,7100000,Leandro Barbosa,exact_normalized,0.99
j/jaricma01,2010-11,7100000,Marko Jaric,exact_normalized,0.99
m/mariosh01,2010-11,7055500,Shawn Marion,exact_normalized,0.99
v/villach01,2010-11,7020000,Charlie Villanueva,exact_normalized,0.99
f/feltora01,2010-11,7000000,Raymond Felton,exact_normalized,0.99
o/outlatr01,2010-11,7000000,Travis Outlaw,exact_normalized,0.99
h/haywobr01,2010-11,6900000,Brendan Haywood,exact_normalized,0.99
m/mohamna01,2010-11,6883800,Nazr Mohammed,exact_normalized,0.99
r/radmavl01,2010-11,6883800,Vladimir Radmanovic,exact_normalized,0.99
n/nocioan01,2010-11,6850000,Andres Nocioni,exact_normalized,0.99
o/odengr01,2010-11,6760524,Greg Oden,exact_normalized,0.99
s/smithjr01,2010-11,6757851,JR Smith,exact_normalized,0.99
p/perkike01,2010-11,6696720,Kendrick Perkins,exact_normalized,0.99
p/petermo01,2010-11,6665000,Morris Peterson,exact_normalized,0.99
f/fosteje01,2010-11,6655000,Jeff Foster,exact_normalized,0.99
k/kaponja01,2010-11,6641440,Jason Kapono,exact_normalized,0.99
t/thomaty01,2010-11,6611570,Tyrus Thomas,exact_normalized,0.99
j/jamesje01,2010-11,6600000,Jerome James,exact_normalized,0.99
c/childjo01,2010-11,6500000,Josh Childress,exact_normalized,0.99
u/udrihbe01,2010-11,6478600,Beno Udrih,exact_normalized,0.99
d/diopde01,2010-11,6478600,DeSagana Diop,exact_normalized,0.99
w/wallara01,2010-11,6322320,Rasheed Wallace,exact_normalized,0.99
a/arizatr01,2010-11,6322320,Trevor Ariza,exact_normalized,0.99
a/artesro01,2010-11,6322320,Metta World Peace,exact_normalized,0.99
g/gortama01,2010-11,6322320,Marcin Gortat,exact_normalized,0.99
d/duranke01,2010-11,6053663,Kevin Durant,exact_normalized,0.99
b/blatcan01,2010-11,5904152,Andray Blatche,exact_normalized,0.99
g/goodedr01,2010-11,5765000,Drew Gooden,exact_normalized,0.99
h/harrial01,2010-11,5765000,Al Harrington,exact_normalized,0.99
o/onealje01,2010-11,5765000,Jermaine O'Neal,exact_normalized,0.99
m/matthwe02,2010-11,5765000,Wesley Matthews,exact_normalized,0.99
l/lowryky01,2010-11,5750000,Kyle Lowry,exact_normalized,0.99
r/rosede01,2010-11,5546160,Derrick Rose,exact_normalized,0.99
k/krstine01,2010-11,5543116,Nenad Krstic,exact_normalized,0.99
g/garcifr01,2010-11,5500000,Francisco Garcia,exact_normalized,0.99
v/vujacsa01,2010-11,5475113,Sasha Vujacic,exact_normalized,0.99
h/horfoal01,2010-11,5444857,Al Horford,exact_normalized,0.99
g/griffbl01,2010-11,5357280,Blake Griffin,exact_normalized,0.99
p/pietrmi01,2010-11,5300000,Mickael Pietrus,exact_normalized,0.99
w/waltolu01,2010-11,5260000,Luke Walton,exact_normalized,0.99
c/claxtsp01,2010-11,5209454,Speedy Claxton,exact_normalized,0.99
f/fryech01,2010-11,5200000,Channing Frye,exact_normalized,0.99
w/walljo01,2010-11,5144280,John Wall,exact_normalized,0.99
e/evansre01,2010-11,5080000,Reggie Evans,exact_normalized,0.99
m/maxieja01,2010-11,5000000,Jason Maxiell,exact_normalized,0.99
j/johnsam01,2010-11,5000000,Amir Johnson,exact_normalized,0.99
k/korveky01,2010-11,5000000,Kyle Korver,exact_normalized,0.99
m/millemi01,2010-11,5000000,Mike Miller,exact_normalized,0.99
w/willilo02,2010-11,5000000,Lou Williams,exact_normalized,0.99
k/kleizli01,2010-11,4995000,Linas Kleiza,exact_normalized,0.99
b/beaslmi01,2010-11,4962240,Michael Beasley,exact_normalized,0.99
c/conlemi01,2010-11,4913077,Mike Conley,exact_normalized,0.99
m/mcdyean01,2010-11,4860000,Antonio McDyess,exact_normalized,0.99
b/banksma01,2010-11,4847586,Marcus Banks,exact_normalized,0.99
s/songada01,2010-11,4818000,Darius Songaila,exact_normalized,0.99
w/webstma02,2010-11,4800000,Martell Webster,exact_normalized,0.99
t/thabeha01,2010-11,4793280,Hasheem Thabeet,exact_normalized,0.99
b/brewero02,2010-11,4790000,Ronnie Brewer,exact_normalized,0.99
t/turneev01,2010-11,4602720,Evan Turner,exact_normalized,0.99
j/jackja01,2010-11,4600000,Jarrett Jack,exact_normalized,0.99
a/anderch01,2010-11,4533300,Chris Andersen,exact_normalized,0.99
m/mayooj01,2010-11,4456200,O.J. Mayo,exact_normalized,0.99
g/greenje02,2010-11,4455988,Jeff Green,exact_normalized,0.99
b/bellch01,2010-11,4447792,Charlie Bell,exact_normalized,0.99
m/millebr01,2010-11,4400000,Brad Miller,exact_normalized,0.99
m/milicda01,2010-11,4325000,Darko Milicic,exact_normalized,0.99
h/hardeja01,2010-11,4304520,James Harden,exact_normalized,0.99
c/carroma01,2010-11,4300000,Matt Carroll,exact_normalized,0.99
p/pekovni01,2010-11,4275000,Nikola Pekovic,exact_normalized,0.99
p/pachuza01,2010-11,4251250,Zaza Pachulia,exact_normalized,0.99
w/warriha01,2010-11,4250000,Hakim Warrick,exact_normalized,0.99
f/foyera01,2010-11,4250000,Randy Foye,exact_normalized,0.99
r/robinna01,2010-11,4200000,Nate Robinson,exact_normalized,0.99
s/stevede01,2010-11,4151786,DeShawn Stevenson,exact_normalized,0.99
f/favorde01,2010-11,4133280,Derrick Favors,exact_normalized,0.99
b/bowenbr01,2010-11,4100000,Bruce Bowen,exact_normalized,0.99
b/buckngr01,2010-11,4080915,Greg Buckner,exact_normalized,0.99
j/jianlyi01,2010-11,4050499,Yi Jianlian,fuzzy_95,0.95
w/westbru01,2010-11,4017720,Russell Westbrook,exact_normalized,0.99
g/gibsoda01,2010-11,4015334,Daniel Gibson,exact_normalized,0.99
r/ridnolu01,2010-11,4000000,Luke Ridnour,exact_normalized,0.99
m/morroan01,2010-11,4000000,Anthony Morrow,exact_normalized,0.99
t/turiaro01,2010-11,4000000,Ronny Turiaf,exact_normalized,0.99
b/bassbr01,2010-11,4000000,Brandon Bass,exact_normalized,0.99
b/blakest01,2010-11,4000000,Steve Blake,exact_normalized,0.99
g/gomesry01,2010-11,4000000,Ryan Gomes,exact_normalized,0.99
g/greenwi01,2010-11,3976000,Willie Green,exact_normalized,0.99
s/sessira01,2010-11,3964320,Ramon Sessions,exact_normalized,0.99
e/evansty01,2010-11,3880920,Tyreke Evans,exact_normalized,0.99
b/breweco01,2010-11,3875000,Corey Brewer,exact_normalized,0.99
f/farmajo01,2010-11,3750000,Jordan Farmar,exact_normalized,0.99
j/johnswe01,2010-11,3726600,Wesley Johnson,exact_normalized,0.99
f/fishede01,2010-11,3700000,Derek Fisher,exact_normalized,0.99
m/milescj01,2010-11,3700000,CJ Miles,exact_normalized,0.99
l/loveke01,2010-11,3638280,Kevin Love,exact_normalized,0.99
w/watsocj01,2010-11,3600000,C.J. Watson,exact_normalized,0.99
g/gasolma01,2010-11,3573333,Marc Gasol,exact_normalized,0.99
m/mozgoti01,2010-11,3567096,Timofey Mozgov,exact_normalized,0.99
w/wrighdo01,2010-11,3540000,Dorell Wright,exact_normalized,0.99
h/hasleud01,2010-11,3500000,Udonis Haslem,exact_normalized,0.99
d/duhonch01,2010-11,3500000,Chris Duhon,exact_normalized,0.99
d/delfica01,2010-11,3500000,Carlos Delfino,exact_normalized,0.99
l/livinsh01,2010-11,3500000,Shaun Livingston,exact_normalized,0.99
s/splitti01,2010-11,3400000,Tiago Splitter,exact_normalized,0.99
w/wrighbr03,2010-11,3398072,Brandan Wright,exact_normalized,0.99
c/couside01,2010-11,3374640,DeMarcus Cousins,exact_normalized,0.99
g/gallida01,2010-11,3304560,Danilo Gallinari,exact_normalized,0.99
a/azubuke01,2010-11,3300000,Kelenna Azubuike,exact_normalized,0.99
s/sefolth01,2010-11,3250000,Thabo Sefolosha,exact_normalized,0.99
b/bynumwi01,2010-11,3250000,Will Bynum,exact_normalized,0.99
p/petrojo01,2010-11,3250000,Johan Petro,exact_normalized,0.99
h/hillgr01,2010-11,3240000,Grant Hill,exact_normalized,0.99
h/humphkr01,2010-11,3200000,Kris Humphries,exact_normalized,0.99
f/flynnjo01,2010-11,3192000,Jonny Flynn,exact_normalized,0.99
n/noahjo01,2010-11,3128536,Joakim Noah,exact_normalized,0.99
u/udohek01,2010-11,3065040,Ekpe Udoh,exact_normalized,0.99
b/bonnema01,2010-11,3050000,Matt Bonner,exact_normalized,0.99
g/gordoer01,2010-11,3016680,Eric Gordon,exact_normalized,0.99
d/davisgl01,2010-11,3000004,Glen Davis,exact_normalized,0.99
m/moonja01,2010-11,3000000,Jamario Moon,exact_normalized,0.99
n/najered01,2010-11,3000000,Eduardo Najera,exact_normalized,0.99
b/bellra01,2010-11,3000000,Raja Bell,exact_normalized,0.99
h/howarjo01,2010-11,3000000,Josh Howard,exact_normalized,0.99
l/landrca01,2010-11,3000000,Carl Landry,exact_normalized,0.99
a/allento01,2010-11,3000000,Tony Allen,exact_normalized,0.99
w/wilcoch01,2010-11,3000000,Chris Wilcox,exact_normalized,0.99
h/hawessp01,2010-11,2974320,Spencer Hawes,exact_normalized,0.99
c/curryst01,2010-11,2913840,Stephen Curry,exact_normalized,0.99
y/youngth01,2010-11,2901241,Thaddeus Young,exact_normalized,0.99
w/wrighju01,2010-11,2858057,Julian Wright,exact_normalized,0.99
p/parkean01,2010-11,2855769,Anthony Parker,exact_normalized,0.99
m/madsema01,2010-11,2840000,Mark Madsen,exact_normalized,0.99
m/monrogr01,2010-11,2798040,Greg Monroe,exact_normalized,0.99
s/stuckro01,2010-11,2767126,Rodney Stuckey,exact_normalized,0.99
t/telfase01,2010-11,2700000,Sebastian Telfair,exact_normalized,0.99
h/hilljo01,2010-11,2669520,Jordan Hill,exact_normalized,0.99
y/youngni01,2010-11,2630503,Nick Young,exact_normalized,0.99
a/aminual01,2010-11,2563320,Al-Farouq Aminu,exact_normalized,0.99
a/augusdj01,2010-11,2540000,D.J. Augustin,exact_normalized,0.99
e/evansma01,2010-11,2500000,Maurice Evans,exact_normalized,0.99
j/jonesda02,2010-11,2500000,Dahntay Jones,exact_normalized,0.99
a/anderda03,2010-11,2500000,David Andersen,exact_normalized,0.99
d/derozde01,2010-11,2453880,DeMar DeRozan,exact_normalized,0.99
l/lopezbr01,2010-11,2413320,Brook Lopez,exact_normalized,0.99
d/davisri01,2010-11,2400000,Ricky Davis,exact_normalized,0.99
d/daniema01,2010-11,2388000,Marquis Daniels,exact_normalized,0.99
b/belinma01,2010-11,2380270,Marco Belinelli,exact_normalized,0.99
h/haywago01,2010-11,2356320,Gordon Hayward,exact_normalized,0.99
h/holliry01,2010-11,2333333,Ryan Hollins,exact_normalized,0.99
j/jennibr01,2010-11,2331120,Brandon Jennings,exact_normalized,0.99
i/ilyaser01,2010-11,2320500,Ersan Ilyasova,exact_normalized,0.99
s/smithcr01,2010-11,2300000,Craig Smith,exact_normalized,0.99
b/bayleje01,2010-11,2292600,Jerryd Bayless,exact_normalized,0.99
r/richaqu01,2010-11,2265000,Quentin Richardson,exact_normalized,0.99
g/georgpa01,2010-11,2238360,Paul George,exact_normalized,0.99
a/amundlo01,2010-11,2225000,Lou Amundson,exact_normalized,0.99
w/willite01,2010-11,2214480,Terrence Williams,exact_normalized,0.99
t/tollian01,2010-11,2200000,Anthony Tolliver,exact_normalized,0.99
s/smithja02,2010-11,2187913,Jason Smith,exact_normalized,0.99
t/thompja02,2010-11,2178000,Jason Thompson,exact_normalized,0.99
c/cookda02,2010-11,2169857,Daequan Cook,exact_normalized,0.99
d/dudleja01,2010-11,2151068,Jared Dudley,exact_normalized,0.99
b/brownsh01,2010-11,2149200,Shannon Brown,exact_normalized,0.99
c/chandwi01,2010-11,2130482,Wilson Chandler,exact_normalized,0.99
a/aldrico01,2010-11,2126520,Cole Aldrich,exact_normalized,0.99
d/doolike01,2010-11,2080000,Keyon Dooling,exact_normalized,0.99
w/wallabe01,2010-11,2080000,Ben Wallace,exact_normalized,0.99
j/johnsan02,2010-11,2062800,Anthony Johnson,exact_normalized,0.99
b/barrybr01,2010-11,2062800,Brent Barry,exact_normalized,0.99
h/henryxa01,2010-11,2020200,Xavier Henry,exact_normalized,0.99
b/brookaa01,2010-11,2016692,Aaron Brooks,exact_normalized,0.99
h/hansbty01,2010-11,1998600,Tyler Hansbrough,exact_normalized,0.99
n/nestera01,2010-11,1990000,Rasho Nesterovic,exact_normalized,0.99
h/hayesch01,2010-11,1972500,Chuck Hayes,exact_normalized,0.99
d/dragigo01,2010-11,1972000,Goran Dragic,exact_normalized,0.99
r/randoan01,2010-11,1965720,Anthony Randolph,exact_normalized,0.99
a/afflaar01,2010-11,1959577,Arron Afflalo,exact_normalized,0.99
d/davised01,2010-11,1919160,Ed Davis,exact_normalized,0.99
c/clarkea01,2010-11,1898760,Earl Clark,exact_normalized,0.99
l/lopezro01,2010-11,1867320,Robin Lopez,exact_normalized,0.99
p/pattepa01,2010-11,1823280,Patrick Patterson,exact_normalized,0.99
m/mutomdi01,2010-11,1823280,Dikembe Mutombo,exact_normalized,0.99
b/bareajo01,2010-11,1815000,J.J. Barea,exact_normalized,0.99
d/dayeau01,2010-11,1803720,Austin Daye,exact_normalized,0.99
t/thomaku01,2010-11,1800000,Kurt Thomas,exact_normalized,0.99
s/speigma01,2010-11,1773960,Marreese Speights,exact_normalized,0.99
b/barnema02,2010-11,1765000,Matt Barnes,exact_normalized,0.99
s/sandela01,2010-11,1731960,Larry Sanders,exact_normalized,0.99
a/asikom01,2010-11,1721000,Omer Asik,exact_normalized,0.99
j/johnsja01,2010-11,1713600,James Johnson,exact_normalized,0.99
h/hibbero01,2010-11,1685280,Roy Hibbert,exact_normalized,0.99
b/balkmre01,2010-11,1675000,Renaldo Balkman,exact_normalized,0.99
b/babbilu01,2010-11,1645440,Luke Babbitt,exact_normalized,0.99
w/willise01,2010-11,1629120,Sean Williams,exact_normalized,0.99
h/holidjr01,2010-11,1627920,Jrue Holiday,exact_normalized,0.99
m/mcgeeja01,2010-11,1601040,JaVale McGee,exact_normalized,0.99
h/haddaha01,2010-11,1600000,Hamed Ehaddadi,fuzzy_96,0.963
b/boganke01,2010-11,1600000,Keith Bogans,exact_normalized,0.99
s/serapke01,2010-11,1563120,Kevin Seraphin,exact_normalized,0.99
l/lawsoty01,2010-11,1546560,Ty Lawson,exact_normalized,0.99
h/hicksjj01,2010-11,1528920,JJ Hickson,exact_normalized,0.99
j/jonesso01,2010-11,1500000,Solomon Jones,exact_normalized,0.99
b/bledser01,2010-11,1485000,Eric Bledsoe,exact_normalized,0.99
t/teaguje01,2010-11,1476840,Jeff Teague,exact_normalized,0.99
a/ajincal01,2010-11,1467840,Alexis Ajinca,exact_normalized,0.99
b/bradlav01,2010-11,1418160,Avery Bradley,exact_normalized,0.99
m/maynoer01,2010-11,1417800,Eric Maynor,exact_normalized,0.99
a/anderry01,2010-11,1409040,Ryan Anderson,exact_normalized,0.99
m/masonro01,2010-11,1400000,Roger Mason Jr.,exact_normalized,0.99
p/pricero01,2010-11,1381250,Ronnie Price,exact_normalized,0.99
a/anderja01,2010-11,1361400,James Anderson,exact_normalized,0.99
c/collida01,2010-11,1361040,Darren Collison,exact_normalized,0.99
l/leeco01,2010-11,1352640,Courtney Lee,exact_normalized,0.99
i/ilgauzy01,2010-11,1352181,Zydrunas Ilgauskas,exact_normalized,0.99
h/houseed01,2010-11,1352181,Eddie House,exact_normalized,0.99
o/onealsh01,2010-11,1352181,Shaquille O'Neal,exact_normalized,0.99
b/brackcr01,2010-11,1306920,Craig Brackins,exact_normalized,0.99
k/koufoko01,2010-11,1298640,Kosta Koufos,exact_normalized,0.99
w/williel01,2010-11,1254720,Elliot Williams,exact_normalized,0.99
c/casspom01,2010-11,1254480,Omri Casspi,exact_normalized,0.99
b/booketr01,2010-11,1204560,Trevor Booker,exact_normalized,0.99
m/mulleby01,2010-11,1204200,Byron Mullens,exact_normalized,0.99
i/ibakase01,2010-11,1204200,Serge Ibaka,exact_normalized,0.99
i/iveyro01,2010-11,1200000,Royal Ivey,exact_normalized,0.99
b/batumni01,2010-11,1196760,Nicolas Batum,exact_normalized,0.99
j/jamesda01,2010-11,1156320,Damion James,exact_normalized,0.99
b/beaubro01,2010-11,1156080,Rodrigue Beaubois,exact_normalized,0.99
c/cookbr01,2010-11,1146337,Brian Cook,exact_normalized,0.99
j/jonesja02,2010-11,1146337,James Jones,exact_normalized,0.99
a/arthuda01,2010-11,1123680,Darrell Arthur,exact_normalized,0.99
g/gibsota01,2010-11,1117680,Taj Gibson,exact_normalized,0.99
j/jonesdo02,2010-11,1110120,Dominique Jones,exact_normalized,0.99
w/whitedj01,2010-11,1108680,D.J. White,exact_normalized,0.99
f/fesenky01,2010-11,1087500,Kyrylo Fesenko,exact_normalized,0.99
c/carrode01,2010-11,1085400,DeMarre Carroll,exact_normalized,0.99
e/ellinwa01,2010-11,1078800,Wayne Ellington,exact_normalized,0.99
p/pondequ01,2010-11,1073280,Quincy Pondexter,exact_normalized,0.99
t/tuckeal02,2010-11,1071720,Alando Tucker,exact_normalized,0.99
d/douglto01,2010-11,1071000,Toney Douglas,exact_normalized,0.99
c/crawfjo02,2010-11,1042320,Jordan Crawford,exact_normalized,0.99
v/vasqugr01,2010-11,1035960,Greivis Vasquez,exact_normalized,0.99
r/rossqu01,2010-11,1033342,Quinton Ross,exact_normalized,0.99
s/singlja01,2010-11,1030189,James Singleton,exact_normalized,0.99
w/willija04,2010-11,1029389,Jawad Williams,exact_normalized,0.99
g/grayaa01,2010-11,1028840,Aaron Gray,exact_normalized,0.99
o/ortonda01,2010-11,1028400,Daniel Orton,exact_normalized,0.99
e/eyengch01,2010-11,1020960,Christian Eyenga,exact_normalized,0.99
h/haywala01,2010-11,1020960,Lazar Hayward,exact_normalized,0.99
b/brockjo01,2010-11,1000000,Jon Brockman,exact_normalized,0.99
g/grahast01,2010-11,992680,Stephen Graham,exact_normalized,0.99
r/randosh01,2010-11,992680,Shavlik Randolph,exact_normalized,0.99
g/grahajo01,2010-11,992680,Joey Graham,exact_normalized,0.99
m/millspa02,2010-11,937195,Patty Mills,exact_normalized,0.99
g/greendo01,2010-11,930700,Donte Greene,exact_normalized,0.99
b/blairde01,2010-11,918000,DeJuan Blair,exact_normalized,0.99
y/youngsa01,2010-11,886000,Sam Young,exact_normalized,0.99
m/mahinia01,2010-11,885120,Ian Mahinmi,exact_normalized,0.99
j/johnsal01,2010-11,885120,Alexander Johnson,exact_normalized,0.99
m/mensapo01,2010-11,885120,Pops Mensah-Bonsu,exact_normalized,0.99
m/mcrobjo01,2010-11,885120,Josh McRoberts,exact_normalized,0.99
s/stoudsa01,2010-11,884881,Salim Stoudamire,exact_normalized,0.99
d/doubyqu01,2010-11,855189,Quincy Douby,exact_normalized,0.99
h/haislma01,2010-11,855189,Marcus Haislip,exact_normalized,0.99
s/senesa01,2010-11,855189,Mouhamed Sene,exact_normalized,0.99
r/roberan02,2010-11,855189,Anthony Roberson,exact_normalized,0.99
k/kinseta01,2010-11,855189,Tarence Kinsey,exact_normalized,0.99
c/crittja01,2010-11,854389,Javaris Crittenton,exact_normalized,0.99
m/milesda01,2010-11,854389,Darius Miles,exact_normalized,0.99
w/weaveky01,2010-11,854389,Kyle Weaver,exact_normalized,0.99
j/jackslu02,2010-11,854389,Luke Jackson,exact_normalized,0.99
t/thomake01,2010-11,854389,Kenny Thomas,exact_normalized,0.99
m/magloja01,2010-11,854389,Jamaal Magloire,exact_normalized,0.99
e/elyme01,2010-11,854389,Melvin Ely,exact_normalized,0.99
h/harrimi01,2010-11,854389,Mike Harris,exact_normalized,0.99
j/jonesdw02,2010-11,854389,Dwayne Jones II,exact_normalized,0.99
h/hairsma01,2010-11,854389,Malik Hairston,exact_normalized,0.99
m/mcgratr01,2010-11,854389,Tracy McGrady,exact_normalized,0.99
w/wrighan01,2010-11,854389,Antoine Wright,exact_normalized,0.99
m/mayse01,2010-11,854389,Sean May,exact_normalized,0.99
h/headlu01,2010-11,854389,Luther Head,exact_normalized,0.99
k/karlco01,2010-11,854389,Coby Karl,exact_normalized,0.99
o/obertfa01,2010-11,854389,Fabricio Oberto,exact_normalized,0.99
w/watsoea01,2010-11,854389,Earl Watson,exact_normalized,0.99
w/weemsso01,2010-11,854389,Sonny Weems,exact_normalized,0.99
b/brownkw01,2010-11,854389,Kwame Brown,exact_normalized,0.99
e/elsonfr01,2010-11,854389,Francisco Elson,exact_normalized,0.99
b/battito01,2010-11,854389,Tony Battie,exact_normalized,0.99
w/wafervo01,2010-11,854389,Von Wafer,exact_normalized,0.99
a/allenma01,2010-11,854389,Malik Allen,exact_normalized,0.99
c/collija04,2010-11,854389,Jason Collins,exact_normalized,0.99
s/stackje01,2010-11,854389,Jerry Stackhouse,exact_normalized,0.99
w/willish02,2010-11,854389,Shelden Williams,exact_normalized,0.99
w/willish03,2010-11,854389,Shawne Williams,exact_normalized,0.99
a/agerma01,2010-11,854389,Maurice Ager,exact_normalized,0.99
p/poweljo01,2010-11,854389,Josh Powell,exact_normalized,0.99
w/walkebi01,2010-11,854389,Henry Walker,exact_normalized,0.99
c/chalmma01,2010-11,854389,Mario Chalmers,exact_normalized,0.99
h/howarju01,2010-11,854389,Juwan Howard,exact_normalized,0.99
s/smithjo02,2010-11,854389,Joe Smith,exact_normalized,0.99
r/ratlith01,2010-11,854389,Theo Ratliff,exact_normalized,0.99
s/simmobo01,2010-11,854389,Bobby Simmons,exact_normalized,0.99
j/jacksda01,2010-11,854389,Darnell Jackson,exact_normalized,0.99
h/hillge01,2010-11,854389,George Hill,exact_normalized,0.99
m/mbahalu01,2010-11,854389,Luc Mbah a Moute,exact_normalized,0.99
b/boykiea01,2010-11,854389,Earl Boykins,exact_normalized,0.99
a/alexajo01,2010-11,854389,Joe Alexander,exact_normalized,0.99
a/armsthi01,2010-11,854389,Hilton Armstrong,exact_normalized,0.99
m/martica01,2010-11,854389,Cartier Martin,exact_normalized,0.99
j/jordade01,2010-11,854389,DeAndre Jordan,exact_normalized,0.99
d/dorsejo01,2010-11,854389,Joey Dorsey,exact_normalized,0.99
c/cartean01,2010-11,854389,Anthony Carter,exact_normalized,0.99
w/westde01,2010-11,854389,Delonte West,exact_normalized,0.99
t/thomati01,2010-11,854389,Tim Thomas,exact_normalized,0.99
c/cardibr01,2010-11,854389,Brian Cardinal,exact_normalized,0.99
r/richach01,2010-11,854389,Chris Richard,exact_normalized,0.99
s/scalabr01,2010-11,854389,Brian Scalabrine,exact_normalized,0.99
d/douglch01,2010-11,854389,Chris Douglas-Roberts,exact_normalized,0.99
s/strawdj01,2010-11,854389,D.J. Strawberry,exact_normalized,0.99
t/thomaet01,2010-11,854389,Etan Thomas,exact_normalized,0.99
d/davispa01,2010-11,825497,Paul Davis,exact_normalized,0.99
o/ollieke01,2010-11,825497,Kevin Ollie,exact_normalized,0.99
b/bowenry01,2010-11,825497,Ryan Bowen,exact_normalized,0.99
m/masonde01,2010-11,825497,Desmond Mason,exact_normalized,0.99
m/mooremi01,2010-11,825497,Mikki Moore,exact_normalized,0.99
j/johnsli01,2010-11,825497,Linton Johnson,exact_normalized,0.99
w/whiteja02,2010-11,825497,James White,exact_normalized,0.99
h/hartja01,2010-11,825497,Jason Hart,exact_normalized,0.99
r/rushka01,2010-11,825497,Kareem Rush,exact_normalized,0.99
d/davidje01,2010-11,825497,Jermareo Davidson,exact_normalized,0.99
h/hunteli01,2010-11,825497,Lindsey Hunter,exact_normalized,0.99
p/pruitga01,2010-11,825497,Gabe Pruitt,exact_normalized,0.99
q/quinnch01,2010-11,804131,Chris Quinn,exact_normalized,0.99
m/marksse01,2010-11,799105,Sean Marks,exact_normalized,0.99
b/budinch01,2010-11,780871,Chase Budinger,exact_normalized,0.99
t/tayloje02,2010-11,780871,Jermaine Taylor,exact_normalized,0.99
g/gaffnto01,2010-11,762195,Tony Gaffney,exact_normalized,0.99
m/meeksjo01,2010-11,762195,Jodie Meeks,exact_normalized,0.99
b/butchbr01,2010-11,762195,Brian Butch,exact_normalized,0.99
c/cunnida01,2010-11,762195,Dante Cunningham,exact_normalized,0.99
b/brownde04,2010-11,762195,Derrick Brown,exact_normalized,0.99
w/watkida01,2010-11,762195,Darryl Watkins,exact_normalized,0.99
s/stiemgr01,2010-11,762195,Greg Stiemsma,exact_normalized,0.99
p/priceaj01,2010-11,762195,A.J. Price,exact_normalized,0.99
g/griffta01,2010-11,762195,Taylor Griffin,exact_normalized,0.99
s/summeda01,2010-11,762195,DaJuan Summers,exact_normalized,0.99
t/thornma01,2010-11,762195,Marcus Thornton,exact_normalized,0.99
h/hasbrke01,2010-11,762195,Kenny Hasbrouck,exact_normalized,0.99
p/pendeje02,2010-11,762195,Jeff Ayres,exact_normalized,0.99
j/jerebjo01,2010-11,762195,Jonas Jerebko,exact_normalized,0.99
j/jerrecu01,2010-11,762195,Curtis Jerrells,exact_normalized,0.99
l/lafayol01,2010-11,762195,Oliver Lafayette,exact_normalized,0.99
s/stephla01,2010-11,750000,Lance Stephenson,exact_normalized,0.99
j/jeffedo01,2010-11,736420,Dontell Jefferson,exact_normalized,0.99
t/taylomi01,2010-11,736420,Mike Taylor,exact_normalized,0.99
c/crawfjo01,2010-11,736420,Joe Crawford,exact_normalized,0.99
y/yuesu01,2010-11,736420,Sun Yue,fuzzy_95,0.95
s/sharpwa01,2010-11,736420,Walter Sharpe,exact_normalized,0.99
n/nelsode01,2010-11,736420,DeMarcus Nelson,exact_normalized,0.99
h/hunteot01,2010-11,736420,Othello Hunter,exact_normalized,0.99
w/whiteha01,2010-11,730437,Hassan Whiteside,exact_normalized,0.99
d/dampier01,2010-11,713666,Erick Dampier,exact_normalized,0.99
u/udokaim01,2010-11,708640,Ime Udoka,exact_normalized,0.99
w/wilksmi01,2010-11,679821,Mike Wilks,exact_normalized,0.99
a/alabiso01,2010-11,670000,Solomon Alabi,exact_normalized,0.99
s/skinnbr01,2010-11,668434,Brian Skinner,exact_normalized,0.99
i/iversal01,2010-11,650686,Allen Iverson,exact_normalized,0.99
g/geeal01,2010-11,641141,Alonzo Gee,exact_normalized,0.99
l/lawac01,2010-11,633253,Acie Law,exact_normalized,0.99
r/rautian01,2010-11,600000,Andy Rautins,exact_normalized,0.99
d/dioguik01,2010-11,567917,Ike Diogu,exact_normalized,0.99
n/nealga01,2010-11,525000,Gary Neal,exact_normalized,0.99
w/willija02,2010-11,524964,Jason Williams,exact_normalized,0.99
h/hudsole01,2010-11,515603,Lester Hudson,exact_normalized,0.99
w/warrewi01,2010-11,500000,Willie Warren,exact_normalized,0.99
s/samuesa01,2010-11,500000,Samardo Samuels,exact_normalized,0.99
w/wilkida02,2010-11,482478,Damien Wilkins,exact_normalized,0.99
s/smithis01,2010-11,473604,Ish Smith,exact_normalized,0.99
l/linje01,2010-11,473604,Jeremy Lin,exact_normalized,0.99
f/fieldla01,2010-11,473604,Landry Fields,exact_normalized,0.99
c/collish01,2010-11,473604,Sherron Collins,exact_normalized,0.99
n/ndiayha01,2010-11,473604,Hamady Ndiaye,exact_normalized,0.99
j/jetereu01,2010-11,473604,Pooh Jeter,exact_normalized,0.99
w/whitete01,2010-11,473604,Terrico White,exact_normalized,0.99
s/silerga01,2010-11,473604,Garret Siler,exact_normalized,0.99
j/johnsar02,2010-11,473604,Armon Johnson,exact_normalized,0.99
h/hobsoda01,2010-11,473604,Darington Hobson,exact_normalized,0.99
b/beverpa01,2010-11,473604,Patrick Beverley,exact_normalized,0.99
c/caracde01,2010-11,473604,Derrick Caracter,exact_normalized,0.99
f/forbega01,2010-11,473604,Gary Forbes,exact_normalized,0.99
s/sloando01,2010-11,473604,Donald Sloan,exact_normalized,0.99
u/uzohbe01,2010-11,473604,Ben Uzoh,exact_normalized,0.99
h/harrima01,2010-11,473604,Manny Harris,exact_normalized,0.99
e/ebankde01,2010-11,473604,Devin Ebanks,exact_normalized,0.99
h/haranlu01,2010-11,473604,Luke Harangody,exact_normalized,0.99
e/erdense01,2010-11,473604,Semih Erden,exact_normalized,0.99
e/evansje01,2010-11,473604,Jeremy Evans,exact_normalized,0.99
s/sypa01,2010-11,473604,Pape Sy,exact_normalized,0.99
p/pittmde01,2010-11,473604,Dexter Pittman,exact_normalized,0.99
b/byarsde01,2010-11,457588,Derrick Byars,exact_normalized,0.99
g/gildetr01,2010-11,457588,Trey Gilder,exact_normalized,0.99
l/landrma01,2010-11,457588,Marcus Landry,exact_normalized,0.99
s/stojape01,2010-11,402065,Peja Stojakovic,exact_normalized,0.99
n/novakst01,2010-11,306575,Steve Novak,exact_normalized,0.99
s/shakumu01,2010-11,226162,Mustafa Shakur,exact_normalized,0.99
j/jeffrja01,2010-11,221136,Jared Jeffries,exact_normalized,0.99
b/bibbymi01,2010-11,216110,Mike Bibby,exact_normalized,0.99
m/murphtr01,2010-11,216110,Troy Murphy,exact_normalized,0.99
m/mcguido01,2010-11,211084,Dominic McGuire,exact_normalized,0.99
p/pavloal01,2010-11,211084,Sasha Pavlovic,exact_normalized,0.99
b/butlera01,2010-11,211084,Rasual Butler,exact_normalized,0.99
t/thornal01,2010-11,211084,Al Thornton,exact_normalized,0.99
d/dienetr01,2010-11,208802,Travis Diener,exact_normalized,0.99
p/powele01,2010-11,201033,Leon Powe,exact_normalized,0.99
a/arroyca01,2010-11,196007,Carlos Arroyo,exact_normalized,0.99
d/dowdeza01,2010-11,186656,Zabian Dowdell,exact_normalized,0.99
p/pargoja01,2010-11,168579,Jannero Pargo,exact_normalized,0.99
g/greenda02,2010-11,130022,Danny Green,exact_normalized,0.99
b/butleda03,2010-11,125000,Da'Sean Butler,exact_normalized,0.99
g/gainesu01,2010-11,112088,Sundiata Gaines,exact_normalized,0.99
t/templga01,2010-11,80703,Garrett Temple,exact_normalized,0.99
j/jacksce01,2010-11,40375,Cedric Jackson,exact_normalized,0.99
j/jeffeot01,2010-11,35868,Othyus Jeffers,exact_normalized,0.99
c/cousima01,2010-11,25000,Marcus Cousin,exact_normalized,0.99
o/owensla01,2010-11,22287,Larry Owens,exact_normalized,0.99
w/westma02,2010-11,20103,Mario West,exact_normalized,0.99
b/blakema01,2010-11,15000,Marqus Blakely,exact_normalized,0.99
v/vadenro01,2010-11,13930,Robert Vaden,exact_normalized,0.99
b/barroea01,2010-11,11679,Earl Barron,exact_normalized,0.99
j/johnstr01,2010-11,8967,Trey Johnson,exact_normalized,0.99
r/rollema01,2010-11,8358,Magnum Rolle,exact_normalized,0.99
b/bryanko01,2011-12,25244493,Kobe Bryant,exact_normalized,0.99
g/garneke01,2011-12,21247044,Kevin Garnett,exact_normalized,0.99
d/duncati01,2011-12,21164619,Tim Duncan,exact_normalized,0.99
l/lewisra02,2011-12,21136631,Rashard Lewis,exact_normalized,0.99
n/nowitdi01,2011-12,19092873,Dirk Nowitzki,exact_normalized,0.99
g/gasolpa01,2011-12,18714150,Pau Gasol,exact_normalized,0.99
a/anthoca01,2011-12,18518574,Carmelo Anthony,exact_normalized,0.99
s/stoudam01,2011-12,18217705,Amar'e Stoudemire,exact_normalized,0.99
b/brandel01,2011-12,18160355,Elton Brand,exact_normalized,0.99
h/howardw01,2011-12,18091770,Dwight Howard,exact_normalized,0.99
j/johnsjo02,2011-12,18038573,Joe Johnson,exact_normalized,0.99
k/kirilan01,2011-12,17823000,Andrei Kirilenko,exact_normalized,0.99
b/boshch01,2011-12,17545000,Chris Bosh,exact_normalized,0.99
j/jamesle01,2011-12,17545000,LeBron James,exact_normalized,0.99
p/paulch01,2011-12,16359805,Chris Paul,exact_normalized,0.99
w/willide01,2011-12,16359805,Deron Williams,exact_normalized,0.99
w/wadedw01,2011-12,15691000,Dwyane Wade,exact_normalized,0.99
d/duranke01,2011-12,15506632,Kevin Durant,exact_normalized,0.99
p/piercpa01,2011-12,15333334,Paul Pierce,exact_normalized,0.99
r/randoza01,2011-12,15200000,Zach Randolph,exact_normalized,0.99
j/jamisan01,2011-12,15076715,Antawn Jamison,exact_normalized,0.99
r/roybr01,2011-12,15032144,Brandon Roy,exact_normalized,0.99
g/gayru01,2011-12,15032144,Rudy Gay,exact_normalized,0.99
j/jeffeal01,2011-12,15000000,Al Jefferson,exact_normalized,0.99
b/bynuman01,2011-12,14900000,Andrew Bynum,exact_normalized,0.99
i/iguodan01,2011-12,14718250,Andre Iguodala,exact_normalized,0.99
g/ginobma01,2011-12,14107492,Manu Ginobili,exact_normalized,0.99
k/kamanch01,2011-12,14030000,Chris Kaman,exact_normalized,0.99
a/aldrila01,2011-12,14000000,LaMarcus Aldridge,exact_normalized,0.99
b/boozeca01,2011-12,13500000,Carlos Boozer,exact_normalized,0.99
c/chandty01,2011-12,13107837,Tyson Chandler,exact_normalized,0.99
g/gasolma01,2011-12,12922194,Marc Gasol,exact_normalized,0.99
o/okafoem01,2011-12,12642500,Emeka Okafor,exact_normalized,0.99
p/parketo01,2011-12,12500000,Tony Parker,exact_normalized,0.99
h/horfoal01,2011-12,12498483,Al Horford,exact_normalized,0.99
s/smithjo03,2011-12,12400000,Josh Smith,exact_normalized,0.99
d/denglu01,2011-12,12325000,Luol Deng,exact_normalized,0.99
g/grangda01,2011-12,12015904,Danny Granger,exact_normalized,0.99
n/noahjo01,2011-12,12000000,Joakim Noah,exact_normalized,0.99
b/bogutan01,2011-12,12000000,Andrew Bogut,exact_normalized,0.99
n/nashst01,2011-12,11689062,Steve Nash,exact_normalized,0.99
l/leeda02,2011-12,11610000,David Lee,exact_normalized,0.99
g/gordobe01,2011-12,11600000,Ben Gordon,exact_normalized,0.99
m/martike02,2011-12,11519840,Kevin Martin,exact_normalized,0.99
c/cambyma01,2011-12,11227250,Marcus Camby,exact_normalized,0.99
t/terryja01,2011-12,11158000,Jason Terry,exact_normalized,0.99
t/turkohe01,2011-12,11015850,Hedo Turkoglu,exact_normalized,0.99
e/ellismo01,2011-12,11000000,Monta Ellis,exact_normalized,0.99
o/okurme01,2011-12,10890000,Mehmet Okur,exact_normalized,0.99
c/caldejo01,2011-12,10561982,Jose Calderon,exact_normalized,0.99
m/maggeco01,2011-12,10262069,Corey Maggette,exact_normalized,0.99
k/kiddja01,2011-12,10121000,Jason Kidd,exact_normalized,0.99
j/jordade01,2011-12,10079404,DeAndre Jordan,exact_normalized,0.99
r/rondora01,2011-12,10045454,Rajon Rondo,exact_normalized,0.99
b/bargnan01,2011-12,10000000,Andrea Bargnani,exact_normalized,0.99
a/allenra02,2011-12,10000000,Ray Allen,exact_normalized,0.99
w/westda01,2011-12,10000000,David West,exact_normalized,0.99
w/wallage01,2011-12,9500000,Gerald Wallace,exact_normalized,0.99
m/moblecu01,2011-12,9500000,Cuttino Mobley,exact_normalized,0.99
h/harride01,2011-12,9319000,Devin Harris,exact_normalized,0.99
j/jefferi01,2011-12,9282000,Richard Jefferson,exact_normalized,0.99
b/biedran01,2011-12,9000000,Andris Biedrins,exact_normalized,0.99
o/odomla01,2011-12,8900000,Lamar Odom,exact_normalized,0.99
m/millspa01,2011-12,8603633,Paul Millsap,exact_normalized,0.99
n/nelsoja01,2011-12,8600000,Jameer Nelson,exact_normalized,0.99
s/scolalu01,2011-12,8591793,Luis Scola,exact_normalized,0.99
l/landrca01,2011-12,8500000,Carl Landry,exact_normalized,0.99
s/stuckro01,2011-12,8500000,Rodney Stuckey,exact_normalized,0.99
w/willima01,2011-12,8500000,Mo Williams,exact_normalized,0.99
s/salmojo01,2011-12,8083000,John Salmons,exact_normalized,0.99
y/youngth01,2011-12,8039130,Thaddeus Young,exact_normalized,0.99
m/mariosh01,2011-12,8022449,Shawn Marion,exact_normalized,0.99
b/butleca01,2011-12,8000000,Caron Butler,exact_normalized,0.99
h/humphkr01,2011-12,8000000,Kris Humphries,exact_normalized,0.99
h/hinriki01,2011-12,8000000,Kirk Hinrich,exact_normalized,0.99
b/blounma01,2011-12,7967375,Mark Blount,exact_normalized,0.99
m/millean02,2011-12,7807728,Andre Miller,exact_normalized,0.99
a/afflaar01,2011-12,7750000,Arron Afflalo,exact_normalized,0.99
v/varejan01,2011-12,7700000,Anderson Varejao,exact_normalized,0.99
h/haywobr01,2011-12,7624500,Brendan Haywood,exact_normalized,0.99
b/barbole01,2011-12,7600000,Leandro Barbosa,exact_normalized,0.99
p/poseyja01,2011-12,7595600,James Posey,exact_normalized,0.99
f/feltora01,2011-12,7560000,Raymond Felton,exact_normalized,0.99
v/villach01,2011-12,7540000,Charlie Villanueva,exact_normalized,0.99
t/thornma01,2011-12,7525000,Marcus Thornton,exact_normalized,0.99
w/willima02,2011-12,7500000,Marvin Williams,exact_normalized,0.99
t/thomaty01,2011-12,7305785,Tyrus Thomas,exact_normalized,0.99
g/gortama01,2011-12,7258960,Marcin Gortat,exact_normalized,0.99
p/perkike01,2011-12,7123626,Kendrick Perkins,exact_normalized,0.99
j/jaricma01,2011-12,7100000,Marko Jaric,exact_normalized,0.99
d/dalemsa01,2011-12,7000000,Samuel Dalembert,exact_normalized,0.99
r/rosede01,2011-12,6993708,Derrick Rose,exact_normalized,0.99
u/udrihbe01,2011-12,6925400,Beno Udrih,exact_normalized,0.99
d/diopde01,2011-12,6925400,DeSagana Diop,exact_normalized,0.99
a/arizatr01,2011-12,6790640,Trevor Ariza,exact_normalized,0.99
a/artesro01,2011-12,6790640,Metta World Peace,exact_normalized,0.99
b/brownkw01,2011-12,6750000,Kwame Brown,exact_normalized,0.99
r/redicjj01,2011-12,6750000,JJ Redick,exact_normalized,0.99
p/petermo01,2011-12,6665000,Morris Peterson,exact_normalized,0.99
n/nocioan01,2011-12,6650000,Andres Nocioni,exact_normalized,0.99
c/conlemi01,2011-12,6611571,Mike Conley,exact_normalized,0.99
j/jamesje01,2011-12,6600000,Jerome James,exact_normalized,0.99
m/matthwe02,2011-12,6505320,Wesley Matthews,exact_normalized,0.99
h/hillgr01,2011-12,6500000,Grant Hill,exact_normalized,0.99
c/childjo01,2011-12,6500000,Josh Childress,exact_normalized,0.99
b/blatcan01,2011-12,6442083,Andray Blatche,exact_normalized,0.99
w/wallara01,2011-12,6322320,Rasheed Wallace,exact_normalized,0.99
d/davisgl01,2011-12,6300000,Glen Davis,exact_normalized,0.99
p/princta01,2011-12,6292135,Tayshaun Prince,exact_normalized,0.99
b/beaslmi01,2011-12,6262347,Michael Beasley,exact_normalized,0.99
g/goodedr01,2011-12,6226200,Drew Gooden,exact_normalized,0.99
h/harrial01,2011-12,6226200,Al Harrington,exact_normalized,0.99
o/onealje01,2011-12,6226200,Jermaine O'Neal,exact_normalized,0.99
g/garcifr01,2011-12,6100000,Francisco Garcia,exact_normalized,0.99
j/johnsam01,2011-12,6000000,Amir Johnson,exact_normalized,0.99
f/fryech01,2011-12,6000000,Channing Frye,exact_normalized,0.99
w/waltolu01,2011-12,5971363,Luke Walton,exact_normalized,0.99
l/lowryky01,2011-12,5750000,Kyle Lowry,exact_normalized,0.99
g/griffbl01,2011-12,5731080,Blake Griffin,exact_normalized,0.99
m/mayooj01,2011-12,5632637,O.J. Mayo,exact_normalized,0.99
k/krstine01,2011-12,5543116,Nenad Krstic,exact_normalized,0.99
w/walljo01,2011-12,5530080,John Wall,exact_normalized,0.99
c/chandwi01,2011-12,5516664,Wilson Chandler,exact_normalized,0.99
h/hayesch01,2011-12,5486250,Chuck Hayes,exact_normalized,0.99
v/vujacsa01,2011-12,5475113,Sasha Vujacic,exact_normalized,0.99
m/millemi01,2011-12,5400000,Mike Miller,exact_normalized,0.99
r/richaja01,2011-12,5395000,Jason Richardson,exact_normalized,0.99
t/turneev01,2011-12,5293080,Evan Turner,exact_normalized,0.99
w/webstma02,2011-12,5256000,Martell Webster,exact_normalized,0.99
e/evansty01,2011-12,5251825,Tyreke Evans,exact_normalized,0.99
m/mcdyean01,2011-12,5220000,Antonio McDyess,exact_normalized,0.99
c/claxtsp01,2011-12,5209454,Speedy Claxton,exact_normalized,0.99
w/willilo02,2011-12,5176000,Lou Williams,exact_normalized,0.99
i/irvinky01,2011-12,5144280,Kyrie Irving,exact_normalized,0.99
t/thabeha01,2011-12,5127720,Hasheem Thabeet,exact_normalized,0.99
w/westbru01,2011-12,5082416,Russell Westbrook,exact_normalized,0.99
m/maxieja01,2011-12,5000000,Jason Maxiell,exact_normalized,0.99
c/crawfja01,2011-12,5000000,Jamal Crawford,exact_normalized,0.99
k/korveky01,2011-12,5000000,Kyle Korver,exact_normalized,0.99
m/mbahalu01,2011-12,5000000,Luc Mbah a Moute,exact_normalized,0.99
h/hamilri01,2011-12,5000000,Richard Hamilton,exact_normalized,0.99
j/jackja01,2011-12,5000000,Jarrett Jack,exact_normalized,0.99
b/banksma01,2011-12,4847586,Marcus Banks,exact_normalized,0.99
s/songada01,2011-12,4818000,Darius Songaila,exact_normalized,0.99
m/milicda01,2011-12,4776500,Darko Milicic,exact_normalized,0.99
f/favorde01,2011-12,4753320,Derrick Favors,exact_normalized,0.99
m/millebr01,2011-12,4752000,Brad Miller,exact_normalized,0.99
p/pachuza01,2011-12,4750000,Zaza Pachulia,exact_normalized,0.99
b/brewero02,2011-12,4710000,Ronnie Brewer,exact_normalized,0.99
l/loveke01,2011-12,4609701,Kevin Love,exact_normalized,0.99
h/hardeja01,2011-12,4604760,James Harden,exact_normalized,0.99
w/willide02,2011-12,4602720,Derrick Williams,exact_normalized,0.99
k/kleizli01,2011-12,4600000,Linas Kleiza,exact_normalized,0.99
p/pekovni01,2011-12,4503600,Nikola Pekovic,exact_normalized,0.99
j/jerebjo01,2011-12,4500000,Jonas Jerebko,exact_normalized,0.99
g/greenje02,2011-12,4455988,Jeff Green,exact_normalized,0.99
g/gibsoda01,2011-12,4403834,Daniel Gibson,exact_normalized,0.99
k/kanteen01,2011-12,4319280,Enes Freedom,exact_normalized,0.99
b/bareajo01,2011-12,4300000,J.J. Barea,exact_normalized,0.99
s/sessira01,2011-12,4257973,Ramon Sessions,exact_normalized,0.99
f/foyera01,2011-12,4250000,Randy Foye,exact_normalized,0.99
d/dudleja01,2011-12,4250000,Jared Dudley,exact_normalized,0.99
b/bassbr01,2011-12,4250000,Brandon Bass,exact_normalized,0.99
a/anderch01,2011-12,4234000,Chris Andersen,exact_normalized,0.99
g/gallida01,2011-12,4190182,Danilo Gallinari,exact_normalized,0.99
b/bowenbr01,2011-12,4100000,Bruce Bowen,exact_normalized,0.99
b/bellch01,2011-12,4099920,Charlie Bell,exact_normalized,0.99
b/buckngr01,2011-12,4080915,Greg Buckner,exact_normalized,0.99
h/hasleud01,2011-12,4060000,Udonis Haslem,exact_normalized,0.99
h/hawessp01,2011-12,4051024,Spencer Hawes,exact_normalized,0.99
j/johnswe01,2011-12,4006080,Wesley Johnson,exact_normalized,0.99
f/farmajo01,2011-12,4000000,Jordan Farmar,exact_normalized,0.99
m/morroan01,2011-12,4000000,Anthony Morrow,exact_normalized,0.99
w/warriha01,2011-12,4000000,Hakim Warrick,exact_normalized,0.99
c/chalmma01,2011-12,4000000,Mario Chalmers,exact_normalized,0.99
b/blakest01,2011-12,4000000,Steve Blake,exact_normalized,0.99
g/gomesry01,2011-12,4000000,Ryan Gomes,exact_normalized,0.99
s/splitti01,2011-12,3944000,Tiago Splitter,exact_normalized,0.99
c/carroma01,2011-12,3900000,Matt Carroll,exact_normalized,0.99
c/couside01,2011-12,3880800,DeMarcus Cousins,exact_normalized,0.99
g/gordoer01,2011-12,3831184,Eric Gordon,exact_normalized,0.99
w/wrighdo01,2011-12,3823000,Dorell Wright,exact_normalized,0.99
m/mohamna01,2011-12,3750000,Nazr Mohammed,exact_normalized,0.99
t/thomptr01,2011-12,3726600,Tristan Thompson,exact_normalized,0.99
m/milescj01,2011-12,3700000,CJ Miles,exact_normalized,0.99
y/youngni01,2011-12,3695857,Nick Young,exact_normalized,0.99
r/ridnolu01,2011-12,3680000,Luke Ridnour,exact_normalized,0.99
b/bonnema01,2011-12,3630000,Matt Bonner,exact_normalized,0.99
b/brownsh01,2011-12,3500000,Shannon Brown,exact_normalized,0.99
d/delfica01,2011-12,3500000,Carlos Delfino,exact_normalized,0.99
l/livinsh01,2011-12,3500000,Shaun Livingston,exact_normalized,0.99
r/rubiori01,2011-12,3480120,Ricky Rubio,exact_normalized,0.99
b/bellra01,2011-12,3480000,Raja Bell,exact_normalized,0.99
f/flynnjo01,2011-12,3414720,Jonny Flynn,exact_normalized,0.99
w/watsocj01,2011-12,3400000,C.J. Watson,exact_normalized,0.99
b/belinma01,2011-12,3377604,Marco Belinelli,exact_normalized,0.99
d/derozde01,2011-12,3344250,DeMar DeRozan,exact_normalized,0.99
m/mozgoti01,2011-12,3343896,Timofey Mozgov,exact_normalized,0.99
c/cookda02,2011-12,3341558,Daequan Cook,exact_normalized,0.99
s/sefolth01,2011-12,3300000,Thabo Sefolosha,exact_normalized,0.99
u/udohek01,2011-12,3294960,Ekpe Udoh,exact_normalized,0.99
c/collini01,2011-12,3272997,Nick Collison,exact_normalized,0.99
d/duhonch01,2011-12,3250000,Chris Duhon,exact_normalized,0.99
b/bynumwi01,2011-12,3250000,Will Bynum,exact_normalized,0.99
p/petrojo01,2011-12,3250000,Johan Petro,exact_normalized,0.99
a/augusdj01,2011-12,3236470,D.J. Augustin,exact_normalized,0.99
a/allento01,2011-12,3150000,Tony Allen,exact_normalized,0.99
w/willish03,2011-12,3135000,Shawne Williams,exact_normalized,0.99
b/battish01,2011-12,3135000,Shane Battier,exact_normalized,0.99
c/curryst01,2011-12,3117120,Stephen Curry,exact_normalized,0.99
l/lopezbr01,2011-12,3076983,Brook Lopez,exact_normalized,0.99
v/veselja01,2011-12,3065040,Jan Vesely,exact_normalized,0.99
b/breweco01,2011-12,3059000,Corey Brewer,exact_normalized,0.99
b/bayleje01,2011-12,3042280,Jerryd Bayless,exact_normalized,0.99
m/monrogr01,2011-12,3007920,Greg Monroe,exact_normalized,0.99
t/thompja02,2011-12,3001284,Jason Thompson,exact_normalized,0.99
o/outlatr01,2011-12,3000000,Travis Outlaw,exact_normalized,0.99
f/fosteje01,2011-12,3000000,Jeff Foster,exact_normalized,0.99
m/mcrobjo01,2011-12,3000000,Josh McRoberts,exact_normalized,0.99
w/wilcoch01,2011-12,3000000,Chris Wilcox,exact_normalized,0.99
c/cartevi01,2011-12,3000000,Vince Carter,exact_normalized,0.99
r/randoan01,2011-12,2911231,Anthony Randolph,exact_normalized,0.99
l/lopezro01,2011-12,2862602,Robin Lopez,exact_normalized,0.99
w/wrighju01,2011-12,2858057,Julian Wright,exact_normalized,0.99
h/hilljo01,2011-12,2855760,Jordan Hill,exact_normalized,0.99
m/madsema01,2011-12,2840000,Mark Madsen,exact_normalized,0.99
j/johnsja01,2011-12,2812006,James Johnson,exact_normalized,0.99
b/biyombi01,2011-12,2798040,Bismack Biyombo,exact_normalized,0.99
a/amundlo01,2011-12,2763450,Lou Amundson,exact_normalized,0.99
a/aminual01,2011-12,2755560,Al-Farouq Aminu,exact_normalized,0.99
n/najered01,2011-12,2750000,Eduardo Najera,exact_normalized,0.99
s/speigma01,2011-12,2721255,Marreese Speights,exact_normalized,0.99
h/haywago01,2011-12,2709720,Gordon Hayward,exact_normalized,0.99
j/jonesda02,2011-12,2700000,Dahntay Jones,exact_normalized,0.99
a/anderda03,2011-12,2685185,David Andersen,exact_normalized,0.99
h/holidjr01,2011-12,2674852,Jrue Holiday,exact_normalized,0.99
h/hibbero01,2011-12,2588590,Roy Hibbert,exact_normalized,0.99
k/knighbr03,2011-12,2563320,Brandon Knight,exact_normalized,0.99
i/ilyaser01,2011-12,2541000,Ersan Ilyasova,exact_normalized,0.99
m/martike01,2011-12,2500000,Kenyon Martin,exact_normalized,0.99
g/grayaa01,2011-12,2500000,Aaron Gray,exact_normalized,0.99
s/smithja02,2011-12,2500000,Jason Smith,exact_normalized,0.99
s/stevede01,2011-12,2500000,DeShawn Stevenson,exact_normalized,0.99
j/jennibr01,2011-12,2493720,Brandon Jennings,exact_normalized,0.99
m/mcgeeja01,2011-12,2462400,JaVale McGee,exact_normalized,0.99
r/richaqu01,2011-12,2446200,Quentin Richardson,exact_normalized,0.99
g/georgpa01,2011-12,2406240,Paul George,exact_normalized,0.99
d/davisri01,2011-12,2400000,Ricky Davis,exact_normalized,0.99
w/walkeke02,2011-12,2356320,Kemba Walker,exact_normalized,0.99
h/hicksjj01,2011-12,2354537,JJ Hickson,exact_normalized,0.99
f/fredeji01,2011-12,2339040,Jimmer Fredette,exact_normalized,0.99
s/smithjr01,2011-12,2338709,JR Smith,exact_normalized,0.99
f/fishede01,2011-12,2329545,Derek Fisher,exact_normalized,0.99
a/aldrico01,2011-12,2286000,Cole Aldrich,exact_normalized,0.99
p/parkean01,2011-12,2250000,Anthony Parker,exact_normalized,0.99
d/doolike01,2011-12,2246400,Keyon Dooling,exact_normalized,0.99
w/wallabe01,2011-12,2246400,Ben Wallace,exact_normalized,0.99
a/anderry01,2011-12,2244601,Ryan Anderson,exact_normalized,0.99
l/leeco01,2011-12,2225093,Courtney Lee,exact_normalized,0.99
d/davised01,2011-12,2207040,Ed Davis,exact_normalized,0.99
k/koufoko01,2011-12,2203792,Kosta Koufos,exact_normalized,0.99
h/henryxa01,2011-12,2171640,Xavier Henry,exact_normalized,0.99
b/batumni01,2011-12,2155365,Nicolas Batum,exact_normalized,0.99
h/howarjo01,2011-12,2150000,Josh Howard,exact_normalized,0.99
h/hansbty01,2011-12,2138040,Tyler Hansbrough,exact_normalized,0.99
t/thompkl01,2011-12,2126520,Klay Thompson,exact_normalized,0.99
b/burksal01,2011-12,2111160,Alec Burks,exact_normalized,0.99
d/dragigo01,2011-12,2108000,Goran Dragic,exact_normalized,0.99
j/johnsan02,2011-12,2062800,Anthony Johnson,exact_normalized,0.99
b/barrybr01,2011-12,2062800,Brent Barry,exact_normalized,0.99
t/tollian01,2011-12,2050000,Anthony Tolliver,exact_normalized,0.99
a/arthuda01,2011-12,2027119,Darrell Arthur,exact_normalized,0.99
b/brookaa01,2011-12,2016692,Aaron Brooks,exact_normalized,0.99
m/morrima02,2011-12,2005560,Markieff Morris,exact_normalized,0.99
w/whitedj01,2011-12,2001167,D.J. White,exact_normalized,0.99
b/billuch01,2011-12,2000032,Chauncey Billups,exact_normalized,0.99
c/cunnida01,2011-12,2000000,Dante Cunningham,exact_normalized,0.99
w/watsoea01,2011-12,2000000,Earl Watson,exact_normalized,0.99
n/nestera01,2011-12,1990000,Rasho Nesterovic,exact_normalized,0.99
p/pattepa01,2011-12,1959960,Patrick Patterson,exact_normalized,0.99
d/dayeau01,2011-12,1929600,Austin Daye,exact_normalized,0.99
b/barnema02,2011-12,1906200,Matt Barnes,exact_normalized,0.99
b/babbilu01,2011-12,1892280,Luke Babbitt,exact_normalized,0.99
s/sandela01,2011-12,1861920,Larry Sanders,exact_normalized,0.99
a/asikom01,2011-12,1857500,Omer Asik,exact_normalized,0.99
m/mutomdi01,2011-12,1823280,Dikembe Mutombo,exact_normalized,0.99
m/morrima03,2011-12,1823280,Marcus Morris Sr.,exact_normalized,0.99
l/leonaka01,2011-12,1809840,Kawhi Leonard,exact_normalized,0.99
b/boganke01,2011-12,1728000,Keith Bogans,exact_normalized,0.99
v/vucevni01,2011-12,1719480,Nikola Vucevic,exact_normalized,0.99
s/serapke01,2011-12,1680360,Kevin Seraphin,exact_normalized,0.99
g/greendo01,2011-12,1679914,Donte Greene,exact_normalized,0.99
b/balkmre01,2011-12,1675000,Renaldo Balkman,exact_normalized,0.99
l/lawsoty01,2011-12,1654440,Ty Lawson,exact_normalized,0.99
b/bledser01,2011-12,1596360,Eric Bledsoe,exact_normalized,0.99
t/teaguje01,2011-12,1579920,Jeff Teague,exact_normalized,0.99
t/telfase01,2011-12,1567500,Sebastian Telfair,exact_normalized,0.99
a/ayongu01,2011-12,1567500,Gustavo Ayon,exact_normalized,0.99
s/shumpim01,2011-12,1563120,Iman Shumpert,exact_normalized,0.99
h/hillge01,2011-12,1540493,George Hill,exact_normalized,0.99
b/bradlav01,2011-12,1524480,Avery Bradley,exact_normalized,0.99
m/maynoer01,2011-12,1516680,Eric Maynor,exact_normalized,0.99
o/odengr01,2011-12,1500000,Greg Oden,exact_normalized,0.99
p/pendeje02,2011-12,1500000,Jeff Ayres,exact_normalized,0.99
f/forbega01,2011-12,1500000,Gary Forbes,exact_normalized,0.99
j/jonesja02,2011-12,1500000,James Jones,exact_normalized,0.99
s/singlch01,2011-12,1485000,Chris Singleton,exact_normalized,0.99
a/ajincal01,2011-12,1467840,Alexis Ajinca,exact_normalized,0.99
c/collida01,2011-12,1455960,Darren Collison,exact_normalized,0.99
w/williel01,2011-12,1442880,Elliot Williams,exact_normalized,0.99
h/harrito02,2011-12,1418160,Tobias Harris,exact_normalized,0.99
b/brackcr01,2011-12,1404960,Craig Brackins,exact_normalized,0.99
a/anderja01,2011-12,1402540,James Anderson,exact_normalized,0.99
i/ilgauzy01,2011-12,1399507,Zydrunas Ilgauskas,exact_normalized,0.99
h/houseed01,2011-12,1399507,Eddie House,exact_normalized,0.99
s/smithno01,2011-12,1365720,Nolan Smith,exact_normalized,0.99
t/tinslja01,2011-12,1352181,Jamaal Tinsley,exact_normalized,0.99
t/thomaku01,2011-12,1352181,Kurt Thomas,exact_normalized,0.99
o/onealsh01,2011-12,1352181,Shaquille O'Neal,exact_normalized,0.99
c/casspom01,2011-12,1341960,Omri Casspi,exact_normalized,0.99
h/haddaha01,2011-12,1300000,Hamed Ehaddadi,fuzzy_96,0.963
b/booketr01,2011-12,1294920,Trevor Booker,exact_normalized,0.99
m/mulleby01,2011-12,1288200,Byron Mullens,exact_normalized,0.99
i/ibakase01,2011-12,1288200,Serge Ibaka,exact_normalized,0.99
f/farieke01,2011-12,1254720,Kenneth Faried,exact_normalized,0.99
j/jamesda01,2011-12,1243080,Damion James,exact_normalized,0.99
b/beaubro01,2011-12,1236720,Rodrigue Beaubois,exact_normalized,0.99
c/cookbr01,2011-12,1223166,Brian Cook,exact_normalized,0.99
i/iveyro01,2011-12,1200000,Royal Ivey,exact_normalized,0.99
g/gibsota01,2011-12,1195680,Taj Gibson,exact_normalized,0.99
j/jonesdo02,2011-12,1193280,Dominique Jones,exact_normalized,0.99
y/youngsa01,2011-12,1184750,Sam Young,exact_normalized,0.99
c/clarkea01,2011-12,1160000,Earl Clark,exact_normalized,0.99
j/jacksre01,2011-12,1156320,Reggie Jackson,exact_normalized,0.99
e/ellinwa01,2011-12,1154040,Wayne Ellington,exact_normalized,0.99
p/pondequ01,2011-12,1153800,Quincy Pondexter,exact_normalized,0.99
d/douglto01,2011-12,1145640,Toney Douglas,exact_normalized,0.99
h/hamiljo02,2011-12,1121520,Jordan Hamilton,exact_normalized,0.99
c/crawfjo02,2011-12,1120440,Jordan Crawford,exact_normalized,0.99
v/vasqugr01,2011-12,1113600,Greivis Vasquez,exact_normalized,0.99
g/grahast01,2011-12,1106941,Stephen Graham,exact_normalized,0.99
g/grahajo01,2011-12,1106941,Joey Graham,exact_normalized,0.99
o/ortonda01,2011-12,1105560,Daniel Orton,exact_normalized,0.99
e/eyengch01,2011-12,1097520,Christian Eyenga,exact_normalized,0.99
h/haywala01,2011-12,1097520,Lazar Hayward,exact_normalized,0.99
j/josepco01,2011-12,1074720,Cory Joseph,exact_normalized,0.99
t/tuckeal02,2011-12,1071720,Alando Tucker,exact_normalized,0.99
w/wafervo01,2011-12,1069509,Von Wafer,exact_normalized,0.99
b/brookma01,2011-12,1063865,MarShon Brooks,exact_normalized,0.99
j/jacksst02,2011-12,1059750,Stephen Jackson,exact_normalized,0.99
b/blairde01,2011-12,1054000,DeJuan Blair,exact_normalized,0.99
j/johnsja02,2011-12,1042320,JaJuan Johnson,exact_normalized,0.99
r/rossqu01,2011-12,1033342,Quinton Ross,exact_normalized,0.99
w/willija04,2011-12,1029389,Jawad Williams,exact_normalized,0.99
b/barroea01,2011-12,1027424,Earl Barron,exact_normalized,0.99
b/butleji01,2011-12,1020960,Jimmy Butler III,exact_normalized,0.99
b/brockjo01,2011-12,1000000,Jon Brockman,exact_normalized,0.99
p/pargoje01,2011-12,1000000,Jeremy Pargo,exact_normalized,0.99
r/randosh01,2011-12,992680,Shavlik Randolph,exact_normalized,0.99
m/mahinia01,2011-12,915852,Ian Mahinmi,exact_normalized,0.99
w/wrighbr03,2011-12,915852,Brandan Wright,exact_normalized,0.99
w/walkebi01,2011-12,885120,Henry Walker,exact_normalized,0.99
c/carrode01,2011-12,885120,DeMarre Carroll,exact_normalized,0.99
j/johnsal01,2011-12,885120,Alexander Johnson,exact_normalized,0.99
m/mensapo01,2011-12,885120,Pops Mensah-Bonsu,exact_normalized,0.99
s/stoudsa01,2011-12,884881,Salim Stoudamire,exact_normalized,0.99
d/doubyqu01,2011-12,855189,Quincy Douby,exact_normalized,0.99
h/haislma01,2011-12,855189,Marcus Haislip,exact_normalized,0.99
s/senesa01,2011-12,855189,Mouhamed Sene,exact_normalized,0.99
r/roberan02,2011-12,855189,Anthony Roberson,exact_normalized,0.99
k/kinseta01,2011-12,855189,Tarence Kinsey,exact_normalized,0.99
c/crittja01,2011-12,854389,Javaris Crittenton,exact_normalized,0.99
p/pargoja01,2011-12,854389,Jannero Pargo,exact_normalized,0.99
m/milesda01,2011-12,854389,Darius Miles,exact_normalized,0.99
w/weaveky01,2011-12,854389,Kyle Weaver,exact_normalized,0.99
b/byarsde01,2011-12,854389,Derrick Byars,exact_normalized,0.99
j/jackslu02,2011-12,854389,Luke Jackson,exact_normalized,0.99
d/davisjo02,2011-12,854389,Josh Davis,exact_normalized,0.99
t/thomake01,2011-12,854389,Kenny Thomas,exact_normalized,0.99
m/meeksjo01,2011-12,854389,Jodie Meeks,exact_normalized,0.99
p/pietrmi01,2011-12,854389,Mickael Pietrus,exact_normalized,0.99
m/magloja01,2011-12,854389,Jamaal Magloire,exact_normalized,0.99
e/elyme01,2011-12,854389,Melvin Ely,exact_normalized,0.99
e/evansma01,2011-12,854389,Maurice Evans,exact_normalized,0.99
w/whiteha01,2011-12,854389,Hassan Whiteside,exact_normalized,0.99
m/mcguido01,2011-12,854389,Dominic McGuire,exact_normalized,0.99
h/harrimi01,2011-12,854389,Mike Harris,exact_normalized,0.99
j/jonesdw02,2011-12,854389,Dwayne Jones II,exact_normalized,0.99
b/brownde04,2011-12,854389,Derrick Brown,exact_normalized,0.99
h/hairsma01,2011-12,854389,Malik Hairston,exact_normalized,0.99
m/mcgratr01,2011-12,854389,Tracy McGrady,exact_normalized,0.99
j/johnstr01,2011-12,854389,Trey Johnson,exact_normalized,0.99
w/wrighan01,2011-12,854389,Antoine Wright,exact_normalized,0.99
m/mayse01,2011-12,854389,Sean May,exact_normalized,0.99
h/headlu01,2011-12,854389,Luther Head,exact_normalized,0.99
e/evansre01,2011-12,854389,Reggie Evans,exact_normalized,0.99
m/masonro01,2011-12,854389,Roger Mason Jr.,exact_normalized,0.99
k/karlco01,2011-12,854389,Coby Karl,exact_normalized,0.99
s/smithcr01,2011-12,854389,Craig Smith,exact_normalized,0.99
o/obertfa01,2011-12,854389,Fabricio Oberto,exact_normalized,0.99
p/pavloal01,2011-12,854389,Sasha Pavlovic,exact_normalized,0.99
j/jeffrja01,2011-12,854389,Jared Jeffries,exact_normalized,0.99
p/priceaj01,2011-12,854389,A.J. Price,exact_normalized,0.99
p/pricero01,2011-12,854389,Ronnie Price,exact_normalized,0.99
g/greenda02,2011-12,854389,Danny Green,exact_normalized,0.99
w/weemsso01,2011-12,854389,Sonny Weems,exact_normalized,0.99
e/elsonfr01,2011-12,854389,Francisco Elson,exact_normalized,0.99
b/battito01,2011-12,854389,Tony Battie,exact_normalized,0.99
g/greenwi01,2011-12,854389,Willie Green,exact_normalized,0.99
h/hughela01,2011-12,854389,Larry Hughes,exact_normalized,0.99
a/allenma01,2011-12,854389,Malik Allen,exact_normalized,0.99
s/summeda01,2011-12,854389,DaJuan Summers,exact_normalized,0.99
d/davisba01,2011-12,854389,Baron Davis,exact_normalized,0.99
b/bibbymi01,2011-12,854389,Mike Bibby,exact_normalized,0.99
b/budinch01,2011-12,854389,Chase Budinger,exact_normalized,0.99
c/collija04,2011-12,854389,Jason Collins,exact_normalized,0.99
s/stackje01,2011-12,854389,Jerry Stackhouse,exact_normalized,0.99
w/willish02,2011-12,854389,Shelden Williams,exact_normalized,0.99
a/agerma01,2011-12,854389,Maurice Ager,exact_normalized,0.99
b/butlera01,2011-12,854389,Rasual Butler,exact_normalized,0.99
n/novakst01,2011-12,854389,Steve Novak,exact_normalized,0.99
d/daniema01,2011-12,854389,Marquis Daniels,exact_normalized,0.99
p/poweljo01,2011-12,854389,Josh Powell,exact_normalized,0.99
h/howarju01,2011-12,854389,Juwan Howard,exact_normalized,0.99
s/smithjo02,2011-12,854389,Joe Smith,exact_normalized,0.99
r/ratlith01,2011-12,854389,Theo Ratliff,exact_normalized,0.99
g/gainesu01,2011-12,854389,Sundiata Gaines,exact_normalized,0.99
j/jacksda01,2011-12,854389,Darnell Jackson,exact_normalized,0.99
w/wilkida02,2011-12,854389,Damien Wilkins,exact_normalized,0.99
a/alexajo01,2011-12,854389,Joe Alexander,exact_normalized,0.99
a/armsthi01,2011-12,854389,Hilton Armstrong,exact_normalized,0.99
k/kaponja01,2011-12,854389,Jason Kapono,exact_normalized,0.99
f/fordtj01,2011-12,854389,T.J. Ford,exact_normalized,0.99
g/geeal01,2011-12,854389,Alonzo Gee,exact_normalized,0.99
d/dorsejo01,2011-12,854389,Joey Dorsey,exact_normalized,0.99
c/cartean01,2011-12,854389,Anthony Carter,exact_normalized,0.99
w/westde01,2011-12,854389,Delonte West,exact_normalized,0.99
m/murphtr01,2011-12,854389,Troy Murphy,exact_normalized,0.99
c/curryed01,2011-12,854389,Eddy Curry,exact_normalized,0.99
t/thomati01,2011-12,854389,Tim Thomas,exact_normalized,0.99
c/cardibr01,2011-12,854389,Brian Cardinal,exact_normalized,0.99
r/richach01,2011-12,854389,Chris Richard,exact_normalized,0.99
s/scalabr01,2011-12,854389,Brian Scalabrine,exact_normalized,0.99
r/radmavl01,2011-12,854389,Vladimir Radmanovic,exact_normalized,0.99
d/douglch01,2011-12,854389,Chris Douglas-Roberts,exact_normalized,0.99
s/strawdj01,2011-12,854389,D.J. Strawberry,exact_normalized,0.99
n/nealga01,2011-12,854389,Gary Neal,exact_normalized,0.99
t/thomaet01,2011-12,854389,Etan Thomas,exact_normalized,0.99
p/parsoch01,2011-12,850000,Chandler Parsons,exact_normalized,0.99
a/alabiso01,2011-12,830000,Solomon Alabi,exact_normalized,0.99
r/reddmi01,2011-12,826828,Michael Redd,exact_normalized,0.99
d/davispa01,2011-12,825497,Paul Davis,exact_normalized,0.99
o/ollieke01,2011-12,825497,Kevin Ollie,exact_normalized,0.99
b/bowenry01,2011-12,825497,Ryan Bowen,exact_normalized,0.99
m/masonde01,2011-12,825497,Desmond Mason,exact_normalized,0.99
j/johnsli01,2011-12,825497,Linton Johnson,exact_normalized,0.99
w/whiteja02,2011-12,825497,James White,exact_normalized,0.99
h/hartja01,2011-12,825497,Jason Hart,exact_normalized,0.99
r/rushka01,2011-12,825497,Kareem Rush,exact_normalized,0.99
d/davidje01,2011-12,825497,Jermareo Davidson,exact_normalized,0.99
h/hunteli01,2011-12,825497,Lindsey Hunter,exact_normalized,0.99
p/pruitga01,2011-12,825497,Gabe Pruitt,exact_normalized,0.99
s/stephla01,2011-12,810000,Lance Stephenson,exact_normalized,0.99
h/honeyty01,2011-12,809875,Tyler Honeycutt,exact_normalized,0.99
q/quinnch01,2011-12,804131,Chris Quinn,exact_normalized,0.99
m/marksse01,2011-12,799105,Sean Marks,exact_normalized,0.99
d/dioguik01,2011-12,792377,Ike Diogu,exact_normalized,0.99
j/jonesso01,2011-12,792377,Solomon Jones,exact_normalized,0.99
r/rautian01,2011-12,788872,Andy Rautins,exact_normalized,0.99
c/cousima01,2011-12,788872,Marcus Cousin,exact_normalized,0.99
b/butleda03,2011-12,788872,Da'Sean Butler,exact_normalized,0.99
v/vadenro01,2011-12,788872,Robert Vaden,exact_normalized,0.99
d/dowdeza01,2011-12,788872,Zabian Dowdell,exact_normalized,0.99
w/whitete01,2011-12,788872,Terrico White,exact_normalized,0.99
b/blakema01,2011-12,788872,Marqus Blakely,exact_normalized,0.99
w/warrewi01,2011-12,788872,Willie Warren,exact_normalized,0.99
s/sypa01,2011-12,788872,Pape Sy,exact_normalized,0.99
r/rollema01,2011-12,788872,Magnum Rolle,exact_normalized,0.99
r/robinna01,2011-12,785487,Nate Robinson,exact_normalized,0.99
t/tayloje02,2011-12,780871,Jermaine Taylor,exact_normalized,0.99
j/jianlyi01,2011-12,771706,Yi Jianlian,fuzzy_95,0.95
g/gaffnto01,2011-12,762195,Tony Gaffney,exact_normalized,0.99
l/linje01,2011-12,762195,Jeremy Lin,exact_normalized,0.99
f/fieldla01,2011-12,762195,Landry Fields,exact_normalized,0.99
b/butchbr01,2011-12,762195,Brian Butch,exact_normalized,0.99
n/ndiayha01,2011-12,762195,Hamady Ndiaye,exact_normalized,0.99
s/stiemgr01,2011-12,762195,Greg Stiemsma,exact_normalized,0.99
t/thomais02,2011-12,762195,Isaiah Thomas,exact_normalized,0.99
s/silerga01,2011-12,762195,Garret Siler,exact_normalized,0.99
g/griffta01,2011-12,762195,Taylor Griffin,exact_normalized,0.99
h/hobsoda01,2011-12,762195,Darington Hobson,exact_normalized,0.99
h/hasbrke01,2011-12,762195,Kenny Hasbrouck,exact_normalized,0.99
c/caracde01,2011-12,762195,Derrick Caracter,exact_normalized,0.99
e/ebankde01,2011-12,762195,Devin Ebanks,exact_normalized,0.99
s/samuesa01,2011-12,762195,Samardo Samuels,exact_normalized,0.99
h/haranlu01,2011-12,762195,Luke Harangody,exact_normalized,0.99
e/erdense01,2011-12,762195,Semih Erden,exact_normalized,0.99
j/jerrecu01,2011-12,762195,Curtis Jerrells,exact_normalized,0.99
l/lafayol01,2011-12,762195,Oliver Lafayette,exact_normalized,0.99
e/evansje01,2011-12,762195,Jeremy Evans,exact_normalized,0.99
p/pittmde01,2011-12,762195,Dexter Pittman,exact_normalized,0.99
j/jeffedo01,2011-12,736420,Dontell Jefferson,exact_normalized,0.99
t/taylomi01,2011-12,736420,Mike Taylor,exact_normalized,0.99
c/crawfjo01,2011-12,736420,Joe Crawford,exact_normalized,0.99
y/yuesu01,2011-12,736420,Sun Yue,fuzzy_95,0.95
s/sharpwa01,2011-12,736420,Walter Sharpe,exact_normalized,0.99
n/nelsode01,2011-12,736420,DeMarcus Nelson,exact_normalized,0.99
h/hunteot01,2011-12,736420,Othello Hunter,exact_normalized,0.99
u/udokaim01,2011-12,708640,Ime Udoka,exact_normalized,0.99
w/wilksmi01,2011-12,679821,Mike Wilks,exact_normalized,0.99
s/skinnbr01,2011-12,668434,Brian Skinner,exact_normalized,0.99
i/iversal01,2011-12,650686,Allen Iverson,exact_normalized,0.99
t/tylerje01,2011-12,650000,Jeremy Tyler,exact_normalized,0.99
l/lawac01,2011-12,633253,Acie Law,exact_normalized,0.99
s/selbyjo01,2011-12,550000,Josh Selby,exact_normalized,0.99
t/thomptr02,2011-12,535000,Trey Thompkins,exact_normalized,0.99
d/dampier01,2011-12,530547,Erick Dampier,exact_normalized,0.99
w/willija02,2011-12,524964,Jason Williams,exact_normalized,0.99
s/smithis01,2011-12,522472,Ish Smith,exact_normalized,0.99
l/leslitr01,2011-12,500000,Travis Leslie,exact_normalized,0.99
l/leema01,2011-12,500000,Malcolm Lee,exact_normalized,0.99
r/reidry01,2011-12,475000,Ryan Reid,exact_normalized,0.99
h/higgico01,2011-12,473604,Cory Higgins,exact_normalized,0.99
m/macksh01,2011-12,473604,Shelvin Mack,exact_normalized,0.99
h/harrejo01,2011-12,473604,Josh Harrellson,exact_normalized,0.99
a/allenla01,2011-12,473604,Lavoy Allen,exact_normalized,0.99
c/collish01,2011-12,473604,Sherron Collins,exact_normalized,0.99
j/jetereu01,2011-12,473604,Pooh Jeter,exact_normalized,0.99
h/harrite01,2011-12,473604,Terrel Harris,exact_normalized,0.99
j/jenkich01,2011-12,473604,Charles Jenkins,exact_normalized,0.99
h/harpeju01,2011-12,473604,Justin Harper,exact_normalized,0.99
m/mooreet01,2011-12,473604,E'Twaun Moore,exact_normalized,0.99
t/thompmy02,2011-12,473604,Mychel Thompson,exact_normalized,0.99
h/hornede01,2011-12,473604,Dennis Horner,exact_normalized,0.99
w/willijo03,2011-12,473604,Jordan Williams,exact_normalized,0.99
l/leuerjo01,2011-12,473604,Jon Leuer,exact_normalized,0.99
b/beverpa01,2011-12,473604,Patrick Beverley,exact_normalized,0.99
l/liggide01,2011-12,473604,DeAndre Liggins,exact_normalized,0.99
g/goudean01,2011-12,473604,Andrew Goudelock,exact_normalized,0.99
j/johnsiv01,2011-12,473604,Ivan Johnson,exact_normalized,0.99
s/stoneju01,2011-12,473604,Julyan Stone,exact_normalized,0.99
t/tayloty01,2011-12,473604,Tyshawn Taylor,exact_normalized,0.99
m/morrida01,2011-12,473604,Darius Morris,exact_normalized,0.99
m/macklve01,2011-12,473604,Vernon Macklin,exact_normalized,0.99
j/jordaje01,2011-12,473604,Jerome Jordan,exact_normalized,0.99
j/johnsca01,2011-12,473604,Carldell Johnson,exact_normalized,0.99
g/gildetr01,2011-12,457588,Trey Gilder,exact_normalized,0.99
l/landrma01,2011-12,457588,Marcus Landry,exact_normalized,0.99
f/fesenky01,2011-12,435000,Kyrylo Fesenko,exact_normalized,0.99
p/przybjo01,2011-12,420304,Joel Przybilla,exact_normalized,0.99
g/greenge01,2011-12,413413,Gerald Green,exact_normalized,0.99
s/stojape01,2011-12,402065,Peja Stojakovic,exact_normalized,0.99
t/turiaro01,2011-12,319128,Ronny Turiaf,exact_normalized,0.99
t/thomala01,2011-12,305551,Lance Thomas,exact_normalized,0.99
a/azubuke01,2011-12,280192,Kelenna Azubuike,exact_normalized,0.99
a/arenagi01,2011-12,261829,Gilbert Arenas,exact_normalized,0.99
w/willite01,2011-12,254938,Terrence Williams,exact_normalized,0.99
h/harrima01,2011-12,252016,Manny Harris,exact_normalized,0.99
h/holliry01,2011-12,248048,Ryan Hollins,exact_normalized,0.99
d/diawbo01,2011-12,241158,Boris Diaw,exact_normalized,0.99
s/simmobo01,2011-12,234268,Bobby Simmons,exact_normalized,0.99
s/shakumu01,2011-12,226162,Mustafa Shakur,exact_normalized,0.99
b/boykiea01,2011-12,220487,Earl Boykins,exact_normalized,0.99
a/anderal01,2011-12,213597,Alan Anderson,exact_normalized,0.99
m/millspa02,2011-12,213517,Patty Mills,exact_normalized,0.99
t/thornal01,2011-12,211084,Al Thornton,exact_normalized,0.99
d/dienetr01,2011-12,208802,Travis Diener,exact_normalized,0.99
p/powele01,2011-12,201033,Leon Powe,exact_normalized,0.99
m/martica01,2011-12,199816,Cartier Martin,exact_normalized,0.99
a/arroyca01,2011-12,196007,Carlos Arroyo,exact_normalized,0.99
u/uzohbe01,2011-12,190548,Ben Uzoh,exact_normalized,0.99
s/sloando01,2011-12,160414,Donald Sloan,exact_normalized,0.99
f/fortsco01,2011-12,156595,Courtney Fortson,exact_normalized,0.99
s/singlja01,2011-12,151585,James Singleton,exact_normalized,0.99
g/gladnmi01,2011-12,137498,Mickell Gladness,exact_normalized,0.99
a/ahearbl01,2011-12,117134,Blake Ahearn,exact_normalized,0.99
j/johnsar02,2011-12,104494,Armon Johnson,exact_normalized,0.99
m/moonja01,2011-12,96017,Jamario Moon,exact_normalized,0.99
t/templga01,2011-12,80703,Garrett Temple,exact_normalized,0.99
a/almonmo01,2011-12,75793,Morris Almond,exact_normalized,0.99
m/mooremi01,2011-12,75793,Mikki Moore,exact_normalized,0.99
g/gadzuda01,2011-12,69393,Dan Gadzuric,exact_normalized,0.99
d/dysonje01,2011-12,64930,Jerome Dyson,exact_normalized,0.99
s/simpsdi01,2011-12,57291,Diamon Simpson,exact_normalized,0.99
w/watkida01,2011-12,55321,Darryl Watkins,exact_normalized,0.99
w/willise01,2011-12,49966,Sean Williams,exact_normalized,0.99
h/hudsole01,2011-12,48232,Lester Hudson,exact_normalized,0.99
j/jacksce01,2011-12,40375,Cedric Jackson,exact_normalized,0.99
f/footeje01,2011-12,38194,Jeff Foote,exact_normalized,0.99
j/jeffeot01,2011-12,35868,Othyus Jeffers,exact_normalized,0.99
k/kennedj01,2011-12,22916,D.J. Kennedy,exact_normalized,0.99
o/owensla01,2011-12,22287,Larry Owens,exact_normalized,0.99
w/westma02,2011-12,20103,Mario West,exact_normalized,0.99
s/silasxa01,2011-12,11458,Xavier Silas,exact_normalized,0.99
b/bryanko01,2012-13,30453805,Kobe Bryant,exact_normalized,0.99
n/nowitdi01,2012-13,20907128,Dirk Nowitzki,exact_normalized,0.99
s/stoudam01,2012-13,19948799,Amar'e Stoudemire,exact_normalized,0.99
j/johnsjo02,2012-13,19752645,Joe Johnson,exact_normalized,0.99
a/anthoca01,2012-13,19444503,Carmelo Anthony,exact_normalized,0.99
g/gasolpa01,2012-13,19285850,Pau Gasol,exact_normalized,0.99
b/boshch01,2012-13,19067500,Chris Bosh,exact_normalized,0.99
j/jamesle01,2012-13,19067500,LeBron James,exact_normalized,0.99
w/wadedw01,2012-13,18673000,Dwyane Wade,exact_normalized,0.99
p/paulch01,2012-13,18668431,Chris Paul,exact_normalized,0.99
d/duranke01,2012-13,17832626,Kevin Durant,exact_normalized,0.99
r/rosede01,2012-13,17632688,Derrick Rose,exact_normalized,0.99
w/willide01,2012-13,17177795,Deron Williams,exact_normalized,0.99
b/bynuman01,2012-13,16889000,Andrew Bynum,exact_normalized,0.99
p/piercpa01,2012-13,16790345,Paul Pierce,exact_normalized,0.99
r/randoza01,2012-13,16500000,Zach Randolph,exact_normalized,0.99
g/gayru01,2012-13,16460538,Rudy Gay,exact_normalized,0.99
b/boozeca01,2012-13,15300000,Carlos Boozer,exact_normalized,0.99
i/iguodan01,2012-13,14968250,Andre Iguodala,exact_normalized,0.99
w/westbru01,2012-13,14693906,Russell Westbrook,exact_normalized,0.99
o/okafoem01,2012-13,14487500,Emeka Okafor,exact_normalized,0.99
d/denglu01,2012-13,14275000,Luol Deng,exact_normalized,0.99
g/ginobma01,2012-13,14107492,Manu Ginobili,exact_normalized,0.99
g/gasolma01,2012-13,13891359,Marc Gasol,exact_normalized,0.99
g/griffbl01,2012-13,13701250,Blake Griffin,exact_normalized,0.99
g/gordoer01,2012-13,13668750,Eric Gordon,exact_normalized,0.99
l/lopezbr01,2012-13,13668750,Brook Lopez,exact_normalized,0.99
l/loveke01,2012-13,13668750,Kevin Love,exact_normalized,0.99
h/hibbero01,2012-13,13668750,Roy Hibbert,exact_normalized,0.99
c/chandty01,2012-13,13604188,Tyson Chandler,exact_normalized,0.99
a/aldrila01,2012-13,13500000,LaMarcus Aldridge,exact_normalized,0.99
j/jeffeal01,2012-13,13500000,Al Jefferson,exact_normalized,0.99
g/gordobe01,2012-13,13200000,Ben Gordon,exact_normalized,0.99
s/smithjo03,2012-13,13200000,Josh Smith,exact_normalized,0.99
g/grangda01,2012-13,13058606,Danny Granger,exact_normalized,0.99
b/bogutan01,2012-13,13000000,Andrew Bogut,exact_normalized,0.99
l/leeda02,2012-13,12744000,David Lee,exact_normalized,0.99
p/parketo01,2012-13,12500000,Tony Parker,exact_normalized,0.99
m/martike02,2012-13,12439675,Kevin Martin,exact_normalized,0.99
i/ibakase01,2012-13,12350000,Serge Ibaka,exact_normalized,0.99
h/humphkr01,2012-13,12000000,Kris Humphries,exact_normalized,0.99
t/turkohe01,2012-13,12000000,Hedo Turkoglu,exact_normalized,0.99
h/horfoal01,2012-13,12000000,Al Horford,exact_normalized,0.99
g/garneke01,2012-13,11566265,Kevin Garnett,exact_normalized,0.99
n/noahjo01,2012-13,11100000,Joakim Noah,exact_normalized,0.99
c/caldejo01,2012-13,11046591,Jose Calderon,exact_normalized,0.99
e/ellismo01,2012-13,11000000,Monta Ellis,exact_normalized,0.99
r/rondora01,2012-13,11000000,Rajon Rondo,exact_normalized,0.99
j/jordade01,2012-13,10986550,DeAndre Jordan,exact_normalized,0.99
m/maggeco01,2012-13,10924138,Corey Maggette,exact_normalized,0.99
o/okurme01,2012-13,10890000,Mehmet Okur,exact_normalized,0.99
b/batumni01,2012-13,10850000,Nicolas Batum,exact_normalized,0.99
j/jefferi01,2012-13,10164000,Richard Jefferson,exact_normalized,0.99
j/jacksst02,2012-13,10059750,Stephen Jackson,exact_normalized,0.99
m/mcgeeja01,2012-13,10000000,JaVale McGee,exact_normalized,0.99
b/bargnan01,2012-13,10000000,Andrea Bargnani,exact_normalized,0.99
w/westda01,2012-13,10000000,David West,exact_normalized,0.99
k/kirilan01,2012-13,9779349,Andrei Kirilenko,exact_normalized,0.99
w/wallage01,2012-13,9682435,Gerald Wallace,exact_normalized,0.99
d/duncati01,2012-13,9638554,Tim Duncan,exact_normalized,0.99
m/moblecu01,2012-13,9500000,Cuttino Mobley,exact_normalized,0.99
g/gallida01,2012-13,9439000,Danilo Gallinari,exact_normalized,0.99
n/nashst01,2012-13,9300500,Steve Nash,exact_normalized,0.99
b/biedran01,2012-13,9000000,Andris Biedrins,exact_normalized,0.99
a/anderry01,2012-13,8700000,Ryan Anderson,exact_normalized,0.99
m/mariosh01,2012-13,8646364,Shawn Marion,exact_normalized,0.99
m/millspa01,2012-13,8603633,Paul Millsap,exact_normalized,0.99
n/nelsoja01,2012-13,8600000,Jameer Nelson,exact_normalized,0.99
s/stuckro01,2012-13,8500000,Rodney Stuckey,exact_normalized,0.99
w/willima01,2012-13,8500000,Mo Williams,exact_normalized,0.99
h/harride01,2012-13,8500000,Devin Harris,exact_normalized,0.99
p/perkike01,2012-13,8477437,Kendrick Perkins,exact_normalized,0.99
g/greenje02,2012-13,8385000,Jeff Green,exact_normalized,0.99
l/linje01,2012-13,8374646,Jeremy Lin,exact_normalized,0.99
a/asikom01,2012-13,8374646,Omer Asik,exact_normalized,0.99
v/varejan01,2012-13,8368182,Anderson Varejao,exact_normalized,0.99
y/youngth01,2012-13,8289130,Thaddeus Young,exact_normalized,0.99
w/willima02,2012-13,8287500,Marvin Williams,exact_normalized,0.99
s/salmojo01,2012-13,8083000,John Salmons,exact_normalized,0.99
v/villach01,2012-13,8060000,Charlie Villanueva,exact_normalized,0.99
t/thomaty01,2012-13,8000000,Tyrus Thomas,exact_normalized,0.99
b/butleca01,2012-13,8000000,Caron Butler,exact_normalized,0.99
k/kamanch01,2012-13,8000000,Chris Kaman,exact_normalized,0.99
h/hillge01,2012-13,8000000,George Hill,exact_normalized,0.99
b/blounma01,2012-13,7967375,Mark Blount,exact_normalized,0.99
i/ilyaser01,2012-13,7900000,Ersan Ilyasova,exact_normalized,0.99
a/afflaar01,2012-13,7750000,Arron Afflalo,exact_normalized,0.99
a/artesro01,2012-13,7727500,Metta World Peace,exact_normalized,0.99
a/arizatr01,2012-13,7727280,Trevor Ariza,exact_normalized,0.99
g/gortama01,2012-13,7727280,Marcin Gortat,exact_normalized,0.99
p/poseyja01,2012-13,7595600,James Posey,exact_normalized,0.99
t/thornma01,2012-13,7525000,Marcus Thornton,exact_normalized,0.99
c/conlemi01,2012-13,7505786,Mike Conley,exact_normalized,0.99
d/dragigo01,2012-13,7500000,Goran Dragic,exact_normalized,0.99
w/walljo01,2012-13,7459925,John Wall,exact_normalized,0.99
g/gibsota01,2012-13,7415730,Taj Gibson,exact_normalized,0.99
u/udrihbe01,2012-13,7372000,Beno Udrih,exact_normalized,0.99
h/harrial01,2012-13,7148600,Al Harrington,exact_normalized,0.99
p/princta01,2012-13,6764045,Tayshaun Prince,exact_normalized,0.99
r/redicjj01,2012-13,6750000,JJ Redick,exact_normalized,0.99
d/dalemsa01,2012-13,6698565,Samuel Dalembert,exact_normalized,0.99
g/goodedr01,2012-13,6687400,Drew Gooden,exact_normalized,0.99
p/petermo01,2012-13,6665000,Morris Peterson,exact_normalized,0.99
n/nocioan01,2012-13,6650000,Andres Nocioni,exact_normalized,0.99
j/jamesje01,2012-13,6600000,Jerome James,exact_normalized,0.99
m/matthwe02,2012-13,6505320,Wesley Matthews,exact_normalized,0.99
h/hawessp01,2012-13,6500000,Spencer Hawes,exact_normalized,0.99
d/davisgl01,2012-13,6400000,Glen Davis,exact_normalized,0.99
f/fryech01,2012-13,6400000,Channing Frye,exact_normalized,0.99
f/fieldla01,2012-13,6250000,Landry Fields,exact_normalized,0.99
m/millemi01,2012-13,6200000,Mike Miller,exact_normalized,0.99
g/garcifr01,2012-13,6100000,Francisco Garcia,exact_normalized,0.99
w/waltolu01,2012-13,6091363,Luke Walton,exact_normalized,0.99
j/johnsam01,2012-13,6050000,Amir Johnson,exact_normalized,0.99
b/beaslmi01,2012-13,6000000,Michael Beasley,exact_normalized,0.99
b/bassbr01,2012-13,6000000,Brandon Bass,exact_normalized,0.99
c/chandwi01,2012-13,5930414,Wilson Chandler,exact_normalized,0.99
h/hardeja01,2012-13,5820417,James Harden,exact_normalized,0.99
r/richaja01,2012-13,5799625,Jason Richardson,exact_normalized,0.99
l/lowryky01,2012-13,5750000,Kyle Lowry,exact_normalized,0.99
y/youngni01,2012-13,5600000,Nick Young,exact_normalized,0.99
h/hayesch01,2012-13,5486250,Chuck Hayes,exact_normalized,0.99
v/vujacsa01,2012-13,5475113,Sasha Vujacic,exact_normalized,0.99
j/jackja01,2012-13,5400000,Jarrett Jack,exact_normalized,0.99
i/irvinky01,2012-13,5375760,Kyrie Irving,exact_normalized,0.99
t/turneev01,2012-13,5293080,Evan Turner,exact_normalized,0.99
e/evansty01,2012-13,5250825,Tyreke Evans,exact_normalized,0.99
t/thompja02,2012-13,5250000,Jason Thompson,exact_normalized,0.99
p/pachuza01,2012-13,5248750,Zaza Pachulia,exact_normalized,0.99
c/crawfja01,2012-13,5225000,Jamal Crawford,exact_normalized,0.99
m/mcdyean01,2012-13,5220000,Antonio McDyess,exact_normalized,0.99
c/claxtsp01,2012-13,5209454,Speedy Claxton,exact_normalized,0.99
w/webstma02,2012-13,5150000,Martell Webster,exact_normalized,0.99
d/davisan02,2012-13,5144280,Anthony Davis,exact_normalized,0.99
m/millebr01,2012-13,5104000,Brad Miller,exact_normalized,0.99
r/roybr01,2012-13,5100000,Brandon Roy,exact_normalized,0.99
m/maxieja01,2012-13,5000000,Jason Maxiell,exact_normalized,0.99
s/sessira01,2012-13,5000000,Ramon Sessions,exact_normalized,0.99
m/millean02,2012-13,5000000,Andre Miller,exact_normalized,0.99
k/korveky01,2012-13,5000000,Kyle Korver,exact_normalized,0.99
t/terryja01,2012-13,5000000,Jason Terry,exact_normalized,0.99
l/leeco01,2012-13,5000000,Courtney Lee,exact_normalized,0.99
h/hamilri01,2012-13,5000000,Richard Hamilton,exact_normalized,0.99
w/willilo02,2012-13,5000000,Lou Williams,exact_normalized,0.99
l/lopezro01,2012-13,4899293,Robin Lopez,exact_normalized,0.99
b/banksma01,2012-13,4847586,Marcus Banks,exact_normalized,0.99
p/pekovni01,2012-13,4837200,Nikola Pekovic,exact_normalized,0.99
s/songada01,2012-13,4818000,Darius Songaila,exact_normalized,0.99
k/kiddgmi01,2012-13,4809840,Michael Kidd-Gilchrist,exact_normalized,0.99
w/willide02,2012-13,4809840,Derrick Williams,exact_normalized,0.99
m/mbahalu01,2012-13,4794192,Luc Mbah a Moute,exact_normalized,0.99
g/gibsoda01,2012-13,4792332,Daniel Gibson,exact_normalized,0.99
o/oladivi01,2012-13,4763760,Victor Oladipo,exact_normalized,0.99
f/favorde01,2012-13,4753320,Derrick Favors,exact_normalized,0.99
k/kleizli01,2012-13,4600000,Linas Kleiza,exact_normalized,0.99
c/cambyma01,2012-13,4590338,Marcus Camby,exact_normalized,0.99
s/scolalu01,2012-13,4508504,Luis Scola,exact_normalized,0.99
d/diawbo01,2012-13,4500000,Boris Diaw,exact_normalized,0.99
j/jerebjo01,2012-13,4500000,Jonas Jerebko,exact_normalized,0.99
b/bareajo01,2012-13,4493500,J.J. Barea,exact_normalized,0.99
h/hasleud01,2012-13,4340000,Udonis Haslem,exact_normalized,0.99
b/bealbr01,2012-13,4319280,Bradley Beal,exact_normalized,0.99
k/kanteen01,2012-13,4319280,Enes Freedom,exact_normalized,0.99
j/johnswe01,2012-13,4285560,Wesley Johnson,exact_normalized,0.99
p/porteot01,2012-13,4278000,Otto Porter Jr.,exact_normalized,0.99
f/farmajo01,2012-13,4250000,Jordan Farmar,exact_normalized,0.99
d/dudleja01,2012-13,4250000,Jared Dudley,exact_normalized,0.99
s/speigma01,2012-13,4200000,Marreese Speights,exact_normalized,0.99
w/wrighdo01,2012-13,4106000,Dorell Wright,exact_normalized,0.99
b/bowenbr01,2012-13,4100000,Bruce Bowen,exact_normalized,0.99
b/bellch01,2012-13,4099920,Charlie Bell,exact_normalized,0.99
b/buckngr01,2012-13,4080915,Greg Buckner,exact_normalized,0.99
h/hinriki01,2012-13,4059000,Kirk Hinrich,exact_normalized,0.99
n/novakst01,2012-13,4054055,Steve Novak,exact_normalized,0.99
m/mayooj01,2012-13,4020000,O.J. Mayo,exact_normalized,0.99
r/ridnolu01,2012-13,4000000,Luke Ridnour,exact_normalized,0.99
h/hicksjj01,2012-13,4000000,JJ Hickson,exact_normalized,0.99
m/mahinia01,2012-13,4000000,Ian Mahinmi,exact_normalized,0.99
m/morroan01,2012-13,4000000,Anthony Morrow,exact_normalized,0.99
l/landrca01,2012-13,4000000,Carl Landry,exact_normalized,0.99
w/warriha01,2012-13,4000000,Hakim Warrick,exact_normalized,0.99
c/chalmma01,2012-13,4000000,Mario Chalmers,exact_normalized,0.99
b/blakest01,2012-13,4000000,Steve Blake,exact_normalized,0.99
g/gomesry01,2012-13,4000000,Ryan Gomes,exact_normalized,0.99
c/curryst01,2012-13,3958742,Stephen Curry,exact_normalized,0.99
s/splitti01,2012-13,3944000,Tiago Splitter,exact_normalized,0.99
s/sefolth01,2012-13,3900000,Thabo Sefolosha,exact_normalized,0.99
t/thomptr01,2012-13,3894240,Tristan Thompson,exact_normalized,0.99
c/couside01,2012-13,3880800,DeMarcus Cousins,exact_normalized,0.99
z/zelleco01,2012-13,3857040,Cody Zeller,exact_normalized,0.99
r/rubiori01,2012-13,3741120,Ricky Rubio,exact_normalized,0.99
w/waitedi01,2012-13,3726600,Dion Waiters,exact_normalized,0.99
b/bonnema01,2012-13,3630000,Matt Bonner,exact_normalized,0.99
h/hilljo01,2012-13,3563600,Jordan Hill,exact_normalized,0.99
u/udohek01,2012-13,3524880,Ekpe Udoh,exact_normalized,0.99
g/greenda02,2012-13,3500000,Danny Green,exact_normalized,0.99
b/brownsh01,2012-13,3500000,Shannon Brown,exact_normalized,0.99
d/duhonch01,2012-13,3500000,Chris Duhon,exact_normalized,0.99
a/augusdj01,2012-13,3500000,D.J. Augustin,exact_normalized,0.99
g/greenge01,2012-13,3500000,Gerald Green,exact_normalized,0.99
g/geeal01,2012-13,3500000,Alonzo Gee,exact_normalized,0.99
c/carroma01,2012-13,3500000,Matt Carroll,exact_normalized,0.99
p/petrojo01,2012-13,3500000,Johan Petro,exact_normalized,0.99
f/feltora01,2012-13,3480453,Raymond Felton,exact_normalized,0.99
b/bellra01,2012-13,3480000,Raja Bell,exact_normalized,0.99
v/valanjo01,2012-13,3374640,Jonas Valanciunas,exact_normalized,0.99
r/robinth01,2012-13,3374640,Thomas Robinson,exact_normalized,0.99
d/derozde01,2012-13,3344250,DeMar DeRozan,exact_normalized,0.99
v/veselja01,2012-13,3340920,Jan Vesely,exact_normalized,0.99
a/allento01,2012-13,3300000,Tony Allen,exact_normalized,0.99
b/battish01,2012-13,3270000,Shane Battier,exact_normalized,0.99
b/barnema02,2012-13,3250000,Matt Barnes,exact_normalized,0.99
b/bynumwi01,2012-13,3250000,Will Bynum,exact_normalized,0.99
b/breweco01,2012-13,3243000,Corey Brewer,exact_normalized,0.99
a/allenra02,2012-13,3229050,Ray Allen,exact_normalized,0.99
m/monrogr01,2012-13,3217680,Greg Monroe,exact_normalized,0.99
j/jennibr01,2012-13,3179493,Brandon Jennings,exact_normalized,0.99
m/mozgoti01,2012-13,3140429,Timofey Mozgov,exact_normalized,0.99
w/willish03,2012-13,3135000,Shawne Williams,exact_normalized,0.99
k/kiddja01,2012-13,3090000,Jason Kidd,exact_normalized,0.99
t/teletmi01,2012-13,3090000,Mirza Teletovic,exact_normalized,0.99
c/cartevi01,2012-13,3090000,Vince Carter,exact_normalized,0.99
l/lillada01,2012-13,3065040,Damian Lillard,exact_normalized,0.99
h/hansbty01,2012-13,3055259,Tyler Hansbrough,exact_normalized,0.99
b/biyombi01,2012-13,3049920,Bismack Biyombo,exact_normalized,0.99
f/freeljo01,2012-13,3013512,Joel Freeland,exact_normalized,0.99
a/arthuda01,2012-13,3006217,Darrell Arthur,exact_normalized,0.99
a/allenla01,2012-13,3000000,Lavoy Allen,exact_normalized,0.99
k/koufoko01,2012-13,3000000,Kosta Koufos,exact_normalized,0.99
o/outlatr01,2012-13,3000000,Travis Outlaw,exact_normalized,0.99
b/bayleje01,2012-13,3000000,Jerryd Bayless,exact_normalized,0.99
d/delfica01,2012-13,3000000,Carlos Delfino,exact_normalized,0.99
f/fosteje01,2012-13,3000000,Jeff Foster,exact_normalized,0.99
d/dayeau01,2012-13,2958077,Austin Daye,exact_normalized,0.99
a/aminual01,2012-13,2947800,Al-Farouq Aminu,exact_normalized,0.99
s/shvedal01,2012-13,2934610,Alexey Shved,exact_normalized,0.99
j/jonesda02,2012-13,2900000,Dahntay Jones,exact_normalized,0.99
w/wrighju01,2012-13,2858057,Julian Wright,exact_normalized,0.99
m/madsema01,2012-13,2840000,Mark Madsen,exact_normalized,0.99
b/brownkw01,2012-13,2819044,Kwame Brown,exact_normalized,0.99
j/johnsja01,2012-13,2812006,James Johnson,exact_normalized,0.99
s/smithjr01,2012-13,2806452,JR Smith,exact_normalized,0.99
b/barneha02,2012-13,2798040,Harrison Barnes,exact_normalized,0.99
s/serapke01,2012-13,2761114,Kevin Seraphin,exact_normalized,0.99
n/najered01,2012-13,2750000,Eduardo Najera,exact_normalized,0.99
h/haywago01,2012-13,2709720,Gordon Hayward,exact_normalized,0.99
a/anderda03,2012-13,2685185,David Andersen,exact_normalized,0.99
k/knighbr03,2012-13,2678640,Brandon Knight,exact_normalized,0.99
h/holidjr01,2012-13,2674852,Jrue Holiday,exact_normalized,0.99
m/mcrobjo01,2012-13,2652000,Josh McRoberts,exact_normalized,0.99
r/richaqu01,2012-13,2627400,Quentin Richardson,exact_normalized,0.99
b/bledser01,2012-13,2626473,Eric Bledsoe,exact_normalized,0.99
c/collini01,2012-13,2585668,Nick Collison,exact_normalized,0.99
s/stiemgr01,2012-13,2575000,Greg Stiemsma,exact_normalized,0.99
g/grayaa01,2012-13,2575000,Aaron Gray,exact_normalized,0.99
g/georgpa01,2012-13,2574120,Paul George,exact_normalized,0.99
w/walkeke02,2012-13,2568360,Kemba Walker,exact_normalized,0.99
r/rosste01,2012-13,2563320,Terrence Ross,exact_normalized,0.99
l/lawsoty01,2012-13,2544529,Ty Lawson,exact_normalized,0.99
f/foyera01,2012-13,2500000,Randy Foye,exact_normalized,0.99
s/smithja02,2012-13,2500000,Jason Smith,exact_normalized,0.99
a/aldrico01,2012-13,2445480,Cole Aldrich,exact_normalized,0.99
t/teaguje01,2012-13,2433077,Jeff Teague,exact_normalized,0.99
b/brookaa01,2012-13,2400000,Aaron Brooks,exact_normalized,0.99
d/davisri01,2012-13,2400000,Ricky Davis,exact_normalized,0.99
d/drumman01,2012-13,2356320,Andre Drummond,exact_normalized,0.99
b/booketr01,2012-13,2350820,Trevor Booker,exact_normalized,0.99
f/fredeji01,2012-13,2339040,Jimmer Fredette,exact_normalized,0.99
h/henryxa01,2012-13,2323200,Xavier Henry,exact_normalized,0.99
w/watsoea01,2012-13,2300000,Earl Watson,exact_normalized,0.99
c/casspom01,2012-13,2277306,Omri Casspi,exact_normalized,0.99
p/parkean01,2012-13,2250000,Anthony Parker,exact_normalized,0.99
w/wallabe01,2012-13,2246400,Ben Wallace,exact_normalized,0.99
s/stevede01,2012-13,2240450,DeShawn Stevenson,exact_normalized,0.99
r/riverau01,2012-13,2238360,Austin Rivers,exact_normalized,0.99
b/beaubro01,2012-13,2227333,Rodrigue Beaubois,exact_normalized,0.99
m/milescj01,2012-13,2225000,CJ Miles,exact_normalized,0.99
t/thompkl01,2012-13,2222160,Klay Thompson,exact_normalized,0.99
d/davised01,2012-13,2207040,Ed Davis,exact_normalized,0.99
l/leoname01,2012-13,2126520,Meyers Leonard,exact_normalized,0.99
l/lambje01,2012-13,2111160,Jeremy Lamb,exact_normalized,0.99
b/burksal01,2012-13,2111160,Alec Burks,exact_normalized,0.99
b/brandel01,2012-13,2100500,Elton Brand,exact_normalized,0.99
p/pattepa01,2012-13,2096760,Patrick Patterson,exact_normalized,0.99
m/morrima02,2012-13,2091840,Markieff Morris,exact_normalized,0.99
c/cunnida01,2012-13,2090000,Dante Cunningham,exact_normalized,0.99
e/ellinwa01,2012-13,2083042,Wayne Ellington,exact_normalized,0.99
d/douglto01,2012-13,2067880,Toney Douglas,exact_normalized,0.99
j/johnsan02,2012-13,2062800,Anthony Johnson,exact_normalized,0.99
b/barrybr01,2012-13,2062800,Brent Barry,exact_normalized,0.99
h/haywobr01,2012-13,2050000,Brendan Haywood,exact_normalized,0.99
m/maynoer01,2012-13,2016000,Eric Maynor,exact_normalized,0.99
m/marshke01,2012-13,2005560,Kendall Marshall,exact_normalized,0.99
s/sandela01,2012-13,1991760,Larry Sanders,exact_normalized,0.99
n/nestera01,2012-13,1990000,Rasho Nesterovic,exact_normalized,0.99
m/morrima03,2012-13,1987320,Marcus Morris Sr.,exact_normalized,0.99
h/hillgr01,2012-13,1975000,Grant Hill,exact_normalized,0.99
b/belinma01,2012-13,1957000,Marco Belinelli,exact_normalized,0.99
c/collida01,2012-13,1900000,Darren Collison,exact_normalized,0.99
b/babbilu01,2012-13,1892280,Luke Babbitt,exact_normalized,0.99
h/hensojo01,2012-13,1823280,John Henson,exact_normalized,0.99
m/mutomdi01,2012-13,1823280,Dikembe Mutombo,exact_normalized,0.99
l/leonaka01,2012-13,1809840,Kawhi Leonard,exact_normalized,0.99
h/harklma01,2012-13,1809840,Maurice Harkless,exact_normalized,0.99
e/evansje01,2012-13,1794872,Jeremy Evans,exact_normalized,0.99
v/vucevni01,2012-13,1793520,Nikola Vucevic,exact_normalized,0.99
g/greendo01,2012-13,1679914,Donte Greene,exact_normalized,0.99
a/anderch01,2012-13,1679408,Chris Andersen,exact_normalized,0.99
b/balkmre01,2012-13,1675000,Renaldo Balkman,exact_normalized,0.99
r/randoan01,2012-13,1674641,Anthony Randolph,exact_normalized,0.99
w/whitero03,2012-13,1645440,Royce White,exact_normalized,0.99
s/shumpim01,2012-13,1633440,Iman Shumpert,exact_normalized,0.99
b/bradlav01,2012-13,1630800,Avery Bradley,exact_normalized,0.99
e/evansre01,2012-13,1622617,Reggie Evans,exact_normalized,0.99
s/singlch01,2012-13,1618680,Chris Singleton,exact_normalized,0.99
t/telfase01,2012-13,1567500,Sebastian Telfair,exact_normalized,0.99
z/zellety01,2012-13,1563120,Tyler Zeller,exact_normalized,0.99
m/meeksjo01,2012-13,1550000,Jodie Meeks,exact_normalized,0.99
h/harrito02,2012-13,1545840,Tobias Harris,exact_normalized,0.99
o/odengr01,2012-13,1500000,Greg Oden,exact_normalized,0.99
p/pendeje02,2012-13,1500000,Jeff Ayres,exact_normalized,0.99
f/forbega01,2012-13,1500000,Gary Forbes,exact_normalized,0.99
j/jonesja02,2012-13,1500000,James Jones,exact_normalized,0.99
a/ayongu01,2012-13,1500000,Gustavo Ayon,exact_normalized,0.99
j/jeffrja01,2012-13,1475106,Jared Jeffries,exact_normalized,0.99
a/ajincal01,2012-13,1467840,Alexis Ajinca,exact_normalized,0.99
w/williel01,2012-13,1442880,Elliot Williams,exact_normalized,0.99
s/snellto01,2012-13,1409040,Tony Snell,exact_normalized,0.99
b/brackcr01,2012-13,1404960,Craig Brackins,exact_normalized,0.99
d/decolna01,2012-13,1400000,Nando De Colo,exact_normalized,0.99
g/greenwi01,2012-13,1399507,Willie Green,exact_normalized,0.99
i/ilgauzy01,2012-13,1399507,Zydrunas Ilgauskas,exact_normalized,0.99
h/houseed01,2012-13,1399507,Eddie House,exact_normalized,0.99
l/lewisra02,2012-13,1399507,Rashard Lewis,exact_normalized,0.99
s/smithno01,2012-13,1365720,Nolan Smith,exact_normalized,0.99
f/fournev01,2012-13,1361400,Evan Fournier,exact_normalized,0.99
t/tinslja01,2012-13,1352181,Jamaal Tinsley,exact_normalized,0.99
t/thomaku01,2012-13,1352181,Kurt Thomas,exact_normalized,0.99
f/farieke01,2012-13,1311240,Kenneth Faried,exact_normalized,0.99
s/sullija01,2012-13,1306920,Jared Sullinger,exact_normalized,0.99
h/haddaha01,2012-13,1300000,Hamed Ehaddadi,fuzzy_96,0.963
c/clavevi01,2012-13,1300000,Victor Claver,exact_normalized,0.99
j/jonesdo02,2012-13,1276560,Dominique Jones,exact_normalized,0.99
j/jacksre01,2012-13,1260360,Reggie Jackson,exact_normalized,0.99
m/melofa01,2012-13,1254720,Fab Melo,exact_normalized,0.99
p/pondequ01,2012-13,1234320,Quincy Pondexter,exact_normalized,0.99
p/pavloal01,2012-13,1232713,Sasha Pavlovic,exact_normalized,0.99
j/jenkijo01,2012-13,1204560,John Jenkins,exact_normalized,0.99
t/thabeha01,2012-13,1200000,Hasheem Thabeet,exact_normalized,0.99
c/crawfjo02,2012-13,1198680,Jordan Crawford,exact_normalized,0.99
v/vasqugr01,2012-13,1191240,Greivis Vasquez,exact_normalized,0.99
e/eyengch01,2012-13,1174080,Christian Eyenga,exact_normalized,0.99
b/brookma01,2012-13,1160040,MarShon Brooks,exact_normalized,0.99
c/cunnija01,2012-13,1156320,Jared Cunningham,exact_normalized,0.99
b/bullore01,2012-13,1149000,Reggie Bullock Jr.,exact_normalized,0.99
p/pricero01,2012-13,1146337,Ronnie Price,exact_normalized,0.99
h/hamiljo02,2012-13,1121520,Jordan Hamilton,exact_normalized,0.99
b/butleji01,2012-13,1112880,Jimmy Butler III,exact_normalized,0.99
r/roberan03,2012-13,1110840,Andre Roberson,exact_normalized,0.99
w/wroteto01,2012-13,1110120,Tony Wroten,exact_normalized,0.99
g/grahast01,2012-13,1106941,Stephen Graham,exact_normalized,0.99
g/grahajo01,2012-13,1106941,Joey Graham,exact_normalized,0.99
j/johnsja02,2012-13,1089240,JaJuan Johnson,exact_normalized,0.99
m/millspa02,2012-13,1085120,Patty Mills,exact_normalized,0.99
j/jonespe01,2012-13,1082520,Perry Jones,exact_normalized,0.99
t/teaguma01,2012-13,1074720,Marquis Teague,exact_normalized,0.99
j/josepco01,2012-13,1074720,Cory Joseph,exact_normalized,0.99
p/plumlmi01,2012-13,1073280,Miles Plumlee,exact_normalized,0.99
t/tuckeal02,2012-13,1071720,Alando Tucker,exact_normalized,0.99
w/wafervo01,2012-13,1069509,Von Wafer,exact_normalized,0.99
a/azubuke01,2012-13,1069509,Kelenna Azubuike,exact_normalized,0.99
h/haranlu01,2012-13,1054389,Luke Harangody,exact_normalized,0.99
b/blairde01,2012-13,1054000,DeJuan Blair,exact_normalized,0.99
m/moultar01,2012-13,1042320,Arnett Moultrie,exact_normalized,0.99
r/rossqu01,2012-13,1033342,Quinton Ross,exact_normalized,0.99
w/willija04,2012-13,1029389,Jawad Williams,exact_normalized,0.99
e/ezelife01,2012-13,1020960,Festus Ezeli,exact_normalized,0.99
s/singlky01,2012-13,1000000,Kyle Singler,exact_normalized,0.99
b/brockjo01,2012-13,1000000,Jon Brockman,exact_normalized,0.99
w/watsocj01,2012-13,992680,C.J. Watson,exact_normalized,0.99
w/wrighbr03,2012-13,992680,Brandan Wright,exact_normalized,0.99
j/johnsiv01,2012-13,962195,Ivan Johnson,exact_normalized,0.99
o/ortonda01,2012-13,916099,Daniel Orton,exact_normalized,0.99
s/smithis01,2012-13,910941,Ish Smith,exact_normalized,0.99
p/parsoch01,2012-13,888250,Chandler Parsons,exact_normalized,0.99
b/budinch01,2012-13,885120,Chase Budinger,exact_normalized,0.99
w/walkebi01,2012-13,885120,Henry Walker,exact_normalized,0.99
c/carrode01,2012-13,885120,DeMarre Carroll,exact_normalized,0.99
j/johnsal01,2012-13,885120,Alexander Johnson,exact_normalized,0.99
m/mensapo01,2012-13,885120,Pops Mensah-Bonsu,exact_normalized,0.99
s/stoudsa01,2012-13,884881,Salim Stoudamire,exact_normalized,0.99
h/holliry01,2012-13,884293,Ryan Hollins,exact_normalized,0.99
t/templga01,2012-13,884293,Garrett Temple,exact_normalized,0.99
m/mohamna01,2012-13,884293,Nazr Mohammed,exact_normalized,0.99
t/thomama01,2012-13,884293,Malcolm Thomas,exact_normalized,0.99
l/leema01,2012-13,884293,Malcolm Lee,exact_normalized,0.99
m/mooreet01,2012-13,884293,E'Twaun Moore,exact_normalized,0.99
l/liggide01,2012-13,884293,DeAndre Liggins,exact_normalized,0.99
t/tuckepj01,2012-13,884293,P.J. Tucker,exact_normalized,0.99
s/stephla01,2012-13,870000,Lance Stephenson,exact_normalized,0.99
d/doubyqu01,2012-13,855189,Quincy Douby,exact_normalized,0.99
h/haislma01,2012-13,855189,Marcus Haislip,exact_normalized,0.99
s/senesa01,2012-13,855189,Mouhamed Sene,exact_normalized,0.99
r/roberan02,2012-13,855189,Anthony Roberson,exact_normalized,0.99
c/crittja01,2012-13,854389,Javaris Crittenton,exact_normalized,0.99
m/milesda01,2012-13,854389,Darius Miles,exact_normalized,0.99
w/weaveky01,2012-13,854389,Kyle Weaver,exact_normalized,0.99
j/jackslu02,2012-13,854389,Luke Jackson,exact_normalized,0.99
d/davisjo02,2012-13,854389,Josh Davis,exact_normalized,0.99
t/thomake01,2012-13,854389,Kenny Thomas,exact_normalized,0.99
m/magloja01,2012-13,854389,Jamaal Magloire,exact_normalized,0.99
e/elyme01,2012-13,854389,Melvin Ely,exact_normalized,0.99
e/evansma01,2012-13,854389,Maurice Evans,exact_normalized,0.99
w/whiteha01,2012-13,854389,Hassan Whiteside,exact_normalized,0.99
g/gildetr01,2012-13,854389,Trey Gilder,exact_normalized,0.99
h/harrimi01,2012-13,854389,Mike Harris,exact_normalized,0.99
j/jonesdw02,2012-13,854389,Dwayne Jones II,exact_normalized,0.99
i/iveyro01,2012-13,854389,Royal Ivey,exact_normalized,0.99
b/brownde04,2012-13,854389,Derrick Brown,exact_normalized,0.99
h/hairsma01,2012-13,854389,Malik Hairston,exact_normalized,0.99
w/watkida01,2012-13,854389,Darryl Watkins,exact_normalized,0.99
j/johnstr01,2012-13,854389,Trey Johnson,exact_normalized,0.99
w/wrighan01,2012-13,854389,Antoine Wright,exact_normalized,0.99
m/mayse01,2012-13,854389,Sean May,exact_normalized,0.99
h/headlu01,2012-13,854389,Luther Head,exact_normalized,0.99
m/masonro01,2012-13,854389,Roger Mason Jr.,exact_normalized,0.99
k/karlco01,2012-13,854389,Coby Karl,exact_normalized,0.99
s/smithcr01,2012-13,854389,Craig Smith,exact_normalized,0.99
o/obertfa01,2012-13,854389,Fabricio Oberto,exact_normalized,0.99
p/priceaj01,2012-13,854389,A.J. Price,exact_normalized,0.99
b/barbole01,2012-13,854389,Leandro Barbosa,exact_normalized,0.99
w/weemsso01,2012-13,854389,Sonny Weems,exact_normalized,0.99
b/boganke01,2012-13,854389,Keith Bogans,exact_normalized,0.99
e/elsonfr01,2012-13,854389,Francisco Elson,exact_normalized,0.99
b/battito01,2012-13,854389,Tony Battie,exact_normalized,0.99
h/hughela01,2012-13,854389,Larry Hughes,exact_normalized,0.99
a/allenma01,2012-13,854389,Malik Allen,exact_normalized,0.99
w/whiteja02,2012-13,854389,James White,exact_normalized,0.99
w/wallara01,2012-13,854389,Rasheed Wallace,exact_normalized,0.99
d/davisba01,2012-13,854389,Baron Davis,exact_normalized,0.99
b/bibbymi01,2012-13,854389,Mike Bibby,exact_normalized,0.99
b/blatcan01,2012-13,854389,Andray Blatche,exact_normalized,0.99
c/collija04,2012-13,854389,Jason Collins,exact_normalized,0.99
s/stackje01,2012-13,854389,Jerry Stackhouse,exact_normalized,0.99
j/jaricma01,2012-13,854389,Marko Jaric,exact_normalized,0.99
f/fesenky01,2012-13,854389,Kyrylo Fesenko,exact_normalized,0.99
w/willish02,2012-13,854389,Shelden Williams,exact_normalized,0.99
a/agerma01,2012-13,854389,Maurice Ager,exact_normalized,0.99
b/butlera01,2012-13,854389,Rasual Butler,exact_normalized,0.99
d/daniema01,2012-13,854389,Marquis Daniels,exact_normalized,0.99
p/poweljo01,2012-13,854389,Josh Powell,exact_normalized,0.99
p/przybjo01,2012-13,854389,Joel Przybilla,exact_normalized,0.99
g/gadzuda01,2012-13,854389,Dan Gadzuric,exact_normalized,0.99
s/smithjo02,2012-13,854389,Joe Smith,exact_normalized,0.99
r/ratlith01,2012-13,854389,Theo Ratliff,exact_normalized,0.99
a/anderal01,2012-13,854389,Alan Anderson,exact_normalized,0.99
g/gainesu01,2012-13,854389,Sundiata Gaines,exact_normalized,0.99
j/jacksda01,2012-13,854389,Darnell Jackson,exact_normalized,0.99
a/ahearbl01,2012-13,854389,Blake Ahearn,exact_normalized,0.99
w/wilkida02,2012-13,854389,Damien Wilkins,exact_normalized,0.99
a/alexajo01,2012-13,854389,Joe Alexander,exact_normalized,0.99
k/kaponja01,2012-13,854389,Jason Kapono,exact_normalized,0.99
f/fordtj01,2012-13,854389,T.J. Ford,exact_normalized,0.99
o/onealje01,2012-13,854389,Jermaine O'Neal,exact_normalized,0.99
f/flynnjo01,2012-13,854389,Jonny Flynn,exact_normalized,0.99
m/martica01,2012-13,854389,Cartier Martin,exact_normalized,0.99
c/cookbr01,2012-13,854389,Brian Cook,exact_normalized,0.99
d/dorsejo01,2012-13,854389,Joey Dorsey,exact_normalized,0.99
c/childjo01,2012-13,854389,Josh Childress,exact_normalized,0.99
c/cartean01,2012-13,854389,Anthony Carter,exact_normalized,0.99
w/westde01,2012-13,854389,Delonte West,exact_normalized,0.99
c/curryed01,2012-13,854389,Eddy Curry,exact_normalized,0.99
t/thomati01,2012-13,854389,Tim Thomas,exact_normalized,0.99
c/cardibr01,2012-13,854389,Brian Cardinal,exact_normalized,0.99
s/samuesa01,2012-13,854389,Samardo Samuels,exact_normalized,0.99
r/richach01,2012-13,854389,Chris Richard,exact_normalized,0.99
b/brewero02,2012-13,854389,Ronnie Brewer,exact_normalized,0.99
s/scalabr01,2012-13,854389,Brian Scalabrine,exact_normalized,0.99
r/radmavl01,2012-13,854389,Vladimir Radmanovic,exact_normalized,0.99
t/tollian01,2012-13,854389,Anthony Tolliver,exact_normalized,0.99
s/strawdj01,2012-13,854389,D.J. Strawberry,exact_normalized,0.99
c/carnero01,2012-13,854389,Rodney Carney,exact_normalized,0.99
r/robinna01,2012-13,854389,Nate Robinson,exact_normalized,0.99
m/milicda01,2012-13,854389,Darko Milicic,exact_normalized,0.99
w/wilcoch01,2012-13,854389,Chris Wilcox,exact_normalized,0.99
n/nealga01,2012-13,854389,Gary Neal,exact_normalized,0.99
p/pittmde01,2012-13,854389,Dexter Pittman,exact_normalized,0.99
b/barroea01,2012-13,854389,Earl Barron,exact_normalized,0.99
t/thomaet01,2012-13,854389,Etan Thomas,exact_normalized,0.99
g/greendr01,2012-13,850000,Draymond Green,exact_normalized,0.99
m/murphtr01,2012-13,839312,Troy Murphy,exact_normalized,0.99
a/alabiso01,2012-13,830000,Solomon Alabi,exact_normalized,0.99
r/reddmi01,2012-13,826828,Michael Redd,exact_normalized,0.99
d/davispa01,2012-13,825497,Paul Davis,exact_normalized,0.99
o/ollieke01,2012-13,825497,Kevin Ollie,exact_normalized,0.99
b/bowenry01,2012-13,825497,Ryan Bowen,exact_normalized,0.99
m/masonde01,2012-13,825497,Desmond Mason,exact_normalized,0.99
j/johnsli01,2012-13,825497,Linton Johnson,exact_normalized,0.99
h/hartja01,2012-13,825497,Jason Hart,exact_normalized,0.99
r/rushka01,2012-13,825497,Kareem Rush,exact_normalized,0.99
d/davidje01,2012-13,825497,Jermareo Davidson,exact_normalized,0.99
h/hunteli01,2012-13,825497,Lindsey Hunter,exact_normalized,0.99
h/honeyty01,2012-13,809875,Tyler Honeycutt,exact_normalized,0.99
m/marksse01,2012-13,799105,Sean Marks,exact_normalized,0.99
d/dioguik01,2012-13,792377,Ike Diogu,exact_normalized,0.99
j/jonesso01,2012-13,792377,Solomon Jones,exact_normalized,0.99
t/tayloje03,2012-13,788872,Jeffery Taylor,exact_normalized,0.99
r/rautian01,2012-13,788872,Andy Rautins,exact_normalized,0.99
c/cousima01,2012-13,788872,Marcus Cousin,exact_normalized,0.99
b/butleda03,2012-13,788872,Da'Sean Butler,exact_normalized,0.99
v/vadenro01,2012-13,788872,Robert Vaden,exact_normalized,0.99
d/dowdeza01,2012-13,788872,Zabian Dowdell,exact_normalized,0.99
w/whitete01,2012-13,788872,Terrico White,exact_normalized,0.99
o/oquinky01,2012-13,788872,Kyle O'Quinn,exact_normalized,0.99
v/varnaja01,2012-13,788872,Jarvis Varnado,exact_normalized,0.99
b/blakema01,2012-13,788872,Marqus Blakely,exact_normalized,0.99
w/warrewi01,2012-13,788872,Willie Warren,exact_normalized,0.99
w/waynsma01,2012-13,788872,Maalik Wayns,exact_normalized,0.99
l/lambdo01,2012-13,788872,Doron Lamb,exact_normalized,0.99
s/sacrero01,2012-13,788872,Robert Sacre,exact_normalized,0.99
s/sypa01,2012-13,788872,Pape Sy,exact_normalized,0.99
r/rollema01,2012-13,788872,Magnum Rolle,exact_normalized,0.99
t/tayloje02,2012-13,780871,Jermaine Taylor,exact_normalized,0.99
h/howarjo01,2012-13,773976,Josh Howard,exact_normalized,0.99
l/livinsh01,2012-13,773976,Shaun Livingston,exact_normalized,0.99
j/jianlyi01,2012-13,771706,Yi Jianlian,fuzzy_95,0.95
h/higgico01,2012-13,762195,Cory Higgins,exact_normalized,0.99
k/kennedj01,2012-13,762195,D.J. Kennedy,exact_normalized,0.99
l/leslitr01,2012-13,762195,Travis Leslie,exact_normalized,0.99
b/butchbr01,2012-13,762195,Brian Butch,exact_normalized,0.99
n/ndiayha01,2012-13,762195,Hamady Ndiaye,exact_normalized,0.99
t/thomais02,2012-13,762195,Isaiah Thomas,exact_normalized,0.99
d/dysonje01,2012-13,762195,Jerome Dyson,exact_normalized,0.99
s/silerga01,2012-13,762195,Garret Siler,exact_normalized,0.99
g/griffta01,2012-13,762195,Taylor Griffin,exact_normalized,0.99
j/jenkich01,2012-13,762195,Charles Jenkins,exact_normalized,0.99
h/harpeju01,2012-13,762195,Justin Harper,exact_normalized,0.99
g/gladnmi01,2012-13,762195,Mickell Gladness,exact_normalized,0.99
t/thompmy02,2012-13,762195,Mychel Thompson,exact_normalized,0.99
t/thomala01,2012-13,762195,Lance Thomas,exact_normalized,0.99
w/willijo03,2012-13,762195,Jordan Williams,exact_normalized,0.99
l/leuerjo01,2012-13,762195,Jon Leuer,exact_normalized,0.99
h/hobsoda01,2012-13,762195,Darington Hobson,exact_normalized,0.99
h/hasbrke01,2012-13,762195,Kenny Hasbrouck,exact_normalized,0.99
c/caracde01,2012-13,762195,Derrick Caracter,exact_normalized,0.99
t/thomptr02,2012-13,762195,Trey Thompkins,exact_normalized,0.99
f/fortsco01,2012-13,762195,Courtney Fortson,exact_normalized,0.99
t/tylerje01,2012-13,762195,Jeremy Tyler,exact_normalized,0.99
s/simpsdi01,2012-13,762195,Diamon Simpson,exact_normalized,0.99
s/silasxa01,2012-13,762195,Xavier Silas,exact_normalized,0.99
s/selbyjo01,2012-13,762195,Josh Selby,exact_normalized,0.99
e/erdense01,2012-13,762195,Semih Erden,exact_normalized,0.99
s/stoneju01,2012-13,762195,Julyan Stone,exact_normalized,0.99
j/jordaje01,2012-13,762195,Jerome Jordan,exact_normalized,0.99
j/jerrecu01,2012-13,762195,Curtis Jerrells,exact_normalized,0.99
j/jeffedo01,2012-13,736420,Dontell Jefferson,exact_normalized,0.99
t/taylomi01,2012-13,736420,Mike Taylor,exact_normalized,0.99
c/crawfjo01,2012-13,736420,Joe Crawford,exact_normalized,0.99
y/yuesu01,2012-13,736420,Sun Yue,fuzzy_95,0.95
s/sharpwa01,2012-13,736420,Walter Sharpe,exact_normalized,0.99
n/nelsode01,2012-13,736420,DeMarcus Nelson,exact_normalized,0.99
u/udokaim01,2012-13,708640,Ime Udoka,exact_normalized,0.99
p/pietrmi01,2012-13,698589,Mickael Pietrus,exact_normalized,0.99
w/wilksmi01,2012-13,679821,Mike Wilks,exact_normalized,0.99
s/skinnbr01,2012-13,668434,Brian Skinner,exact_normalized,0.99
a/acyqu01,2012-13,665000,Quincy Acy,exact_normalized,0.99
i/iversal01,2012-13,650686,Allen Iverson,exact_normalized,0.99
l/lawac01,2012-13,633253,Acie Law,exact_normalized,0.99
c/crowdja01,2012-13,600491,Jae Crowder,exact_normalized,0.99
d/douglch01,2012-13,582995,Chris Douglas-Roberts,exact_normalized,0.99
b/bartowi01,2012-13,550000,Will Barton,exact_normalized,0.99
j/johnsor01,2012-13,550000,Orlando Johnson,exact_normalized,0.99
h/haywala01,2012-13,542788,Lazar Hayward,exact_normalized,0.99
a/anderja01,2012-13,532737,James Anderson,exact_normalized,0.99
w/willija02,2012-13,524964,Jason Williams,exact_normalized,0.99
c/cookda02,2012-13,512633,Daequan Cook,exact_normalized,0.99
m/murpher01,2012-13,490180,Erik Jay Murphy,fuzzy_95,0.95
r/reidry01,2012-13,475000,Ryan Reid,exact_normalized,0.99
r/roberbr01,2012-13,473604,Brian Roberts,exact_normalized,0.99
a/akognjo01,2012-13,473604,Josh Akognon,exact_normalized,0.99
m/milleda01,2012-13,473604,Darius Miller,exact_normalized,0.99
c/collish01,2012-13,473604,Sherron Collins,exact_normalized,0.99
b/bazemke01,2012-13,473604,Kent Bazemore,exact_normalized,0.99
t/thompho01,2012-13,473604,Hollis Thompson,exact_normalized,0.99
j/jetereu01,2012-13,473604,Pooh Jeter,exact_normalized,0.99
g/garredi02,2012-13,473604,Diante Garrett,exact_normalized,0.99
z/zellelu01,2012-13,473604,Luke Zeller,exact_normalized,0.99
s/scottmi01,2012-13,473604,Mike Scott,exact_normalized,0.99
m/murphke01,2012-13,473604,Kevin Murphy,exact_normalized,0.99
h/hornede01,2012-13,473604,Dennis Horner,exact_normalized,0.99
j/johnsda03,2012-13,473604,Darius Johnson-Odom,exact_normalized,0.99
m/middlkh01,2012-13,473604,Khris Middleton,exact_normalized,0.99
j/jonesde01,2012-13,473604,DeQuan Jones,exact_normalized,0.99
p/prigipa01,2012-13,473604,Pablo Prigioni,exact_normalized,0.99
j/jamesbe01,2012-13,473604,Bernard James,exact_normalized,0.99
c/chrisdi01,2012-13,473604,Dionte Christmas,exact_normalized,0.99
h/hansbbe01,2012-13,473604,Ben Hansbrough,exact_normalized,0.99
s/shengto01,2012-13,473604,Tornike Shengelia,exact_normalized,0.99
e/engliki01,2012-13,473604,Kim English,exact_normalized,0.99
c/copelch01,2012-13,473604,Chris Copeland,exact_normalized,0.99
t/tayloty01,2012-13,473604,Tyshawn Taylor,exact_normalized,0.99
m/macklve01,2012-13,473604,Vernon Macklin,exact_normalized,0.99
j/johnsca01,2012-13,473604,Carldell Johnson,exact_normalized,0.99
l/landrma01,2012-13,457588,Marcus Landry,exact_normalized,0.99
y/youngsa01,2012-13,402065,Sam Young,exact_normalized,0.99
s/stojape01,2012-13,402065,Peja Stojakovic,exact_normalized,0.99
j/joneske01,2012-13,390027,Kevin Jones,exact_normalized,0.99
g/gelabmi01,2012-13,346781,Mickael Gelabale,exact_normalized,0.99
b/beverpa01,2012-13,281376,Patrick Beverley,exact_normalized,0.99
p/pargoje01,2012-13,264527,Jeremy Pargo,exact_normalized,0.99
a/arenagi01,2012-13,261829,Gilbert Arenas,exact_normalized,0.99
f/fishede01,2012-13,261343,Derek Fisher,exact_normalized,0.99
h/harrima01,2012-13,252016,Manny Harris,exact_normalized,0.99
w/willite01,2012-13,244710,Terrence Williams,exact_normalized,0.99
b/baynear01,2012-13,239588,Aron Baynes,exact_normalized,0.99
s/simmobo01,2012-13,234268,Bobby Simmons,exact_normalized,0.99
s/shakumu01,2012-13,226162,Mustafa Shakur,exact_normalized,0.99
b/boykiea01,2012-13,220487,Earl Boykins,exact_normalized,0.99
t/thornal01,2012-13,211084,Al Thornton,exact_normalized,0.99
d/dienetr01,2012-13,208802,Travis Diener,exact_normalized,0.99
p/powele01,2012-13,201033,Leon Powe,exact_normalized,0.99
u/uzohbe01,2012-13,190548,Ben Uzoh,exact_normalized,0.99
a/amundlo01,2012-13,185955,Lou Amundson,exact_normalized,0.99
m/martike01,2012-13,170878,Kenyon Martin,exact_normalized,0.99
q/quinnch01,2012-13,169340,Chris Quinn,exact_normalized,0.99
r/randosh01,2012-13,163500,Shavlik Randolph,exact_normalized,0.99
w/whitedj01,2012-13,156234,D.J. White,exact_normalized,0.99
s/singlja01,2012-13,151585,James Singleton,exact_normalized,0.99
o/ohlbrti01,2012-13,144867,Tim Ohlbrecht,exact_normalized,0.99
h/howarju01,2012-13,135697,Juwan Howard,exact_normalized,0.99
j/johnsar02,2012-13,104494,Armon Johnson,exact_normalized,0.99
m/macksh01,2012-13,103121,Shelvin Mack,exact_normalized,0.99
h/harrite01,2012-13,94154,Terrel Harris,exact_normalized,0.99
a/almonmo01,2012-13,75793,Morris Almond,exact_normalized,0.99
m/mooremi01,2012-13,75793,Mikki Moore,exact_normalized,0.99
d/doolike01,2012-13,75387,Keyon Dooling,exact_normalized,0.99
s/summeda01,2012-13,72892,DaJuan Summers,exact_normalized,0.99
j/jamesda01,2012-13,68902,Damion James,exact_normalized,0.99
m/mcguido01,2012-13,68902,Dominic McGuire,exact_normalized,0.99
h/harrejo01,2012-13,61467,Josh Harrellson,exact_normalized,0.99
s/sloando01,2012-13,61467,Donald Sloan,exact_normalized,0.99
h/hudsole01,2012-13,48232,Lester Hudson,exact_normalized,0.99
h/holidju01,2012-13,47360,Justin Holiday,exact_normalized,0.99
m/mcneaje01,2012-13,44835,Jerel McNeal,exact_normalized,0.99
j/jacksce01,2012-13,40375,Cedric Jackson,exact_normalized,0.99
f/footeje01,2012-13,38194,Jeff Foote,exact_normalized,0.99
j/jeffeot01,2012-13,35868,Othyus Jeffers,exact_normalized,0.99
s/simshe01,2012-13,27859,Henry Sims,exact_normalized,0.99
j/josepkr01,2012-13,27859,Kris Joseph,exact_normalized,0.99
o/owensla01,2012-13,22287,Larry Owens,exact_normalized,0.99
w/westma02,2012-13,20103,Mario West,exact_normalized,0.99
b/bryanko01,2013-14,30453805,Kobe Bryant,exact_normalized,0.99
n/nowitdi01,2013-14,22721381,Dirk Nowitzki,exact_normalized,0.99
s/stoudam01,2013-14,21679893,Amar'e Stoudemire,exact_normalized,0.99
j/johnsjo02,2013-14,21466718,Joe Johnson,exact_normalized,0.99
a/anthoca01,2013-14,21388953,Carmelo Anthony,exact_normalized,0.99
h/howardw01,2013-14,20513178,Dwight Howard,exact_normalized,0.99
g/gasolpa01,2013-14,19285850,Pau Gasol,exact_normalized,0.99
b/boshch01,2013-14,19067500,Chris Bosh,exact_normalized,0.99
j/jamesle01,2013-14,19067500,LeBron James,exact_normalized,0.99
w/wadedw01,2013-14,18673000,Dwyane Wade,exact_normalized,0.99
p/paulch01,2013-14,18668431,Chris Paul,exact_normalized,0.99
w/willide01,2013-14,18466130,Deron Williams,exact_normalized,0.99
r/randoza01,2013-14,18238333,Zach Randolph,exact_normalized,0.99
g/gayru01,2013-14,17888932,Rudy Gay,exact_normalized,0.99
d/duranke01,2013-14,17832627,Kevin Durant,exact_normalized,0.99
r/rosede01,2013-14,17632688,Derrick Rose,exact_normalized,0.99
g/griffbl01,2013-14,16441500,Blake Griffin,exact_normalized,0.99
p/piercpa01,2013-14,15333334,Paul Pierce,exact_normalized,0.99
b/boozeca01,2013-14,15300000,Carlos Boozer,exact_normalized,0.99
a/aldrila01,2013-14,14878000,LaMarcus Aldridge,exact_normalized,0.99
g/gasolma01,2013-14,14860523,Marc Gasol,exact_normalized,0.99
l/lopezbr01,2013-14,14693906,Brook Lopez,exact_normalized,0.99
l/loveke01,2013-14,14693906,Kevin Love,exact_normalized,0.99
w/westbru01,2013-14,14693906,Russell Westbrook,exact_normalized,0.99
o/okafoem01,2013-14,14487500,Emeka Okafor,exact_normalized,0.99
g/gordoer01,2013-14,14283844,Eric Gordon,exact_normalized,0.99
h/hibbero01,2013-14,14283844,Roy Hibbert,exact_normalized,0.99
d/denglu01,2013-14,14275000,Luol Deng,exact_normalized,0.99
c/chandty01,2013-14,14100538,Tyson Chandler,exact_normalized,0.99
b/bogutan01,2013-14,14000000,Andrew Bogut,exact_normalized,0.99
l/leeda02,2013-14,13878000,David Lee,exact_normalized,0.99
h/hardeja01,2013-14,13701250,James Harden,exact_normalized,0.99
j/jeffeal01,2013-14,13500000,Al Jefferson,exact_normalized,0.99
s/smithjo03,2013-14,13500000,Josh Smith,exact_normalized,0.99
i/iguodan01,2013-14,12868632,Andre Iguodala,exact_normalized,0.99
p/parketo01,2013-14,12500000,Tony Parker,exact_normalized,0.99
g/garneke01,2013-14,12433735,Kevin Garnett,exact_normalized,0.99
i/ibakase01,2013-14,12350000,Serge Ibaka,exact_normalized,0.99
p/pekovni01,2013-14,12100000,Nikola Pekovic,exact_normalized,0.99
h/humphkr01,2013-14,12000000,Kris Humphries,exact_normalized,0.99
w/westda01,2013-14,12000000,David West,exact_normalized,0.99
h/horfoal01,2013-14,12000000,Al Horford,exact_normalized,0.99
r/rondora01,2013-14,11954545,Rajon Rondo,exact_normalized,0.99
b/bargnan01,2013-14,11862500,Andrea Bargnani,exact_normalized,0.99
e/evansty01,2013-14,11796247,Tyreke Evans,exact_normalized,0.99
b/batumni01,2013-14,11295250,Nicolas Batum,exact_normalized,0.99
n/noahjo01,2013-14,11100000,Joakim Noah,exact_normalized,0.99
j/jefferi01,2013-14,11046000,Richard Jefferson,exact_normalized,0.99
j/jordade01,2013-14,10986550,DeAndre Jordan,exact_normalized,0.99
l/lawsoty01,2013-14,10786517,Ty Lawson,exact_normalized,0.99
m/mcgeeja01,2013-14,10750000,JaVale McGee,exact_normalized,0.99
d/duncati01,2013-14,10361446,Tim Duncan,exact_normalized,0.99
g/gallida01,2013-14,10146925,Danilo Gallinari,exact_normalized,0.99
w/wallage01,2013-14,10105855,Gerald Wallace,exact_normalized,0.99
s/splitti01,2013-14,10000000,Tiago Splitter,exact_normalized,0.99
c/curryst01,2013-14,9887642,Stephen Curry,exact_normalized,0.99
h/holidjr01,2013-14,9713484,Jrue Holiday,exact_normalized,0.99
m/millspa01,2013-14,9500000,Paul Millsap,exact_normalized,0.99
d/derozde01,2013-14,9500000,DeMar DeRozan,exact_normalized,0.99
m/mariosh01,2013-14,9316796,Shawn Marion,exact_normalized,0.99
n/nashst01,2013-14,9300500,Steve Nash,exact_normalized,0.99
v/varejan01,2013-14,9036364,Anderson Varejao,exact_normalized,0.99
y/youngth01,2013-14,8850000,Thaddeus Young,exact_normalized,0.99
p/perkike01,2013-14,8727437,Kendrick Perkins,exact_normalized,0.99
g/greenje02,2013-14,8700000,Jeff Green,exact_normalized,0.99
c/conlemi01,2013-14,8600001,Mike Conley,exact_normalized,0.99
v/villach01,2013-14,8580000,Charlie Villanueva,exact_normalized,0.99
s/stuckro01,2013-14,8500000,Rodney Stuckey,exact_normalized,0.99
l/linje01,2013-14,8374646,Jeremy Lin,exact_normalized,0.99
a/asikom01,2013-14,8374646,Omer Asik,exact_normalized,0.99
a/anderry01,2013-14,8308500,Ryan Anderson,exact_normalized,0.99
t/thornma01,2013-14,8050000,Marcus Thornton,exact_normalized,0.99
t/teaguje01,2013-14,8000000,Jeff Teague,exact_normalized,0.99
m/mayooj01,2013-14,8000000,O.J. Mayo,exact_normalized,0.99
h/hillge01,2013-14,8000000,George Hill,exact_normalized,0.99
e/ellismo01,2013-14,8000000,Monta Ellis,exact_normalized,0.99
i/ilyaser01,2013-14,7900000,Ersan Ilyasova,exact_normalized,0.99
a/arizatr01,2013-14,7727280,Trevor Ariza,exact_normalized,0.99
g/gortama01,2013-14,7727280,Marcin Gortat,exact_normalized,0.99
j/jennibr01,2013-14,7655503,Brandon Jennings,exact_normalized,0.99
s/salmojo01,2013-14,7583000,John Salmons,exact_normalized,0.99
g/gibsota01,2013-14,7550000,Taj Gibson,exact_normalized,0.99
g/ginobma01,2013-14,7500000,Manu Ginobili,exact_normalized,0.99
a/afflaar01,2013-14,7500000,Arron Afflalo,exact_normalized,0.99
d/dragigo01,2013-14,7500000,Goran Dragic,exact_normalized,0.99
w/willima02,2013-14,7500000,Marvin Williams,exact_normalized,0.99
w/walljo01,2013-14,7459925,John Wall,exact_normalized,0.99
p/princta01,2013-14,7235955,Tayshaun Prince,exact_normalized,0.99
m/matthwe02,2013-14,6875480,Wesley Matthews,exact_normalized,0.99
c/caldejo01,2013-14,6791570,Jose Calderon,exact_normalized,0.99
k/korveky01,2013-14,6760563,Kyle Korver,exact_normalized,0.99
t/turneev01,2013-14,6679867,Evan Turner,exact_normalized,0.99
m/martike02,2013-14,6500000,Kevin Martin,exact_normalized,0.99
l/landrca01,2013-14,6500000,Carl Landry,exact_normalized,0.99
j/johnsam01,2013-14,6500000,Amir Johnson,exact_normalized,0.99
h/hawessp01,2013-14,6500000,Spencer Hawes,exact_normalized,0.99
r/redicjj01,2013-14,6500000,JJ Redick,exact_normalized,0.99
b/bassbr01,2013-14,6450000,Brandon Bass,exact_normalized,0.99
f/fryech01,2013-14,6400000,Channing Frye,exact_normalized,0.99
c/chandwi01,2013-14,6344164,Wilson Chandler,exact_normalized,0.99
j/jackja01,2013-14,6300000,Jarrett Jack,exact_normalized,0.99
f/fieldla01,2013-14,6250000,Landry Fields,exact_normalized,0.99
l/lowryky01,2013-14,6210000,Kyle Lowry,exact_normalized,0.99
r/richaja01,2013-14,6204250,Jason Richardson,exact_normalized,0.99
f/favorde01,2013-14,6008196,Derrick Favors,exact_normalized,0.99
l/lopezro01,2013-14,5904261,Robin Lopez,exact_normalized,0.99
h/hayesch01,2013-14,5722500,Chuck Hayes,exact_normalized,0.99
t/thompja02,2013-14,5643750,Jason Thompson,exact_normalized,0.99
t/terryja01,2013-14,5625313,Jason Terry,exact_normalized,0.99
i/irvinky01,2013-14,5607240,Kyrie Irving,exact_normalized,0.99
s/smithjr01,2013-14,5565000,JR Smith,exact_normalized,0.99
d/davisan02,2013-14,5375760,Anthony Davis,exact_normalized,0.99
b/bennean01,2013-14,5324280,Anthony Bennett,exact_normalized,0.99
c/crawfja01,2013-14,5225000,Jamal Crawford,exact_normalized,0.99
l/leeco01,2013-14,5225000,Courtney Lee,exact_normalized,0.99
w/willilo02,2013-14,5225000,Lou Williams,exact_normalized,0.99
p/pachuza01,2013-14,5200000,Zaza Pachulia,exact_normalized,0.99
h/hicksjj01,2013-14,5150000,JJ Hickson,exact_normalized,0.99
w/webstma02,2013-14,5150000,Martell Webster,exact_normalized,0.99
b/boganke01,2013-14,5058198,Keith Bogans,exact_normalized,0.99
w/willide02,2013-14,5016960,Derrick Williams,exact_normalized,0.99
s/sessira01,2013-14,5000000,Ramon Sessions,exact_normalized,0.99
m/millean02,2013-14,5000000,Andre Miller,exact_normalized,0.99
b/breweco01,2013-14,5000000,Corey Brewer,exact_normalized,0.99
b/budinch01,2013-14,5000000,Chase Budinger,exact_normalized,0.99
w/wrighbr03,2013-14,5000000,Brandan Wright,exact_normalized,0.99
c/couside01,2013-14,4916974,DeMarcus Cousins,exact_normalized,0.99
k/kiddgmi01,2013-14,4809840,Michael Kidd-Gilchrist,exact_normalized,0.99
o/oladivi01,2013-14,4763760,Victor Oladipo,exact_normalized,0.99
d/diawbo01,2013-14,4702500,Boris Diaw,exact_normalized,0.99
b/bareajo01,2013-14,4687000,J.J. Barea,exact_normalized,0.99
m/mbahalu01,2013-14,4588384,Luc Mbah a Moute,exact_normalized,0.99
s/scolalu01,2013-14,4508504,Luis Scola,exact_normalized,0.99
k/kanteen01,2013-14,4505280,Enes Freedom,exact_normalized,0.99
j/jerebjo01,2013-14,4500000,Jonas Jerebko,exact_normalized,0.99
a/allento01,2013-14,4494383,Tony Allen,exact_normalized,0.99
u/udohek01,2013-14,4469548,Ekpe Udoh,exact_normalized,0.99
r/ridnolu01,2013-14,4420000,Luke Ridnour,exact_normalized,0.99
m/mozgoti01,2013-14,4400000,Timofey Mozgov,exact_normalized,0.99
h/hasleud01,2013-14,4340000,Udonis Haslem,exact_normalized,0.99
b/bealbr01,2013-14,4319280,Bradley Beal,exact_normalized,0.99
p/porteot01,2013-14,4278000,Otto Porter Jr.,exact_normalized,0.99
d/dudleja01,2013-14,4250000,Jared Dudley,exact_normalized,0.99
m/monrogr01,2013-14,4086454,Greg Monroe,exact_normalized,0.99
t/thomptr01,2013-14,4062000,Tristan Thompson,exact_normalized,0.99
h/hinriki01,2013-14,4059000,Kirk Hinrich,exact_normalized,0.99
m/mahinia01,2013-14,4000000,Ian Mahinmi,exact_normalized,0.99
b/brandel01,2013-14,4000000,Elton Brand,exact_normalized,0.99
c/chalmma01,2013-14,4000000,Mario Chalmers,exact_normalized,0.99
b/blakest01,2013-14,4000000,Steve Blake,exact_normalized,0.99
b/bonnema01,2013-14,3945000,Matt Bonner,exact_normalized,0.99
s/sefolth01,2013-14,3900000,Thabo Sefolosha,exact_normalized,0.99
w/waitedi01,2013-14,3894240,Dion Waiters,exact_normalized,0.99
z/zelleco01,2013-14,3857040,Cody Zeller,exact_normalized,0.99
g/greenda02,2013-14,3762500,Danny Green,exact_normalized,0.99
n/novakst01,2013-14,3750000,Steve Novak,exact_normalized,0.99
a/aminual01,2013-14,3749602,Al-Farouq Aminu,exact_normalized,0.99
d/dalemsa01,2013-14,3700748,Samuel Dalembert,exact_normalized,0.99
r/rubiori01,2013-14,3678358,Ricky Rubio,exact_normalized,0.99
f/feltora01,2013-14,3637073,Raymond Felton,exact_normalized,0.99
v/valanjo01,2013-14,3526440,Jonas Valanciunas,exact_normalized,0.99
r/robinth01,2013-14,3526440,Thomas Robinson,exact_normalized,0.99
s/speigma01,2013-14,3500000,Marreese Speights,exact_normalized,0.99
h/hilljo01,2013-14,3500000,Jordan Hill,exact_normalized,0.99
g/greenge01,2013-14,3500000,Gerald Green,exact_normalized,0.99
l/lenal01,2013-14,3492720,Alex Len,exact_normalized,0.99
h/haywago01,2013-14,3452183,Gordon Hayward,exact_normalized,0.99
v/veselja01,2013-14,3340920,Jan Vesely,exact_normalized,0.99
g/georgpa01,2013-14,3282003,Paul George,exact_normalized,0.99
b/battish01,2013-14,3270000,Shane Battier,exact_normalized,0.99
d/delfica01,2013-14,3250000,Carlos Delfino,exact_normalized,0.99
b/barnema02,2013-14,3250000,Matt Barnes,exact_normalized,0.99
g/geeal01,2013-14,3250000,Alonzo Gee,exact_normalized,0.99
n/nealga01,2013-14,3250000,Gary Neal,exact_normalized,0.99
a/arthuda01,2013-14,3231683,Darrell Arthur,exact_normalized,0.99
t/teletmi01,2013-14,3229050,Mirza Teletovic,exact_normalized,0.99
a/allenra02,2013-14,3229050,Ray Allen,exact_normalized,0.99
l/lillada01,2013-14,3202920,Damian Lillard,exact_normalized,0.99
h/hansbty01,2013-14,3183000,Tyler Hansbrough,exact_normalized,0.99
k/kamanch01,2013-14,3183000,Chris Kaman,exact_normalized,0.99
k/kirilan01,2013-14,3183000,Andrei Kirilenko,exact_normalized,0.99
c/cartevi01,2013-14,3180000,Vince Carter,exact_normalized,0.99
n/noelne01,2013-14,3172320,Nerlens Noel,exact_normalized,0.99
d/davised01,2013-14,3153860,Ed Davis,exact_normalized,0.99
s/shvedal01,2013-14,3150000,Alexey Shved,exact_normalized,0.99
b/bayleje01,2013-14,3135000,Jerryd Bayless,exact_normalized,0.99
p/pattepa01,2013-14,3105302,Patrick Patterson,exact_normalized,0.99
a/allenla01,2013-14,3060000,Lavoy Allen,exact_normalized,0.99
s/sandela01,2013-14,3053368,Larry Sanders,exact_normalized,0.99
b/biyombi01,2013-14,3049920,Bismack Biyombo,exact_normalized,0.99
k/koufoko01,2013-14,3000000,Kosta Koufos,exact_normalized,0.99
o/outlatr01,2013-14,3000000,Travis Outlaw,exact_normalized,0.99
f/foyera01,2013-14,3000000,Randy Foye,exact_normalized,0.99
w/wrighdo01,2013-14,3000000,Dorell Wright,exact_normalized,0.99
c/copelch01,2013-14,3000000,Chris Copeland,exact_normalized,0.99
b/barneha02,2013-14,2923920,Harrison Barnes,exact_normalized,0.99
f/freeljo01,2013-14,2897976,Joel Freeland,exact_normalized,0.99
m/mclembe01,2013-14,2895960,Ben McLemore,exact_normalized,0.99
k/knighbr03,2013-14,2793960,Brandon Knight,exact_normalized,0.99
b/bynumwi01,2013-14,2790343,Will Bynum,exact_normalized,0.99
s/serapke01,2013-14,2761114,Kevin Seraphin,exact_normalized,0.99
b/belinma01,2013-14,2750000,Marco Belinelli,exact_normalized,0.99
g/grayaa01,2013-14,2690875,Aaron Gray,exact_normalized,0.99
r/rosste01,2013-14,2678640,Terrence Ross,exact_normalized,0.99
c/caldwke01,2013-14,2653080,Kentavious Caldwell-Pope,exact_normalized,0.99
e/ellinwa01,2013-14,2652000,Wayne Ellington,exact_normalized,0.99
w/willima01,2013-14,2652000,Mo Williams,exact_normalized,0.99
b/bledser01,2013-14,2626474,Eric Bledsoe,exact_normalized,0.99
c/collini01,2013-14,2585668,Nick Collison,exact_normalized,0.99
w/walkeke02,2013-14,2568360,Kemba Walker,exact_normalized,0.99
c/carrode01,2013-14,2557545,DeMarre Carroll,exact_normalized,0.99
b/bradlav01,2013-14,2511432,Avery Bradley,exact_normalized,0.99
b/billuch01,2013-14,2500000,Chauncey Billups,exact_normalized,0.99
s/smithja02,2013-14,2500000,Jason Smith,exact_normalized,0.99
d/drumman01,2013-14,2465400,Andre Drummond,exact_normalized,0.99
b/burketr01,2013-14,2438760,Trey Burke,exact_normalized,0.99
b/booketr01,2013-14,2350820,Trevor Booker,exact_normalized,0.99
r/riverau01,2013-14,2339040,Austin Rivers,exact_normalized,0.99
t/thompkl01,2013-14,2317920,Klay Thompson,exact_normalized,0.99
m/mccolcj01,2013-14,2316720,CJ McCollum,exact_normalized,0.99
p/pondequ01,2013-14,2225479,Quincy Pondexter,exact_normalized,0.99
m/milescj01,2013-14,2225000,CJ Miles,exact_normalized,0.99
l/leoname01,2013-14,2222160,Meyers Leonard,exact_normalized,0.99
b/burksal01,2013-14,2202000,Alec Burks,exact_normalized,0.99
c/cartemi01,2013-14,2200920,Michael Carter-Williams,exact_normalized,0.99
c/cunnida01,2013-14,2180000,Dante Cunningham,exact_normalized,0.99
c/crawfjo02,2013-14,2162419,Jordan Crawford,exact_normalized,0.99
v/vasqugr01,2013-14,2150188,Greivis Vasquez,exact_normalized,0.99
l/lambje01,2013-14,2111160,Jeremy Lamb,exact_normalized,0.99
m/morrima02,2013-14,2091840,Markieff Morris,exact_normalized,0.99
a/adamsst01,2013-14,2090880,Steven Adams,exact_normalized,0.99
h/haywobr01,2013-14,2050000,Brendan Haywood,exact_normalized,0.99
w/watsocj01,2013-14,2016000,C.J. Watson,exact_normalized,0.99
r/robinna01,2013-14,2016000,Nate Robinson,exact_normalized,0.99
o/onealje01,2013-14,2000000,Jermaine O'Neal,exact_normalized,0.99
f/favervi01,2013-14,2000000,Vitor Faverani,exact_normalized,0.99
m/morrima03,2013-14,1987320,Marcus Morris Sr.,exact_normalized,0.99
o/olynyke01,2013-14,1986360,Kelly Olynyk,exact_normalized,0.99
h/hensojo01,2013-14,1905360,John Henson,exact_normalized,0.99
c/collida01,2013-14,1900000,Darren Collison,exact_normalized,0.99
l/leonaka01,2013-14,1887840,Kawhi Leonard,exact_normalized,0.99
m/muhamsh01,2013-14,1887120,Shabazz Muhammad,exact_normalized,0.99
h/harklma01,2013-14,1809840,Maurice Harkless,exact_normalized,0.99
v/vucevni01,2013-14,1793520,Nikola Vucevic,exact_normalized,0.99
a/antetgi01,2013-14,1792560,Giannis Antetokounmpo,exact_normalized,0.99
r/randoan01,2013-14,1750000,Anthony Randolph,exact_normalized,0.99
p/pendeje02,2013-14,1750000,Jeff Ayres,exact_normalized,0.99
s/shumpim01,2013-14,1703760,Iman Shumpert,exact_normalized,0.99
e/evansre01,2013-14,1695635,Reggie Evans,exact_normalized,0.99
e/evansje01,2013-14,1660257,Jeremy Evans,exact_normalized,0.99
z/zellety01,2013-14,1633440,Tyler Zeller,exact_normalized,0.99
s/singlch01,2013-14,1618680,Chris Singleton,exact_normalized,0.99
d/douglto01,2013-14,1600000,Toney Douglas,exact_normalized,0.99
p/prigipa01,2013-14,1591350,Pablo Prigioni,exact_normalized,0.99
m/meeksjo01,2013-14,1550000,Jodie Meeks,exact_normalized,0.99
h/harrito02,2013-14,1545840,Tobias Harris,exact_normalized,0.99
l/larkish01,2013-14,1536960,Shane Larkin,exact_normalized,0.99
t/turiaro01,2013-14,1500000,Ronny Turiaf,exact_normalized,0.99
r/radulmi01,2013-14,1500000,Miroslav Raduljica,exact_normalized,0.99
j/jonesja02,2013-14,1500000,James Jones,exact_normalized,0.99
a/ayongu01,2013-14,1500000,Gustavo Ayon,exact_normalized,0.99
k/karasse01,2013-14,1467840,Sergey Karasev,exact_normalized,0.99
d/decolna01,2013-14,1463000,Nando De Colo,exact_normalized,0.99
f/fournev01,2013-14,1422720,Evan Fournier,exact_normalized,0.99
s/snellto01,2013-14,1409040,Tony Snell,exact_normalized,0.99
g/greenwi01,2013-14,1399507,Willie Green,exact_normalized,0.99
l/lewisra02,2013-14,1399507,Rashard Lewis,exact_normalized,0.99
a/anderch01,2013-14,1399507,Chris Andersen,exact_normalized,0.99
h/hopsosc01,2013-14,1388400,Scotty Hopson,exact_normalized,0.99
b/blatcan01,2013-14,1375604,Andray Blatche,exact_normalized,0.99
f/farieke01,2013-14,1367640,Kenneth Faried,exact_normalized,0.99
s/sullija01,2013-14,1365720,Jared Sullinger,exact_normalized,0.99
d/dienggo01,2013-14,1352640,Gorgui Dieng,exact_normalized,0.99
s/schrode01,2013-14,1348200,Dennis Schroder,exact_normalized,0.99
c/clavevi01,2013-14,1330000,Victor Claver,exact_normalized,0.99
p/plumlma01,2013-14,1298640,Mason Plumlee,exact_normalized,0.99
g/garcifr01,2013-14,1265977,Francisco Garcia,exact_normalized,0.99
j/jacksre01,2013-14,1260360,Reggie Jackson,exact_normalized,0.99
j/jenkijo01,2013-14,1258800,John Jenkins,exact_normalized,0.99
h/hillso01,2013-14,1246680,Solomon Hill,exact_normalized,0.99
b/brookma01,2013-14,1210080,MarShon Brooks,exact_normalized,0.99
t/thabeha01,2013-14,1200000,Hasheem Thabeet,exact_normalized,0.99
a/anticpe01,2013-14,1200000,Pero Antic,exact_normalized,0.99
h/hamiljo02,2013-14,1169880,Jordan Hamilton,exact_normalized,0.99
w/wroteto01,2013-14,1160040,Tony Wroten,exact_normalized,0.99
b/bullore01,2013-14,1149000,Reggie Bullock Jr.,exact_normalized,0.99
m/millspa02,2013-14,1133950,Patty Mills,exact_normalized,0.99
p/plumlmi01,2013-14,1121520,Miles Plumlee,exact_normalized,0.99
j/josepco01,2013-14,1120920,Cory Joseph,exact_normalized,0.99
b/butleji01,2013-14,1112880,Jimmy Butler III,exact_normalized,0.99
y/youngni01,2013-14,1106942,Nick Young,exact_normalized,0.99
m/moultar01,2013-14,1089240,Arnett Moultrie,exact_normalized,0.99
j/jonespe01,2013-14,1082520,Perry Jones,exact_normalized,0.99
g/goberru01,2013-14,1078800,Rudy Gobert,exact_normalized,0.99
t/teaguma01,2013-14,1074720,Marquis Teague,exact_normalized,0.99
e/ezelife01,2013-14,1066920,Festus Ezeli,exact_normalized,0.99
g/goodwar01,2013-14,1064400,Archie Goodwin,exact_normalized,0.99
n/nedovne01,2013-14,1056720,Nemanja Nedovic,exact_normalized,0.99
s/singlky01,2013-14,1045000,Kyle Singler,exact_normalized,0.99
m/morroan01,2013-14,1027424,Anthony Morrow,exact_normalized,0.99
s/stephla01,2013-14,1005000,Lance Stephenson,exact_normalized,0.99
b/bynuman01,2013-14,1000000,Andrew Bynum,exact_normalized,0.99
s/smithis01,2013-14,951463,Ish Smith,exact_normalized,0.99
c/casspom01,2013-14,947907,Omri Casspi,exact_normalized,0.99
m/mulleby01,2013-14,947907,Byron Mullens,exact_normalized,0.99
a/anderal01,2013-14,947907,Alan Anderson,exact_normalized,0.99
d/dayeau01,2013-14,947907,Austin Daye,exact_normalized,0.99
p/parsoch01,2013-14,926500,Chandler Parsons,exact_normalized,0.99
l/leuerjo01,2013-14,900000,Jon Leuer,exact_normalized,0.99
m/macksh01,2013-14,884293,Shelvin Mack,exact_normalized,0.99
p/pargoja01,2013-14,884293,Jannero Pargo,exact_normalized,0.99
h/holliry01,2013-14,884293,Ryan Hollins,exact_normalized,0.99
t/templga01,2013-14,884293,Garrett Temple,exact_normalized,0.99
h/harrejo01,2013-14,884293,Josh Harrellson,exact_normalized,0.99
j/johnswe01,2013-14,884293,Wesley Johnson,exact_normalized,0.99
m/mohamna01,2013-14,884293,Nazr Mohammed,exact_normalized,0.99
f/farmajo01,2013-14,884293,Jordan Farmar,exact_normalized,0.99
w/watsoea01,2013-14,884293,Earl Watson,exact_normalized,0.99
t/thomais02,2013-14,884293,Isaiah Thomas,exact_normalized,0.99
b/blairde01,2013-14,884293,DeJuan Blair,exact_normalized,0.99
m/mooreet01,2013-14,884293,E'Twaun Moore,exact_normalized,0.99
b/brookaa01,2013-14,884293,Aaron Brooks,exact_normalized,0.99
b/butlera01,2013-14,884293,Rasual Butler,exact_normalized,0.99
h/henryxa01,2013-14,884293,Xavier Henry,exact_normalized,0.99
m/martike01,2013-14,884293,Kenyon Martin,exact_normalized,0.99
o/odengr01,2013-14,884293,Greg Oden,exact_normalized,0.99
t/tuckepj01,2013-14,884293,P.J. Tucker,exact_normalized,0.99
l/livinsh01,2013-14,884293,Shaun Livingston,exact_normalized,0.99
u/udrihbe01,2013-14,884293,Beno Udrih,exact_normalized,0.99
s/sloando01,2013-14,884293,Donald Sloan,exact_normalized,0.99
m/millemi01,2013-14,884293,Mike Miller,exact_normalized,0.99
h/harride01,2013-14,884293,Devin Harris,exact_normalized,0.99
s/stoneju01,2013-14,884293,Julyan Stone,exact_normalized,0.99
t/tollian01,2013-14,884293,Anthony Tolliver,exact_normalized,0.99
a/aldrico01,2013-14,884293,Cole Aldrich,exact_normalized,0.99
g/greendr01,2013-14,875500,Draymond Green,exact_normalized,0.99
c/crabbal01,2013-14,825000,Allen Crabbe,exact_normalized,0.99
w/williel01,2013-14,797545,Elliot Williams,exact_normalized,0.99
r/roberbr01,2013-14,788872,Brian Roberts,exact_normalized,0.99
t/tayloje03,2013-14,788872,Jeffery Taylor,exact_normalized,0.99
b/baynear01,2013-14,788872,Aron Baynes,exact_normalized,0.99
b/bartowi01,2013-14,788872,Will Barton,exact_normalized,0.99
s/simshe01,2013-14,788872,Henry Sims,exact_normalized,0.99
m/milleda01,2013-14,788872,Darius Miller,exact_normalized,0.99
b/bazemke01,2013-14,788872,Kent Bazemore,exact_normalized,0.99
a/acyqu01,2013-14,788872,Quincy Acy,exact_normalized,0.99
s/scottmi01,2013-14,788872,Mike Scott,exact_normalized,0.99
o/oquinky01,2013-14,788872,Kyle O'Quinn,exact_normalized,0.99
m/middlkh01,2013-14,788872,Khris Middleton,exact_normalized,0.99
c/crowdja01,2013-14,788872,Jae Crowder,exact_normalized,0.99
b/beverpa01,2013-14,788872,Patrick Beverley,exact_normalized,0.99
j/jamesbe01,2013-14,788872,Bernard James,exact_normalized,0.99
s/sacrero01,2013-14,788872,Robert Sacre,exact_normalized,0.99
r/roberan03,2013-14,740560,Andre Roberson,exact_normalized,0.99
g/garredi02,2013-14,719266,Diante Garrett,exact_normalized,0.99
t/thomama01,2013-14,702233,Malcolm Thomas,exact_normalized,0.99
b/buyckdw01,2013-14,700000,Dwight Buycks,exact_normalized,0.99
a/armsthi01,2013-14,660619,Hilton Armstrong,exact_normalized,0.99
d/douglch01,2013-14,660619,Chris Douglas-Roberts,exact_normalized,0.99
a/augusdj01,2013-14,650215,D.J. Augustin,exact_normalized,0.99
a/ajincal01,2013-14,635880,Alexis Ajinca,exact_normalized,0.99
j/johnsja01,2013-14,634610,James Johnson,exact_normalized,0.99
c/canaais01,2013-14,570515,Isaiah Canaan,exact_normalized,0.99
t/tylerje01,2013-14,556584,Jeremy Tyler,exact_normalized,0.99
m/marshke01,2013-14,547570,Kendall Marshall,exact_normalized,0.99
l/ledori01,2013-14,544000,Ricky Ledo,exact_normalized,0.99
f/frankja01,2013-14,535000,Jamaal Franklin,exact_normalized,0.99
m/mccalra01,2013-14,524616,Ray McCallum,exact_normalized,0.99
f/felixca01,2013-14,510000,Carrick Felix,exact_normalized,0.99
w/woltena01,2013-14,500000,Nate Wolters,exact_normalized,0.99
c/calatni01,2013-14,490180,Nick Calathes,exact_normalized,0.99
d/dellama01,2013-14,490180,Matthew Dellavedova,exact_normalized,0.99
s/southja01,2013-14,490180,James Southerland,exact_normalized,0.99
c/covinro01,2013-14,490180,Robert Covington,exact_normalized,0.99
s/sivape01,2013-14,490180,Peyton Siva,exact_normalized,0.99
d/daviebr01,2013-14,490180,Brandon Davies,exact_normalized,0.99
m/murryto01,2013-14,490180,Toure' Murry,exact_normalized,0.99
k/kellyry01,2013-14,490180,Ryan Kelly,exact_normalized,0.99
p/pressph01,2013-14,490180,Phil Pressey,exact_normalized,0.99
k/kuzmiog01,2013-14,490180,Ognjen Kuzmic,exact_normalized,0.99
h/hummero01,2013-14,490180,Robbie Hummel,exact_normalized,0.99
w/witheje01,2013-14,490180,Jeff Withey,exact_normalized,0.99
c/chrisdi01,2013-14,490180,Dionte Christmas,exact_normalized,0.99
c/clarkia01,2013-14,490180,Ian Clark,exact_normalized,0.99
m/mekelga01,2013-14,490180,Gal Mekel,exact_normalized,0.99
m/murpher01,2013-14,490180,Erik Jay Murphy,fuzzy_95,0.95
t/thompho01,2013-14,473604,Hollis Thompson,exact_normalized,0.99
t/turkohe01,2013-14,473357,Hedo Turkoglu,exact_normalized,0.99
b/barbole01,2013-14,410936,Leandro Barbosa,exact_normalized,0.99
b/babbilu01,2013-14,387995,Luke Babbitt,exact_normalized,0.99
r/randosh01,2013-14,306037,Shavlik Randolph,exact_normalized,0.99
d/dedmode01,2013-14,300000,Dewayne Dedmon,exact_normalized,0.99
c/collija04,2013-14,275691,Jason Collins,exact_normalized,0.99
g/grangda01,2013-14,249683,Danny Granger,exact_normalized,0.99
b/butleca01,2013-14,244489,Caron Butler,exact_normalized,0.99
f/fredeji01,2013-14,239279,Jimmer Fredette,exact_normalized,0.99
b/brownsh01,2013-14,188438,Shannon Brown,exact_normalized,0.99
v/varnaja01,2013-14,171696,Jarvis Varnado,exact_normalized,0.99
d/danietr01,2013-14,158588,Troy Daniels,exact_normalized,0.99
m/muscami01,2013-14,138404,Mike Muscala,exact_normalized,0.99
m/martica01,2013-14,104034,Cartier Martin,exact_normalized,0.99
w/whitedj01,2013-14,104028,D.J. White,exact_normalized,0.99
h/hamilju01,2013-14,98036,Justin Hamilton,exact_normalized,0.99
b/babbch01,2013-14,77852,Chris Babb,exact_normalized,0.99
b/brewero02,2013-14,69792,Ronnie Brewer,exact_normalized,0.99
j/jamesda01,2013-14,68902,Damion James,exact_normalized,0.99
g/gutiejo01,2013-14,54785,Jorge Gutierrez,exact_normalized,0.99
g/goodedr01,2013-14,52017,Drew Gooden,exact_normalized,0.99
j/jeffeot01,2013-14,52017,Othyus Jeffers,exact_normalized,0.99
a/amundlo01,2013-14,48854,Lou Amundson,exact_normalized,0.99
c/cunnija01,2013-14,46404,Jared Cunningham,exact_normalized,0.99
e/elyme01,2013-14,29788,Melvin Ely,exact_normalized,0.99
p/poweljo01,2013-14,13958,Josh Powell,exact_normalized,0.99
o/odomla01,2013-14,8232,Lamar Odom,exact_normalized,0.99
b/bryanko01,2014-15,23500000,Kobe Bryant,exact_normalized,0.99
j/johnsjo02,2014-15,23180790,Joe Johnson,exact_normalized,0.99
a/anthoca01,2014-15,22458401,Carmelo Anthony,exact_normalized,0.99
h/howardw01,2014-15,21436271,Dwight Howard,exact_normalized,0.99
b/boshch01,2014-15,20644400,Chris Bosh,exact_normalized,0.99
j/jamesle01,2014-15,20644400,LeBron James,exact_normalized,0.99
p/paulch01,2014-15,20068563,Chris Paul,exact_normalized,0.99
w/willide01,2014-15,19754465,Deron Williams,exact_normalized,0.99
g/gayru01,2014-15,19317326,Rudy Gay,exact_normalized,0.99
d/duranke01,2014-15,18995624,Kevin Durant,exact_normalized,0.99
r/rosede01,2014-15,18862876,Derrick Rose,exact_normalized,0.99
g/griffbl01,2014-15,17674613,Blake Griffin,exact_normalized,0.99
r/randoza01,2014-15,16500000,Zach Randolph,exact_normalized,0.99
a/aldrila01,2014-15,16006000,LaMarcus Aldridge,exact_normalized,0.99
g/georgpa01,2014-15,15937290,Paul George,exact_normalized,0.99
g/gasolma01,2014-15,15829688,Marc Gasol,exact_normalized,0.99
l/loveke01,2014-15,15719063,Kevin Love,exact_normalized,0.99
l/lopezbr01,2014-15,15719062,Brook Lopez,exact_normalized,0.99
w/westbru01,2014-15,15719062,Russell Westbrook,exact_normalized,0.99
l/leeda02,2014-15,15012000,David Lee,exact_normalized,0.99
w/wadedw01,2014-15,15000000,Dwyane Wade,exact_normalized,0.99
g/gordoer01,2014-15,14898938,Eric Gordon,exact_normalized,0.99
h/hibbero01,2014-15,14898938,Roy Hibbert,exact_normalized,0.99
c/chandty01,2014-15,14846888,Tyson Chandler,exact_normalized,0.99
h/haywago01,2014-15,14746000,Gordon Hayward,exact_normalized,0.99
w/walljo01,2014-15,14746000,John Wall,exact_normalized,0.99
c/couside01,2014-15,14746000,DeMarcus Cousins,exact_normalized,0.99
h/hardeja01,2014-15,14728844,James Harden,exact_normalized,0.99
p/parsoch01,2014-15,14700000,Chandler Parsons,exact_normalized,0.99
j/jeffeal01,2014-15,13500000,Al Jefferson,exact_normalized,0.99
b/bledser01,2014-15,13000000,Eric Bledsoe,exact_normalized,0.99
b/bogutan01,2014-15,12972973,Andrew Bogut,exact_normalized,0.99
f/favorde01,2014-15,12950000,Derrick Favors,exact_normalized,0.99
r/rondora01,2014-15,12909090,Rajon Rondo,exact_normalized,0.99
n/noahjo01,2014-15,12700000,Joakim Noah,exact_normalized,0.99
p/parketo01,2014-15,12500000,Tony Parker,exact_normalized,0.99
i/ibakase01,2014-15,12350000,Serge Ibaka,exact_normalized,0.99
i/iguodan01,2014-15,12289544,Andre Iguodala,exact_normalized,0.99
p/pekovni01,2014-15,12100000,Nikola Pekovic,exact_normalized,0.99
l/lowryky01,2014-15,12000000,Kyle Lowry,exact_normalized,0.99
g/garneke01,2014-15,12000000,Kevin Garnett,exact_normalized,0.99
w/westda01,2014-15,12000000,David West,exact_normalized,0.99
h/horfoal01,2014-15,12000000,Al Horford,exact_normalized,0.99
b/batumni01,2014-15,11765500,Nicolas Batum,exact_normalized,0.99
l/lawsoty01,2014-15,11595506,Ty Lawson,exact_normalized,0.99
b/bargnan01,2014-15,11500000,Andrea Bargnani,exact_normalized,0.99
j/jordade01,2014-15,11440123,DeAndre Jordan,exact_normalized,0.99
e/evansty01,2014-15,11265416,Tyreke Evans,exact_normalized,0.99
m/mcgeeja01,2014-15,11250000,JaVale McGee,exact_normalized,0.99
s/sandela01,2014-15,11000000,Larry Sanders,exact_normalized,0.99
g/gallida01,2014-15,10854850,Danilo Gallinari,exact_normalized,0.99
c/curryst01,2014-15,10629213,Stephen Curry,exact_normalized,0.99
g/gortama01,2014-15,10434782,Marcin Gortat,exact_normalized,0.99
d/duncati01,2014-15,10361446,Tim Duncan,exact_normalized,0.99
w/wallage01,2014-15,10105855,Gerald Wallace,exact_normalized,0.99
d/derozde01,2014-15,10100000,DeMar DeRozan,exact_normalized,0.99
h/holidjr01,2014-15,9904495,Jrue Holiday,exact_normalized,0.99
d/denglu01,2014-15,9714461,Luol Deng,exact_normalized,0.99
v/varejan01,2014-15,9704545,Anderson Varejao,exact_normalized,0.99
n/nashst01,2014-15,9701000,Steve Nash,exact_normalized,0.99
m/millspa01,2014-15,9500000,Paul Millsap,exact_normalized,0.99
y/youngth01,2014-15,9410869,Thaddeus Young,exact_normalized,0.99
s/splitti01,2014-15,9250000,Tiago Splitter,exact_normalized,0.99
g/greenje02,2014-15,9200000,Jeff Green,exact_normalized,0.99
h/hilljo01,2014-15,9000000,Jordan Hill,exact_normalized,0.99
s/stephla01,2014-15,9000000,Lance Stephenson,exact_normalized,0.99
c/conlemi01,2014-15,8694216,Mike Conley,exact_normalized,0.99
a/arizatr01,2014-15,8579089,Trevor Ariza,exact_normalized,0.99
f/fryech01,2014-15,8579088,Channing Frye,exact_normalized,0.99
t/thornma01,2014-15,8575000,Marcus Thornton,exact_normalized,0.99
a/anderry01,2014-15,8491500,Ryan Anderson,exact_normalized,0.99
l/linje01,2014-15,8374646,Jeremy Lin,exact_normalized,0.99
a/asikom01,2014-15,8374646,Omer Asik,exact_normalized,0.99
e/ellismo01,2014-15,8360000,Monta Ellis,exact_normalized,0.99
t/teaguje01,2014-15,8000000,Jeff Teague,exact_normalized,0.99
j/jennibr01,2014-15,8000000,Brandon Jennings,exact_normalized,0.99
m/mayooj01,2014-15,8000000,O.J. Mayo,exact_normalized,0.99
h/hillge01,2014-15,8000000,George Hill,exact_normalized,0.99
g/gibsota01,2014-15,8000000,Taj Gibson,exact_normalized,0.99
n/nowitdi01,2014-15,7974482,Dirk Nowitzki,exact_normalized,0.99
i/ilyaser01,2014-15,7900000,Ersan Ilyasova,exact_normalized,0.99
p/princta01,2014-15,7707865,Tayshaun Prince,exact_normalized,0.99
d/diawbo01,2014-15,7500000,Boris Diaw,exact_normalized,0.99
a/afflaar01,2014-15,7500000,Arron Afflalo,exact_normalized,0.99
d/dragigo01,2014-15,7500000,Goran Dragic,exact_normalized,0.99
m/matthwe02,2014-15,7245640,Wesley Matthews,exact_normalized,0.99
t/thomais02,2014-15,7238606,Isaiah Thomas,exact_normalized,0.99
b/bradlav01,2014-15,7191011,Avery Bradley,exact_normalized,0.99
g/gasolpa01,2014-15,7128000,Pau Gasol,exact_normalized,0.99
c/caldejo01,2014-15,7097191,Jose Calderon,exact_normalized,0.99
i/irvinky01,2014-15,7070730,Kyrie Irving,exact_normalized,0.99
g/ginobma01,2014-15,7000000,Manu Ginobili,exact_normalized,0.99
j/johnsam01,2014-15,7000000,Amir Johnson,exact_normalized,0.99
w/willima02,2014-15,7000000,Marvin Williams,exact_normalized,0.99
b/bassbr01,2014-15,6900000,Brandon Bass,exact_normalized,0.99
m/martike02,2014-15,6792500,Kevin Martin,exact_normalized,0.99
r/redicjj01,2014-15,6792500,JJ Redick,exact_normalized,0.99
c/chandwi01,2014-15,6757913,Wilson Chandler,exact_normalized,0.99
r/richaja01,2014-15,6601125,Jason Richardson,exact_normalized,0.99
s/smithjr01,2014-15,6515510,JR Smith,exact_normalized,0.99
l/landrca01,2014-15,6500000,Carl Landry,exact_normalized,0.99
v/vasqugr01,2014-15,6400000,Greivis Vasquez,exact_normalized,0.99
w/willide02,2014-15,6331404,Derrick Williams,exact_normalized,0.99
j/jackja01,2014-15,6300000,Jarrett Jack,exact_normalized,0.99
k/korveky01,2014-15,6253521,Kyle Korver,exact_normalized,0.99
f/fieldla01,2014-15,6250000,Landry Fields,exact_normalized,0.99
l/lopezro01,2014-15,6124729,Robin Lopez,exact_normalized,0.99
t/thompja02,2014-15,6037500,Jason Thompson,exact_normalized,0.99
m/meeksjo01,2014-15,6000000,Jodie Meeks,exact_normalized,0.99
h/hayesch01,2014-15,5958750,Chuck Hayes,exact_normalized,0.99
t/terryja01,2014-15,5850313,Jason Terry,exact_normalized,0.99
p/pattepa01,2014-15,5831326,Patrick Patterson,exact_normalized,0.99
t/tuckepj01,2014-15,5700000,P.J. Tucker,exact_normalized,0.99
k/kanteen01,2014-15,5694674,Enes Freedom,exact_normalized,0.99
d/davisan02,2014-15,5607240,Anthony Davis,exact_normalized,0.99
b/bennean01,2014-15,5563920,Anthony Bennett,exact_normalized,0.99
w/wiggian01,2014-15,5510640,Andrew Wiggins,exact_normalized,0.99
m/monrogr01,2014-15,5479934,Greg Monroe,exact_normalized,0.99
c/crawfja01,2014-15,5450000,Jamal Crawford,exact_normalized,0.99
l/leeco01,2014-15,5450000,Courtney Lee,exact_normalized,0.99
w/willilo02,2014-15,5450000,Lou Williams,exact_normalized,0.99
h/hicksjj01,2014-15,5381750,JJ Hickson,exact_normalized,0.99
w/webstma02,2014-15,5381750,Martell Webster,exact_normalized,0.99
a/anderch01,2014-15,5375000,Chris Andersen,exact_normalized,0.99
m/mirotni01,2014-15,5305000,Nikola Mirotic,exact_normalized,0.99
h/hawessp01,2014-15,5305000,Spencer Hawes,exact_normalized,0.99
p/piercpa01,2014-15,5305000,Paul Pierce,exact_normalized,0.99
l/livinsh01,2014-15,5305000,Shaun Livingston,exact_normalized,0.99
m/mcrobjo01,2014-15,5305000,Josh McRoberts,exact_normalized,0.99
b/boganke01,2014-15,5285817,Keith Bogans,exact_normalized,0.99
p/pachuza01,2014-15,5200000,Zaza Pachulia,exact_normalized,0.99
t/thomptr01,2014-15,5138430,Tristan Thompson,exact_normalized,0.99
k/kiddgmi01,2014-15,5016960,Michael Kidd-Gilchrist,exact_normalized,0.99
b/budinch01,2014-15,5000000,Chase Budinger,exact_normalized,0.99
b/booketr01,2014-15,5000000,Trevor Booker,exact_normalized,0.99
w/wrighbr03,2014-15,5000000,Brandan Wright,exact_normalized,0.99
y/youngni01,2014-15,4994420,Nick Young,exact_normalized,0.99
o/oladivi01,2014-15,4978200,Victor Oladipo,exact_normalized,0.99
p/parkeja01,2014-15,4930560,Jabari Parker,exact_normalized,0.99
s/scolalu01,2014-15,4868499,Luis Scola,exact_normalized,0.99
a/allento01,2014-15,4831461,Tony Allen,exact_normalized,0.99
k/kamanch01,2014-15,4800000,Chris Kaman,exact_normalized,0.99
c/collida01,2014-15,4797664,Darren Collison,exact_normalized,0.99
p/papanko01,2014-15,4797664,Kostas Papanikolaou,exact_normalized,0.99
b/breweco01,2014-15,4702500,Corey Brewer,exact_normalized,0.99
r/rubiori01,2014-15,4660479,Ricky Rubio,exact_normalized,0.99
m/millean02,2014-15,4650000,Andre Miller,exact_normalized,0.99
m/mozgoti01,2014-15,4650000,Timofey Mozgov,exact_normalized,0.99
b/bealbr01,2014-15,4505280,Bradley Beal,exact_normalized,0.99
b/butleca01,2014-15,4500000,Caron Butler,exact_normalized,0.99
j/jerebjo01,2014-15,4500000,Jonas Jerebko,exact_normalized,0.99
g/gordobe01,2014-15,4500000,Ben Gordon,exact_normalized,0.99
p/porteot01,2014-15,4470480,Otto Porter Jr.,exact_normalized,0.99
e/embiijo01,2014-15,4427640,Joel Embiid,exact_normalized,0.99
m/mbahalu01,2014-15,4382576,Luc Mbah a Moute,exact_normalized,0.99
h/humphkr01,2014-15,4250000,Kris Humphries,exact_normalized,0.99
d/dudleja01,2014-15,4250000,Jared Dudley,exact_normalized,0.99
m/milescj01,2014-15,4205000,CJ Miles,exact_normalized,0.99
s/sefolth01,2014-15,4150000,Thabo Sefolosha,exact_normalized,0.99
w/waitedi01,2014-15,4062000,Dion Waiters,exact_normalized,0.99
d/dalemsa01,2014-15,4051527,Samuel Dalembert,exact_normalized,0.99
z/zelleco01,2014-15,4030560,Cody Zeller,exact_normalized,0.99
g/greenda02,2014-15,4025000,Danny Green,exact_normalized,0.99
m/mahinia01,2014-15,4000000,Ian Mahinmi,exact_normalized,0.99
c/chalmma01,2014-15,4000000,Mario Chalmers,exact_normalized,0.99
g/gordoaa01,2014-15,3992040,Aaron Gordon,exact_normalized,0.99
w/willima01,2014-15,3965074,Mo Williams,exact_normalized,0.99
c/cartevi01,2014-15,3911981,Vince Carter,exact_normalized,0.99
s/serapke01,2014-15,3898692,Kevin Seraphin,exact_normalized,0.99
h/harride01,2014-15,3878896,Devin Harris,exact_normalized,0.99
b/biyombi01,2014-15,3873398,Bismack Biyombo,exact_normalized,0.99
m/millspa02,2014-15,3842105,Patty Mills,exact_normalized,0.99
f/feltora01,2014-15,3793693,Raymond Felton,exact_normalized,0.99
v/valanjo01,2014-15,3678360,Jonas Valanciunas,exact_normalized,0.99
r/robinth01,2014-15,3678360,Thomas Robinson,exact_normalized,0.99
s/speigma01,2014-15,3657500,Marreese Speights,exact_normalized,0.99
l/lenal01,2014-15,3649920,Alex Len,exact_normalized,0.99
e/exumda01,2014-15,3615000,Dante Exum,exact_normalized,0.99
k/knighbr03,2014-15,3553917,Brandon Knight,exact_normalized,0.99
g/greenge01,2014-15,3500000,Gerald Green,exact_normalized,0.99
a/arthuda01,2014-15,3457149,Darrell Arthur,exact_normalized,0.99
n/novakst01,2014-15,3445947,Steve Novak,exact_normalized,0.99
b/barnema02,2014-15,3396250,Matt Barnes,exact_normalized,0.99
t/teletmi01,2014-15,3368100,Mirza Teletovic,exact_normalized,0.99
l/lillada01,2014-15,3340920,Damian Lillard,exact_normalized,0.99
s/scottmi01,2014-15,3333333,Mike Scott,exact_normalized,0.99
h/hansbty01,2014-15,3326235,Tyler Hansbrough,exact_normalized,0.99
k/kirilan01,2014-15,3326235,Andrei Kirilenko,exact_normalized,0.99
n/noelne01,2014-15,3315120,Nerlens Noel,exact_normalized,0.99
s/smartma01,2014-15,3283320,Marcus Smart,exact_normalized,0.99
s/shvedal01,2014-15,3282056,Alexey Shved,exact_normalized,0.99
b/bogdabo02,2014-15,3278000,Bojan Bogdanovic,exact_normalized,0.99
t/turneev01,2014-15,3278000,Evan Turner,exact_normalized,0.99
s/smithja02,2014-15,3278000,Jason Smith,exact_normalized,0.99
w/walkeke02,2014-15,3272091,Kemba Walker,exact_normalized,0.99
b/boozeca01,2014-15,3251000,Carlos Boozer,exact_normalized,0.99
d/delfica01,2014-15,3250000,Carlos Delfino,exact_normalized,0.99
n/nealga01,2014-15,3250000,Gary Neal,exact_normalized,0.99
m/morroan01,2014-15,3200000,Anthony Morrow,exact_normalized,0.99
w/wrighdo01,2014-15,3150000,Dorell Wright,exact_normalized,0.99
p/pondequ01,2014-15,3146068,Quincy Pondexter,exact_normalized,0.99
c/copelch01,2014-15,3135000,Chris Copeland,exact_normalized,0.99
t/thompkl01,2014-15,3075880,Klay Thompson,exact_normalized,0.99
b/barneha02,2014-15,3049920,Harrison Barnes,exact_normalized,0.99
b/burksal01,2014-15,3034356,Alec Burks,exact_normalized,0.99
m/mclembe01,2014-15,3026280,Ben McLemore,exact_normalized,0.99
f/freeljo01,2014-15,3013512,Joel Freeland,exact_normalized,0.99
k/koufoko01,2014-15,3000000,Kosta Koufos,exact_normalized,0.99
o/outlatr01,2014-15,3000000,Travis Outlaw,exact_normalized,0.99
f/foyera01,2014-15,3000000,Randy Foye,exact_normalized,0.99
b/bayleje01,2014-15,3000000,Jerryd Bayless,exact_normalized,0.99
a/augusdj01,2014-15,3000000,D.J. Augustin,exact_normalized,0.99
t/tollian01,2014-15,3000000,Anthony Tolliver,exact_normalized,0.99
r/randlju01,2014-15,2997360,Julius Randle,exact_normalized,0.99
m/morrima02,2014-15,2989239,Markieff Morris,exact_normalized,0.99
a/aldemfu01,2014-15,2963232,Furkan Aldemir,exact_normalized,0.99
m/morrima03,2014-15,2943221,Marcus Morris Sr.,exact_normalized,0.99
b/bynumwi01,2014-15,2915908,Will Bynum,exact_normalized,0.99
l/leonaka01,2014-15,2894059,Kawhi Leonard,exact_normalized,0.99
b/belinma01,2014-15,2873750,Marco Belinelli,exact_normalized,0.99
r/rosste01,2014-15,2793960,Terrence Ross,exact_normalized,0.99
c/caldwke01,2014-15,2772480,Kentavious Caldwell-Pope,exact_normalized,0.99
v/vucevni01,2014-15,2751260,Nikola Vucevic,exact_normalized,0.99
r/ridnolu01,2014-15,2750000,Luke Ridnour,exact_normalized,0.99
s/stausni01,2014-15,2745840,Nik Stauskas,exact_normalized,0.99
r/roberbr01,2014-15,2732000,Brian Roberts,exact_normalized,0.99
h/hasleud01,2014-15,2732000,Udonis Haslem,exact_normalized,0.99
n/nelsoja01,2014-15,2732000,Jameer Nelson,exact_normalized,0.99
m/millemi01,2014-15,2732000,Mike Miller,exact_normalized,0.99
h/hinriki01,2014-15,2732000,Kirk Hinrich,exact_normalized,0.99
s/shumpim01,2014-15,2616975,Iman Shumpert,exact_normalized,0.99
d/drumman01,2014-15,2568360,Andre Drummond,exact_normalized,0.99
b/burketr01,2014-15,2548560,Trey Burke,exact_normalized,0.99
v/vonleno01,2014-15,2524200,Noah Vonleh,exact_normalized,0.99
j/johnsja01,2014-15,2500000,James Johnson,exact_normalized,0.99
c/carrode01,2014-15,2442455,DeMarre Carroll,exact_normalized,0.99
r/riverau01,2014-15,2439840,Austin Rivers,exact_normalized,0.99
m/macksh01,2014-15,2433333,Shelvin Mack,exact_normalized,0.99
m/mccolcj01,2014-15,2421000,CJ McCollum,exact_normalized,0.99
h/harrito02,2014-15,2380594,Tobias Harris,exact_normalized,0.99
l/leoname01,2014-15,2317920,Meyers Leonard,exact_normalized,0.99
c/cartemi01,2014-15,2300040,Michael Carter-Williams,exact_normalized,0.99
m/mcderdo01,2014-15,2277960,Doug McDermott,exact_normalized,0.99
f/farieke01,2014-15,2249768,Kenneth Faried,exact_normalized,0.99
c/collini01,2014-15,2242003,Nick Collison,exact_normalized,0.99
h/haywobr01,2014-15,2213668,Brendan Haywood,exact_normalized,0.99
j/jacksre01,2014-15,2204369,Reggie Jackson,exact_normalized,0.99
l/lambje01,2014-15,2202000,Jeremy Lamb,exact_normalized,0.99
a/adamsst01,2014-15,2184960,Steven Adams,exact_normalized,0.99
f/favervi01,2014-15,2090000,Vitor Faverani,exact_normalized,0.99
b/baynear01,2014-15,2077000,Aron Baynes,exact_normalized,0.99
s/sessira01,2014-15,2077000,Ramon Sessions,exact_normalized,0.99
f/farmajo01,2014-15,2077000,Jordan Farmar,exact_normalized,0.99
w/watsocj01,2014-15,2077000,C.J. Watson,exact_normalized,0.99
g/grangda01,2014-15,2077000,Danny Granger,exact_normalized,0.99
u/udrihbe01,2014-15,2077000,Beno Udrih,exact_normalized,0.99
b/blakest01,2014-15,2077000,Steve Blake,exact_normalized,0.99
s/smithjo03,2014-15,2077000,Josh Smith,exact_normalized,0.99
o/olynyke01,2014-15,2075760,Kelly Olynyk,exact_normalized,0.99
l/lavinza01,2014-15,2055840,Zach LaVine,exact_normalized,0.99
j/josepco01,2014-15,2023261,Cory Joseph,exact_normalized,0.99
b/butleji01,2014-15,2008748,Jimmy Butler III,exact_normalized,0.99
b/bazemke01,2014-15,2000000,Kent Bazemore,exact_normalized,0.99
b/blairde01,2014-15,2000000,DeJuan Blair,exact_normalized,0.99
s/salmojo01,2014-15,2000000,John Salmons,exact_normalized,0.99
b/brandel01,2014-15,2000000,Elton Brand,exact_normalized,0.99
h/hensojo01,2014-15,1987320,John Henson,exact_normalized,0.99
m/muhamsh01,2014-15,1971960,Shabazz Muhammad,exact_normalized,0.99
w/warretj01,2014-15,1953120,T.J. Warren,exact_normalized,0.99
h/harklma01,2014-15,1887840,Maurice Harkless,exact_normalized,0.99
a/antetgi01,2014-15,1873200,Giannis Antetokounmpo,exact_normalized,0.99
p/paynead01,2014-15,1855320,Adreian Payne,exact_normalized,0.99
p/pendeje02,2014-15,1828750,Jeff Ayres,exact_normalized,0.99
r/randoan01,2014-15,1825359,Anthony Randolph,exact_normalized,0.99
e/evansje01,2014-15,1794871,Jeremy Evans,exact_normalized,0.99
l/lauvejo01,2014-15,1790281,Joffrey Lauvergne,exact_normalized,0.99
e/evansre01,2014-15,1768653,Reggie Evans,exact_normalized,0.99
n/noguelu01,2014-15,1762680,Lucas Nogueira,exact_normalized,0.99
n/nurkiju01,2014-15,1762680,Jusuf Nurkic,exact_normalized,0.99
d/dragizo01,2014-15,1706225,Zoran Dragic,exact_normalized,0.99
z/zellety01,2014-15,1703760,Tyler Zeller,exact_normalized,0.99
s/schrode01,2014-15,1690680,Dennis Schroder,exact_normalized,0.99
y/youngja01,2014-15,1674480,James Young,exact_normalized,0.99
p/prigipa01,2014-15,1662961,Pablo Prigioni,exact_normalized,0.99
k/kellyry01,2014-15,1650000,Ryan Kelly,exact_normalized,0.99
l/larkish01,2014-15,1606080,Shane Larkin,exact_normalized,0.99
e/ennisty01,2014-15,1590720,Tyler Ennis,exact_normalized,0.99
k/karasse01,2014-15,1533840,Sergey Karasev,exact_normalized,0.99
h/harriga01,2014-15,1519200,Gary Harris,exact_normalized,0.99
t/turiaro01,2014-15,1500000,Ronny Turiaf,exact_normalized,0.99
r/radulmi01,2014-15,1500000,Miroslav Raduljica,exact_normalized,0.99
f/fournev01,2014-15,1483920,Evan Fournier,exact_normalized,0.99
s/snellto01,2014-15,1472400,Tony Snell,exact_normalized,0.99
h/hopsosc01,2014-15,1450878,Scotty Hopson,exact_normalized,0.99
g/greenwi01,2014-15,1448490,Willie Green,exact_normalized,0.99
o/odomla01,2014-15,1448490,Lamar Odom,exact_normalized,0.99
s/sullija01,2014-15,1424520,Jared Sullinger,exact_normalized,0.99
d/dienggo01,2014-15,1413480,Gorgui Dieng,exact_normalized,0.99
m/mcgarmi01,2014-15,1400040,Mitch McGary,exact_normalized,0.99
c/clavevi01,2014-15,1370000,Victor Claver,exact_normalized,0.99
p/plumlma01,2014-15,1357080,Mason Plumlee,exact_normalized,0.99
a/adamsjo01,2014-15,1344120,Jordan Adams,exact_normalized,0.99
e/elyme01,2014-15,1316809,Melvin Ely,exact_normalized,0.99
j/jenkijo01,2014-15,1312920,John Jenkins,exact_normalized,0.99
p/poweljo01,2014-15,1310286,Josh Powell,exact_normalized,0.99
b/brewero02,2014-15,1310286,Ronnie Brewer,exact_normalized,0.99
h/hillso01,2014-15,1302840,Solomon Hill,exact_normalized,0.99
h/hoodro01,2014-15,1290360,Rodney Hood,exact_normalized,0.99
a/anderal01,2014-15,1276061,Alan Anderson,exact_normalized,0.99
t/thabeha01,2014-15,1250000,Hasheem Thabeet,exact_normalized,0.99
a/anticpe01,2014-15,1250000,Pero Antic,exact_normalized,0.99
n/napiesh01,2014-15,1238640,Shabazz Napier,exact_normalized,0.99
w/willish03,2014-15,1227985,Shawne Williams,exact_normalized,0.99
g/grayaa01,2014-15,1227985,Aaron Gray,exact_normalized,0.99
r/randosh01,2014-15,1227985,Shavlik Randolph,exact_normalized,0.99
w/wroteto01,2014-15,1210080,Tony Wroten,exact_normalized,0.99
b/bullore01,2014-15,1200720,Reggie Bullock Jr.,exact_normalized,0.99
c/capelca01,2014-15,1189200,Clint Capela,exact_normalized,0.99
p/plumlmi01,2014-15,1169880,Miles Plumlee,exact_normalized,0.99
r/roberan03,2014-15,1160880,Andre Roberson,exact_normalized,0.99
h/hairspj02,2014-15,1149720,P.J. Hairston,exact_normalized,0.99
a/armsthi01,2014-15,1145685,Hilton Armstrong,exact_normalized,0.99
m/martica01,2014-15,1145685,Cartier Martin,exact_normalized,0.99
m/moultar01,2014-15,1136160,Arnett Moultrie,exact_normalized,0.99
j/jonespe01,2014-15,1129200,Perry Jones,exact_normalized,0.99
g/goberru01,2014-15,1127400,Rudy Gobert,exact_normalized,0.99
t/teaguma01,2014-15,1120920,Marquis Teague,exact_normalized,0.99
e/ezelife01,2014-15,1112880,Festus Ezeli,exact_normalized,0.99
g/goodwar01,2014-15,1112280,Archie Goodwin,exact_normalized,0.99
w/wilcocj01,2014-15,1109760,CJ Wilcox,exact_normalized,0.99
n/nedovne01,2014-15,1104240,Nemanja Nedovic,exact_normalized,0.99
r/rudezda01,2014-15,1100000,Damjan Rudez,exact_normalized,0.99
a/anderky01,2014-15,1093680,Kyle Anderson,exact_normalized,0.99
s/singlky01,2014-15,1090000,Kyle Singler,exact_normalized,0.99
h/henryxa01,2014-15,1082000,Xavier Henry,exact_normalized,0.99
c/covinro01,2014-15,1000000,Robert Covington,exact_normalized,0.99
t/templga01,2014-15,981084,Garrett Temple,exact_normalized,0.99
b/babbilu01,2014-15,981084,Luke Babbitt,exact_normalized,0.99
d/davised01,2014-15,981084,Ed Davis,exact_normalized,0.99
a/ajincal01,2014-15,981084,Alexis Ajinca,exact_normalized,0.99
a/aminual01,2014-15,981084,Al-Farouq Aminu,exact_normalized,0.99
l/leuerjo01,2014-15,967500,Jon Leuer,exact_normalized,0.99
h/harrejo01,2014-15,948163,Josh Harrellson,exact_normalized,0.99
m/mooreet01,2014-15,948163,E'Twaun Moore,exact_normalized,0.99
t/tylerje01,2014-15,948163,Jeremy Tyler,exact_normalized,0.99
s/sloando01,2014-15,948163,Donald Sloan,exact_normalized,0.99
d/dorsejo01,2014-15,948163,Joey Dorsey,exact_normalized,0.99
t/tayloje03,2014-15,915243,Jeffery Taylor,exact_normalized,0.99
m/maxieja01,2014-15,915243,Jason Maxiell,exact_normalized,0.99
p/pargoja01,2014-15,915243,Jannero Pargo,exact_normalized,0.99
c/casspom01,2014-15,915243,Omri Casspi,exact_normalized,0.99
h/holliry01,2014-15,915243,Ryan Hollins,exact_normalized,0.99
b/bartowi01,2014-15,915243,Will Barton,exact_normalized,0.99
a/allenla01,2014-15,915243,Lavoy Allen,exact_normalized,0.99
j/johnswe01,2014-15,915243,Wesley Johnson,exact_normalized,0.99
g/goodedr01,2014-15,915243,Drew Gooden,exact_normalized,0.99
s/simshe01,2014-15,915243,Henry Sims,exact_normalized,0.99
u/udohek01,2014-15,915243,Ekpe Udoh,exact_normalized,0.99
m/milleda01,2014-15,915243,Darius Miller,exact_normalized,0.99
t/telfase01,2014-15,915243,Sebastian Telfair,exact_normalized,0.99
m/mohamna01,2014-15,915243,Nazr Mohammed,exact_normalized,0.99
b/bonnema01,2014-15,915243,Matt Bonner,exact_normalized,0.99
g/garredi02,2014-15,915243,Diante Garrett,exact_normalized,0.99
s/stiemgr01,2014-15,915243,Greg Stiemsma,exact_normalized,0.99
a/acyqu01,2014-15,915243,Quincy Acy,exact_normalized,0.99
f/fredeji01,2014-15,915243,Jimmer Fredette,exact_normalized,0.99
p/pricero01,2014-15,915243,Ronnie Price,exact_normalized,0.99
b/barbole01,2014-15,915243,Leandro Barbosa,exact_normalized,0.99
o/oquinky01,2014-15,915243,Kyle O'Quinn,exact_normalized,0.99
v/varnaja01,2014-15,915243,Jarvis Varnado,exact_normalized,0.99
f/fesenky01,2014-15,915243,Kyrylo Fesenko,exact_normalized,0.99
b/brookaa01,2014-15,915243,Aaron Brooks,exact_normalized,0.99
b/butlera01,2014-15,915243,Rasual Butler,exact_normalized,0.99
m/middlkh01,2014-15,915243,Khris Middleton,exact_normalized,0.99
m/marshke01,2014-15,915243,Kendall Marshall,exact_normalized,0.99
c/crowdja01,2014-15,915243,Jae Crowder,exact_normalized,0.99
b/beverpa01,2014-15,915243,Patrick Beverley,exact_normalized,0.99
b/brownsh01,2014-15,915243,Shannon Brown,exact_normalized,0.99
e/ellinwa01,2014-15,915243,Wayne Ellington,exact_normalized,0.99
d/davisgl01,2014-15,915243,Glen Davis,exact_normalized,0.99
t/turkohe01,2014-15,915243,Hedo Turkoglu,exact_normalized,0.99
s/stuckro01,2014-15,915243,Rodney Stuckey,exact_normalized,0.99
g/garcifr01,2014-15,915243,Francisco Garcia,exact_normalized,0.99
g/greendr01,2014-15,915243,Draymond Green,exact_normalized,0.99
c/cunnija01,2014-15,915243,Jared Cunningham,exact_normalized,0.99
g/geeal01,2014-15,915243,Alonzo Gee,exact_normalized,0.99
j/jefferi01,2014-15,915243,Richard Jefferson,exact_normalized,0.99
l/lambdo01,2014-15,915243,Doron Lamb,exact_normalized,0.99
j/johnsiv01,2014-15,915243,Ivan Johnson,exact_normalized,0.99
v/villach01,2014-15,915243,Charlie Villanueva,exact_normalized,0.99
l/lewisra02,2014-15,915243,Rashard Lewis,exact_normalized,0.99
j/jonesja02,2014-15,915243,James Jones,exact_normalized,0.99
m/mariosh01,2014-15,915243,Shawn Marion,exact_normalized,0.99
s/sacrero01,2014-15,915243,Robert Sacre,exact_normalized,0.99
d/douglch01,2014-15,915243,Chris Douglas-Roberts,exact_normalized,0.99
a/aldrico01,2014-15,915243,Cole Aldrich,exact_normalized,0.99
b/bareajo01,2014-15,909859,J.J. Barea,exact_normalized,0.99
g/grantje01,2014-15,884879,Jerami Grant,exact_normalized,0.99
m/marblde01,2014-15,884879,Devyn Marble,exact_normalized,0.99
h/harrijo01,2014-15,884879,Joe Harris,exact_normalized,0.99
h/hummero01,2014-15,880000,Robbie Hummel,exact_normalized,0.99
c/crabbal01,2014-15,862000,Allen Crabbe,exact_normalized,0.99
s/smithis01,2014-15,861405,Ish Smith,exact_normalized,0.99
i/inglida01,2014-15,820000,Damien Inglis,exact_normalized,0.99
c/canaais01,2014-15,816842,Isaiah Canaan,exact_normalized,0.99
m/mccalra01,2014-15,816482,Ray McCallum,exact_normalized,0.99
c/calatni01,2014-15,816482,Nick Calathes,exact_normalized,0.99
h/hamilju01,2014-15,816482,Justin Hamilton,exact_normalized,0.99
f/felixca01,2014-15,816482,Carrick Felix,exact_normalized,0.99
w/wareca01,2014-15,816482,Casper Ware,exact_normalized,0.99
w/woltena01,2014-15,816482,Nate Wolters,exact_normalized,0.99
m/muscami01,2014-15,816482,Mike Muscala,exact_normalized,0.99
d/dellama01,2014-15,816482,Matthew Dellavedova,exact_normalized,0.99
t/thompho01,2014-15,816482,Hollis Thompson,exact_normalized,0.99
j/jerregr01,2014-15,816482,Grant Jerrett,exact_normalized,0.99
s/southja01,2014-15,816482,James Southerland,exact_normalized,0.99
d/dedmode01,2014-15,816482,Dewayne Dedmon,exact_normalized,0.99
s/sivape01,2014-15,816482,Peyton Siva,exact_normalized,0.99
d/daviebr01,2014-15,816482,Brandon Davies,exact_normalized,0.99
p/pressph01,2014-15,816482,Phil Pressey,exact_normalized,0.99
b/babbch01,2014-15,816482,Chris Babb,exact_normalized,0.99
k/kuzmiog01,2014-15,816482,Ognjen Kuzmic,exact_normalized,0.99
b/buyckdw01,2014-15,816482,Dwight Buycks,exact_normalized,0.99
f/frankja01,2014-15,816482,Jamaal Franklin,exact_normalized,0.99
d/danietr01,2014-15,816482,Troy Daniels,exact_normalized,0.99
h/holidju01,2014-15,816482,Justin Holiday,exact_normalized,0.99
w/witheje01,2014-15,816482,Jeff Withey,exact_normalized,0.99
c/chrisdi01,2014-15,816482,Dionte Christmas,exact_normalized,0.99
c/clarkia01,2014-15,816482,Ian Clark,exact_normalized,0.99
j/jordaje01,2014-15,816482,Jerome Jordan,exact_normalized,0.99
m/murpher01,2014-15,816482,Erik Jay Murphy,fuzzy_95,0.95
w/whiteha01,2014-15,769881,Hassan Whiteside,exact_normalized,0.99
s/stokeja01,2014-15,725000,Jarnell Stokes,exact_normalized,0.99
c/cunnida01,2014-15,716043,Dante Cunningham,exact_normalized,0.99
l/leema01,2014-15,710659,Malcolm Lee,exact_normalized,0.99
m/morrida01,2014-15,702756,Darius Morris,exact_normalized,0.99
d/dinwisp01,2014-15,700000,Spencer Dinwiddie,exact_normalized,0.99
t/thomama01,2014-15,635827,Malcolm Thomas,exact_normalized,0.99
m/mekelga01,2014-15,633974,Gal Mekel,exact_normalized,0.99
o/obryajo01,2014-15,600000,Johnny O'Bryant III,exact_normalized,0.99
s/smithru01,2014-15,507336,Russ Smith,exact_normalized,0.99
c/clarkjo01,2014-15,507336,Jordan Clarkson,exact_normalized,0.99
g/greener01,2014-15,507336,Erick Green,exact_normalized,0.99
m/mcdankj01,2014-15,507336,KJ McDaniels,exact_normalized,0.99
m/moreler01,2014-15,507336,Eric Moreland,exact_normalized,0.99
b/brownma02,2014-15,507336,Markel Brown,exact_normalized,0.99
j/johnsni01,2014-15,507336,Nick Johnson,exact_normalized,0.99
b/birchkh01,2014-15,507336,Khem Birch,exact_normalized,0.99
b/bhullsi01,2014-15,507336,Sim Bhullar,exact_normalized,0.99
j/jeffeco01,2014-15,507336,Cory Jefferson,exact_normalized,0.99
i/inglejo01,2014-15,507336,Joe Ingles,exact_normalized,0.99
a/applike01,2014-15,507336,Keith Appling,exact_normalized,0.99
e/earlycl01,2014-15,507336,Cleanthony Early,exact_normalized,0.99
k/kirkal01,2014-15,507336,Alex Kirk,exact_normalized,0.99
w/weartr01,2014-15,507336,Travis Wear,exact_normalized,0.99
s/sampsja02,2014-15,507336,JaKarr Sampson,exact_normalized,0.99
w/whittsh01,2014-15,507336,Shayne Whittington,exact_normalized,0.99
b/bairsca01,2014-15,507336,Cameron Bairstow,exact_normalized,0.99
e/ennisja01,2014-15,507336,James Ennis III,exact_normalized,0.99
b/blackta01,2014-15,507336,Tarik Black,exact_normalized,0.99
j/jackspi01,2014-15,507336,Pierre Jackson,exact_normalized,0.99
p/poweldw01,2014-15,507336,Dwight Powell,exact_normalized,0.99
c/cherrwi01,2014-15,495399,Will Cherry,exact_normalized,0.99
l/lucaska01,2014-15,486446,Kalin Lucas,exact_normalized,0.99
g/gordodr01,2014-15,468540,Drew Gordon,exact_normalized,0.99
m/martike01,2014-15,414551,Kenyon Martin,exact_normalized,0.99
a/amundlo01,2014-15,409167,Lou Amundson,exact_normalized,0.99
t/thomala01,2014-15,403784,Lance Thomas,exact_normalized,0.99
j/jonesda02,2014-15,387632,Dahntay Jones,exact_normalized,0.99
c/chrispa01,2014-15,379010,Patrick Christopher,exact_normalized,0.99
s/stoudam01,2014-15,306876,Amar'e Stoudemire,exact_normalized,0.99
p/perkike01,2014-15,274573,Kendrick Perkins,exact_normalized,0.99
m/millsel01,2014-15,241731,Elijah Millsap,exact_normalized,0.99
j/jamesbe01,2014-15,236886,Bernard James,exact_normalized,0.99
g/gallola01,2014-15,235762,Langston Galloway,exact_normalized,0.99
j/johnsty01,2014-15,199950,Tyler Johnson,exact_normalized,0.99
w/walkebi01,2014-15,196217,Henry Walker,exact_normalized,0.99
b/beaslmi01,2014-15,195440,Michael Beasley,exact_normalized,0.99
b/barroea01,2014-15,183049,Earl Barron,exact_normalized,0.99
m/mcadoja01,2014-15,167122,James Michael McAdoo,exact_normalized,0.99
h/hamiljo02,2014-15,150591,Jordan Hamilton,exact_normalized,0.99
g/greenja01,2014-15,134295,JaMychal Green,exact_normalized,0.99
d/douglto01,2014-15,107676,Toney Douglas,exact_normalized,0.99
w/williel01,2014-15,107676,Elliot Williams,exact_normalized,0.99
r/robinna01,2014-15,107676,Nate Robinson,exact_normalized,0.99
m/murryto01,2014-15,96056,Toure' Murry,exact_normalized,0.99
g/gutiejo01,2014-15,96056,Jorge Gutierrez,exact_normalized,0.99
c/cottobr01,2014-15,92514,Bryce Cotton,exact_normalized,0.99
c/cooleja01,2014-15,59686,Jack Cooley,exact_normalized,0.99
b/brownja01,2014-15,59686,Jabari Brown,exact_normalized,0.99
f/fraziti01,2014-15,59686,Tim Frazier,exact_normalized,0.99
t/thomaty01,2014-15,53838,Tyrus Thomas,exact_normalized,0.99
p/priceaj01,2014-15,53838,A.J. Price,exact_normalized,0.99
d/dayeau01,2014-15,53838,Austin Daye,exact_normalized,0.99
c/curryse01,2014-15,48028,Seth Curry,exact_normalized,0.99
l/ledori01,2014-15,48028,Ricky Ledo,exact_normalized,0.99
d/dawkian01,2014-15,29843,Andre Dawkins,exact_normalized,0.99
s/stockda01,2014-15,29483,David Stockton,exact_normalized,0.99
b/bryanko01,2015-16,25000000,Kobe Bryant,exact_normalized,0.99
j/jamesle01,2015-16,22970500,LeBron James,exact_normalized,0.99
a/anthoca01,2015-16,22875000,Carmelo Anthony,exact_normalized,0.99
h/howardw01,2015-16,22359364,Dwight Howard,exact_normalized,0.99
b/boshch01,2015-16,22192730,Chris Bosh,exact_normalized,0.99
p/paulch01,2015-16,21468695,Chris Paul,exact_normalized,0.99
d/duranke01,2015-16,20158622,Kevin Durant,exact_normalized,0.99
r/rosede01,2015-16,20093064,Derrick Rose,exact_normalized,0.99
w/wadedw01,2015-16,20000000,Dwyane Wade,exact_normalized,0.99
a/aldrila01,2015-16,19689000,LaMarcus Aldridge,exact_normalized,0.99
l/lopezbr01,2015-16,19689000,Brook Lopez,exact_normalized,0.99
l/loveke01,2015-16,19689000,Kevin Love,exact_normalized,0.99
j/jordade01,2015-16,19689000,DeAndre Jordan,exact_normalized,0.99
g/gasolma01,2015-16,19688000,Marc Gasol,exact_normalized,0.99
g/griffbl01,2015-16,18907726,Blake Griffin,exact_normalized,0.99
m/millspa01,2015-16,18671659,Paul Millsap,exact_normalized,0.99
g/georgpa01,2015-16,17120106,Paul George,exact_normalized,0.99
w/westbru01,2015-16,16744218,Russell Westbrook,exact_normalized,0.99
i/irvinky01,2015-16,16407501,Kyrie Irving,exact_normalized,0.99
m/monrogr01,2015-16,16407500,Greg Monroe,exact_normalized,0.99
b/butleji01,2015-16,16407500,Jimmy Butler III,exact_normalized,0.99
l/leonaka01,2015-16,16407500,Kawhi Leonard,exact_normalized,0.99
k/kanteen01,2015-16,16407500,Enes Freedom,exact_normalized,0.99
m/matthwe02,2015-16,16407500,Wesley Matthews,exact_normalized,0.99
h/harrito02,2015-16,16000000,Tobias Harris,exact_normalized,0.99
w/walljo01,2015-16,15851950,John Wall,exact_normalized,0.99
c/couside01,2015-16,15851950,DeMarcus Cousins,exact_normalized,0.99
h/hardeja01,2015-16,15756438,James Harden,exact_normalized,0.99
h/hibbero01,2015-16,15592217,Roy Hibbert,exact_normalized,0.99
g/gordoer01,2015-16,15514031,Eric Gordon,exact_normalized,0.99
t/thompkl01,2015-16,15501000,Klay Thompson,exact_normalized,0.99
h/haywago01,2015-16,15409570,Gordon Hayward,exact_normalized,0.99
p/parsoch01,2015-16,15361500,Chandler Parsons,exact_normalized,0.99
d/dragigo01,2015-16,14783000,Goran Dragic,exact_normalized,0.99
m/middlkh01,2015-16,14700000,Khris Middleton,exact_normalized,0.99
g/greendr01,2015-16,14260870,Draymond Green,exact_normalized,0.99
t/thomptr01,2015-16,14260870,Tristan Thompson,exact_normalized,0.99
g/gallida01,2015-16,14000000,Danilo Gallinari,exact_normalized,0.99
j/jacksre01,2015-16,13913044,Reggie Jackson,exact_normalized,0.99
b/bogutan01,2015-16,13800000,Andrew Bogut,exact_normalized,0.99
c/carrode01,2015-16,13600000,DeMarre Carroll,exact_normalized,0.99
b/bledser01,2015-16,13500000,Eric Bledsoe,exact_normalized,0.99
j/jeffeal01,2015-16,13500000,Al Jefferson,exact_normalized,0.99
k/knighbr03,2015-16,13500000,Brandon Knight,exact_normalized,0.99
p/parketo01,2015-16,13437500,Tony Parker,exact_normalized,0.99
n/noahjo01,2015-16,13400000,Joakim Noah,exact_normalized,0.99
b/batumni01,2015-16,13125306,Nicolas Batum,exact_normalized,0.99
c/chandty01,2015-16,13000000,Tyson Chandler,exact_normalized,0.99
r/rubiori01,2015-16,12700000,Ricky Rubio,exact_normalized,0.99
l/lopezro01,2015-16,12650000,Robin Lopez,exact_normalized,0.99
g/gayru01,2015-16,12403101,Rudy Gay,exact_normalized,0.99
i/ibakase01,2015-16,12250000,Serge Ibaka,exact_normalized,0.99
p/pekovni01,2015-16,12100000,Nikola Pekovic,exact_normalized,0.99
l/lowryky01,2015-16,12000000,Kyle Lowry,exact_normalized,0.99
j/johnsam01,2015-16,12000000,Amir Johnson,exact_normalized,0.99
w/walkeke02,2015-16,12000000,Kemba Walker,exact_normalized,0.99
f/favorde01,2015-16,12000000,Derrick Favors,exact_normalized,0.99
h/horfoal01,2015-16,12000000,Al Horford,exact_normalized,0.99
i/iguodan01,2015-16,11710456,Andre Iguodala,exact_normalized,0.99
c/curryst01,2015-16,11370786,Stephen Curry,exact_normalized,0.99
v/vucevni01,2015-16,11250000,Nikola Vucevic,exact_normalized,0.99
y/youngth01,2015-16,11235955,Thaddeus Young,exact_normalized,0.99
f/farieke01,2015-16,11235955,Kenneth Faried,exact_normalized,0.99
g/gortama01,2015-16,11217391,Marcin Gortat,exact_normalized,0.99
e/evansty01,2015-16,10734586,Tyreke Evans,exact_normalized,0.99
h/holidjr01,2015-16,10595507,Jrue Holiday,exact_normalized,0.99
h/haywobr01,2015-16,10522500,Brendan Haywood,exact_normalized,0.99
c/chandwi01,2015-16,10449438,Wilson Chandler,exact_normalized,0.99
e/ellismo01,2015-16,10300000,Monta Ellis,exact_normalized,0.99
d/denglu01,2015-16,10151612,Luol Deng,exact_normalized,0.99
w/wallage01,2015-16,10105855,Gerald Wallace,exact_normalized,0.99
d/derozde01,2015-16,10050000,DeMar DeRozan,exact_normalized,0.99
g/greenda02,2015-16,10000000,Danny Green,exact_normalized,0.99
s/splitti01,2015-16,9756250,Tiago Splitter,exact_normalized,0.99
g/greenje02,2015-16,9650000,Jeff Green,exact_normalized,0.99
r/randoza01,2015-16,9638555,Zach Randolph,exact_normalized,0.99
c/conlemi01,2015-16,9588426,Mike Conley,exact_normalized,0.99
r/rondora01,2015-16,9500000,Rajon Rondo,exact_normalized,0.99
b/burksal01,2015-16,9463484,Alec Burks,exact_normalized,0.99
a/asikom01,2015-16,9213483,Omer Asik,exact_normalized,0.99
s/stephla01,2015-16,9000000,Lance Stephenson,exact_normalized,0.99
s/shumpim01,2015-16,8988765,Iman Shumpert,exact_normalized,0.99
g/garneke01,2015-16,8500000,Kevin Garnett,exact_normalized,0.99
a/anderry01,2015-16,8500000,Ryan Anderson,exact_normalized,0.99
g/gibsota01,2015-16,8500000,Taj Gibson,exact_normalized,0.99
j/jennibr01,2015-16,8344497,Brandon Jennings,exact_normalized,0.99
n/nowitdi01,2015-16,8333334,Dirk Nowitzki,exact_normalized,0.99
b/breweco01,2015-16,8229375,Corey Brewer,exact_normalized,0.99
a/arizatr01,2015-16,8193030,Trevor Ariza,exact_normalized,0.99
f/fryech01,2015-16,8193029,Channing Frye,exact_normalized,0.99
a/aminual01,2015-16,8042895,Al-Farouq Aminu,exact_normalized,0.99
a/afflaar01,2015-16,8000000,Arron Afflalo,exact_normalized,0.99
t/teaguje01,2015-16,8000000,Jeff Teague,exact_normalized,0.99
m/mayooj01,2015-16,8000000,O.J. Mayo,exact_normalized,0.99
h/hillge01,2015-16,8000000,George Hill,exact_normalized,0.99
m/morrima02,2015-16,8000000,Markieff Morris,exact_normalized,0.99
i/ilyaser01,2015-16,7900000,Ersan Ilyasova,exact_normalized,0.99
b/bradlav01,2015-16,7730337,Avery Bradley,exact_normalized,0.99
k/koufoko01,2015-16,7700000,Kosta Koufos,exact_normalized,0.99
d/diawbo01,2015-16,7500000,Boris Diaw,exact_normalized,0.99
g/gasolpa01,2015-16,7448760,Pau Gasol,exact_normalized,0.99
c/caldejo01,2015-16,7402812,Jose Calderon,exact_normalized,0.99
r/redicjj01,2015-16,7085000,JJ Redick,exact_normalized,0.99
d/davisan02,2015-16,7070730,Anthony Davis,exact_normalized,0.99
w/willima02,2015-16,7000000,Marvin Williams,exact_normalized,0.99
j/josepco01,2015-16,7000000,Cory Joseph,exact_normalized,0.99
s/stuckro01,2015-16,7000000,Rodney Stuckey,exact_normalized,0.99
w/willilo02,2015-16,7000000,Lou Williams,exact_normalized,0.99
d/davised01,2015-16,6980802,Ed Davis,exact_normalized,0.99
t/thomais02,2015-16,6912869,Isaiah Thomas,exact_normalized,0.99
c/crowdja01,2015-16,6796117,Jae Crowder,exact_normalized,0.99
v/vasqugr01,2015-16,6600000,Greivis Vasquez,exact_normalized,0.99
b/baynear01,2015-16,6500000,Aron Baynes,exact_normalized,0.99
l/landrca01,2015-16,6500000,Carl Landry,exact_normalized,0.99
b/beverpa01,2015-16,6486486,Patrick Beverley,exact_normalized,0.99
k/kiddgmi01,2015-16,6331404,Michael Kidd-Gilchrist,exact_normalized,0.99
j/jackja01,2015-16,6300000,Jarrett Jack,exact_normalized,0.99
m/meeksjo01,2015-16,6270000,Jodie Meeks,exact_normalized,0.99
p/pattepa01,2015-16,6268675,Patrick Patterson,exact_normalized,0.99
h/hawessp01,2015-16,6110034,Spencer Hawes,exact_normalized,0.99
b/belinma01,2015-16,6060606,Marco Belinelli,exact_normalized,0.99
w/wiggian01,2015-16,5758680,Andrew Wiggins,exact_normalized,0.99
k/korveky01,2015-16,5746479,Kyle Korver,exact_normalized,0.99
t/townska01,2015-16,5703600,Karl-Anthony Towns,exact_normalized,0.99
b/bealbr01,2015-16,5694674,Bradley Beal,exact_normalized,0.99
c/crawfja01,2015-16,5675000,Jamal Crawford,exact_normalized,0.99
l/leeco01,2015-16,5675000,Courtney Lee,exact_normalized,0.99
w/webstma02,2015-16,5613500,Martell Webster,exact_normalized,0.99
m/mirotni01,2015-16,5543725,Nikola Mirotic,exact_normalized,0.99
l/livinsh01,2015-16,5543725,Shaun Livingston,exact_normalized,0.99
m/mcrobjo01,2015-16,5543725,Josh McRoberts,exact_normalized,0.99
t/teletmi01,2015-16,5500000,Mirza Teletovic,exact_normalized,0.99
t/tuckepj01,2015-16,5500000,P.J. Tucker,exact_normalized,0.99
w/wrighbr03,2015-16,5464000,Brandan Wright,exact_normalized,0.99
w/willide01,2015-16,5378974,Deron Williams,exact_normalized,0.99
d/duncati01,2015-16,5250000,Tim Duncan,exact_normalized,0.99
y/youngni01,2015-16,5219169,Nick Young,exact_normalized,0.99
p/pachuza01,2015-16,5200000,Zaza Pachulia,exact_normalized,0.99
o/oladivi01,2015-16,5192520,Victor Oladipo,exact_normalized,0.99
a/allento01,2015-16,5158539,Tony Allen,exact_normalized,0.99
p/parkeja01,2015-16,5152440,Jabari Parker,exact_normalized,0.99
w/waitedi01,2015-16,5138430,Dion Waiters,exact_normalized,0.99
r/russeda01,2015-16,5103120,D'Angelo Russell,exact_normalized,0.99
k/kamanch01,2015-16,5016000,Chris Kaman,exact_normalized,0.99
c/collida01,2015-16,5013559,Darren Collison,exact_normalized,0.99
w/watsocj01,2015-16,5000000,C.J. Watson,exact_normalized,0.99
s/smithjr01,2015-16,5000000,JR Smith,exact_normalized,0.99
j/jerebjo01,2015-16,5000000,Jonas Jerebko,exact_normalized,0.99
m/morrima03,2015-16,5000000,Marcus Morris Sr.,exact_normalized,0.99
a/anderch01,2015-16,5000000,Chris Andersen,exact_normalized,0.99
m/mozgoti01,2015-16,4950000,Timofey Mozgov,exact_normalized,0.99
b/booketr01,2015-16,4775000,Trevor Booker,exact_normalized,0.99
p/porteot01,2015-16,4662960,Otto Porter Jr.,exact_normalized,0.99
v/valanjo01,2015-16,4660482,Jonas Valanciunas,exact_normalized,0.99
e/embiijo01,2015-16,4626960,Joel Embiid,exact_normalized,0.99
o/okafoja01,2015-16,4582680,Jahlil Okafor,exact_normalized,0.99
s/singlky01,2015-16,4500000,Kyle Singler,exact_normalized,0.99
m/milescj01,2015-16,4394225,CJ Miles,exact_normalized,0.99
a/ajincal01,2015-16,4389607,Alexis Ajinca,exact_normalized,0.99
d/dudleja01,2015-16,4375000,Jared Dudley,exact_normalized,0.99
n/nelsoja01,2015-16,4345000,Jameer Nelson,exact_normalized,0.99
c/chalmma01,2015-16,4300000,Mario Chalmers,exact_normalized,0.99
s/smithja02,2015-16,4300000,Jason Smith,exact_normalized,0.99
b/bareajo01,2015-16,4290000,J.J. Barea,exact_normalized,0.99
l/lillada01,2015-16,4236287,Damian Lillard,exact_normalized,0.99
z/zelleco01,2015-16,4204200,Cody Zeller,exact_normalized,0.99
g/gordoaa01,2015-16,4171680,Aaron Gordon,exact_normalized,0.99
p/porzikr01,2015-16,4131720,Kristaps Porzingis,exact_normalized,0.99
c/cartevi01,2015-16,4088019,Vince Carter,exact_normalized,0.99
h/harride01,2015-16,4053446,Devin Harris,exact_normalized,0.99
a/allenla01,2015-16,4050000,Lavoy Allen,exact_normalized,0.99
m/mahinia01,2015-16,4000000,Ian Mahinmi,exact_normalized,0.99
h/hilljo01,2015-16,4000000,Jordan Hill,exact_normalized,0.99
w/willide02,2015-16,4000000,Derrick Williams,exact_normalized,0.99
a/anderal01,2015-16,4000000,Alan Anderson,exact_normalized,0.99
s/sefolth01,2015-16,4000000,Thabo Sefolosha,exact_normalized,0.99
f/feltora01,2015-16,3950313,Raymond Felton,exact_normalized,0.99
b/bjeline01,2015-16,3950001,Nemanja Bjelica,exact_normalized,0.99
b/barneha02,2015-16,3873398,Harrison Barnes,exact_normalized,0.99
s/speigma01,2015-16,3815000,Marreese Speights,exact_normalized,0.99
l/lenal01,2015-16,3807120,Alex Len,exact_normalized,0.99
e/exumda01,2015-16,3777720,Dante Exum,exact_normalized,0.99
c/collini01,2015-16,3750000,Nick Collison,exact_normalized,0.99
o/oquinky01,2015-16,3750000,Kyle O'Quinn,exact_normalized,0.99
m/millspa02,2015-16,3578947,Patty Mills,exact_normalized,0.99
r/rosste01,2015-16,3553917,Terrence Ross,exact_normalized,0.99
b/barnema02,2015-16,3542500,Matt Barnes,exact_normalized,0.99
b/bartowi01,2015-16,3533333,Will Barton,exact_normalized,0.99
n/noelne01,2015-16,3457800,Nerlens Noel,exact_normalized,0.99
s/smartma01,2015-16,3431040,Marcus Smart,exact_normalized,0.99
b/bogdabo02,2015-16,3425510,Bojan Bogdanovic,exact_normalized,0.99
t/turneev01,2015-16,3425510,Evan Turner,exact_normalized,0.99
c/caulewi01,2015-16,3398280,Willie Cauley-Stein,exact_normalized,0.99
p/pondequ01,2015-16,3382023,Quincy Pondexter,exact_normalized,0.99
p/piercpa01,2015-16,3376000,Paul Pierce,exact_normalized,0.99
m/morroan01,2015-16,3344000,Anthony Morrow,exact_normalized,0.99
s/scottmi01,2015-16,3333333,Mike Scott,exact_normalized,0.99
g/goodedr01,2015-16,3300000,Drew Gooden,exact_normalized,0.99
d/drumman01,2015-16,3272091,Andre Drummond,exact_normalized,0.99
m/mcdankj01,2015-16,3189794,KJ McDaniels,exact_normalized,0.99
m/mclembe01,2015-16,3156600,Ben McLemore,exact_normalized,0.99
f/foyera01,2015-16,3135000,Randy Foye,exact_normalized,0.99
r/randlju01,2015-16,3132240,Julius Randle,exact_normalized,0.99
r/riverau01,2015-16,3110796,Austin Rivers,exact_normalized,0.99
m/mudiaem01,2015-16,3102240,Emmanuel Mudiay,exact_normalized,0.99
l/leoname01,2015-16,3075880,Meyers Leonard,exact_normalized,0.99
l/lambje01,2015-16,3034356,Jeremy Lamb,exact_normalized,0.99
b/bayleje01,2015-16,3000000,Jerryd Bayless,exact_normalized,0.99
b/bassbr01,2015-16,3000000,Brandon Bass,exact_normalized,0.99
a/augusdj01,2015-16,3000000,D.J. Augustin,exact_normalized,0.99
t/tollian01,2015-16,3000000,Anthony Tolliver,exact_normalized,0.99
h/hensojo01,2015-16,2943221,John Henson,exact_normalized,0.99
p/pleisti01,2015-16,2900000,Tibor Pleiss,exact_normalized,0.99
s/scolalu01,2015-16,2900000,Luis Scola,exact_normalized,0.99
h/harklma01,2015-16,2894059,Maurice Harkless,exact_normalized,0.99
c/caldwke01,2015-16,2891760,Kentavious Caldwell-Pope,exact_normalized,0.99
s/stausni01,2015-16,2869440,Nik Stauskas,exact_normalized,0.99
r/roberbr01,2015-16,2854940,Brian Roberts,exact_normalized,0.99
h/hasleud01,2015-16,2854940,Udonis Haslem,exact_normalized,0.99
h/hinriki01,2015-16,2854940,Kirk Hinrich,exact_normalized,0.99
c/cunnida01,2015-16,2850000,Dante Cunningham,exact_normalized,0.99
j/johnsst04,2015-16,2841960,Stanley Johnson,exact_normalized,0.99
a/aldemfu01,2015-16,2836768,Furkan Aldemir,exact_normalized,0.99
c/casspom01,2015-16,2836186,Omri Casspi,exact_normalized,0.99
b/biyombi01,2015-16,2814000,Bismack Biyombo,exact_normalized,0.99
g/ginobma01,2015-16,2814000,Manu Ginobili,exact_normalized,0.99
a/arthuda01,2015-16,2814000,Darrell Arthur,exact_normalized,0.99
w/weemsso01,2015-16,2814000,Sonny Weems,exact_normalized,0.99
s/serapke01,2015-16,2814000,Kevin Seraphin,exact_normalized,0.99
r/ridnolu01,2015-16,2750000,Luke Ridnour,exact_normalized,0.99
b/burketr01,2015-16,2658240,Trey Burke,exact_normalized,0.99
v/vonleno01,2015-16,2637720,Noah Vonleh,exact_normalized,0.99
z/zellety01,2015-16,2616975,Tyler Zeller,exact_normalized,0.99
k/kaminfr01,2015-16,2612520,Frank Kaminsky,exact_normalized,0.99
s/sullija01,2015-16,2569260,Jared Sullinger,exact_normalized,0.99
m/mccolcj01,2015-16,2525160,CJ McCollum,exact_normalized,0.99
b/barbole01,2015-16,2500000,Leandro Barbosa,exact_normalized,0.99
j/johnsja01,2015-16,2500000,James Johnson,exact_normalized,0.99
w/winslju01,2015-16,2481720,Justise Winslow,exact_normalized,0.99
m/macksh01,2015-16,2433333,Shelvin Mack,exact_normalized,0.99
c/cartemi01,2015-16,2399040,Michael Carter-Williams,exact_normalized,0.99
m/mcderdo01,2015-16,2380440,Doug McDermott,exact_normalized,0.99
t/turnemy01,2015-16,2357760,Myles Turner,exact_normalized,0.99
f/fournev01,2015-16,2288205,Evan Fournier,exact_normalized,0.99
a/adamsst01,2015-16,2279040,Steven Adams,exact_normalized,0.99
b/brookaa01,2015-16,2250000,Aaron Brooks,exact_normalized,0.99
l/lylestr01,2015-16,2239800,Trey Lyles,exact_normalized,0.99
s/sessira01,2015-16,2170465,Ramon Sessions,exact_normalized,0.99
g/grangda01,2015-16,2170465,Danny Granger,exact_normalized,0.99
u/udrihbe01,2015-16,2170465,Beno Udrih,exact_normalized,0.99
b/blakest01,2015-16,2170465,Steve Blake,exact_normalized,0.99
o/olynyke01,2015-16,2165160,Kelly Olynyk,exact_normalized,0.99
l/lavinza01,2015-16,2148360,Zach LaVine,exact_normalized,0.99
m/marshke01,2015-16,2144772,Kendall Marshall,exact_normalized,0.99
l/linje01,2015-16,2139000,Jeremy Lin,exact_normalized,0.99
n/nealga01,2015-16,2139000,Gary Neal,exact_normalized,0.99
b/bookede01,2015-16,2127840,Devin Booker,exact_normalized,0.99
p/plumlmi01,2015-16,2109294,Miles Plumlee,exact_normalized,0.99
w/willima01,2015-16,2100000,Mo Williams,exact_normalized,0.99
l/leeda02,2015-16,2085671,David Lee,exact_normalized,0.99
m/muhamsh01,2015-16,2056920,Shabazz Muhammad,exact_normalized,0.99
i/inglejo01,2015-16,2050000,Joe Ingles,exact_normalized,0.99
w/warretj01,2015-16,2041080,T.J. Warren,exact_normalized,0.99
j/jonespe01,2015-16,2038206,Perry Jones,exact_normalized,0.99
p/payneca01,2015-16,2021520,Cameron Payne,exact_normalized,0.99
e/ezelife01,2015-16,2008748,Festus Ezeli,exact_normalized,0.99
b/bazemke01,2015-16,2000000,Kent Bazemore,exact_normalized,0.99
b/blairde01,2015-16,2000000,DeJuan Blair,exact_normalized,0.99
a/antetgi01,2015-16,1953960,Giannis Antetokounmpo,exact_normalized,0.99
p/paynead01,2015-16,1938840,Adreian Payne,exact_normalized,0.99
o/oubreke01,2015-16,1920240,Kelly Oubre Jr.,exact_normalized,0.99
n/noguelu01,2015-16,1842000,Lucas Nogueira,exact_normalized,0.99
n/nurkiju01,2015-16,1842000,Jusuf Nurkic,exact_normalized,0.99
r/roziete01,2015-16,1824360,Terry Rozier,exact_normalized,0.99
s/schrode01,2015-16,1763400,Dennis Schroder,exact_normalized,0.99
y/youngja01,2015-16,1749840,James Young,exact_normalized,0.99
v/vaughra01,2015-16,1733040,Rashad Vaughn,exact_normalized,0.99
k/kellyry01,2015-16,1724250,Ryan Kelly,exact_normalized,0.99
l/lauvejo01,2015-16,1709719,Joffrey Lauvergne,exact_normalized,0.99
d/dragizo01,2015-16,1706225,Zoran Dragic,exact_normalized,0.99
e/ennisty01,2015-16,1662360,Tyler Ennis,exact_normalized,0.99
d/dekkesa01,2015-16,1646400,Sam Dekker,exact_normalized,0.99
t/thomala01,2015-16,1636842,Lance Thomas,exact_normalized,0.99
a/amundlo01,2015-16,1635476,Lou Amundson,exact_normalized,0.99
k/karasse01,2015-16,1599840,Sergey Karasev,exact_normalized,0.99
h/harriga01,2015-16,1584480,Gary Harris,exact_normalized,0.99
g/grantje02,2015-16,1572360,Jerian Grant,exact_normalized,0.99
s/snellto01,2015-16,1535880,Tony Snell,exact_normalized,0.99
w/wrighde01,2015-16,1509360,Delon Wright,exact_normalized,0.99
e/ellinwa01,2015-16,1500000,Wayne Ellington,exact_normalized,0.99
l/larkish01,2015-16,1500000,Shane Larkin,exact_normalized,0.99
w/westda01,2015-16,1499187,David West,exact_normalized,0.99
d/dienggo01,2015-16,1474440,Gorgui Dieng,exact_normalized,0.99
m/mcgarmi01,2015-16,1463040,Mitch McGary,exact_normalized,0.99
b/butleca01,2015-16,1449187,Caron Butler,exact_normalized,0.99
a/anderju01,2015-16,1449000,Justin Anderson,exact_normalized,0.99
p/plumlma01,2015-16,1415520,Mason Plumlee,exact_normalized,0.99
a/adamsjo01,2015-16,1404600,Jordan Adams,exact_normalized,0.99
p/portibo01,2015-16,1391160,Bobby Portis,exact_normalized,0.99
b/bargnan01,2015-16,1362897,Andrea Bargnani,exact_normalized,0.99
h/hillso01,2015-16,1358880,Solomon Hill,exact_normalized,0.99
h/hoodro01,2015-16,1348440,Rodney Hood,exact_normalized,0.99
h/holliro01,2015-16,1335480,Rondae Hollis Jefferson,fuzzy_95,0.957
g/geeal01,2015-16,1320000,Alonzo Gee,exact_normalized,0.99
j/jokicni01,2015-16,1300000,Nikola Jokic,exact_normalized,0.99
n/napiesh01,2015-16,1294440,Shabazz Napier,exact_normalized,0.99
j/jonesty01,2015-16,1282080,Tyus Jones,exact_normalized,0.99
k/kaunsa01,2015-16,1276000,Sasha Kaun,exact_normalized,0.99
m/mcgeeja01,2015-16,1270964,JaVale McGee,exact_normalized,0.99
m/martica01,2015-16,1270964,Cartier Martin,exact_normalized,0.99
b/bullore01,2015-16,1252440,Reggie Bullock Jr.,exact_normalized,0.99
c/capelca01,2015-16,1242720,Clint Capela,exact_normalized,0.99
m/martija01,2015-16,1230840,Jarell Martin,exact_normalized,0.99
r/roberan03,2015-16,1210800,Andre Roberson,exact_normalized,0.99
h/hairspj02,2015-16,1201440,P.J. Hairston,exact_normalized,0.99
m/marjabo01,2015-16,1200000,Boban Marjanovic,exact_normalized,0.99
c/clarkea01,2015-16,1185784,Earl Clark,exact_normalized,0.99
g/goberru01,2015-16,1175880,Rudy Gobert,exact_normalized,0.99
m/mickejo01,2015-16,1170960,Jordan Mickey,exact_normalized,0.99
d/douglto01,2015-16,1164858,Toney Douglas,exact_normalized,0.99
g/goodwar01,2015-16,1160160,Archie Goodwin,exact_normalized,0.99
w/wilcocj01,2015-16,1159680,CJ Wilcox,exact_normalized,0.99
c/copelch01,2015-16,1150000,Chris Copeland,exact_normalized,0.99
r/rudezda01,2015-16,1149500,Damjan Rudez,exact_normalized,0.99
h/hunterj01,2015-16,1148640,RJ Hunter,exact_normalized,0.99
d/dellama01,2015-16,1147276,Matthew Dellavedova,exact_normalized,0.99
a/anderky01,2015-16,1142880,Kyle Anderson,exact_normalized,0.99
h/huestjo01,2015-16,1140240,Josh Huestis,exact_normalized,0.99
m/mcculch01,2015-16,1140240,Chris McCullough,exact_normalized,0.99
l/looneke01,2015-16,1131960,Kevon Looney,exact_normalized,0.99
t/templga01,2015-16,1100602,Garrett Temple,exact_normalized,0.99
j/johnswe01,2015-16,1100602,Wesley Johnson,exact_normalized,0.99
b/babbilu01,2015-16,1100602,Luke Babbitt,exact_normalized,0.99
w/walkebi01,2015-16,1100602,Henry Walker,exact_normalized,0.99
e/evansje01,2015-16,1100602,Jeremy Evans,exact_normalized,0.99
a/aldrico01,2015-16,1100602,Cole Aldrich,exact_normalized,0.99
h/holmeri01,2015-16,1074169,Richaun Holmes,exact_normalized,0.99
l/leuerjo01,2015-16,1035000,Jon Leuer,exact_normalized,0.99
a/anderja01,2015-16,1015421,James Anderson,exact_normalized,0.99
m/mooreet01,2015-16,1015421,E'Twaun Moore,exact_normalized,0.99
h/hudsole01,2015-16,1015421,Lester Hudson,exact_normalized,0.99
d/dorsejo01,2015-16,1015421,Joey Dorsey,exact_normalized,0.99
h/hamiljo02,2015-16,1015421,Jordan Hamilton,exact_normalized,0.99
c/chrisra01,2015-16,1007026,Rakeem Christmas,exact_normalized,0.99
y/youngjo01,2015-16,1007026,Joe Young,exact_normalized,0.99
h/harremo01,2015-16,1000000,Montrezl Harrell,exact_normalized,0.99
c/covinro01,2015-16,1000000,Robert Covington,exact_normalized,0.99
h/humphkr01,2015-16,1000000,Kris Humphries,exact_normalized,0.99
w/whiteha01,2015-16,981348,Hassan Whiteside,exact_normalized,0.99
a/acyqu01,2015-16,981348,Quincy Acy,exact_normalized,0.99
m/mcneaje01,2015-16,981348,Jerel McNeal,exact_normalized,0.99
j/jenkijo01,2015-16,981348,John Jenkins,exact_normalized,0.99
s/sacrero01,2015-16,981348,Robert Sacre,exact_normalized,0.99
r/robinth01,2015-16,981348,Thomas Robinson,exact_normalized,0.99
p/prigipa01,2015-16,947726,Pablo Prigioni,exact_normalized,0.99
c/curryse01,2015-16,947276,Seth Curry,exact_normalized,0.99
s/smithis01,2015-16,947276,Ish Smith,exact_normalized,0.99
h/hansbty01,2015-16,947276,Tyler Hansbrough,exact_normalized,0.99
s/simshe01,2015-16,947276,Henry Sims,exact_normalized,0.99
m/muscami01,2015-16,947276,Mike Muscala,exact_normalized,0.99
b/bonnema01,2015-16,947276,Matt Bonner,exact_normalized,0.99
t/thompho01,2015-16,947276,Hollis Thompson,exact_normalized,0.99
j/jerregr01,2015-16,947276,Grant Jerrett,exact_normalized,0.99
p/pricero01,2015-16,947276,Ronnie Price,exact_normalized,0.99
d/dedmode01,2015-16,947276,Dewayne Dedmon,exact_normalized,0.99
l/ledori01,2015-16,947276,Ricky Ledo,exact_normalized,0.99
v/vujacsa01,2015-16,947276,Sasha Vujacic,exact_normalized,0.99
c/crabbal01,2015-16,947276,Allen Crabbe,exact_normalized,0.99
b/butlera01,2015-16,947276,Rasual Butler,exact_normalized,0.99
p/princta01,2015-16,947276,Tayshaun Prince,exact_normalized,0.99
c/canaais01,2015-16,947276,Isaiah Canaan,exact_normalized,0.99
t/terryja01,2015-16,947276,Jason Terry,exact_normalized,0.99
s/stoudam01,2015-16,947276,Amar'e Stoudemire,exact_normalized,0.99
a/artesro01,2015-16,947276,Metta World Peace,exact_normalized,0.99
w/wilkida02,2015-16,947276,Damien Wilkins,exact_normalized,0.99
b/bennean01,2015-16,947276,Anthony Bennett,exact_normalized,0.99
m/mbahalu01,2015-16,947276,Luc Mbah a Moute,exact_normalized,0.99
h/hayesch01,2015-16,947276,Chuck Hayes,exact_normalized,0.99
g/greenge01,2015-16,947276,Gerald Green,exact_normalized,0.99
b/babbch01,2015-16,947276,Chris Babb,exact_normalized,0.99
c/cunnija01,2015-16,947276,Jared Cunningham,exact_normalized,0.99
f/frankja01,2015-16,947276,Jamaal Franklin,exact_normalized,0.99
d/danietr01,2015-16,947276,Troy Daniels,exact_normalized,0.99
h/holidju01,2015-16,947276,Justin Holiday,exact_normalized,0.99
s/sloando01,2015-16,947276,Donald Sloan,exact_normalized,0.99
j/jefferi01,2015-16,947276,Richard Jefferson,exact_normalized,0.99
m/millemi01,2015-16,947276,Mike Miller,exact_normalized,0.99
w/witheje01,2015-16,947276,Jeff Withey,exact_normalized,0.99
v/villach01,2015-16,947276,Charlie Villanueva,exact_normalized,0.99
d/dalemsa01,2015-16,947276,Samuel Dalembert,exact_normalized,0.99
d/dayeau01,2015-16,947276,Austin Daye,exact_normalized,0.99
p/perkike01,2015-16,947276,Kendrick Perkins,exact_normalized,0.99
j/jonesja02,2015-16,947276,James Jones,exact_normalized,0.99
r/reedwi02,2015-16,947276,Willie Reed,exact_normalized,0.99
c/clarkia01,2015-16,947276,Ian Clark,exact_normalized,0.99
r/robinna01,2015-16,947276,Nate Robinson,exact_normalized,0.99
s/smithjo03,2015-16,947276,Josh Smith,exact_normalized,0.99
r/richaja01,2015-16,947276,Jason Richardson,exact_normalized,0.99
n/netora01,2015-16,900000,Raul Neto,exact_normalized,0.99
f/fredeji01,2015-16,874837,Jimmer Fredette,exact_normalized,0.99
i/inglida01,2015-16,855000,Damien Inglis,exact_normalized,0.99
s/stokeja01,2015-16,845059,Jarnell Stokes,exact_normalized,0.99
s/smithru01,2015-16,845059,Russ Smith,exact_normalized,0.99
c/clarkjo01,2015-16,845059,Jordan Clarkson,exact_normalized,0.99
m/moreler01,2015-16,845059,Eric Moreland,exact_normalized,0.99
b/brownma02,2015-16,845059,Markel Brown,exact_normalized,0.99
j/johnsni01,2015-16,845059,Nick Johnson,exact_normalized,0.99
j/johnsty01,2015-16,845059,Tyler Johnson,exact_normalized,0.99
c/cooleja01,2015-16,845059,Jack Cooley,exact_normalized,0.99
g/grantje01,2015-16,845059,Jerami Grant,exact_normalized,0.99
w/whitete01,2015-16,845059,Terrico White,exact_normalized,0.99
m/mcadoja01,2015-16,845059,James Michael McAdoo,exact_normalized,0.99
e/earlycl01,2015-16,845059,Cleanthony Early,exact_normalized,0.99
o/obryajo01,2015-16,845059,Johnny O'Bryant III,exact_normalized,0.99
b/brownja01,2015-16,845059,Jabari Brown,exact_normalized,0.99
l/landrma01,2015-16,845059,Marcus Landry,exact_normalized,0.99
b/bensoke02,2015-16,845059,Keith Benson,exact_normalized,0.99
d/dinwisp01,2015-16,845059,Spencer Dinwiddie,exact_normalized,0.99
s/stockda01,2015-16,845059,David Stockton,exact_normalized,0.99
g/gallola01,2015-16,845059,Langston Galloway,exact_normalized,0.99
w/whittsh01,2015-16,845059,Shayne Whittington,exact_normalized,0.99
m/marblde01,2015-16,845059,Devyn Marble,exact_normalized,0.99
g/greenja01,2015-16,845059,JaMychal Green,exact_normalized,0.99
t/thomaad01,2015-16,845059,Adonis Thomas,exact_normalized,0.99
h/harrijo01,2015-16,845059,Joe Harris,exact_normalized,0.99
b/bairsca01,2015-16,845059,Cameron Bairstow,exact_normalized,0.99
e/ennisja01,2015-16,845059,James Ennis III,exact_normalized,0.99
b/blackta01,2015-16,845059,Tarik Black,exact_normalized,0.99
m/millsel01,2015-16,845059,Elijah Millsap,exact_normalized,0.99
p/poweldw01,2015-16,845059,Dwight Powell,exact_normalized,0.99
f/fraziti01,2015-16,845059,Tim Frazier,exact_normalized,0.99
p/papanko01,2015-16,800321,Kostas Papanikolaou,exact_normalized,0.99
c/cottobr01,2015-16,700902,Bryce Cotton,exact_normalized,0.99
p/powelno01,2015-16,650000,Norman Powell,exact_normalized,0.99
c/connapa01,2015-16,625093,Pat Connaughton,exact_normalized,0.99
h/hillida01,2015-16,600000,Darrun Hilliard,exact_normalized,0.99
e/eddieja01,2015-16,561716,Jarell Eddie,exact_normalized,0.99
s/simmojo02,2015-16,525093,Jonathon Simmons,exact_normalized,0.99
d/dukandu01,2015-16,525093,Duje Dukan,exact_normalized,0.99
b/burtode02,2015-16,525093,Deonte Burton,exact_normalized,0.99
d/dawsobr01,2015-16,525093,Branden Dawson,exact_normalized,0.99
n/ndourma01,2015-16,525093,Maurice Ndour,exact_normalized,0.99
g/grahatr01,2015-16,525093,Treveon Graham,exact_normalized,0.99
o/obriejj01,2015-16,525093,J.J. O'Brien,exact_normalized,0.99
r/richajo01,2015-16,525093,Josh Richardson,exact_normalized,0.99
w/woodch01,2015-16,525093,Christian Wood,exact_normalized,0.99
w/wilsoja02,2015-16,525093,Jamil Wilson,exact_normalized,0.99
m/mccontj01,2015-16,525093,T.J. McConnell,exact_normalized,0.99
f/frazimi01,2015-16,525093,Michael Frazier II,exact_normalized,0.99
m/montelu01,2015-16,525093,Luis Montero,exact_normalized,0.99
w/whittgr01,2015-16,525093,Greg Whittington,exact_normalized,0.99
h/harriaa01,2015-16,525093,Aaron Harrison,exact_normalized,0.99
m/mejrisa01,2015-16,525093,Salah Mejri,exact_normalized,0.99
j/jackspi01,2015-16,525093,Pierre Jackson,exact_normalized,0.99
f/feliccr01,2015-16,525093,Cristiano Felicio,exact_normalized,0.99
a/alexacl01,2015-16,525093,Cliff Alexander,exact_normalized,0.99
p/pattela01,2015-16,525093,Lamar Patterson,exact_normalized,0.99
b/beaslmi01,2015-16,306527,Michael Beasley,exact_normalized,0.99
n/novakst01,2015-16,295327,Steve Novak,exact_normalized,0.99
v/varejan01,2015-16,289755,Anderson Varejao,exact_normalized,0.99
h/hicksjj01,2015-16,273038,JJ Hickson,exact_normalized,0.99
j/johnsjo02,2015-16,261894,Joe Johnson,exact_normalized,0.99
s/sampsja02,2015-16,258489,JaKarr Sampson,exact_normalized,0.99
m/millean02,2015-16,250750,Andre Miller,exact_normalized,0.99
t/thompja02,2015-16,245177,Jason Thompson,exact_normalized,0.99
h/holliry01,2015-16,239605,Ryan Hollins,exact_normalized,0.99
m/mohamna01,2015-16,222888,Nazr Mohammed,exact_normalized,0.99
l/lawsoty01,2015-16,211744,Ty Lawson,exact_normalized,0.99
b/budinch01,2015-16,206192,Chase Budinger,exact_normalized,0.99
m/martike02,2015-16,200600,Kevin Martin,exact_normalized,0.99
t/thornma01,2015-16,200600,Marcus Thornton,exact_normalized,0.99
g/goudean01,2015-16,200600,Andrew Goudelock,exact_normalized,0.99
g/gutiejo01,2015-16,189455,Jorge Gutierrez,exact_normalized,0.99
d/dejeabr01,2015-16,169883,Bryce Dejean-Jones,exact_normalized,0.99
w/wroteto01,2015-16,167406,Tony Wroten,exact_normalized,0.99
k/kilpase01,2015-16,134215,Sean Kilpatrick,exact_normalized,0.99
p/pendeje02,2015-16,111444,Jeff Ayres,exact_normalized,0.99
m/mcraejo01,2015-16,111196,Jordan McRae,exact_normalized,0.99
g/greener01,2015-16,99418,Erick Green,exact_normalized,0.99
w/willial03,2015-16,83397,Alan Williams,exact_normalized,0.99
a/applike01,2015-16,61776,Keith Appling,exact_normalized,0.99
j/johnsor01,2015-16,55722,Orlando Johnson,exact_normalized,0.99
p/pressph01,2015-16,55722,Phil Pressey,exact_normalized,0.99
w/williel01,2015-16,55722,Elliot Williams,exact_normalized,0.99
j/jeffeco01,2015-16,49709,Cory Jefferson,exact_normalized,0.99
a/antetth01,2015-16,30888,Thanasis Antetokounmpo,exact_normalized,0.99
j/jamesle01,2016-17,30963450,LeBron James,exact_normalized,0.99
d/duranke01,2016-17,26540100,Kevin Durant,exact_normalized,0.99
c/conlemi01,2016-17,26540100,Mike Conley,exact_normalized,0.99
h/hardeja01,2016-17,26540100,James Harden,exact_normalized,0.99
w/westbru01,2016-17,26540100,Russell Westbrook,exact_normalized,0.99
d/derozde01,2016-17,26540100,DeMar DeRozan,exact_normalized,0.99
h/horfoal01,2016-17,26540100,Al Horford,exact_normalized,0.99
n/nowitdi01,2016-17,25000000,Dirk Nowitzki,exact_normalized,0.99
a/anthoca01,2016-17,24559380,Carmelo Anthony,exact_normalized,0.99
l/lillada01,2016-17,24328425,Damian Lillard,exact_normalized,0.99
b/boshch01,2016-17,23741060,Chris Bosh,exact_normalized,0.99
w/wadedw01,2016-17,23200000,Dwyane Wade,exact_normalized,0.99
h/howardw01,2016-17,23180275,Dwight Howard,exact_normalized,0.99
p/paulch01,2016-17,22868827,Chris Paul,exact_normalized,0.99
w/whiteha01,2016-17,22116750,Hassan Whiteside,exact_normalized,0.99
b/barneha02,2016-17,22116750,Harrison Barnes,exact_normalized,0.99
b/bealbr01,2016-17,22116750,Bradley Beal,exact_normalized,0.99
d/davisan02,2016-17,22116750,Anthony Davis,exact_normalized,0.99
d/drumman01,2016-17,22116750,Andre Drummond,exact_normalized,0.99
p/parsoch01,2016-17,22116750,Chandler Parsons,exact_normalized,0.99
r/rosede01,2016-17,21323252,Derrick Rose,exact_normalized,0.99
g/gasolma01,2016-17,21165675,Marc Gasol,exact_normalized,0.99
l/lopezbr01,2016-17,21165675,Brook Lopez,exact_normalized,0.99
l/loveke01,2016-17,21165675,Kevin Love,exact_normalized,0.99
j/jordade01,2016-17,21165675,DeAndre Jordan,exact_normalized,0.99
b/batumni01,2016-17,20869566,Nicolas Batum,exact_normalized,0.99
a/aldrila01,2016-17,20575005,LaMarcus Aldridge,exact_normalized,0.99
g/griffbl01,2016-17,20140839,Blake Griffin,exact_normalized,0.99
m/millspa01,2016-17,20072033,Paul Millsap,exact_normalized,0.99
a/anderry01,2016-17,18735364,Ryan Anderson,exact_normalized,0.99
c/crabbal01,2016-17,18500000,Allen Crabbe,exact_normalized,0.99
g/georgpa01,2016-17,18314532,Paul George,exact_normalized,0.99
d/denglu01,2016-17,18000000,Luol Deng,exact_normalized,0.99
l/leonaka01,2016-17,17638063,Kawhi Leonard,exact_normalized,0.99
i/irvinky01,2016-17,17638063,Kyrie Irving,exact_normalized,0.99
b/butleji01,2016-17,17552209,Jimmy Butler III,exact_normalized,0.99
h/harrito02,2016-17,17200000,Tobias Harris,exact_normalized,0.99
m/monrogr01,2016-17,17145838,Greg Monroe,exact_normalized,0.99
k/kanteen01,2016-17,17145838,Enes Freedom,exact_normalized,0.99
m/matthwe02,2016-17,17145838,Wesley Matthews,exact_normalized,0.99
b/biyombi01,2016-17,17000000,Bismack Biyombo,exact_normalized,0.99
n/noahjo01,2016-17,17000000,Joakim Noah,exact_normalized,0.99
f/fournev01,2016-17,17000000,Evan Fournier,exact_normalized,0.99
w/walljo01,2016-17,16957900,John Wall,exact_normalized,0.99
c/couside01,2016-17,16957900,DeMarcus Cousins,exact_normalized,0.99
t/thompkl01,2016-17,16663575,Klay Thompson,exact_normalized,0.99
t/turneev01,2016-17,16393443,Evan Turner,exact_normalized,0.99
h/haywago01,2016-17,16073140,Gordon Hayward,exact_normalized,0.99
m/mozgoti01,2016-17,16000000,Timofey Mozgov,exact_normalized,0.99
m/mahinia01,2016-17,15944154,Ian Mahinmi,exact_normalized,0.99
d/dragigo01,2016-17,15891725,Goran Dragic,exact_normalized,0.99
b/bazemke01,2016-17,15730338,Kent Bazemore,exact_normalized,0.99
g/gasolpa01,2016-17,15500000,Pau Gasol,exact_normalized,0.99
g/greendr01,2016-17,15330435,Draymond Green,exact_normalized,0.99
t/thomptr01,2016-17,15330435,Tristan Thompson,exact_normalized,0.99
m/middlkh01,2016-17,15200000,Khris Middleton,exact_normalized,0.99
g/gallida01,2016-17,15050000,Danilo Gallinari,exact_normalized,0.99
g/greenje02,2016-17,15000000,Jeff Green,exact_normalized,0.99
j/jacksre01,2016-17,14956522,Reggie Jackson,exact_normalized,0.99
p/parketo01,2016-17,14445313,Tony Parker,exact_normalized,0.99
v/valanjo01,2016-17,14382023,Jonas Valanciunas,exact_normalized,0.99
c/carrode01,2016-17,14200000,DeMarre Carroll,exact_normalized,0.99
y/youngth01,2016-17,14153652,Thaddeus Young,exact_normalized,0.99
g/ginobma01,2016-17,14000000,Manu Ginobili,exact_normalized,0.99
b/bledser01,2016-17,14000000,Eric Bledsoe,exact_normalized,0.99
r/rondora01,2016-17,14000000,Rajon Rondo,exact_normalized,0.99
r/rubiori01,2016-17,13550000,Ricky Rubio,exact_normalized,0.99
g/gayru01,2016-17,13333333,Rudy Gay,exact_normalized,0.99
c/crawfja01,2016-17,13253012,Jamal Crawford,exact_normalized,0.99
l/lopezro01,2016-17,13219250,Robin Lopez,exact_normalized,0.99
k/kiddgmi01,2016-17,13000000,Michael Kidd-Gilchrist,exact_normalized,0.99
s/smithjr01,2016-17,12800000,JR Smith,exact_normalized,0.99
k/knighbr03,2016-17,12606250,Brandon Knight,exact_normalized,0.99
h/hensojo01,2016-17,12517606,John Henson,exact_normalized,0.99
p/plumlmi01,2016-17,12500000,Miles Plumlee,exact_normalized,0.99
c/clarkjo01,2016-17,12500000,Jordan Clarkson,exact_normalized,0.99
a/afflaar01,2016-17,12500000,Arron Afflalo,exact_normalized,0.99
c/chandty01,2016-17,12415000,Tyson Chandler,exact_normalized,0.99
g/gordoer01,2016-17,12385364,Eric Gordon,exact_normalized,0.99
w/willima02,2016-17,12250000,Marvin Williams,exact_normalized,0.99
i/ibakase01,2016-17,12250000,Serge Ibaka,exact_normalized,0.99
c/curryst01,2016-17,12112359,Stephen Curry,exact_normalized,0.99
p/pekovni01,2016-17,12100000,Nikola Pekovic,exact_normalized,0.99
f/farieke01,2016-17,12078652,Kenneth Faried,exact_normalized,0.99
l/lowryky01,2016-17,12000000,Kyle Lowry,exact_normalized,0.99
j/johnsam01,2016-17,12000000,Amir Johnson,exact_normalized,0.99
g/gortama01,2016-17,12000000,Marcin Gortat,exact_normalized,0.99
w/walkeke02,2016-17,12000000,Kemba Walker,exact_normalized,0.99
v/vucevni01,2016-17,11750000,Nikola Vucevic,exact_normalized,0.99
l/linje01,2016-17,11483254,Jeremy Lin,exact_normalized,0.99
h/holidjr01,2016-17,11286518,Jrue Holiday,exact_normalized,0.99
l/leeco01,2016-17,11242000,Courtney Lee,exact_normalized,0.99
h/hillso01,2016-17,11241218,Solomon Hill,exact_normalized,0.99
c/chandwi01,2016-17,11233146,Wilson Chandler,exact_normalized,0.99
i/iguodan01,2016-17,11131368,Andre Iguodala,exact_normalized,0.99
f/favorde01,2016-17,11050000,Derrick Favors,exact_normalized,0.99
r/riverau01,2016-17,11000000,Austin Rivers,exact_normalized,0.99
j/johnsjo02,2016-17,11000000,Joe Johnson,exact_normalized,0.99
l/leuerjo01,2016-17,10991957,Jon Leuer,exact_normalized,0.99
e/ellismo01,2016-17,10763500,Monta Ellis,exact_normalized,0.99
t/teletmi01,2016-17,10500000,Mirza Teletovic,exact_normalized,0.99
d/dudleja01,2016-17,10470000,Jared Dudley,exact_normalized,0.99
r/randoza01,2016-17,10361445,Zach Randolph,exact_normalized,0.99
j/jeffeal01,2016-17,10314532,Al Jefferson,exact_normalized,0.99
e/evansty01,2016-17,10203755,Tyreke Evans,exact_normalized,0.99
b/burksal01,2016-17,10154495,Alec Burks,exact_normalized,0.99
r/rosste01,2016-17,10000000,Terrence Ross,exact_normalized,0.99
g/greenda02,2016-17,10000000,Danny Green,exact_normalized,0.99
a/asikom01,2016-17,9904494,Omer Asik,exact_normalized,0.99
s/shumpim01,2016-17,9662922,Iman Shumpert,exact_normalized,0.99
d/dellama01,2016-17,9607500,Matthew Dellavedova,exact_normalized,0.99
b/bayleje01,2016-17,9424084,Jerryd Bayless,exact_normalized,0.99
b/booketr01,2016-17,9250000,Trevor Booker,exact_normalized,0.99
l/leoname01,2016-17,9213483,Meyers Leonard,exact_normalized,0.99
h/harklma01,2016-17,8988765,Maurice Harkless,exact_normalized,0.99
g/gibsota01,2016-17,8950000,Taj Gibson,exact_normalized,0.99
t/teaguje01,2016-17,8800000,Jeff Teague,exact_normalized,0.99
s/splitti01,2016-17,8550000,Tiago Splitter,exact_normalized,0.99
i/ilyaser01,2016-17,8400000,Ersan Ilyasova,exact_normalized,0.99
p/poweldw01,2016-17,8375000,Dwight Powell,exact_normalized,0.99
b/bradlav01,2016-17,8269663,Avery Bradley,exact_normalized,0.99
m/mooreet01,2016-17,8081363,E'Twaun Moore,exact_normalized,0.99
a/arthuda01,2016-17,8070175,Darrell Arthur,exact_normalized,0.99
k/koufoko01,2016-17,8046500,Kosta Koufos,exact_normalized,0.99
t/templga01,2016-17,8000000,Garrett Temple,exact_normalized,0.99
g/garneke01,2016-17,8000000,Kevin Garnett,exact_normalized,0.99
j/jianlyi01,2016-17,8000000,Yi Jianlian,fuzzy_95,0.95
h/hillge01,2016-17,8000000,George Hill,exact_normalized,0.99
t/tollian01,2016-17,8000000,Anthony Tolliver,exact_normalized,0.99
z/zellety01,2016-17,8000000,Tyler Zeller,exact_normalized,0.99
a/arizatr01,2016-17,7806971,Trevor Ariza,exact_normalized,0.99
f/fryech01,2016-17,7806971,Channing Frye,exact_normalized,0.99
a/aminual01,2016-17,7680965,Al-Farouq Aminu,exact_normalized,0.99
a/aldrico01,2016-17,7643979,Cole Aldrich,exact_normalized,0.99
b/breweco01,2016-17,7612172,Corey Brewer,exact_normalized,0.99
e/ezelife01,2016-17,7400000,Festus Ezeli,exact_normalized,0.99
m/morrima02,2016-17,7400000,Markieff Morris,exact_normalized,0.99
r/redicjj01,2016-17,7377500,JJ Redick,exact_normalized,0.99
j/josepco01,2016-17,7315000,Cory Joseph,exact_normalized,0.99
a/augusdj01,2016-17,7250000,D.J. Augustin,exact_normalized,0.99
d/diawbo01,2016-17,7000000,Boris Diaw,exact_normalized,0.99
s/stuckro01,2016-17,7000000,Rodney Stuckey,exact_normalized,0.99
m/marjabo01,2016-17,7000000,Boban Marjanovic,exact_normalized,0.99
w/willilo02,2016-17,7000000,Lou Williams,exact_normalized,0.99
d/davised01,2016-17,6666667,Ed Davis,exact_normalized,0.99
t/thomais02,2016-17,6587132,Isaiah Thomas,exact_normalized,0.99
o/oladivi01,2016-17,6552961,Victor Oladipo,exact_normalized,0.99
m/meeksjo01,2016-17,6540000,Jodie Meeks,exact_normalized,0.99
l/lambje01,2016-17,6511628,Jeremy Lamb,exact_normalized,0.99
b/baynear01,2016-17,6500000,Aron Baynes,exact_normalized,0.99
l/landrca01,2016-17,6500000,Carl Landry,exact_normalized,0.99
d/duncati01,2016-17,6393750,Tim Duncan,exact_normalized,0.99
h/hawessp01,2016-17,6348759,Spencer Hawes,exact_normalized,0.99
b/belinma01,2016-17,6333333,Marco Belinelli,exact_normalized,0.99
c/crowdja01,2016-17,6286408,Jae Crowder,exact_normalized,0.99
t/thomala01,2016-17,6191000,Lance Thomas,exact_normalized,0.99
b/blackta01,2016-17,6191000,Tarik Black,exact_normalized,0.99
p/pattepa01,2016-17,6050000,Patrick Patterson,exact_normalized,0.99
w/wiggian01,2016-17,6006600,Andrew Wiggins,exact_normalized,0.99
s/smithis01,2016-17,6000000,Ish Smith,exact_normalized,0.99
s/sessira01,2016-17,6000000,Ramon Sessions,exact_normalized,0.99
b/beverpa01,2016-17,6000000,Patrick Beverley,exact_normalized,0.99
e/ellinwa01,2016-17,6000000,Wayne Ellington,exact_normalized,0.99
a/abrinal01,2016-17,5994764,Alex Abrines,exact_normalized,0.99
t/townska01,2016-17,5960160,Karl-Anthony Towns,exact_normalized,0.99
s/simmobe01,2016-17,5903160,Ben Simmons,exact_normalized,0.99
p/porteot01,2016-17,5893981,Otto Porter Jr.,exact_normalized,0.99
m/mirotni01,2016-17,5782450,Nikola Mirotic,exact_normalized,0.99
l/livinsh01,2016-17,5782450,Shaun Livingston,exact_normalized,0.99
m/mcrobjo01,2016-17,5782450,Josh McRoberts,exact_normalized,0.99
w/wrighbr03,2016-17,5709880,Brandan Wright,exact_normalized,0.99
j/johnswe01,2016-17,5628000,Wesley Johnson,exact_normalized,0.99
j/johnsty01,2016-17,5628000,Tyler Johnson,exact_normalized,0.99
s/sullija01,2016-17,5628000,Jared Sullinger,exact_normalized,0.99
a/allento01,2016-17,5505618,Tony Allen,exact_normalized,0.99
s/scolalu01,2016-17,5500000,Luis Scola,exact_normalized,0.99
y/youngni01,2016-17,5443918,Nick Young,exact_normalized,0.99
p/parkeja01,2016-17,5374320,Jabari Parker,exact_normalized,0.99
r/russeda01,2016-17,5332800,D'Angelo Russell,exact_normalized,0.99
z/zelleco01,2016-17,5318313,Cody Zeller,exact_normalized,0.99
t/tuckepj01,2016-17,5300000,P.J. Tucker,exact_normalized,0.99
i/ingrabr01,2016-17,5281680,Brandon Ingram,exact_normalized,0.99
k/korveky01,2016-17,5239437,Kyle Korver,exact_normalized,0.99
c/collida01,2016-17,5229454,Darren Collison,exact_normalized,0.99
g/gallola01,2016-17,5200000,Langston Galloway,exact_normalized,0.99
w/watsocj01,2016-17,5000000,C.J. Watson,exact_normalized,0.99
j/jennibr01,2016-17,5000000,Brandon Jennings,exact_normalized,0.99
j/jerebjo01,2016-17,5000000,Jonas Jerebko,exact_normalized,0.99
h/hibbero01,2016-17,5000000,Roy Hibbert,exact_normalized,0.99
s/smithja02,2016-17,5000000,Jason Smith,exact_normalized,0.99
s/singlky01,2016-17,4837500,Kyle Singler,exact_normalized,0.99
e/embiijo01,2016-17,4826160,Joel Embiid,exact_normalized,0.99
l/lenal01,2016-17,4823621,Alex Len,exact_normalized,0.99
o/okafoja01,2016-17,4788840,Jahlil Okafor,exact_normalized,0.99
b/brownja02,2016-17,4743000,Jaylen Brown,exact_normalized,0.99
a/ajincal01,2016-17,4638203,Alexis Ajinca,exact_normalized,0.99
m/morrima03,2016-17,4625000,Marcus Morris Sr.,exact_normalized,0.99
m/milescj01,2016-17,4583450,CJ Miles,exact_normalized,0.99
n/nelsoja01,2016-17,4540525,Jameer Nelson,exact_normalized,0.99
n/noelne01,2016-17,4384490,Nerlens Noel,exact_normalized,0.99
g/gordoaa01,2016-17,4351320,Aaron Gordon,exact_normalized,0.99
v/vasqugr01,2016-17,4347826,Greivis Vasquez,exact_normalized,0.99
p/porzikr01,2016-17,4317720,Kristaps Porzingis,exact_normalized,0.99
b/bendedr01,2016-17,4276320,Dragan Bender,exact_normalized,0.99
c/cartevi01,2016-17,4264057,Vince Carter,exact_normalized,0.99
h/harride01,2016-17,4227996,Devin Harris,exact_normalized,0.99
b/bareajo01,2016-17,4096950,J.J. Barea,exact_normalized,0.99
m/mclembe01,2016-17,4008882,Ben McLemore,exact_normalized,0.99
a/allenla01,2016-17,4000000,Lavoy Allen,exact_normalized,0.99
b/barbole01,2016-17,4000000,Leandro Barbosa,exact_normalized,0.99
h/humphkr01,2016-17,4000000,Kris Humphries,exact_normalized,0.99
h/hilljo01,2016-17,4000000,Jordan Hill,exact_normalized,0.99
h/hasleud01,2016-17,4000000,Udonis Haslem,exact_normalized,0.99
s/stephla01,2016-17,4000000,Lance Stephenson,exact_normalized,0.99
j/johnsja01,2016-17,4000000,James Johnson,exact_normalized,0.99
e/exumda01,2016-17,3940320,Dante Exum,exact_normalized,0.99
o/oquinky01,2016-17,3918750,Kyle O'Quinn,exact_normalized,0.99
d/dunnkr01,2016-17,3872520,Kris Dunn,exact_normalized,0.99
s/sefolth01,2016-17,3850000,Thabo Sefolosha,exact_normalized,0.99
b/bjeline01,2016-17,3800000,Nemanja Bjelica,exact_normalized,0.99
c/collini01,2016-17,3750000,Nick Collison,exact_normalized,0.99
b/bogdabo02,2016-17,3730653,Bojan Bogdanovic,exact_normalized,0.99
c/caldwke01,2016-17,3678319,Kentavious Caldwell-Pope,exact_normalized,0.99
p/pondequ01,2016-17,3617978,Quincy Pondexter,exact_normalized,0.99
m/millspa02,2016-17,3578948,Patty Mills,exact_normalized,0.99
s/smartma01,2016-17,3578880,Marcus Smart,exact_normalized,0.99
c/caulewi01,2016-17,3551160,Willie Cauley-Stein,exact_normalized,0.99
g/goodedr01,2016-17,3547000,Drew Gooden,exact_normalized,0.99
b/bartowi01,2016-17,3533333,Will Barton,exact_normalized,0.99
p/piercpa01,2016-17,3527920,Paul Pierce,exact_normalized,0.99
h/hieldbu01,2016-17,3517200,Buddy Hield,exact_normalized,0.99
m/millemi01,2016-17,3500000,Mike Miller,exact_normalized,0.99
m/morroan01,2016-17,3488000,Anthony Morrow,exact_normalized,0.99
b/burketr01,2016-17,3386598,Trey Burke,exact_normalized,0.99
s/scottmi01,2016-17,3333334,Mike Scott,exact_normalized,0.99
m/mcdankj01,2016-17,3333333,KJ McDaniels,exact_normalized,0.99
d/danietr01,2016-17,3332940,Troy Daniels,exact_normalized,0.99
r/randlju01,2016-17,3267120,Julius Randle,exact_normalized,0.99
m/mudiaem01,2016-17,3241800,Emmanuel Mudiay,exact_normalized,0.99
m/mccolcj01,2016-17,3219579,CJ McCollum,exact_normalized,0.99
m/murraja01,2016-17,3210840,Jamal Murray,exact_normalized,0.99
c/cartemi01,2016-17,3183526,Michael Carter-Williams,exact_normalized,0.99
a/adamsst01,2016-17,3140517,Steven Adams,exact_normalized,0.99
o/olynyke01,2016-17,3094014,Kelly Olynyk,exact_normalized,0.99
m/muhamsh01,2016-17,3046299,Shabazz Muhammad,exact_normalized,0.99
h/hamilju01,2016-17,3000000,Justin Hamilton,exact_normalized,0.99
p/pleisti01,2016-17,3000000,Tibor Pleiss,exact_normalized,0.99
a/antetgi01,2016-17,2995421,Giannis Antetokounmpo,exact_normalized,0.99
s/stausni01,2016-17,2993040,Nik Stauskas,exact_normalized,0.99
c/cunnida01,2016-17,2978250,Dante Cunningham,exact_normalized,0.99
j/johnsst04,2016-17,2969880,Stanley Johnson,exact_normalized,0.99
c/chrisma01,2016-17,2941440,Marquese Chriss,exact_normalized,0.99
c/curryse01,2016-17,2898000,Seth Curry,exact_normalized,0.99
d/dedmode01,2016-17,2898000,Dewayne Dedmon,exact_normalized,0.99
k/kuzmimi01,2016-17,2898000,Mindaugas Kuzminskas,exact_normalized,0.99
w/waitedi01,2016-17,2898000,Dion Waiters,exact_normalized,0.99
p/pachuza01,2016-17,2898000,Zaza Pachulia,exact_normalized,0.99
e/ennisja01,2016-17,2898000,James Ennis III,exact_normalized,0.99
s/satorto01,2016-17,2870813,Tomas Satoransky,exact_normalized,0.99
v/vonleno01,2016-17,2751360,Noah Vonleh,exact_normalized,0.99
k/kaminfr01,2016-17,2730000,Frank Kaminsky,exact_normalized,0.99
s/schrode01,2016-17,2708582,Dennis Schroder,exact_normalized,0.99
p/poeltja01,2016-17,2703960,Jakob Poeltl,exact_normalized,0.99
b/brookaa01,2016-17,2700000,Aaron Brooks,exact_normalized,0.99
w/winslju01,2016-17,2593440,Justise Winslow,exact_normalized,0.99
m/makerth01,2016-17,2568600,Thon Maker,exact_normalized,0.99
f/foyera01,2016-17,2500000,Randy Foye,exact_normalized,0.99
j/jefferi01,2016-17,2500000,Richard Jefferson,exact_normalized,0.99
d/delanma01,2016-17,2500000,Malcolm Delaney,exact_normalized,0.99
m/mcderdo01,2016-17,2483040,Doug McDermott,exact_normalized,0.99
t/turnemy01,2016-17,2463840,Myles Turner,exact_normalized,0.99
s/sabondo01,2016-17,2440200,Domantas Sabonis,exact_normalized,0.99
m/macksh01,2016-17,2433334,Shelvin Mack,exact_normalized,0.99
s/snellto01,2016-17,2368327,Tony Snell,exact_normalized,0.99
d/dienggo01,2016-17,2348783,Gorgui Dieng,exact_normalized,0.99
l/lylestr01,2016-17,2340600,Trey Lyles,exact_normalized,0.99
p/plumlma01,2016-17,2328530,Mason Plumlee,exact_normalized,0.99
p/princta02,2016-17,2318280,Taurean Prince,exact_normalized,0.99
s/saricda01,2016-17,2318280,Dario Saric,exact_normalized,0.99
b/bullore01,2016-17,2255644,Reggie Bullock Jr.,exact_normalized,0.99
l/lavinza01,2016-17,2240880,Zach LaVine,exact_normalized,0.99
b/bookede01,2016-17,2223600,Devin Booker,exact_normalized,0.99
m/mbahalu01,2016-17,2203000,Luc Mbah a Moute,exact_normalized,0.99
p/papagge01,2016-17,2202240,Georgios Papagiannis,exact_normalized,0.99
w/willima01,2016-17,2194500,Mo Williams,exact_normalized,0.99
r/roberan03,2016-17,2183072,Andre Roberson,exact_normalized,0.99
i/inglejo01,2016-17,2150000,Joe Ingles,exact_normalized,0.99
w/warretj01,2016-17,2128920,T.J. Warren,exact_normalized,0.99
g/goberru01,2016-17,2121288,Rudy Gobert,exact_normalized,0.99
p/payneca01,2016-17,2112480,Cameron Payne,exact_normalized,0.99
v/valende01,2016-17,2092200,Denzel Valentine,exact_normalized,0.99
f/fraziti01,2016-17,2090000,Tim Frazier,exact_normalized,0.99
m/marshke01,2016-17,2048257,Kendall Marshall,exact_normalized,0.99
p/paynead01,2016-17,2022240,Adreian Payne,exact_normalized,0.99
o/oubreke01,2016-17,2006640,Kelly Oubre Jr.,exact_normalized,0.99
h/hernaju01,2016-17,1987440,Juancho Hernangomez,exact_normalized,0.99
n/noguelu01,2016-17,1921320,Lucas Nogueira,exact_normalized,0.99
n/nurkiju01,2016-17,1921320,Jusuf Nurkic,exact_normalized,0.99
r/roziete01,2016-17,1906440,Terry Rozier,exact_normalized,0.99
y/youngja01,2016-17,1825200,James Young,exact_normalized,0.99
v/vaughra01,2016-17,1811040,Rashad Vaughn,exact_normalized,0.99
s/serapke01,2016-17,1800000,Kevin Seraphin,exact_normalized,0.99
b/baldwwa01,2016-17,1793760,Wade Baldwin IV,exact_normalized,0.99
a/acyqu01,2016-17,1790092,Quincy Acy,exact_normalized,0.99
e/ennisty01,2016-17,1733880,Tyler Ennis,exact_normalized,0.99
d/dekkesa01,2016-17,1720560,Sam Dekker,exact_normalized,0.99
l/lauvejo01,2016-17,1709719,Joffrey Lauvergne,exact_normalized,0.99
e/ellenhe01,2016-17,1704120,Henry Ellenson,exact_normalized,0.99
h/harriga01,2016-17,1655880,Gary Harris,exact_normalized,0.99
g/grantje02,2016-17,1643040,Jerian Grant,exact_normalized,0.99
b/beaslma01,2016-17,1627320,Malik Beasley,exact_normalized,0.99
w/wrighde01,2016-17,1577280,Delon Wright,exact_normalized,0.99
l/leverca01,2016-17,1562280,Caris LeVert,exact_normalized,0.99
l/leeda02,2016-17,1551659,David Lee,exact_normalized,0.99
b/butleca01,2016-17,1551659,Caron Butler,exact_normalized,0.99
m/mcgarmi01,2016-17,1526040,Mitch McGary,exact_normalized,0.99
a/anderju01,2016-17,1514160,Justin Anderson,exact_normalized,0.99
b/bembrde01,2016-17,1499760,DeAndre' Bembry,exact_normalized,0.99
a/adamsjo01,2016-17,1465080,Jordan Adams,exact_normalized,0.99
p/portibo01,2016-17,1453680,Bobby Portis,exact_normalized,0.99
j/jacksde01,2016-17,1450000,Demetrius Jackson,exact_normalized,0.99
r/richama01,2016-17,1439800,Malachi Richardson,exact_normalized,0.99
h/hoodro01,2016-17,1406520,Rodney Hood,exact_normalized,0.99
m/mcgeeja01,2016-17,1403611,JaVale McGee,exact_normalized,0.99
s/speigma01,2016-17,1403611,Marreese Speights,exact_normalized,0.99
b/beaslmi01,2016-17,1403611,Michael Beasley,exact_normalized,0.99
h/holliro01,2016-17,1395600,Rondae Hollis Jefferson,fuzzy_95,0.957
d/davisde01,2016-17,1369299,Deyonta Davis,exact_normalized,0.99
j/jokicni01,2016-17,1358500,Nikola Jokic,exact_normalized,0.99
n/napiesh01,2016-17,1350120,Shabazz Napier,exact_normalized,0.99
h/hernawi01,2016-17,1350000,Willy Hernangomez,exact_normalized,0.99
j/jonesty01,2016-17,1339680,Tyus Jones,exact_normalized,0.99
k/kaunsa01,2016-17,1333240,Sasha Kaun,exact_normalized,0.99
l/luwawti01,2016-17,1326960,Timothe Luwawu-Cabarrot,exact_normalized,0.99
c/capelca01,2016-17,1296240,Clint Capela,exact_normalized,0.99
m/martija01,2016-17,1286160,Jarell Martin,exact_normalized,0.99
j/johnsbr02,2016-17,1273920,Brice Johnson,exact_normalized,0.99
b/babbilu01,2016-17,1227286,Luke Babbitt,exact_normalized,0.99
e/evansje01,2016-17,1227286,Jeremy Evans,exact_normalized,0.99
m/mickejo01,2016-17,1223653,Jordan Mickey,exact_normalized,0.99
w/wilcocj01,2016-17,1209600,CJ Wilcox,exact_normalized,0.99
s/siakapa01,2016-17,1196040,Pascal Siakam,exact_normalized,0.99
a/anderky01,2016-17,1192080,Kyle Anderson,exact_normalized,0.99
h/huestjo01,2016-17,1191480,Josh Huestis,exact_normalized,0.99
m/mcculch01,2016-17,1191480,Chris McCullough,exact_normalized,0.99
l/labissk01,2016-17,1188840,Skal Labissiere,exact_normalized,0.99
l/looneke01,2016-17,1182840,Kevon Looney,exact_normalized,0.99
m/murrade01,2016-17,1180080,Dejounte Murray,exact_normalized,0.99
j/jonesda03,2016-17,1171560,Damian Jones,exact_normalized,0.99
w/whiteis01,2016-17,1074145,Isaiah Whitehead,exact_normalized,0.99
c/chrisra01,2016-17,1052342,Rakeem Christmas,exact_normalized,0.99
y/youngjo01,2016-17,1052342,Joe Young,exact_normalized,0.99
w/wroteto01,2016-17,1050961,Tony Wroten,exact_normalized,0.99
j/jenkijo01,2016-17,1050961,John Jenkins,exact_normalized,0.99
h/harremo01,2016-17,1045000,Montrezl Harrell,exact_normalized,0.99
z/zubaciv01,2016-17,1034956,Ivica Zubac,exact_normalized,0.99
h/holmeri01,2016-17,1025831,Richaun Holmes,exact_normalized,0.99
m/muscami01,2016-17,1015696,Mike Muscala,exact_normalized,0.99
c/covinro01,2016-17,1015696,Robert Covington,exact_normalized,0.99
c/canaais01,2016-17,1015696,Isaiah Canaan,exact_normalized,0.99
l/liggide01,2016-17,1015696,DeAndre Liggins,exact_normalized,0.99
b/bennean01,2016-17,1015696,Anthony Bennett,exact_normalized,0.99
g/goudean01,2016-17,1015696,Andrew Goudelock,exact_normalized,0.99
h/holidju01,2016-17,1015696,Justin Holiday,exact_normalized,0.99
w/witheje01,2016-17,1015696,Jeff Withey,exact_normalized,0.99
r/reedwi02,2016-17,1015696,Willie Reed,exact_normalized,0.99
r/roberbr01,2016-17,980431,Brian Roberts,exact_normalized,0.99
s/stokeja01,2016-17,980431,Jarnell Stokes,exact_normalized,0.99
l/lawsoty01,2016-17,980431,Ty Lawson,exact_normalized,0.99
w/woltena01,2016-17,980431,Nate Wolters,exact_normalized,0.99
s/simshe01,2016-17,980431,Henry Sims,exact_normalized,0.99
m/moreler01,2016-17,980431,Eric Moreland,exact_normalized,0.99
b/brownma02,2016-17,980431,Markel Brown,exact_normalized,0.99
f/feltora01,2016-17,980431,Raymond Felton,exact_normalized,0.99
f/farmajo01,2016-17,980431,Jordan Farmar,exact_normalized,0.99
g/grantje01,2016-17,980431,Jerami Grant,exact_normalized,0.99
s/stiemgr01,2016-17,980431,Greg Stiemsma,exact_normalized,0.99
m/mcadoja01,2016-17,980431,James Michael McAdoo,exact_normalized,0.99
j/jeffeco01,2016-17,980431,Cory Jefferson,exact_normalized,0.99
b/brandel01,2016-17,980431,Elton Brand,exact_normalized,0.99
r/rudezda01,2016-17,980431,Damjan Rudez,exact_normalized,0.99
o/onuakar01,2016-17,980431,Arinze Onuaku,exact_normalized,0.99
a/amundlo01,2016-17,980431,Lou Amundson,exact_normalized,0.99
v/vujacsa01,2016-17,980431,Sasha Vujacic,exact_normalized,0.99
t/thornma01,2016-17,980431,Marcus Thornton,exact_normalized,0.99
m/murryto01,2016-17,980431,Toure' Murry,exact_normalized,0.99
b/butlera01,2016-17,980431,Rasual Butler,exact_normalized,0.99
j/johnsor01,2016-17,980431,Orlando Johnson,exact_normalized,0.99
h/henryxa01,2016-17,980431,Xavier Henry,exact_normalized,0.99
n/novakst01,2016-17,980431,Steve Novak,exact_normalized,0.99
t/terryja01,2016-17,980431,Jason Terry,exact_normalized,0.99
a/artesro01,2016-17,980431,Metta World Peace,exact_normalized,0.99
a/anderal01,2016-17,980431,Alan Anderson,exact_normalized,0.99
b/bassbr01,2016-17,980431,Brandon Bass,exact_normalized,0.99
w/wrighdo01,2016-17,980431,Dorell Wright,exact_normalized,0.99
s/sampsja02,2016-17,980431,JaKarr Sampson,exact_normalized,0.99
w/whittsh01,2016-17,980431,Shayne Whittington,exact_normalized,0.99
p/prigipa01,2016-17,980431,Pablo Prigioni,exact_normalized,0.99
g/greenge01,2016-17,980431,Gerald Green,exact_normalized,0.99
p/pressph01,2016-17,980431,Phil Pressey,exact_normalized,0.99
m/marblde01,2016-17,980431,Devyn Marble,exact_normalized,0.99
g/greenja01,2016-17,980431,JaMychal Green,exact_normalized,0.99
w/williel01,2016-17,980431,Elliot Williams,exact_normalized,0.99
w/westda01,2016-17,980431,David West,exact_normalized,0.99
h/harrijo01,2016-17,980431,Joe Harris,exact_normalized,0.99
b/bairsca01,2016-17,980431,Cameron Bairstow,exact_normalized,0.99
u/udrihbe01,2016-17,980431,Beno Udrih,exact_normalized,0.99
g/gutiejo01,2016-17,980431,Jorge Gutierrez,exact_normalized,0.99
h/hummero01,2016-17,980431,Robbie Hummel,exact_normalized,0.99
v/varejan01,2016-17,980431,Anderson Varejao,exact_normalized,0.99
j/jonesja02,2016-17,980431,James Jones,exact_normalized,0.99
a/anderch01,2016-17,980431,Chris Andersen,exact_normalized,0.99
k/kilpase01,2016-17,980431,Sean Kilpatrick,exact_normalized,0.99
c/clarkia01,2016-17,980431,Ian Clark,exact_normalized,0.99
s/sacrero01,2016-17,980431,Robert Sacre,exact_normalized,0.99
r/robinth01,2016-17,980431,Thomas Robinson,exact_normalized,0.99
b/bynumwi01,2016-17,980431,Will Bynum,exact_normalized,0.99
z/zimmest01,2016-17,950000,Stephen Zimmerman,exact_normalized,0.99
h/harrian01,2016-17,945000,Andrew Harrison,exact_normalized,0.99
n/netora01,2016-17,937800,Raul Neto,exact_normalized,0.99
b/brogdma01,2016-17,925000,Malcolm Brogdon,exact_normalized,0.99
u/ulisty01,2016-17,918369,Tyler Ulis,exact_normalized,0.99
s/stephdj01,2016-17,874636,DJ Stephens,exact_normalized,0.99
k/kennedj01,2016-17,874636,D.J. Kennedy,exact_normalized,0.99
s/simmojo02,2016-17,874636,Jonathon Simmons,exact_normalized,0.99
w/wareca01,2016-17,874636,Casper Ware,exact_normalized,0.99
j/johnsni01,2016-17,874636,Nick Johnson,exact_normalized,0.99
h/hillida01,2016-17,874636,Darrun Hilliard,exact_normalized,0.99
d/dukandu01,2016-17,874636,Duje Dukan,exact_normalized,0.99
j/jerregr01,2016-17,874636,Grant Jerrett,exact_normalized,0.99
d/dawsobr01,2016-17,874636,Branden Dawson,exact_normalized,0.99
m/murphke01,2016-17,874636,Kevin Murphy,exact_normalized,0.99
w/willial03,2016-17,874636,Alan Williams,exact_normalized,0.99
m/munfoxa02,2016-17,874636,Xavier Munford,exact_normalized,0.99
c/connapa01,2016-17,874636,Pat Connaughton,exact_normalized,0.99
o/obriejj01,2016-17,874636,J.J. O'Brien,exact_normalized,0.99
r/richajo01,2016-17,874636,Josh Richardson,exact_normalized,0.99
b/bensoke02,2016-17,874636,Keith Benson,exact_normalized,0.99
w/woodch01,2016-17,874636,Christian Wood,exact_normalized,0.99
w/weartr01,2016-17,874636,Travis Wear,exact_normalized,0.99
p/powelno01,2016-17,874636,Norman Powell,exact_normalized,0.99
m/mccontj01,2016-17,874636,T.J. McConnell,exact_normalized,0.99
m/montelu01,2016-17,874636,Luis Montero,exact_normalized,0.99
m/mcraejo01,2016-17,874636,Jordan McRae,exact_normalized,0.99
h/harriaa01,2016-17,874636,Aaron Harrison,exact_normalized,0.99
m/mejrisa01,2016-17,874636,Salah Mejri,exact_normalized,0.99
h/hollajo02,2016-17,874636,John Holland,exact_normalized,0.99
f/feliccr01,2016-17,874636,Cristiano Felicio,exact_normalized,0.99
a/alexacl01,2016-17,874636,Cliff Alexander,exact_normalized,0.99
h/hunterj01,2016-17,864346,RJ Hunter,exact_normalized,0.99
z/zipsepa01,2016-17,750000,Paul Zipser,exact_normalized,0.99
d/dinwisp01,2016-17,726672,Spencer Dinwiddie,exact_normalized,0.99
b/brownbo02,2016-17,680534,Bobby Brown,exact_normalized,0.99
h/hammoaj01,2016-17,650000,AJ Hammons,exact_normalized,0.99
g/gbinimi01,2016-17,650000,Michael Gbinije,exact_normalized,0.99
n/niangge01,2016-17,650000,Georges Niang,exact_normalized,0.99
b/bolomjo01,2016-17,600000,Joel Bolomboy,exact_normalized,0.99
l/laymaja01,2016-17,600000,Jake Layman,exact_normalized,0.99
p/paigema01,2016-17,543471,Marcus Paige,exact_normalized,0.99
b/bertada01,2016-17,543471,Davis Bertans,exact_normalized,0.99
h/huntevi01,2016-17,543471,Vince Hunter,fuzzy_92,0.923
h/harrish01,2016-17,543471,Shaquille Harrison,exact_normalized,0.99
m/mccawpa01,2016-17,543471,Patrick McCaw,exact_normalized,0.99
f/feldeka01,2016-17,543471,Kay Felder,exact_normalized,0.99
w/wiltjky01,2016-17,543471,Kyle Wiltjer,exact_normalized,0.99
o/ochefda01,2016-17,543471,Daniel Ochefu,exact_normalized,0.99
b/bakerro01,2016-17,543471,Ron Baker,exact_normalized,0.99
j/jonesja04,2016-17,543471,Jalen Jones,exact_normalized,0.99
c/colliky01,2016-17,543471,Kyle Collinsworth,exact_normalized,0.99
c/chrisse01,2016-17,543471,Semaj Christon,exact_normalized,0.99
c/costema01,2016-17,543471,Matt Costello,exact_normalized,0.99
l/laproni01,2016-17,543471,Nicolas Laprovittola,exact_normalized,0.99
p/paulbr01,2016-17,543471,Brandon Paul,exact_normalized,0.99
o/onuakch01,2016-17,543471,Chinanu Onuaku,exact_normalized,0.99
n/ndourma01,2016-17,543471,Maurice Ndour,exact_normalized,0.99
w/webbja01,2016-17,543471,James Webb III,exact_normalized,0.99
f/finnedo01,2016-17,543471,Dorian Finney-Smith,exact_normalized,0.99
w/willicj01,2016-17,543471,C.J. Williams,exact_normalized,0.99
f/forbebr01,2016-17,543471,Bryn Forbes,exact_normalized,0.99
g/grahatr01,2016-17,543471,Treveon Graham,exact_normalized,0.99
p/plumlma02,2016-17,543471,Marshall Plumlee,exact_normalized,0.99
d/diallch01,2016-17,543471,Cheick Diallo,exact_normalized,0.99
q/quartti01,2016-17,543471,Tim Quarterman,exact_normalized,0.99
v/vanvlfr01,2016-17,543471,Fred VanVleet,exact_normalized,0.99
m/mcgruro01,2016-17,543471,Rodney McGruder,exact_normalized,0.99
h/houseda01,2016-17,543471,Danuel House Jr.,exact_normalized,0.99
a/arcidry01,2016-17,543471,Ryan Arcidiacono,exact_normalized,0.99
j/jonesde02,2016-17,543471,Derrick Jones Jr.,exact_normalized,0.99
b/bentibe01,2016-17,543471,Ben Bentil,exact_normalized,0.99
w/warneja01,2016-17,543471,Jameel Warney,exact_normalized,0.99
m/mcclesh01,2016-17,543471,Sheldon Mac,exact_normalized,0.99
s/stonedi01,2016-17,543471,Diamond Stone,exact_normalized,0.99
c/carusal01,2016-17,543471,Alex Caruso,exact_normalized,0.99
s/stoneju01,2016-17,543471,Julyan Stone,exact_normalized,0.99
b/brussni01,2016-17,543471,Nicolas Brussino,exact_normalized,0.99
b/barbeca01,2016-17,543471,Cat Barber,exact_normalized,0.99
g/gibsojo01,2016-17,469943,Jonathan Gibson,exact_normalized,0.99
d/douglto01,2016-17,379159,Toney Douglas,exact_normalized,0.99
k/kellyry01,2016-17,286785,Ryan Kelly,exact_normalized,0.99
p/pricero01,2016-17,276828,Ronnie Price,exact_normalized,0.99
w/willide01,2016-17,259526,Deron Williams,exact_normalized,0.99
t/taylois01,2016-17,255000,Isaiah Taylor,exact_normalized,0.99
c/caldejo01,2016-17,247991,Jose Calderon,exact_normalized,0.99
p/pattela01,2016-17,246956,Lamar Patterson,exact_normalized,0.99
b/bogutan01,2016-17,242224,Andrew Bogut,exact_normalized,0.99
b/barnema02,2016-17,242224,Matt Barnes,exact_normalized,0.99
f/ferreyo01,2016-17,207798,Yogi Ferrell,exact_normalized,0.99
s/sandela01,2016-17,207722,Larry Sanders,exact_normalized,0.99
c/crawfjo02,2016-17,173099,Jordan Crawford,exact_normalized,0.99
o/obryajo01,2016-17,161483,Johnny O'Bryant III,exact_normalized,0.99
r/randlch01,2016-17,143860,Chasson Randle,exact_normalized,0.99
c/casspom01,2016-17,138414,Omri Casspi,exact_normalized,0.99
m/mccalra01,2016-17,121112,Ray McCallum,exact_normalized,0.99
t/thompho01,2016-17,115344,Hollis Thompson,exact_normalized,0.99
w/willide02,2016-17,115344,Derrick Williams,exact_normalized,0.99
h/harrima01,2016-17,115344,Manny Harris,exact_normalized,0.99
s/seldewa01,2016-17,83119,Wayne Selden,exact_normalized,0.99
w/willitr02,2016-17,76725,Troy Williams,exact_normalized,0.99
g/goodwar01,2016-17,75000,Archie Goodwin,exact_normalized,0.99
n/nwabada01,2016-17,73528,David Nwaba,exact_normalized,0.99
t/tobeymi01,2016-17,67135,Mike Tobey,exact_normalized,0.99
h/harpeju01,2016-17,57672,Justin Harper,exact_normalized,0.99
g/geeal01,2016-17,57672,Alonzo Gee,exact_normalized,0.99
e/eddieja01,2016-17,57672,Jarell Eddie,exact_normalized,0.99
j/jackja01,2016-17,57672,Jarrett Jack,exact_normalized,0.99
u/uthofja01,2016-17,47953,Jarrod Uthoff,exact_normalized,0.99
p/poythal01,2016-17,35166,Alex Poythress,exact_normalized,0.99
g/garinpa01,2016-17,31969,Patricio Garino,exact_normalized,0.99
j/jackspi01,2016-17,31969,Pierre Jackson,exact_normalized,0.99
m/millsel01,2016-17,23069,Elijah Millsap,exact_normalized,0.99
c/cookqu01,2016-17,15984,Quinn Cook,exact_normalized,0.99
t/toupaax01,2016-17,15435,Axel Toupane,exact_normalized,0.99
j/jonesda02,2016-17,5767,Dahntay Jones,exact_normalized,0.99
c/curryst01,2017-18,37457154,Stephen Curry,exact_normalized,0.99
g/griffbl01,2017-18,32088932,Blake Griffin,exact_normalized,0.99
m/millspa01,2017-18,31269231,Paul Millsap,exact_normalized,0.99
l/lowryky01,2017-18,31200000,Kyle Lowry,exact_normalized,0.99
h/haywago01,2017-18,29727900,Gordon Hayward,exact_normalized,0.99
c/conlemi01,2017-18,28530608,Mike Conley,exact_normalized,0.99
w/westbru01,2017-18,28530608,Russell Westbrook,exact_normalized,0.99
h/hardeja01,2017-18,28299399,James Harden,exact_normalized,0.99
d/derozde01,2017-18,27739975,DeMar DeRozan,exact_normalized,0.99
h/horfoal01,2017-18,27734406,Al Horford,exact_normalized,0.99
a/anthoca01,2017-18,26243760,Carmelo Anthony,exact_normalized,0.99
l/lillada01,2017-18,26153057,Damian Lillard,exact_normalized,0.99
p/porteot01,2017-18,26011913,Otto Porter Jr.,exact_normalized,0.99
h/holidjr01,2017-18,25686667,Jrue Holiday,exact_normalized,0.99
b/bealbr01,2017-18,25434263,Bradley Beal,exact_normalized,0.99
d/drumman01,2017-18,25434263,Andre Drummond,exact_normalized,0.99
w/whiteha01,2017-18,25434262,Hassan Whiteside,exact_normalized,0.99
e/embiijo01,2017-18,25250000,Joel Embiid,exact_normalized,0.99
p/paulch01,2017-18,24599495,Chris Paul,exact_normalized,0.99
a/antetgi01,2017-18,24157303,Giannis Antetokounmpo,exact_normalized,0.99
l/loveke01,2017-18,24119025,Kevin Love,exact_normalized,0.99
b/batumni01,2017-18,24000000,Nicolas Batum,exact_normalized,0.99
m/mccolcj01,2017-18,23962573,CJ McCollum,exact_normalized,0.99
h/howardw01,2017-18,23819725,Dwight Howard,exact_normalized,0.99
d/davisan02,2017-18,23775506,Anthony Davis,exact_normalized,0.99
b/barneha02,2017-18,23112004,Harrison Barnes,exact_normalized,0.99
p/parsoch01,2017-18,23112004,Chandler Parsons,exact_normalized,0.99
l/lopezbr01,2017-18,22642650,Brook Lopez,exact_normalized,0.99
g/gasolma01,2017-18,22642350,Marc Gasol,exact_normalized,0.99
j/jordade01,2017-18,22642350,DeAndre Jordan,exact_normalized,0.99
a/adamsst01,2017-18,22471910,Steven Adams,exact_normalized,0.99
g/goberru01,2017-18,21924719,Rudy Gobert,exact_normalized,0.99
i/ibakase01,2017-18,21666667,Serge Ibaka,exact_normalized,0.99
a/aldrila01,2017-18,21461010,LaMarcus Aldridge,exact_normalized,0.99
o/oladivi01,2017-18,21000000,Victor Oladipo,exact_normalized,0.99
g/gallida01,2017-18,20559599,Danilo Gallinari,exact_normalized,0.99
a/anderry01,2017-18,19578455,Ryan Anderson,exact_normalized,0.99
g/georgpa01,2017-18,19508958,Paul George,exact_normalized,0.99
b/butleji01,2017-18,19301070,Jimmy Butler III,exact_normalized,0.99
j/johnsty01,2017-18,19245370,Tyler Johnson,exact_normalized,0.99
w/walljo01,2017-18,19169800,John Wall,exact_normalized,0.99
t/teaguje01,2017-18,19000000,Jeff Teague,exact_normalized,0.99
h/hillge01,2017-18,19000000,George Hill,exact_normalized,0.99
l/leonaka01,2017-18,18868626,Kawhi Leonard,exact_normalized,0.99
i/irvinky01,2017-18,18868626,Kyrie Irving,exact_normalized,0.99
k/kanteen01,2017-18,18622514,Enes Freedom,exact_normalized,0.99
n/noahjo01,2017-18,18530000,Joakim Noah,exact_normalized,0.99
c/crabbal01,2017-18,18500000,Allen Crabbe,exact_normalized,0.99
d/dragigo01,2017-18,18109175,Goran Dragic,exact_normalized,0.99
b/bazemke01,2017-18,18089887,Kent Bazemore,exact_normalized,0.99
c/couside01,2017-18,18063850,DeMarcus Cousins,exact_normalized,0.99
m/matthwe02,2017-18,17884176,Wesley Matthews,exact_normalized,0.99
t/thompkl01,2017-18,17826150,Klay Thompson,exact_normalized,0.99
c/caldwke01,2017-18,17745894,Kentavious Caldwell-Pope,exact_normalized,0.99
g/greendr01,2017-18,17469565,Draymond Green,exact_normalized,0.99
t/thomptr01,2017-18,17469565,Tristan Thompson,exact_normalized,0.99
d/denglu01,2017-18,17190000,Luol Deng,exact_normalized,0.99
t/turneev01,2017-18,17131148,Evan Turner,exact_normalized,0.99
j/jacksre01,2017-18,17043478,Reggie Jackson,exact_normalized,0.99
b/biyombi01,2017-18,17000000,Bismack Biyombo,exact_normalized,0.99
f/fournev01,2017-18,17000000,Evan Fournier,exact_normalized,0.99
v/valanjo01,2017-18,16539326,Jonas Valanciunas,exact_normalized,0.99
g/gasolpa01,2017-18,16000000,Pau Gasol,exact_normalized,0.99
h/harrito02,2017-18,16000000,Tobias Harris,exact_normalized,0.99
m/mozgoti01,2017-18,16000000,Timofey Mozgov,exact_normalized,0.99
m/mahinia01,2017-18,15944154,Ian Mahinmi,exact_normalized,0.99
s/schrode01,2017-18,15500000,Dennis Schroder,exact_normalized,0.99
p/parketo01,2017-18,15453126,Tony Parker,exact_normalized,0.99
c/carrode01,2017-18,15400000,DeMarre Carroll,exact_normalized,0.99
b/bledser01,2017-18,15000000,Eric Bledsoe,exact_normalized,0.99
i/iguodan01,2017-18,14814815,Andre Iguodala,exact_normalized,0.99
s/smithjr01,2017-18,14720000,JR Smith,exact_normalized,0.99
j/johnsja01,2017-18,14651700,James Johnson,exact_normalized,0.99
l/lopezro01,2017-18,14357750,Robin Lopez,exact_normalized,0.99
r/rubiori01,2017-18,14275000,Ricky Rubio,exact_normalized,0.99
i/inglejo01,2017-18,14136364,Joe Ingles,exact_normalized,0.99
d/dienggo01,2017-18,14112360,Gorgui Dieng,exact_normalized,0.99
w/willima02,2017-18,14087500,Marvin Williams,exact_normalized,0.99
p/plumlma01,2017-18,14041096,Mason Plumlee,exact_normalized,0.99
g/gibsota01,2017-18,14000000,Taj Gibson,exact_normalized,0.99
y/youngth01,2017-18,13964045,Thaddeus Young,exact_normalized,0.99
k/knighbr03,2017-18,13618750,Brandon Knight,exact_normalized,0.99
z/zelleco01,2017-18,13528090,Cody Zeller,exact_normalized,0.99
k/kiddgmi01,2017-18,13000000,Michael Kidd-Gilchrist,exact_normalized,0.99
c/chandty01,2017-18,13000000,Tyson Chandler,exact_normalized,0.99
g/gordoer01,2017-18,12943020,Eric Gordon,exact_normalized,0.99
f/farieke01,2017-18,12921348,Kenneth Faried,exact_normalized,0.99
g/gortama01,2017-18,12782609,Marcin Gortat,exact_normalized,0.99
v/vucevni01,2017-18,12750000,Nikola Vucevic,exact_normalized,0.99
r/riverau01,2017-18,12650000,Austin Rivers,exact_normalized,0.99
o/olynyke01,2017-18,12537527,Kelly Olynyk,exact_normalized,0.99
l/linje01,2017-18,12516746,Jeremy Lin,exact_normalized,0.99
p/plumlmi01,2017-18,12500000,Miles Plumlee,exact_normalized,0.99
c/clarkjo01,2017-18,12500000,Jordan Clarkson,exact_normalized,0.99
m/mirotni01,2017-18,12500000,Nikola Mirotic,exact_normalized,0.99
r/randoza01,2017-18,12307692,Zach Randolph,exact_normalized,0.99
l/leeco01,2017-18,12253780,Courtney Lee,exact_normalized,0.99
h/hillso01,2017-18,12236535,Solomon Hill,exact_normalized,0.99
p/pekovni01,2017-18,12100000,Nikola Pekovic,exact_normalized,0.99
c/chandwi01,2017-18,12016854,Wilson Chandler,exact_normalized,0.99
w/walkeke02,2017-18,12000000,Kemba Walker,exact_normalized,0.99
f/favorde01,2017-18,12000000,Derrick Favors,exact_normalized,0.99
w/waitedi01,2017-18,11550000,Dion Waiters,exact_normalized,0.99
h/hensojo01,2017-18,11327466,John Henson,exact_normalized,0.99
a/asikom01,2017-18,11286516,Omer Asik,exact_normalized,0.99
e/ellismo01,2017-18,11227000,Monta Ellis,exact_normalized,0.99
b/burksal01,2017-18,10845506,Alec Burks,exact_normalized,0.99
m/millspa02,2017-18,10714286,Patty Mills,exact_normalized,0.99
s/snellto01,2017-18,10607143,Tony Snell,exact_normalized,0.99
r/rosste01,2017-18,10500000,Terrence Ross,exact_normalized,0.99
b/bogdabo02,2017-18,10500000,Bojan Bogdanovic,exact_normalized,0.99
t/teletmi01,2017-18,10500000,Mirza Teletovic,exact_normalized,0.99
c/covinro01,2017-18,10464092,Robert Covington,exact_normalized,0.99
s/shumpim01,2017-18,10337079,Iman Shumpert,exact_normalized,0.99
h/harklma01,2017-18,10162922,Maurice Harkless,exact_normalized,0.99
l/leuerjo01,2017-18,10002681,Jon Leuer,exact_normalized,0.99
g/greenda02,2017-18,10000000,Danny Green,exact_normalized,0.99
c/collida01,2017-18,10000000,Darren Collison,exact_normalized,0.99
d/dudleja01,2017-18,10000000,Jared Dudley,exact_normalized,0.99
j/jeffeal01,2017-18,10000000,Al Jefferson,exact_normalized,0.99
l/leoname01,2017-18,9904495,Meyers Leonard,exact_normalized,0.99
d/dellama01,2017-18,9607500,Matthew Dellavedova,exact_normalized,0.99
b/bogdabo01,2017-18,9412280,Bogdan Bogdanovic,exact_normalized,0.99
r/richajo01,2017-18,9367200,Josh Richardson,exact_normalized,0.99
p/powelno01,2017-18,9367200,Norman Powell,exact_normalized,0.99
r/roberan03,2017-18,9259260,Andre Roberson,exact_normalized,0.99
p/poweldw01,2017-18,9003125,Dwight Powell,exact_normalized,0.99
b/bradlav01,2017-18,8808989,Avery Bradley,exact_normalized,0.99
m/morrima02,2017-18,8600000,Markieff Morris,exact_normalized,0.99
b/bayleje01,2017-18,8575916,Jerryd Bayless,exact_normalized,0.99
g/greenja01,2017-18,8533333,JaMychal Green,exact_normalized,0.99
f/feliccr01,2017-18,8470980,Cristiano Felicio,exact_normalized,0.99
m/mooreet01,2017-18,8445024,E'Twaun Moore,exact_normalized,0.99
g/gayru01,2017-18,8406000,Rudy Gay,exact_normalized,0.99
k/koufoko01,2017-18,8393000,Kosta Koufos,exact_normalized,0.99
f/fultzma01,2017-18,8339880,Markelle Fultz,exact_normalized,0.99
t/templga01,2017-18,8000000,Garrett Temple,exact_normalized,0.99
g/garneke01,2017-18,8000000,Kevin Garnett,exact_normalized,0.99
j/jianlyi01,2017-18,8000000,Yi Jianlian,fuzzy_95,0.95
c/cartevi01,2017-18,8000000,Vince Carter,exact_normalized,0.99
j/josepco01,2017-18,7945000,Cory Joseph,exact_normalized,0.99
m/milescj01,2017-18,7936509,CJ Miles,exact_normalized,0.99
l/livinsh01,2017-18,7692308,Shaun Livingston,exact_normalized,0.99
t/tuckepj01,2017-18,7590035,P.J. Tucker,exact_normalized,0.99
b/breweco01,2017-18,7579366,Corey Brewer,exact_normalized,0.99
w/wiggian01,2017-18,7574323,Andrew Wiggins,exact_normalized,0.99
k/korveky01,2017-18,7560000,Kyle Korver,exact_normalized,0.99
d/diawbo01,2017-18,7500000,Boris Diaw,exact_normalized,0.99
l/lambje01,2017-18,7488372,Jeremy Lamb,exact_normalized,0.99
a/arthuda01,2017-18,7464912,Darrell Arthur,exact_normalized,0.99
a/arizatr01,2017-18,7420912,Trevor Ariza,exact_normalized,0.99
f/fryech01,2017-18,7420912,Channing Frye,exact_normalized,0.99
e/ezelife01,2017-18,7400000,Festus Ezeli,exact_normalized,0.99
a/aminual01,2017-18,7319035,Al-Farouq Aminu,exact_normalized,0.99
a/aldrico01,2017-18,7300000,Cole Aldrich,exact_normalized,0.99
a/augusdj01,2017-18,7250000,D.J. Augustin,exact_normalized,0.99
d/dedmode01,2017-18,7200000,Dewayne Dedmon,exact_normalized,0.99
t/thomala01,2017-18,7119650,Lance Thomas,exact_normalized,0.99
r/russeda01,2017-18,7019698,D'Angelo Russell,exact_normalized,0.99
g/gallola01,2017-18,7000000,Langston Galloway,exact_normalized,0.99
s/stuckro01,2017-18,7000000,Rodney Stuckey,exact_normalized,0.99
m/marjabo01,2017-18,7000000,Boban Marjanovic,exact_normalized,0.99
w/willilo02,2017-18,7000000,Lou Williams,exact_normalized,0.99
c/crowdja01,2017-18,6796117,Jae Crowder,exact_normalized,0.99
l/landrca01,2017-18,6500000,Carl Landry,exact_normalized,0.99
s/simmobe01,2017-18,6434520,Ben Simmons,exact_normalized,0.99
d/duncati01,2017-18,6393750,Tim Duncan,exact_normalized,0.99
d/davised01,2017-18,6352531,Ed Davis,exact_normalized,0.99
b/balllo01,2017-18,6286560,Lonzo Ball,exact_normalized,0.99
t/thomais02,2017-18,6261395,Isaiah Thomas,exact_normalized,0.99
t/townska01,2017-18,6216840,Karl-Anthony Towns,exact_normalized,0.99
h/hawessp01,2017-18,6061175,Spencer Hawes,exact_normalized,0.99
m/mcrobjo01,2017-18,6021175,Josh McRoberts,exact_normalized,0.99
m/macksh01,2017-18,6000000,Shelvin Mack,exact_normalized,0.99
s/smithis01,2017-18,6000000,Ish Smith,exact_normalized,0.99
s/simmojo02,2017-18,6000000,Jonathon Simmons,exact_normalized,0.99
w/willial03,2017-18,6000000,Alan Williams,exact_normalized,0.99
t/teodomi01,2017-18,6000000,Milos Teodosic,exact_normalized,0.99
j/johnswe01,2017-18,5882260,Wesley Johnson,exact_normalized,0.99
a/abrinal01,2017-18,5725000,Alex Abrines,exact_normalized,0.99
p/porzikr01,2017-18,5697054,Kristaps Porzingis,exact_normalized,0.99
t/tatumja01,2017-18,5645400,Jayson Tatum,exact_normalized,0.99
s/sullija01,2017-18,5628000,Jared Sullinger,exact_normalized,0.99
i/ingrabr01,2017-18,5519400,Brandon Ingram,exact_normalized,0.99
b/beverpa01,2017-18,5513514,Patrick Beverley,exact_normalized,0.99
s/scolalu01,2017-18,5500000,Luis Scola,exact_normalized,0.99
s/sefolth01,2017-18,5500000,Thabo Sefolosha,exact_normalized,0.99
s/smithja02,2017-18,5450000,Jason Smith,exact_normalized,0.99
m/mclembe01,2017-18,5200000,Ben McLemore,exact_normalized,0.99
p/pattepa01,2017-18,5192000,Patrick Patterson,exact_normalized,0.99
y/youngni01,2017-18,5192000,Nick Young,exact_normalized,0.99
j/jacksjo02,2017-18,5090040,Josh Jackson,exact_normalized,0.99
m/muscami01,2017-18,5000000,Mike Muscala,exact_normalized,0.99
w/watsocj01,2017-18,5000000,C.J. Watson,exact_normalized,0.99
n/nowitdi01,2017-18,5000000,Dirk Nowitzki,exact_normalized,0.99
m/morrima03,2017-18,5000000,Marcus Morris Sr.,exact_normalized,0.99
e/exumda01,2017-18,4992385,Dante Exum,exact_normalized,0.99
i/isaacjo01,2017-18,4969080,Jonathan Isaac,exact_normalized,0.99
a/ajincal01,2017-18,4961798,Alexis Ajinca,exact_normalized,0.99
b/brownja02,2017-18,4956480,Jaylen Brown,exact_normalized,0.99
s/singlky01,2017-18,4666500,Kyle Singler,exact_normalized,0.99
f/foxde01,2017-18,4609200,De'Aaron Fox,exact_normalized,0.99
b/bakerro01,2017-18,4544000,Ron Baker,exact_normalized,0.99
m/markkla01,2017-18,4536120,Lauri Markkanen,exact_normalized,0.99
b/bendedr01,2017-18,4468800,Dragan Bender,exact_normalized,0.99
h/harride01,2017-18,4402546,Devin Harris,exact_normalized,0.99
h/holidju01,2017-18,4384616,Justin Holiday,exact_normalized,0.99
v/vasqugr01,2017-18,4347826,Greivis Vasquez,exact_normalized,0.99
c/crawfja01,2017-18,4328000,Jamal Crawford,exact_normalized,0.99
m/mudiaem01,2017-18,4294480,Emmanuel Mudiay,exact_normalized,0.99
d/dunnkr01,2017-18,4221000,Kris Dunn,exact_normalized,0.99
n/noelne01,2017-18,4187599,Nerlens Noel,exact_normalized,0.99
l/lenal01,2017-18,4187599,Alex Len,exact_normalized,0.99
n/ntilila01,2017-18,4155720,Frank Ntilikina,exact_normalized,0.99
r/randlju01,2017-18,4149242,Julius Randle,exact_normalized,0.99
b/barbole01,2017-18,4000000,Leandro Barbosa,exact_normalized,0.99
h/hilljo01,2017-18,4000000,Jordan Hill,exact_normalized,0.99
j/jerebjo01,2017-18,4000000,Jonas Jerebko,exact_normalized,0.99
b/bjeline01,2017-18,3949999,Nemanja Bjelica,exact_normalized,0.99
j/johnsst04,2017-18,3940402,Stanley Johnson,exact_normalized,0.99
b/bareajo01,2017-18,3903900,J.J. Barea,exact_normalized,0.99
p/pondequ01,2017-18,3853931,Quincy Pondexter,exact_normalized,0.99
c/caulewi01,2017-18,3704160,Willie Cauley-Stein,exact_normalized,0.99
h/hieldbu01,2017-18,3675480,Buddy Hield,exact_normalized,0.99
k/kaminfr01,2017-18,3627842,Frank Kaminsky,exact_normalized,0.99
g/goodedr01,2017-18,3547000,Drew Gooden,exact_normalized,0.99
b/bartowi01,2017-18,3533333,Will Barton,exact_normalized,0.99
p/piercpa01,2017-18,3527920,Paul Pierce,exact_normalized,0.99
m/millemi01,2017-18,3500000,Mike Miller,exact_normalized,0.99
p/pachuza01,2017-18,3477600,Zaza Pachulia,exact_normalized,0.99
m/meeksjo01,2017-18,3454500,Jodie Meeks,exact_normalized,0.99
w/winslju01,2017-18,3448926,Justise Winslow,exact_normalized,0.99
m/monkma01,2017-18,3447480,Malik Monk,exact_normalized,0.99
t/turnemy01,2017-18,3410284,Myles Turner,exact_normalized,0.99
d/danietr01,2017-18,3408520,Troy Daniels,exact_normalized,0.99
m/murraja01,2017-18,3355320,Jamal Murray,exact_normalized,0.99
r/rondora01,2017-18,3300000,Rajon Rondo,exact_normalized,0.99
m/mcderdo01,2017-18,3294994,Doug McDermott,exact_normalized,0.99
e/evansty01,2017-18,3290000,Tyreke Evans,exact_normalized,0.99
b/blackta01,2017-18,3290000,Tarik Black,exact_normalized,0.99
t/tollian01,2017-18,3290000,Anthony Tolliver,exact_normalized,0.99
k/kennalu01,2017-18,3275280,Luke Kennard,exact_normalized,0.99
p/payneca01,2017-18,3263294,Cameron Payne,exact_normalized,0.99
s/smithde03,2017-18,3218280,Dennis Smith Jr.,exact_normalized,0.99
o/oubreke01,2017-18,3208630,Kelly Oubre Jr.,exact_normalized,0.99
u/udohek01,2017-18,3200000,Ekpe Udoh,exact_normalized,0.99
w/warretj01,2017-18,3152931,T.J. Warren,exact_normalized,0.99
c/chrisma01,2017-18,3073800,Marquese Chriss,exact_normalized,0.99
c/colliza01,2017-18,3057240,Zach Collins,exact_normalized,0.99
c/curryse01,2017-18,3028410,Seth Curry,exact_normalized,0.99
k/kuzmimi01,2017-18,3025035,Mindaugas Kuzminskas,exact_normalized,0.99
h/hamilju01,2017-18,3000000,Justin Hamilton,exact_normalized,0.99
s/satorto01,2017-18,3000000,Tomas Satoransky,exact_normalized,0.99
p/pleisti01,2017-18,3000000,Tibor Pleiss,exact_normalized,0.99
a/adebaba01,2017-18,2955840,Bam Adebayo,exact_normalized,0.99
p/poeltja01,2017-18,2947320,Jakob Poeltl,exact_normalized,0.99
n/nurkiju01,2017-18,2947305,Jusuf Nurkic,exact_normalized,0.99
m/makerth01,2017-18,2799720,Thon Maker,exact_normalized,0.99
o/osmande01,2017-18,2775000,Cedi Osman,exact_normalized,0.99
s/sabondo01,2017-18,2659800,Domantas Sabonis,exact_normalized,0.99
g/grantje02,2017-18,2639314,Jerian Grant,exact_normalized,0.99
m/mitchdo01,2017-18,2621280,Donovan Mitchell,exact_normalized,0.99
h/harriga01,2017-18,2550055,Gary Harris,exact_normalized,0.99
w/wrighde01,2017-18,2536898,Delon Wright,exact_normalized,0.99
w/wilsodj01,2017-18,2534280,D.J. Wilson,exact_normalized,0.99
p/princta02,2017-18,2526840,Taurean Prince,exact_normalized,0.99
s/saricda01,2017-18,2526840,Dario Saric,exact_normalized,0.99
a/anderju01,2017-18,2516048,Justin Anderson,exact_normalized,0.99
g/ginobma01,2017-18,2500000,Manu Ginobili,exact_normalized,0.99
b/bullore01,2017-18,2500000,Reggie Bullock Jr.,exact_normalized,0.99
p/portibo01,2017-18,2494346,Bobby Portis,exact_normalized,0.99
h/holliro01,2017-18,2470357,Rondae Hollis Jefferson,fuzzy_95,0.957
p/perkike01,2017-18,2445085,Kendrick Perkins,exact_normalized,0.99
l/lylestr01,2017-18,2441400,Trey Lyles,exact_normalized,0.99
l/leaftj01,2017-18,2407560,T.J. Leaf,exact_normalized,0.99
j/jacksju01,2017-18,2365560,Justin Jackson,exact_normalized,0.99
n/napiesh01,2017-18,2361360,Shabazz Napier,exact_normalized,0.99
c/capelca01,2017-18,2334528,Clint Capela,exact_normalized,0.99
b/bookede01,2017-18,2319360,Devin Booker,exact_normalized,0.99
c/collijo01,2017-18,2299080,John Collins,exact_normalized,0.99
v/valende01,2017-18,2280600,Denzel Valentine,exact_normalized,0.99
p/pattoju01,2017-18,2247480,Justin Patton,exact_normalized,0.99
j/jennibr01,2017-18,2222803,Brandon Jennings,exact_normalized,0.99
w/willima01,2017-18,2194500,Mo Williams,exact_normalized,0.99
a/anderky01,2017-18,2151704,Kyle Anderson,exact_normalized,0.99
m/milleda01,2017-18,2100000,Darius Miller,exact_normalized,0.99
h/hernaju01,2017-18,2076840,Juancho Hernangomez,exact_normalized,0.99
k/kilpase01,2017-18,2054856,Sean Kilpatrick,exact_normalized,0.99
m/marshke01,2017-18,2048257,Kendall Marshall,exact_normalized,0.99
a/anunoog01,2017-18,2034120,OG Anunoby,exact_normalized,0.99
a/allenja01,2017-18,2034120,Jarrett Allen,exact_normalized,0.99
r/roziete01,2017-18,1988520,Terry Rozier,exact_normalized,0.99
s/serapke01,2017-18,1974159,Kevin Seraphin,exact_normalized,0.99
z/zizican01,2017-18,1952760,Ante Zizic,exact_normalized,0.99
z/zellety01,2017-18,1933941,Tyler Zeller,exact_normalized,0.99
v/vaughra01,2017-18,1889040,Rashad Vaughn,exact_normalized,0.99
g/gilesha01,2017-18,1859400,Harry Giles III,exact_normalized,0.99
e/ellenhe01,2017-18,1857480,Henry Ellenson,exact_normalized,0.99
m/moreler01,2017-18,1826300,Eric Moreland,exact_normalized,0.99
d/dekkesa01,2017-18,1794600,Sam Dekker,exact_normalized,0.99
f/fergute01,2017-18,1785000,Terrance Ferguson,exact_normalized,0.99
k/korkmfu01,2017-18,1740000,Furkan Korkmaz,exact_normalized,0.99
l/leverca01,2017-18,1702800,Caris LeVert,exact_normalized,0.99
b/beaslma01,2017-18,1700640,Malik Beasley,exact_normalized,0.99
d/dinwisp01,2017-18,1656092,Spencer Dinwiddie,exact_normalized,0.99
s/stoneju01,2017-18,1656092,Julyan Stone,exact_normalized,0.99
b/bembrde01,2017-18,1634640,DeAndre' Bembry,exact_normalized,0.99
h/holmeri01,2017-18,1600520,Richaun Holmes,exact_normalized,0.99
m/mccontj01,2017-18,1600520,T.J. McConnell,exact_normalized,0.99
b/buyckdw01,2017-18,1600520,Dwight Buycks,exact_normalized,0.99
l/lydonty01,2017-18,1579440,Tyler Lydon,exact_normalized,0.99
g/goodwar01,2017-18,1577230,Archie Goodwin,exact_normalized,0.99
k/kellyry01,2017-18,1577230,Ryan Kelly,exact_normalized,0.99
w/witheje01,2017-18,1577230,Jeff Withey,exact_normalized,0.99
r/richama01,2017-18,1569360,Malachi Richardson,exact_normalized,0.99
b/butleca01,2017-18,1551659,Caron Butler,exact_normalized,0.99
t/taylois01,2017-18,1544951,Isaiah Taylor,exact_normalized,0.99
b/burketr01,2017-18,1544951,Trey Burke,exact_normalized,0.99
w/willitr02,2017-18,1544951,Troy Williams,exact_normalized,0.99
c/cookqu01,2017-18,1544951,Quinn Cook,exact_normalized,0.99
b/brogdma01,2017-18,1544951,Malcolm Brogdon,exact_normalized,0.99
s/siakapa01,2017-18,1544951,Pascal Siakam,exact_normalized,0.99
m/mcgruro01,2017-18,1544951,Rodney McGruder,exact_normalized,0.99
h/hernawi01,2017-18,1544951,Willy Hernangomez,exact_normalized,0.99
m/mcgarmi01,2017-18,1526040,Mitch McGary,exact_normalized,0.99
l/lauvejo01,2017-18,1524305,Joffrey Lauvergne,exact_normalized,0.99
g/grantje01,2017-18,1524305,Jerami Grant,exact_normalized,0.99
o/obryajo01,2017-18,1524305,Johnny O'Bryant III,exact_normalized,0.99
e/ennisty01,2017-18,1524305,Tyler Ennis,exact_normalized,0.99
m/millsel01,2017-18,1524305,Elijah Millsap,exact_normalized,0.99
c/casspom01,2017-18,1471382,Omri Casspi,exact_normalized,0.99
j/jonesty01,2017-18,1471382,Tyus Jones,exact_normalized,0.99
m/mcdankj01,2017-18,1471382,KJ McDaniels,exact_normalized,0.99
f/feltora01,2017-18,1471382,Raymond Felton,exact_normalized,0.99
c/collini01,2017-18,1471382,Nick Collison,exact_normalized,0.99
h/huestjo01,2017-18,1471382,Josh Huestis,exact_normalized,0.99
m/mcgeeja01,2017-18,1471382,JaVale McGee,exact_normalized,0.99
m/morroan01,2017-18,1471382,Anthony Morrow,exact_normalized,0.99
h/harremo01,2017-18,1471382,Montrezl Harrell,exact_normalized,0.99
h/humphkr01,2017-18,1471382,Kris Humphries,exact_normalized,0.99
r/rudezda01,2017-18,1471382,Damjan Rudez,exact_normalized,0.99
b/brookaa01,2017-18,1471382,Aaron Brooks,exact_normalized,0.99
t/toupaax01,2017-18,1471382,Axel Toupane,exact_normalized,0.99
c/connapa01,2017-18,1471382,Pat Connaughton,exact_normalized,0.99
c/chalmma01,2017-18,1471382,Mario Chalmers,exact_normalized,0.99
c/chrisra01,2017-18,1471382,Rakeem Christmas,exact_normalized,0.99
w/wilkida02,2017-18,1471382,Damien Wilkins,exact_normalized,0.99
m/mbahalu01,2017-18,1471382,Luc Mbah a Moute,exact_normalized,0.99
l/looneke01,2017-18,1471382,Kevon Looney,exact_normalized,0.99
b/bogutan01,2017-18,1471382,Andrew Bogut,exact_normalized,0.99
w/westda01,2017-18,1471382,David West,exact_normalized,0.99
m/mcculch01,2017-18,1471382,Chris McCullough,exact_normalized,0.99
u/udrihbe01,2017-18,1471382,Beno Udrih,exact_normalized,0.99
j/jokicni01,2017-18,1471382,Nikola Jokic,exact_normalized,0.99
s/sloando01,2017-18,1471382,Donald Sloan,exact_normalized,0.99
c/childjo01,2017-18,1471382,Josh Childress,exact_normalized,0.99
m/mejrisa01,2017-18,1471382,Salah Mejri,exact_normalized,0.99
w/waynsma01,2017-18,1471382,Maalik Wayns,exact_normalized,0.99
m/martija01,2017-18,1471382,Jarell Martin,exact_normalized,0.99
n/netora01,2017-18,1471382,Raul Neto,exact_normalized,0.99
r/reedwi02,2017-18,1471382,Willie Reed,exact_normalized,0.99
a/allento01,2017-18,1471382,Tony Allen,exact_normalized,0.99
c/clarkia01,2017-18,1471382,Ian Clark,exact_normalized,0.99
j/jonespe01,2017-18,1471382,Perry Jones,exact_normalized,0.99
e/evansje01,2017-18,1471382,Jeremy Evans,exact_normalized,0.99
s/swanica01,2017-18,1465920,Caleb Swanigan,exact_normalized,0.99
a/adamsjo01,2017-18,1465080,Jordan Adams,exact_normalized,0.99
j/jefferi01,2017-18,1454756,Richard Jefferson,exact_normalized,0.99
k/kuzmaky01,2017-18,1423560,Kyle Kuzma,exact_normalized,0.99
b/bradlto01,2017-18,1414920,Tony Bradley,exact_normalized,0.99
w/whitede01,2017-18,1404600,Derrick White,exact_normalized,0.99
h/hartjo01,2017-18,1394520,Josh Hart,exact_normalized,0.99
l/luwawti01,2017-18,1386600,Timothe Luwawu-Cabarrot,exact_normalized,0.99
s/smithjo03,2017-18,1379940,Josh Smith,exact_normalized,0.99
m/morrija01,2017-18,1378242,Jaylen Morris,exact_normalized,0.99
b/birchkh01,2017-18,1378242,Khem Birch,exact_normalized,0.99
i/iwundwe01,2017-18,1378242,Wes Iwundu,exact_normalized,0.99
d/dotsoda01,2017-18,1378242,Damyean Dotson,exact_normalized,0.99
p/purviro01,2017-18,1378242,Rodney Purvis,exact_normalized,0.99
b/brownst02,2017-18,1378242,Sterling Brown,exact_normalized,0.99
d/dorsety01,2017-18,1378242,Tyler Dorsey,exact_normalized,0.99
b/belljo01,2017-18,1378242,Jordan Bell,exact_normalized,0.99
m/mckinal01,2017-18,1378242,Alfonzo McKinnie,exact_normalized,0.99
a/anigbik01,2017-18,1378242,Ike Anigbogu,exact_normalized,0.99
p/poythal01,2017-18,1378242,Alex Poythress,exact_normalized,0.99
k/kaunsa01,2017-18,1333240,Sasha Kaun,exact_normalized,0.99
j/johnsbr02,2017-18,1331160,Brice Johnson,exact_normalized,0.99
b/bertada01,2017-18,1312611,Davis Bertans,exact_normalized,0.99
m/mccawpa01,2017-18,1312611,Patrick McCaw,exact_normalized,0.99
w/wiltjky01,2017-18,1312611,Kyle Wiltjer,exact_normalized,0.99
o/ochefda01,2017-18,1312611,Daniel Ochefu,exact_normalized,0.99
f/felixca01,2017-18,1312611,Carrick Felix,exact_normalized,0.99
c/chrisse01,2017-18,1312611,Semaj Christon,exact_normalized,0.99
z/zimmest01,2017-18,1312611,Stephen Zimmerman,exact_normalized,0.99
u/ulisty01,2017-18,1312611,Tyler Ulis,exact_normalized,0.99
o/onuakch01,2017-18,1312611,Chinanu Onuaku,exact_normalized,0.99
g/garinpa01,2017-18,1312611,Patricio Garino,exact_normalized,0.99
l/labissk01,2017-18,1312611,Skal Labissiere,exact_normalized,0.99
f/finnedo01,2017-18,1312611,Dorian Finney-Smith,exact_normalized,0.99
f/forbebr01,2017-18,1312611,Bryn Forbes,exact_normalized,0.99
d/diallch01,2017-18,1312611,Cheick Diallo,exact_normalized,0.99
h/hammoaj01,2017-18,1312611,AJ Hammons,exact_normalized,0.99
z/zubaciv01,2017-18,1312611,Ivica Zubac,exact_normalized,0.99
f/ferreyo01,2017-18,1312611,Yogi Ferrell,exact_normalized,0.99
j/jonesde01,2017-18,1312611,DeQuan Jones,exact_normalized,0.99
d/davisde01,2017-18,1312611,Deyonta Davis,exact_normalized,0.99
h/harrian01,2017-18,1312611,Andrew Harrison,exact_normalized,0.99
g/gbinimi01,2017-18,1312611,Michael Gbinije,exact_normalized,0.99
w/whiteis01,2017-18,1312611,Isaiah Whitehead,exact_normalized,0.99
l/lucaska01,2017-18,1312611,Kalin Lucas,exact_normalized,0.99
r/randlch01,2017-18,1312611,Chasson Randle,exact_normalized,0.99
j/jonesda03,2017-18,1312611,Damian Jones,exact_normalized,0.99
m/mcclesh01,2017-18,1312611,Sheldon Mac,exact_normalized,0.99
s/stonedi01,2017-18,1312611,Diamond Stone,exact_normalized,0.99
z/zipsepa01,2017-18,1312611,Paul Zipser,exact_normalized,0.99
s/seldewa01,2017-18,1312611,Wayne Selden,exact_normalized,0.99
u/uthofja01,2017-18,1312611,Jarrod Uthoff,exact_normalized,0.99
l/laymaja01,2017-18,1312611,Jake Layman,exact_normalized,0.99
b/brussni01,2017-18,1312611,Nicolas Brussino,exact_normalized,0.99
m/murrade01,2017-18,1312611,Dejounte Murray,exact_normalized,0.99
m/middlkh01,2017-18,1300000,Khris Middleton,exact_normalized,0.99
o/ojelese01,2017-18,1291892,Semi Ojeleye,exact_normalized,0.99
m/masonfr01,2017-18,1184385,Frank Mason III,exact_normalized,0.99
n/naderab01,2017-18,1167333,Abdel Nader,exact_normalized,0.99
w/wroteto01,2017-18,1050961,Tony Wroten,exact_normalized,0.99
j/jenkijo01,2017-18,1050961,John Jenkins,exact_normalized,0.99
b/bennean01,2017-18,1015696,Anthony Bennett,exact_normalized,0.99
g/goudean01,2017-18,1015696,Andrew Goudelock,exact_normalized,0.99
c/canaais01,2017-18,997547,Isaiah Canaan,exact_normalized,0.99
s/stokeja01,2017-18,980431,Jarnell Stokes,exact_normalized,0.99
s/simshe01,2017-18,980431,Henry Sims,exact_normalized,0.99
f/farmajo01,2017-18,980431,Jordan Farmar,exact_normalized,0.99
s/stiemgr01,2017-18,980431,Greg Stiemsma,exact_normalized,0.99
j/jeffeco01,2017-18,980431,Cory Jefferson,exact_normalized,0.99
b/brandel01,2017-18,980431,Elton Brand,exact_normalized,0.99
o/onuakar01,2017-18,980431,Arinze Onuaku,exact_normalized,0.99
a/amundlo01,2017-18,980431,Lou Amundson,exact_normalized,0.99
t/thornma01,2017-18,980431,Marcus Thornton,exact_normalized,0.99
m/murryto01,2017-18,980431,Toure' Murry,exact_normalized,0.99
b/butlera01,2017-18,980431,Rasual Butler,exact_normalized,0.99
j/johnsor01,2017-18,980431,Orlando Johnson,exact_normalized,0.99
h/henryxa01,2017-18,980431,Xavier Henry,exact_normalized,0.99
n/novakst01,2017-18,980431,Steve Novak,exact_normalized,0.99
w/wrighdo01,2017-18,980431,Dorell Wright,exact_normalized,0.99
w/whittsh01,2017-18,980431,Shayne Whittington,exact_normalized,0.99
p/prigipa01,2017-18,980431,Pablo Prigioni,exact_normalized,0.99
p/pressph01,2017-18,980431,Phil Pressey,exact_normalized,0.99
m/marblde01,2017-18,980431,Devyn Marble,exact_normalized,0.99
w/williel01,2017-18,980431,Elliot Williams,exact_normalized,0.99
b/bairsca01,2017-18,980431,Cameron Bairstow,exact_normalized,0.99
g/gutiejo01,2017-18,980431,Jorge Gutierrez,exact_normalized,0.99
h/hummero01,2017-18,980431,Robbie Hummel,exact_normalized,0.99
v/varejan01,2017-18,980431,Anderson Varejao,exact_normalized,0.99
a/anderch01,2017-18,980431,Chris Andersen,exact_normalized,0.99
s/sacrero01,2017-18,980431,Robert Sacre,exact_normalized,0.99
b/bynumwi01,2017-18,980431,Will Bynum,exact_normalized,0.99
r/rabbiv01,2017-18,950000,Ivan Rabb,exact_normalized,0.99
s/stephdj01,2017-18,874636,DJ Stephens,exact_normalized,0.99
k/kennedj01,2017-18,874636,D.J. Kennedy,exact_normalized,0.99
w/wareca01,2017-18,874636,Casper Ware,exact_normalized,0.99
j/johnsni01,2017-18,874636,Nick Johnson,exact_normalized,0.99
d/dukandu01,2017-18,874636,Duje Dukan,exact_normalized,0.99
j/jerregr01,2017-18,874636,Grant Jerrett,exact_normalized,0.99
d/dawsobr01,2017-18,874636,Branden Dawson,exact_normalized,0.99
m/murphke01,2017-18,874636,Kevin Murphy,exact_normalized,0.99
o/obriejj01,2017-18,874636,J.J. O'Brien,exact_normalized,0.99
b/bensoke02,2017-18,874636,Keith Benson,exact_normalized,0.99
w/woodch01,2017-18,874636,Christian Wood,exact_normalized,0.99
m/mcraejo01,2017-18,874636,Jordan McRae,exact_normalized,0.99
a/alexacl01,2017-18,874636,Cliff Alexander,exact_normalized,0.99
g/greenge01,2017-18,872854,Gerald Green,exact_normalized,0.99
j/johnsda04,2017-18,815615,Dakari Johnson,exact_normalized,0.99
r/rathaxa01,2017-18,815615,Xavier Rathan-Mayes,exact_normalized,0.99
j/jacksfr01,2017-18,815615,Frank Jackson,exact_normalized,0.99
m/mccreer01,2017-18,815615,Erik McCree,exact_normalized,0.99
p/paulbr01,2017-18,815615,Brandon Paul,exact_normalized,0.99
c/caupatr01,2017-18,815615,Troy Caupain,exact_normalized,0.99
e/evansja01,2017-18,815615,Jawun Evans,exact_normalized,0.99
o/onealro01,2017-18,815615,Royce O'Neale,exact_normalized,0.99
b/briscis01,2017-18,815615,Isaiah Briscoe,exact_normalized,0.99
b/bryanth01,2017-18,815615,Thomas Bryant,exact_normalized,0.99
r/reedda01,2017-18,815615,Davon Reed,exact_normalized,0.99
t/theisda01,2017-18,815615,Daniel Theis,exact_normalized,0.99
m/mitrona01,2017-18,815615,Naz Mitrou-Long,exact_normalized,0.99
q/qizh01,2017-18,815615,Zhou Qi,fuzzy_95,0.95
b/brookdi01,2017-18,815615,Dillon Brooks,exact_normalized,0.99
h/hamilda01,2017-18,815615,Alex Hamilton,fuzzy_92,0.923
k/klebima01,2017-18,815615,Maxi Kleber,exact_normalized,0.99
j/johnsja05,2017-18,815615,Jaylen Johnson,fuzzy_96,0.963
o/oliveca01,2017-18,815615,Cameron Oliver,exact_normalized,0.99
c/cavanty01,2017-18,679919,Tyler Cavanaugh,exact_normalized,0.99
o/okafoem01,2017-18,592030,Emeka Okafor,exact_normalized,0.99
l/liggide01,2017-18,588120,DeAndre Liggins,exact_normalized,0.99
l/laproni01,2017-18,543471,Nicolas Laprovittola,exact_normalized,0.99
n/ndourma01,2017-18,543471,Maurice Ndour,exact_normalized,0.99
b/bentibe01,2017-18,543471,Ben Bentil,exact_normalized,0.99
w/warneja01,2017-18,543471,Jameel Warney,exact_normalized,0.99
b/barbeca01,2017-18,543471,Cat Barber,exact_normalized,0.99
w/wrighbr03,2017-18,490461,Brandan Wright,exact_normalized,0.99
j/johnsjo02,2017-18,473835,Joe Johnson,exact_normalized,0.99
d/douglto01,2017-18,379159,Toney Douglas,exact_normalized,0.99
w/willicj01,2017-18,375000,C.J. Williams,exact_normalized,0.99
r/rosede01,2017-18,290951,Derrick Rose,exact_normalized,0.99
p/pattela01,2017-18,246956,Lamar Patterson,exact_normalized,0.99
b/baldwwa01,2017-18,229892,Wade Baldwin IV,exact_normalized,0.99
s/sandela01,2017-18,207722,Larry Sanders,exact_normalized,0.99
p/papagge01,2017-18,185397,Georgios Papagiannis,exact_normalized,0.99
h/harrish01,2017-18,175000,Shaquille Harrison,exact_normalized,0.99
w/weartr01,2017-18,148318,Travis Wear,exact_normalized,0.99
m/mccalra01,2017-18,121112,Ray McCallum,exact_normalized,0.99
h/harrima01,2017-18,115344,Manny Harris,exact_normalized,0.99
q/quartti01,2017-18,96406,Tim Quarterman,exact_normalized,0.99
h/harriaa01,2017-18,91442,Aaron Harrison,exact_normalized,0.99
t/teaguma01,2017-18,74186,Marquis Teague,exact_normalized,0.99
t/tobeymi01,2017-18,67135,Mike Tobey,exact_normalized,0.99
b/brookma01,2017-18,60283,MarShon Brooks,exact_normalized,0.99
c/crawfjo02,2017-18,58190,Jordan Crawford,exact_normalized,0.99
h/harpeju01,2017-18,57672,Justin Harper,exact_normalized,0.99
g/geeal01,2017-18,57672,Alonzo Gee,exact_normalized,0.99
h/hayesni01,2017-18,55296,Nigel Hayes-Davis,exact_normalized,0.99
s/stockda01,2017-18,44495,David Stockton,exact_normalized,0.99
g/gibsojo01,2017-18,44495,Jonathan Gibson,exact_normalized,0.99
j/jackspi01,2017-18,31969,Pierre Jackson,exact_normalized,0.99
i/ingraan01,2017-18,13824,Andre Ingram,exact_normalized,0.99
j/jacksaa01,2017-18,4608,Aaron Jackson,exact_normalized,0.99
j/jeffeam01,2017-18,4608,Amile Jefferson,exact_normalized,0.99
c/curryst01,2018-19,37457154,Stephen Curry,exact_normalized,0.99
j/jamesle01,2018-19,35654150,LeBron James,exact_normalized,0.99
w/westbru01,2018-19,35654150,Russell Westbrook,exact_normalized,0.99
p/paulch01,2018-19,35654150,Chris Paul,exact_normalized,0.99
g/griffbl01,2018-19,32088932,Blake Griffin,exact_normalized,0.99
h/haywago01,2018-19,31214295,Gordon Hayward,exact_normalized,0.99
l/lowryky01,2018-19,31200000,Kyle Lowry,exact_normalized,0.99
g/georgpa01,2018-19,30560700,Paul George,exact_normalized,0.99
c/conlemi01,2018-19,30521115,Mike Conley,exact_normalized,0.99
h/hardeja01,2018-19,30421854,James Harden,exact_normalized,0.99
d/duranke01,2018-19,30000000,Kevin Durant,exact_normalized,0.99
m/millspa01,2018-19,29230769,Paul Millsap,exact_normalized,0.99
h/horfoal01,2018-19,28928709,Al Horford,exact_normalized,0.99
l/lillada01,2018-19,27977689,Damian Lillard,exact_normalized,0.99
d/derozde01,2018-19,27739975,DeMar DeRozan,exact_normalized,0.99
p/porteot01,2018-19,26011913,Otto Porter Jr.,exact_normalized,0.99
h/holidjr01,2018-19,25976111,Jrue Holiday,exact_normalized,0.99
m/mccolcj01,2018-19,25759766,CJ McCollum,exact_normalized,0.99
e/embiijo01,2018-19,25467250,Joel Embiid,exact_normalized,0.99
w/wiggian01,2018-19,25467250,Andrew Wiggins,exact_normalized,0.99
b/bealbr01,2018-19,25434263,Bradley Beal,exact_normalized,0.99
d/davisan02,2018-19,25434263,Anthony Davis,exact_normalized,0.99
d/drumman01,2018-19,25434263,Andre Drummond,exact_normalized,0.99
w/whiteha01,2018-19,25434262,Hassan Whiteside,exact_normalized,0.99
j/jokicni01,2018-19,24605181,Nikola Jokic,exact_normalized,0.99
a/antetgi01,2018-19,24157303,Giannis Antetokounmpo,exact_normalized,0.99
a/adamsst01,2018-19,24157303,Steven Adams,exact_normalized,0.99
g/gasolma01,2018-19,24119025,Marc Gasol,exact_normalized,0.99
l/loveke01,2018-19,24119025,Kevin Love,exact_normalized,0.99
b/barneha02,2018-19,24107258,Harrison Barnes,exact_normalized,0.99
p/parsoch01,2018-19,24107258,Chandler Parsons,exact_normalized,0.99
b/batumni01,2018-19,24000000,Nicolas Batum,exact_normalized,0.99
g/goberru01,2018-19,23241573,Rudy Gobert,exact_normalized,0.99
l/leonaka01,2018-19,23114067,Kawhi Leonard,exact_normalized,0.99
j/jordade01,2018-19,22897200,DeAndre Jordan,exact_normalized,0.99
a/aldrila01,2018-19,22347015,LaMarcus Aldridge,exact_normalized,0.99
i/ibakase01,2018-19,21666667,Serge Ibaka,exact_normalized,0.99
g/gordoaa01,2018-19,21590909,Aaron Gordon,exact_normalized,0.99
g/gallida01,2018-19,21587579,Danilo Gallinari,exact_normalized,0.99
o/oladivi01,2018-19,21000000,Victor Oladipo,exact_normalized,0.99
b/butleji01,2018-19,20445779,Jimmy Butler III,exact_normalized,0.99
a/anderry01,2018-19,20421546,Ryan Anderson,exact_normalized,0.99
i/irvinky01,2018-19,20099189,Kyrie Irving,exact_normalized,0.99
p/parkeja01,2018-19,20000000,Jabari Parker,exact_normalized,0.99
l/lavinza01,2018-19,19500000,Zach LaVine,exact_normalized,0.99
j/johnsty01,2018-19,19356932,Tyler Johnson,exact_normalized,0.99
w/walljo01,2018-19,19169800,John Wall,exact_normalized,0.99
t/teaguje01,2018-19,19000000,Jeff Teague,exact_normalized,0.99
h/hillge01,2018-19,19000000,George Hill,exact_normalized,0.99
t/thompkl01,2018-19,18988725,Klay Thompson,exact_normalized,0.99
c/crabbal01,2018-19,18500000,Allen Crabbe,exact_normalized,0.99
d/dragigo01,2018-19,18109175,Goran Dragic,exact_normalized,0.99
b/bazemke01,2018-19,18089887,Kent Bazemore,exact_normalized,0.99
t/turneev01,2018-19,17868853,Evan Turner,exact_normalized,0.99
g/greendr01,2018-19,17469565,Draymond Green,exact_normalized,0.99
t/thomptr01,2018-19,17469565,Tristan Thompson,exact_normalized,0.99
f/fournev01,2018-19,17150000,Evan Fournier,exact_normalized,0.99
j/jacksre01,2018-19,17043478,Reggie Jackson,exact_normalized,0.99
b/biyombi01,2018-19,17000000,Bismack Biyombo,exact_normalized,0.99
f/favorde01,2018-19,16900000,Derrick Favors,exact_normalized,0.99
v/valanjo01,2018-19,16539326,Jonas Valanciunas,exact_normalized,0.99
h/harriga01,2018-19,16517857,Gary Harris,exact_normalized,0.99
m/mozgoti01,2018-19,16000000,Timofey Mozgov,exact_normalized,0.99
i/iguodan01,2018-19,16000000,Andre Iguodala,exact_normalized,0.99
m/mahinia01,2018-19,15944154,Ian Mahinmi,exact_normalized,0.99
s/schrode01,2018-19,15500000,Dennis Schroder,exact_normalized,0.99
c/carrode01,2018-19,15400000,DeMarre Carroll,exact_normalized,0.99
d/dienggo01,2018-19,15170787,Gorgui Dieng,exact_normalized,0.99
b/bledser01,2018-19,15000000,Eric Bledsoe,exact_normalized,0.99
a/arizatr01,2018-19,15000000,Trevor Ariza,exact_normalized,0.99
r/rubiori01,2018-19,14975000,Ricky Rubio,exact_normalized,0.99
h/harrito02,2018-19,14800000,Tobias Harris,exact_normalized,0.99
s/smithjr01,2018-19,14720000,JR Smith,exact_normalized,0.99
b/babbilu01,2018-19,14651700,Luke Babbitt,exact_normalized,0.99
j/johnsja01,2018-19,14651700,James Johnson,exact_normalized,0.99
k/knighbr03,2018-19,14631250,Brandon Knight,exact_normalized,0.99
l/lopezro01,2018-19,14357750,Robin Lopez,exact_normalized,0.99
w/willima02,2018-19,14087500,Marvin Williams,exact_normalized,0.99
g/gibsota01,2018-19,14000000,Taj Gibson,exact_normalized,0.99
y/youngth01,2018-19,13964045,Thaddeus Young,exact_normalized,0.99
c/capelca01,2018-19,13793104,Clint Capela,exact_normalized,0.99
g/gortama01,2018-19,13565218,Marcin Gortat,exact_normalized,0.99
z/zelleco01,2018-19,13528090,Cody Zeller,exact_normalized,0.99
g/gordoer01,2018-19,13500375,Eric Gordon,exact_normalized,0.99
i/inglejo01,2018-19,13045455,Joe Ingles,exact_normalized,0.99
k/kiddgmi01,2018-19,13000000,Michael Kidd-Gilchrist,exact_normalized,0.99
m/middlkh01,2018-19,13000000,Khris Middleton,exact_normalized,0.99
p/plumlma01,2018-19,12917808,Mason Plumlee,exact_normalized,0.99
c/chandwi01,2018-19,12800562,Wilson Chandler,exact_normalized,0.99
v/vucevni01,2018-19,12750000,Nikola Vucevic,exact_normalized,0.99
o/olynyke01,2018-19,12537527,Kelly Olynyk,exact_normalized,0.99
p/plumlmi01,2018-19,12500000,Miles Plumlee,exact_normalized,0.99
c/clarkjo01,2018-19,12500000,Jordan Clarkson,exact_normalized,0.99
m/mirotni01,2018-19,12500000,Nikola Mirotic,exact_normalized,0.99
e/evansty01,2018-19,12400000,Tyreke Evans,exact_normalized,0.99
l/leeco01,2018-19,12253780,Courtney Lee,exact_normalized,0.99
h/hillso01,2018-19,12252928,Solomon Hill,exact_normalized,0.99
r/redicjj01,2018-19,12250000,JJ Redick,exact_normalized,0.99
b/bradlav01,2018-19,12000000,Avery Bradley,exact_normalized,0.99
c/caldwke01,2018-19,12000000,Kentavious Caldwell-Pope,exact_normalized,0.99
w/walkeke02,2018-19,12000000,Kemba Walker,exact_normalized,0.99
b/bartowi01,2018-19,11830358,Will Barton,exact_normalized,0.99
w/warretj01,2018-19,11750000,T.J. Warren,exact_normalized,0.99
r/randoza01,2018-19,11692308,Zach Randolph,exact_normalized,0.99
s/smartma01,2018-19,11660716,Marcus Smart,exact_normalized,0.99
m/millspa02,2018-19,11571429,Patty Mills,exact_normalized,0.99
w/waitedi01,2018-19,11550000,Dion Waiters,exact_normalized,0.99
b/burksal01,2018-19,11536515,Alec Burks,exact_normalized,0.99
h/hensojo01,2018-19,11327466,John Henson,exact_normalized,0.99
a/asikom01,2018-19,11286516,Omer Asik,exact_normalized,0.99
n/nurkiju01,2018-19,11111111,Jusuf Nurkic,exact_normalized,0.99
s/shumpim01,2018-19,11011234,Iman Shumpert,exact_normalized,0.99
h/harklma01,2018-19,10837079,Maurice Harkless,exact_normalized,0.99
s/snellto01,2018-19,10807143,Tony Snell,exact_normalized,0.99
l/leoname01,2018-19,10595506,Meyers Leonard,exact_normalized,0.99
r/rosste01,2018-19,10500000,Terrence Ross,exact_normalized,0.99
b/bogdabo02,2018-19,10500000,Bojan Bogdanovic,exact_normalized,0.99
c/covinro01,2018-19,10464092,Robert Covington,exact_normalized,0.99
g/gayru01,2018-19,10087200,Rudy Gay,exact_normalized,0.99
l/leuerjo01,2018-19,10002681,Jon Leuer,exact_normalized,0.99
g/greenda02,2018-19,10000000,Danny Green,exact_normalized,0.99
r/roberan03,2018-19,10000000,Andre Roberson,exact_normalized,0.99
c/collida01,2018-19,10000000,Darren Collison,exact_normalized,0.99
p/poweldw01,2018-19,9631250,Dwight Powell,exact_normalized,0.99
d/dellama01,2018-19,9607500,Matthew Dellavedova,exact_normalized,0.99
e/exumda01,2018-19,9600000,Dante Exum,exact_normalized,0.99
d/dudleja01,2018-19,9530000,Jared Dudley,exact_normalized,0.99
r/richajo01,2018-19,9367200,Josh Richardson,exact_normalized,0.99
p/powelno01,2018-19,9367200,Norman Powell,exact_normalized,0.99
r/rondora01,2018-19,9000000,Rajon Rondo,exact_normalized,0.99
b/bogdabo01,2018-19,9000000,Bogdan Bogdanovic,exact_normalized,0.99
m/mooreet01,2018-19,8808685,E'Twaun Moore,exact_normalized,0.99
f/feliccr01,2018-19,8740980,Cristiano Felicio,exact_normalized,0.99
k/koufoko01,2018-19,8739500,Kosta Koufos,exact_normalized,0.99
g/grantje01,2018-19,8653847,Jerami Grant,exact_normalized,0.99
v/vanvlfr01,2018-19,8653847,Fred VanVleet,exact_normalized,0.99
r/randlju01,2018-19,8641000,Julius Randle,exact_normalized,0.99
a/anderky01,2018-19,8641000,Kyle Anderson,exact_normalized,0.99
b/bayleje01,2018-19,8575916,Jerryd Bayless,exact_normalized,0.99
f/fultzma01,2018-19,8339880,Markelle Fultz,exact_normalized,0.99
h/harrijo01,2018-19,8333333,Joe Harris,exact_normalized,0.99
m/milescj01,2018-19,8333333,CJ Miles,exact_normalized,0.99
l/livinsh01,2018-19,8307692,Shaun Livingston,exact_normalized,0.99
a/aytonde01,2018-19,8165160,Deandre Ayton,exact_normalized,0.99
t/templga01,2018-19,8000000,Garrett Temple,exact_normalized,0.99
w/willilo02,2018-19,8000000,Lou Williams,exact_normalized,0.99
t/tuckepj01,2018-19,7969537,P.J. Tucker,exact_normalized,0.99
j/josepco01,2018-19,7945000,Cory Joseph,exact_normalized,0.99
t/townska01,2018-19,7839435,Karl-Anthony Towns,exact_normalized,0.99
g/greenja01,2018-19,7666667,JaMychal Green,exact_normalized,0.99
k/korveky01,2018-19,7560000,Kyle Korver,exact_normalized,0.99
l/lambje01,2018-19,7488372,Jeremy Lamb,exact_normalized,0.99
a/arthuda01,2018-19,7464912,Darrell Arthur,exact_normalized,0.99
b/balllo01,2018-19,7461960,Lonzo Ball,exact_normalized,0.99
m/mcderdo01,2018-19,7333333,Doug McDermott,exact_normalized,0.99
c/crowdja01,2018-19,7305825,Jae Crowder,exact_normalized,0.99
b/baglema01,2018-19,7305600,Marvin Bagley III,exact_normalized,0.99
a/augusdj01,2018-19,7250000,D.J. Augustin,exact_normalized,0.99
d/dedmode01,2018-19,7200000,Dewayne Dedmon,exact_normalized,0.99
t/thomala01,2018-19,7119650,Lance Thomas,exact_normalized,0.99
r/russeda01,2018-19,7019698,D'Angelo Russell,exact_normalized,0.99
b/bertada01,2018-19,7000000,Davis Bertans,exact_normalized,0.99
g/gallola01,2018-19,7000000,Langston Galloway,exact_normalized,0.99
m/marjabo01,2018-19,7000000,Boban Marjanovic,exact_normalized,0.99
i/ilyaser01,2018-19,7000000,Ersan Ilyasova,exact_normalized,0.99
a/aminual01,2018-19,6957105,Al-Farouq Aminu,exact_normalized,0.99
t/tatumja01,2018-19,6700800,Jayson Tatum,exact_normalized,0.99
d/doncilu01,2018-19,6560640,Luka Doncic,exact_normalized,0.99
b/bjeline01,2018-19,6500000,Nemanja Bjelica,exact_normalized,0.99
s/simmobe01,2018-19,6434520,Ben Simmons,exact_normalized,0.99
t/teodomi01,2018-19,6300000,Milos Teodosic,exact_normalized,0.99
b/belinma01,2018-19,6153846,Marco Belinelli,exact_normalized,0.99
j/johnswe01,2018-19,6134520,Wesley Johnson,exact_normalized,0.99
j/jacksjo02,2018-19,6041520,Josh Jackson,exact_normalized,0.99
s/smithis01,2018-19,6000000,Ish Smith,exact_normalized,0.99
s/simmojo02,2018-19,6000000,Jonathon Simmons,exact_normalized,0.99
h/harremo01,2018-19,6000000,Montrezl Harrell,exact_normalized,0.99
i/ingrabr01,2018-19,5757120,Brandon Ingram,exact_normalized,0.99
p/porzikr01,2018-19,5697054,Kristaps Porzingis,exact_normalized,0.99
f/foxde01,2018-19,5470920,De'Aaron Fox,exact_normalized,0.99
m/mclembe01,2018-19,5460000,Ben McLemore,exact_normalized,0.99
a/abrinal01,2018-19,5455236,Alex Abrines,exact_normalized,0.99
p/pattepa01,2018-19,5451600,Patrick Patterson,exact_normalized,0.99
s/smithja02,2018-19,5450000,Jason Smith,exact_normalized,0.99
m/morrima03,2018-19,5375000,Marcus Morris Sr.,exact_normalized,0.99
y/youngtr01,2018-19,5356440,Trae Young,exact_normalized,0.99
h/howardw01,2018-19,5337000,Dwight Howard,exact_normalized,0.99
c/couside01,2018-19,5337000,DeMarcus Cousins,exact_normalized,0.99
a/ajincal01,2018-19,5285394,Alexis Ajinca,exact_normalized,0.99
s/sefolth01,2018-19,5250000,Thabo Sefolosha,exact_normalized,0.99
b/baynear01,2018-19,5193600,Aron Baynes,exact_normalized,0.99
b/brownja02,2018-19,5169960,Jaylen Brown,exact_normalized,0.99
b/beverpa01,2018-19,5027028,Patrick Beverley,exact_normalized,0.99
p/parketo01,2018-19,5000000,Tony Parker,exact_normalized,0.99
m/muscami01,2018-19,5000000,Mike Muscala,exact_normalized,0.99
w/willial03,2018-19,5000000,Alan Williams,exact_normalized,0.99
n/nowitdi01,2018-19,5000000,Dirk Nowitzki,exact_normalized,0.99
s/singlky01,2018-19,4996000,Kyle Singler,exact_normalized,0.99
i/isaacjo01,2018-19,4969080,Jonathan Isaac,exact_normalized,0.99
b/bambamo01,2018-19,4865040,Mo Bamba,exact_normalized,0.99
t/tollian01,2018-19,4750000,Anthony Tolliver,exact_normalized,0.99
c/caulewi01,2018-19,4696875,Willie Cauley-Stein,exact_normalized,0.99
b/bendedr01,2018-19,4661280,Dragan Bender,exact_normalized,0.99
m/markkla01,2018-19,4536120,Lauri Markkanen,exact_normalized,0.99
o/oquinky01,2018-19,4449000,Kyle O'Quinn,exact_normalized,0.99
s/stephla01,2018-19,4449000,Lance Stephenson,exact_normalized,0.99
d/davised01,2018-19,4449000,Ed Davis,exact_normalized,0.99
c/cartewe01,2018-19,4441200,Wendell Carter Jr.,exact_normalized,0.99
h/holidju01,2018-19,4384616,Justin Holiday,exact_normalized,0.99
l/lenal01,2018-19,4350000,Alex Len,exact_normalized,0.99
s/scottmi01,2018-19,4320500,Mike Scott,exact_normalized,0.99
m/mbahalu01,2018-19,4320500,Luc Mbah a Moute,exact_normalized,0.99
m/mudiaem01,2018-19,4294480,Emmanuel Mudiay,exact_normalized,0.99
d/dunnkr01,2018-19,4221000,Kris Dunn,exact_normalized,0.99
n/ntilila01,2018-19,4155720,Frank Ntilikina,exact_normalized,0.99
s/sextoco01,2018-19,4068600,Collin Sexton,exact_normalized,0.99
j/johnsst04,2018-19,3940402,Stanley Johnson,exact_normalized,0.99
h/hieldbu01,2018-19,3844760,Buddy Hield,exact_normalized,0.99
s/smithde03,2018-19,3819960,Dennis Smith Jr.,exact_normalized,0.99
k/knoxke01,2018-19,3739920,Kevin Knox II,exact_normalized,0.99
b/bareajo01,2018-19,3710850,J.J. Barea,exact_normalized,0.99
c/colliza01,2018-19,3628920,Zach Collins,exact_normalized,0.99
k/kaminfr01,2018-19,3627842,Frank Kaminsky,exact_normalized,0.99
b/bridgmi01,2018-19,3552960,Mikal Bridges,exact_normalized,0.99
b/beaslmi01,2018-19,3500000,Michael Beasley,exact_normalized,0.99
m/murraja01,2018-19,3499800,Jamal Murray,exact_normalized,0.99
h/hoodro01,2018-19,3472887,Rodney Hood,exact_normalized,0.99
m/meeksjo01,2018-19,3454500,Jodie Meeks,exact_normalized,0.99
w/winslju01,2018-19,3448926,Justise Winslow,exact_normalized,0.99
m/monkma01,2018-19,3447480,Malik Monk,exact_normalized,0.99
t/turnemy01,2018-19,3410284,Myles Turner,exact_normalized,0.99
t/trieral01,2018-19,3382000,Allonzo Trier,exact_normalized,0.99
l/lopezbr01,2018-19,3382000,Brook Lopez,exact_normalized,0.99
g/gilgesh01,2018-19,3375360,Shai Gilgeous-Alexander,exact_normalized,0.99
l/lylestr01,2018-19,3364249,Trey Lyles,exact_normalized,0.99
u/udohek01,2018-19,3360000,Ekpe Udoh,exact_normalized,0.99
b/bookede01,2018-19,3314365,Devin Booker,exact_normalized,0.99
k/kennalu01,2018-19,3275280,Luke Kennard,exact_normalized,0.99
p/payneca01,2018-19,3263294,Cameron Payne,exact_normalized,0.99
d/danietr01,2018-19,3258539,Troy Daniels,exact_normalized,0.99
o/oubreke01,2018-19,3208630,Kelly Oubre Jr.,exact_normalized,0.99
b/bridgmi02,2018-19,3206640,Miles Bridges,exact_normalized,0.99
c/chrisma01,2018-19,3206160,Marquese Chriss,exact_normalized,0.99
s/satorto01,2018-19,3129187,Tomas Satoransky,exact_normalized,0.99
f/forbebr01,2018-19,3125000,Bryn Forbes,exact_normalized,0.99
m/mitchdo01,2018-19,3111480,Donovan Mitchell,exact_normalized,0.99
r/roziete01,2018-19,3050390,Terry Rozier,exact_normalized,0.99
r/robinje01,2018-19,3046200,Jerome Robinson,exact_normalized,0.99
f/ferreyo01,2018-19,3000000,Yogi Ferrell,exact_normalized,0.99
a/adebaba01,2018-19,2955840,Bam Adebayo,exact_normalized,0.99
p/poeltja01,2018-19,2947320,Jakob Poeltl,exact_normalized,0.99
p/portemi01,2018-19,2894160,Michael Porter Jr.,exact_normalized,0.99
j/jacksju01,2018-19,2807880,Justin Jackson,exact_normalized,0.99
m/makerth01,2018-19,2799720,Thon Maker,exact_normalized,0.99
c/curryse01,2018-19,2795000,Seth Curry,exact_normalized,0.99
o/osmande01,2018-19,2775000,Cedi Osman,exact_normalized,0.99
d/dekkesa01,2018-19,2760095,Sam Dekker,exact_normalized,0.99
b/browntr01,2018-19,2749080,Troy Brown Jr.,exact_normalized,0.99
p/pattoju01,2018-19,2667600,Justin Patton,exact_normalized,0.99
s/sabondo01,2018-19,2659800,Domantas Sabonis,exact_normalized,0.99
g/grantje02,2018-19,2639314,Jerian Grant,exact_normalized,0.99
w/wrighde01,2018-19,2536898,Delon Wright,exact_normalized,0.99
w/wilsodj01,2018-19,2534280,D.J. Wilson,exact_normalized,0.99
p/princta02,2018-19,2526840,Taurean Prince,exact_normalized,0.99
s/saricda01,2018-19,2526840,Dario Saric,exact_normalized,0.99
s/smithzh01,2018-19,2526840,Zhaire Smith,exact_normalized,0.99
a/anderju01,2018-19,2516048,Justin Anderson,exact_normalized,0.99
g/ginobma01,2018-19,2500000,Manu Ginobili,exact_normalized,0.99
b/bullore01,2018-19,2500000,Reggie Bullock Jr.,exact_normalized,0.99
p/portibo01,2018-19,2494346,Bobby Portis,exact_normalized,0.99
c/cunnida01,2018-19,2487000,Dante Cunningham,exact_normalized,0.99
d/divindo01,2018-19,2481000,Donte DiVincenzo,exact_normalized,0.99
h/holliro01,2018-19,2470357,Rondae Hollis Jefferson,fuzzy_95,0.957
o/okafoem01,2018-19,2445085,Emeka Okafor,exact_normalized,0.99
p/perkike01,2018-19,2445085,Kendrick Perkins,exact_normalized,0.99
j/jonesty01,2018-19,2444053,Tyus Jones,exact_normalized,0.99
m/martija01,2018-19,2416222,Jarell Martin,exact_normalized,0.99
l/leaftj01,2018-19,2407560,T.J. Leaf,exact_normalized,0.99
e/ellinwa01,2018-19,2383076,Wayne Ellington,exact_normalized,0.99
w/walkelo01,2018-19,2357160,Lonnie Walker IV,exact_normalized,0.99
c/collijo01,2018-19,2299080,John Collins,exact_normalized,0.99
v/valende01,2018-19,2280600,Denzel Valentine,exact_normalized,0.99
h/huertke01,2018-19,2250960,Kevin Huerter,exact_normalized,0.99
j/jennibr01,2018-19,2222803,Brandon Jennings,exact_normalized,0.99
g/gilesha01,2018-19,2207040,Harry Giles III,exact_normalized,0.99
m/milleda01,2018-19,2205000,Darius Miller,exact_normalized,0.99
h/hernaju01,2018-19,2166360,Juancho Hernangomez,exact_normalized,0.99
o/okogijo01,2018-19,2160720,Josh Okogie,exact_normalized,0.99
n/netora01,2018-19,2150000,Raul Neto,exact_normalized,0.99
f/fergute01,2018-19,2118840,Terrance Ferguson,exact_normalized,0.99
a/allengr01,2018-19,2074320,Grayson Allen,exact_normalized,0.99
k/kilpase01,2018-19,2054856,Sean Kilpatrick,exact_normalized,0.99
a/anunoog01,2018-19,2034120,OG Anunoby,exact_normalized,0.99
a/allenja01,2018-19,2034120,Jarrett Allen,exact_normalized,0.99
b/breweco01,2018-19,2000000,Corey Brewer,exact_normalized,0.99
c/craigto01,2018-19,2000000,Torrey Craig,exact_normalized,0.99
h/hutchch01,2018-19,1990520,Chandler Hutchison,exact_normalized,0.99
z/zizican01,2018-19,1952760,Ante Zizic,exact_normalized,0.99
n/napiesh01,2018-19,1942422,Shabazz Napier,exact_normalized,0.99
h/holidaa01,2018-19,1911960,Aaron Holiday,exact_normalized,0.99
l/lydonty01,2018-19,1874640,Tyler Lydon,exact_normalized,0.99
b/burketr01,2018-19,1795015,Trey Burke,exact_normalized,0.99
l/liggide01,2018-19,1795015,DeAndre Liggins,exact_normalized,0.99
b/beaslma01,2018-19,1773840,Malik Beasley,exact_normalized,0.99
w/wagnemo01,2018-19,1762080,Moritz Wagner,exact_normalized,0.99
s/simonan01,2018-19,1760520,Anfernee Simons,exact_normalized,0.99
n/noelne01,2018-19,1757429,Nerlens Noel,exact_normalized,0.99
s/swanica01,2018-19,1740000,Caleb Swanigan,exact_normalized,0.99
k/korkmfu01,2018-19,1740000,Furkan Korkmaz,exact_normalized,0.99
s/shamela01,2018-19,1703649,Landry Shamet,exact_normalized,0.99
l/leverca01,2018-19,1702800,Caris LeVert,exact_normalized,0.99
b/boldejo01,2018-19,1690000,Jonah Bolden,exact_normalized,0.99
k/kuzmaky01,2018-19,1689840,Kyle Kuzma,exact_normalized,0.99
b/bradlto01,2018-19,1679520,Tony Bradley,exact_normalized,0.99
w/whitede01,2018-19,1667160,Derrick White,exact_normalized,0.99
d/dinwisp01,2018-19,1656092,Spencer Dinwiddie,exact_normalized,0.99
s/stoneju01,2018-19,1656092,Julyan Stone,exact_normalized,0.99
b/brookma01,2018-19,1656092,MarShon Brooks,exact_normalized,0.99
h/hartjo01,2018-19,1655160,Josh Hart,exact_normalized,0.99
w/williro04,2018-19,1654440,Robert Williams III,exact_normalized,0.99
e/evansja02,2018-19,1644240,Jacob Evans,exact_normalized,0.99
c/connapa01,2018-19,1641000,Pat Connaughton,exact_normalized,0.99
b/bembrde01,2018-19,1634640,DeAndre' Bembry,exact_normalized,0.99
e/ennisja01,2018-19,1621415,James Ennis III,exact_normalized,0.99
k/kornelu01,2018-19,1619260,Luke Kornet,exact_normalized,0.99
k/kurucro01,2018-19,1618320,Rodions Kurucs,exact_normalized,0.99
h/holmeri01,2018-19,1600520,Richaun Holmes,exact_normalized,0.99
m/mccontj01,2018-19,1600520,T.J. McConnell,exact_normalized,0.99
b/buyckdw01,2018-19,1600520,Dwight Buycks,exact_normalized,0.99
r/richama01,2018-19,1569360,Malachi Richardson,exact_normalized,0.99
o/okafoja01,2018-19,1567707,Jahlil Okafor,exact_normalized,0.99
c/cookqu01,2018-19,1544951,Quinn Cook,exact_normalized,0.99
p/papagge01,2018-19,1544951,Georgios Papagiannis,exact_normalized,0.99
o/onuakch01,2018-19,1544951,Chinanu Onuaku,exact_normalized,0.99
b/brogdma01,2018-19,1544951,Malcolm Brogdon,exact_normalized,0.99
l/luwawti01,2018-19,1544951,Timothe Luwawu-Cabarrot,exact_normalized,0.99
l/labissk01,2018-19,1544951,Skal Labissiere,exact_normalized,0.99
f/finnedo01,2018-19,1544951,Dorian Finney-Smith,exact_normalized,0.99
d/diallch01,2018-19,1544951,Cheick Diallo,exact_normalized,0.99
z/zubaciv01,2018-19,1544951,Ivica Zubac,exact_normalized,0.99
s/siakapa01,2018-19,1544951,Pascal Siakam,exact_normalized,0.99
b/baldwwa01,2018-19,1544951,Wade Baldwin IV,exact_normalized,0.99
h/harrian01,2018-19,1544951,Andrew Harrison,exact_normalized,0.99
m/mcgruro01,2018-19,1544951,Rodney McGruder,exact_normalized,0.99
j/jonesda03,2018-19,1544951,Damian Jones,exact_normalized,0.99
z/zipsepa01,2018-19,1544951,Paul Zipser,exact_normalized,0.99
s/seldewa01,2018-19,1544951,Wayne Selden,exact_normalized,0.99
h/hernawi01,2018-19,1544951,Willy Hernangomez,exact_normalized,0.99
l/laymaja01,2018-19,1544951,Jake Layman,exact_normalized,0.99
m/murrade01,2018-19,1544951,Dejounte Murray,exact_normalized,0.99
p/poythal01,2018-19,1544951,Alex Poythress,exact_normalized,0.99
m/macksh01,2018-19,1512601,Shelvin Mack,exact_normalized,0.99
c/casspom01,2018-19,1512601,Omri Casspi,exact_normalized,0.99
r/rosede01,2018-19,1512601,Derrick Rose,exact_normalized,0.99
n/nwabada01,2018-19,1512601,David Nwaba,exact_normalized,0.99
f/feltora01,2018-19,1512601,Raymond Felton,exact_normalized,0.99
p/pondequ01,2018-19,1512601,Quincy Pondexter,exact_normalized,0.99
w/willitr02,2018-19,1512601,Troy Williams,exact_normalized,0.99
m/mcgeeja01,2018-19,1512601,JaVale McGee,exact_normalized,0.99
t/thomais02,2018-19,1512601,Isaiah Thomas,exact_normalized,0.99
j/johnsam01,2018-19,1512601,Amir Johnson,exact_normalized,0.99
c/crawfja01,2018-19,1512601,Jamal Crawford,exact_normalized,0.99
d/denglu01,2018-19,1512601,Luol Deng,exact_normalized,0.99
g/grahatr01,2018-19,1512601,Treveon Graham,exact_normalized,0.99
c/canaais01,2018-19,1512601,Isaiah Canaan,exact_normalized,0.99
h/hasleud01,2018-19,1512601,Udonis Haslem,exact_normalized,0.99
w/wadedw01,2018-19,1512601,Dwyane Wade,exact_normalized,0.99
w/woodch01,2018-19,1512601,Christian Wood,exact_normalized,0.99
a/anthoca01,2018-19,1512601,Carmelo Anthony,exact_normalized,0.99
g/greenje02,2018-19,1512601,Jeff Green,exact_normalized,0.99
g/greenge01,2018-19,1512601,Gerald Green,exact_normalized,0.99
l/looneke01,2018-19,1512601,Kevon Looney,exact_normalized,0.99
j/jerebjo01,2018-19,1512601,Jonas Jerebko,exact_normalized,0.99
c/caldejo01,2018-19,1512601,Jose Calderon,exact_normalized,0.99
p/pachuza01,2018-19,1512601,Zaza Pachulia,exact_normalized,0.99
j/jonesde02,2018-19,1512601,Derrick Jones Jr.,exact_normalized,0.99
h/harride01,2018-19,1512601,Devin Harris,exact_normalized,0.99
n/niangge01,2018-19,1512601,Georges Niang,exact_normalized,0.99
f/fryech01,2018-19,1512601,Channing Frye,exact_normalized,0.99
c/clarkia01,2018-19,1512601,Ian Clark,exact_normalized,0.99
v/vonleno01,2018-19,1512601,Noah Vonleh,exact_normalized,0.99
c/cartevi01,2018-19,1512601,Vince Carter,exact_normalized,0.99
m/mykhasv01,2018-19,1487694,Svi Mykhailiuk,exact_normalized,0.99
r/robinmi01,2018-19,1485440,Mitchell Robinson,exact_normalized,0.99
j/johnsda04,2018-19,1378242,Dakari Johnson,exact_normalized,0.99
j/jacksfr01,2018-19,1378242,Frank Jackson,exact_normalized,0.99
m/morrija01,2018-19,1378242,Jaylen Morris,exact_normalized,0.99
b/birchkh01,2018-19,1378242,Khem Birch,exact_normalized,0.99
p/paulbr01,2018-19,1378242,Brandon Paul,exact_normalized,0.99
i/iwundwe01,2018-19,1378242,Wes Iwundu,exact_normalized,0.99
e/evansja01,2018-19,1378242,Jawun Evans,exact_normalized,0.99
n/naderab01,2018-19,1378242,Abdel Nader,exact_normalized,0.99
o/onealro01,2018-19,1378242,Royce O'Neale,exact_normalized,0.99
r/rabbiv01,2018-19,1378242,Ivan Rabb,exact_normalized,0.99
d/dotsoda01,2018-19,1378242,Damyean Dotson,exact_normalized,0.99
b/bryanth01,2018-19,1378242,Thomas Bryant,exact_normalized,0.99
p/purviro01,2018-19,1378242,Rodney Purvis,exact_normalized,0.99
m/masonfr01,2018-19,1378242,Frank Mason III,exact_normalized,0.99
b/brownst02,2018-19,1378242,Sterling Brown,exact_normalized,0.99
s/stockda01,2018-19,1378242,David Stockton,exact_normalized,0.99
o/ojelese01,2018-19,1378242,Semi Ojeleye,exact_normalized,0.99
t/theisda01,2018-19,1378242,Daniel Theis,exact_normalized,0.99
q/qizh01,2018-19,1378242,Zhou Qi,fuzzy_95,0.95
b/brookdi01,2018-19,1378242,Dillon Brooks,exact_normalized,0.99
d/dorsety01,2018-19,1378242,Tyler Dorsey,exact_normalized,0.99
k/klebima01,2018-19,1378242,Maxi Kleber,exact_normalized,0.99
b/belljo01,2018-19,1378242,Jordan Bell,exact_normalized,0.99
a/anigbik01,2018-19,1378242,Ike Anigbogu,exact_normalized,0.99
b/birdja01,2018-19,1349464,Jabari Bird,exact_normalized,0.99
m/moorebe01,2018-19,1349383,Ben Moore,exact_normalized,0.99
m/morrimo01,2018-19,1349383,Monte Morris,exact_normalized,0.99
a/arcidry01,2018-19,1349383,Ryan Arcidiacono,exact_normalized,0.99
h/hamilda02,2018-19,1349383,Daniel Hamilton,exact_normalized,0.99
b/blakean01,2018-19,1349383,Antonio Blakeney,exact_normalized,0.99
m/mckinal01,2018-19,1349383,Alfonzo McKinnie,exact_normalized,0.99
w/wallaty01,2018-19,1349383,Tyrone Wallace,exact_normalized,0.99
c/chandty01,2018-19,1333140,Tyson Chandler,exact_normalized,0.99
h/harrish01,2018-19,1311265,Shaquille Harrison,exact_normalized,0.99
o/okoboel01,2018-19,1238464,Elie Okobo,exact_normalized,0.99
b/brunsja01,2018-19,1230000,Jalen Brunson,exact_normalized,0.99
n/noahjo01,2018-19,1093858,Joakim Noah,exact_normalized,0.99
f/frazime01,2018-19,1050000,Melvin Frazier Jr.,exact_normalized,0.99
y/youngni01,2018-19,1042584,Nick Young,exact_normalized,0.99
b/bongais01,2018-19,1000000,Isaac Bonga,exact_normalized,0.99
g/grahade01,2018-19,988464,Devonte' Graham,exact_normalized,0.99
m/meltode01,2018-19,949000,De'Anthony Melton,exact_normalized,0.99
b/bakerro01,2018-19,948580,Ron Baker,exact_normalized,0.99
r/riverau01,2018-19,922943,Austin Rivers,exact_normalized,0.99
r/randlch01,2018-19,869094,Chasson Randle,exact_normalized,0.99
b/brownbr01,2018-19,838464,Bruce Brown,exact_normalized,0.99
d/diallha01,2018-19,838464,Hamidou Diallo,exact_normalized,0.99
w/wanambr01,2018-19,838464,Brad Wanamaker,exact_normalized,0.99
w/willike04,2018-19,838464,Kenrich Williams,exact_normalized,0.99
j/johnsal02,2018-19,838464,Alize Johnson,exact_normalized,0.99
b/broekry01,2018-19,838464,Ryan Broekhoff,exact_normalized,0.99
b/briscis01,2018-19,838464,Isaiah Briscoe,exact_normalized,0.99
h/harteis01,2018-19,838464,Isaiah Hartenstein,exact_normalized,0.99
b/bateske01,2018-19,838464,Keita Bates-Diop,exact_normalized,0.99
v/vandeja01,2018-19,838464,Jarred Vanderbilt,exact_normalized,0.99
t/thomakh01,2018-19,838464,Khyri Thomas,exact_normalized,0.99
m/metuch01,2018-19,838464,Chimezie Metu,exact_normalized,0.99
c/carteje01,2018-19,838464,Jevon Carter,exact_normalized,0.99
m/mccawpa01,2018-19,777665,Patrick McCaw,exact_normalized,0.99
f/farieke01,2018-19,683661,Kenneth Faried,exact_normalized,0.99
g/goodwbr01,2018-19,630032,Brandon Goodwin,exact_normalized,0.99
c/clarkga01,2018-19,596873,Gary Clark,exact_normalized,0.99
m/mejrisa01,2018-19,512746,Salah Mejri,exact_normalized,0.99
m/matthwe02,2018-19,512746,Wesley Matthews,exact_normalized,0.99
s/stausni01,2018-19,504200,Nik Stauskas,exact_normalized,0.99
l/linje01,2018-19,487109,Jeremy Lin,exact_normalized,0.99
k/kanteen01,2018-19,487109,Enes Freedom,exact_normalized,0.99
j/jenkijo01,2018-19,486520,John Jenkins,exact_normalized,0.99
b/bouchch01,2018-19,457418,Chris Boucher,exact_normalized,0.99
m/millema01,2018-19,457418,Malcolm Miller,exact_normalized,0.99
m/morrima02,2018-19,427288,Markieff Morris,exact_normalized,0.99
e/ellenhe01,2018-19,341831,Henry Ellenson,exact_normalized,0.99
g/gasolpa01,2018-19,333285,Pau Gasol,exact_normalized,0.99
b/bogutan01,2018-19,307648,Andrew Bogut,exact_normalized,0.99
a/adamsja01,2018-19,270014,Jaylen Adams,exact_normalized,0.99
h/houseda01,2018-19,247827,Danuel House Jr.,exact_normalized,0.99
f/fredeji01,2018-19,208509,Jimmer Fredette,exact_normalized,0.99
f/fraziti01,2018-19,196553,Tim Frazier,exact_normalized,0.99
b/bertada02,2018-19,194220,Dairis Bertans,exact_normalized,0.99
s/spaldra01,2018-19,184746,Ray Spalding,exact_normalized,0.99
b/burtode02,2018-19,151587,Deonte Burton,exact_normalized,0.99
c/chiozch01,2018-19,90005,Chris Chiozza,exact_normalized,0.99
s/sampsja02,2018-19,85458,JaKarr Sampson,exact_normalized,0.99
c/cartemi01,2018-19,59820,Michael Carter-Williams,exact_normalized,0.99
m/monrogr01,2018-19,59820,Greg Monroe,exact_normalized,0.99
z/zellety01,2018-19,59820,Tyler Zeller,exact_normalized,0.99
j/jonesje01,2018-19,52108,Jemerrio Jones,exact_normalized,0.99
h/humphis01,2018-19,47371,Isaac Humphries,exact_normalized,0.99
c/creekmi01,2018-19,47371,Mitchell Creek,exact_normalized,0.99
j/johnsbj01,2018-19,42634,BJ Johnson,exact_normalized,0.99
g/garrebi01,2018-19,42634,Billy Garrett Jr.,exact_normalized,0.99
d/davisde01,2018-19,25367,Deyonta Davis,exact_normalized,0.99
f/frazimi01,2018-19,23685,Michael Frazier II,exact_normalized,0.99
m/matenya01,2018-19,18948,Yante Maten,exact_normalized,0.99
m/moreler01,2018-19,17092,Eric Moreland,exact_normalized,0.99
m/mcraejo01,2018-19,17092,Jordan McRae,exact_normalized,0.99
g/gibsojo01,2018-19,17092,Jonathan Gibson,exact_normalized,0.99
p/phillta01,2018-19,9474,Tarik Phillip,exact_normalized,0.99
r/robindu01,2018-19,9474,Duncan Robinson,exact_normalized,0.99
n/nunnke01,2018-19,4737,Kendrick Nunn,exact_normalized,0.99
p/pinsoth01,2018-19,4737,Theo Pinson,exact_normalized,0.99
c/curryst01,2019-20,40231758,Stephen Curry,exact_normalized,0.99
w/westbru01,2019-20,38506482,Russell Westbrook,exact_normalized,0.99
p/paulch01,2019-20,38506482,Chris Paul,exact_normalized,0.99
d/duranke01,2019-20,38199000,Kevin Durant,exact_normalized,0.99
h/hardeja01,2019-20,38199000,James Harden,exact_normalized,0.99
w/walljo01,2019-20,38199000,John Wall,exact_normalized,0.99
j/jamesle01,2019-20,37436858,LeBron James,exact_normalized,0.99
l/lowryky01,2019-20,34996296,Kyle Lowry,exact_normalized,0.99
g/griffbl01,2019-20,34449964,Blake Griffin,exact_normalized,0.99
h/harrito02,2019-20,32742000,Tobias Harris,exact_normalized,0.99
b/butleji01,2019-20,32742000,Jimmy Butler III,exact_normalized,0.99
l/leonaka01,2019-20,32742000,Kawhi Leonard,exact_normalized,0.99
t/thompkl01,2019-20,32742000,Klay Thompson,exact_normalized,0.99
w/walkeke02,2019-20,32742000,Kemba Walker,exact_normalized,0.99
h/haywago01,2019-20,32700690,Gordon Hayward,exact_normalized,0.99
c/conlemi01,2019-20,32511624,Mike Conley,exact_normalized,0.99
i/irvinky01,2019-20,31742000,Kyrie Irving,exact_normalized,0.99
m/middlkh01,2019-20,30603448,Khris Middleton,exact_normalized,0.99
g/georgpa01,2019-20,30560700,Paul George,exact_normalized,0.99
m/millspa01,2019-20,30350000,Paul Millsap,exact_normalized,0.99
l/lillada01,2019-20,29802321,Damian Lillard,exact_normalized,0.99
l/loveke01,2019-20,28942830,Kevin Love,exact_normalized,0.99
v/vucevni01,2019-20,28000000,Nikola Vucevic,exact_normalized,0.99
h/horfoal01,2019-20,28000000,Al Horford,exact_normalized,0.99
d/derozde01,2019-20,27739975,DeMar DeRozan,exact_normalized,0.99
m/mccolcj01,2019-20,27556959,CJ McCollum,exact_normalized,0.99
e/embiijo01,2019-20,27504630,Joel Embiid,exact_normalized,0.99
w/wiggian01,2019-20,27504630,Andrew Wiggins,exact_normalized,0.99
j/jokicni01,2019-20,27504630,Nikola Jokic,exact_normalized,0.99
b/bookede01,2019-20,27285000,Devin Booker,exact_normalized,0.99
t/townska01,2019-20,27285000,Karl-Anthony Towns,exact_normalized,0.99
r/russeda01,2019-20,27285000,D'Angelo Russell,exact_normalized,0.99
p/porzikr01,2019-20,27285000,Kristaps Porzingis,exact_normalized,0.99
p/porteot01,2019-20,27250575,Otto Porter Jr.,exact_normalized,0.99
b/bealbr01,2019-20,27093019,Bradley Beal,exact_normalized,0.99
d/drumman01,2019-20,27093019,Andre Drummond,exact_normalized,0.99
d/davisan02,2019-20,27093018,Anthony Davis,exact_normalized,0.99
w/whiteha01,2019-20,27093017,Hassan Whiteside,exact_normalized,0.99
h/holidjr01,2019-20,26231111,Jrue Holiday,exact_normalized,0.99
a/aldrila01,2019-20,26000000,LaMarcus Aldridge,exact_normalized,0.99
a/antetgi01,2019-20,25842697,Giannis Antetokounmpo,exact_normalized,0.99
a/adamsst01,2019-20,25842697,Steven Adams,exact_normalized,0.99
g/gasolma01,2019-20,25595700,Marc Gasol,exact_normalized,0.99
b/batumni01,2019-20,25565217,Nicolas Batum,exact_normalized,0.99
p/parsoch01,2019-20,25102511,Chandler Parsons,exact_normalized,0.99
b/barneha02,2019-20,24147727,Harrison Barnes,exact_normalized,0.99
i/ibakase01,2019-20,23271604,Serge Ibaka,exact_normalized,0.99
g/goberru01,2019-20,23241573,Rudy Gobert,exact_normalized,0.99
g/gallida01,2019-20,22615559,Danilo Gallinari,exact_normalized,0.99
o/oladivi01,2019-20,21000000,Victor Oladipo,exact_normalized,0.99
b/brogdma01,2019-20,20000000,Malcolm Brogdon,exact_normalized,0.99
r/roziete01,2019-20,19894737,Terry Rozier,exact_normalized,0.99
g/gordoaa01,2019-20,19863636,Aaron Gordon,exact_normalized,0.99
l/lavinza01,2019-20,19500000,Zach LaVine,exact_normalized,0.99
b/bazemke01,2019-20,19269662,Kent Bazemore,exact_normalized,0.99
d/dragigo01,2019-20,19217900,Goran Dragic,exact_normalized,0.99
t/teaguje01,2019-20,19000000,Jeff Teague,exact_normalized,0.99
t/turneev01,2019-20,18606556,Evan Turner,exact_normalized,0.99
g/greendr01,2019-20,18539130,Draymond Green,exact_normalized,0.99
t/thomptr01,2019-20,18539130,Tristan Thompson,exact_normalized,0.99
c/crabbal01,2019-20,18500000,Allen Crabbe,exact_normalized,0.99
r/randlju01,2019-20,18000000,Julius Randle,exact_normalized,0.99
t/turnemy01,2019-20,18000000,Myles Turner,exact_normalized,0.99
h/harriga01,2019-20,17839286,Gary Harris,exact_normalized,0.99
f/favorde01,2019-20,17650000,Derrick Favors,exact_normalized,0.99
i/iguodan01,2019-20,17185185,Andre Iguodala,exact_normalized,0.99
f/fournev01,2019-20,17150000,Evan Fournier,exact_normalized,0.99
b/biyombi01,2019-20,17000000,Bismack Biyombo,exact_normalized,0.99
b/bogdabo02,2019-20,17000000,Bojan Bogdanovic,exact_normalized,0.99
m/mozgoti01,2019-20,16720000,Timofey Mozgov,exact_normalized,0.99
d/dienggo01,2019-20,16229213,Gorgui Dieng,exact_normalized,0.99
r/rubiori01,2019-20,16200000,Ricky Rubio,exact_normalized,0.99
v/valanjo01,2019-20,16000000,Jonas Valanciunas,exact_normalized,0.99
k/knighbr03,2019-20,15643750,Brandon Knight,exact_normalized,0.99
b/bledser01,2019-20,15625000,Eric Bledsoe,exact_normalized,0.99
o/oubreke01,2019-20,15625000,Kelly Oubre Jr.,exact_normalized,0.99
s/schrode01,2019-20,15500000,Dennis Schroder,exact_normalized,0.99
m/mahinia01,2019-20,15450051,Ian Mahinmi,exact_normalized,0.99
j/johnsja01,2019-20,15349400,James Johnson,exact_normalized,0.99
p/portibo01,2019-20,15000000,Bobby Portis,exact_normalized,0.99
m/morrima03,2019-20,15000000,Marcus Morris Sr.,exact_normalized,0.99
c/capelca01,2019-20,14896552,Clint Capela,exact_normalized,0.99
b/babbilu01,2019-20,14651700,Luke Babbitt,exact_normalized,0.99
g/greenda02,2019-20,14634146,Danny Green,exact_normalized,0.99
g/gayru01,2019-20,14500000,Rudy Gay,exact_normalized,0.99
z/zelleco01,2019-20,14471910,Cody Zeller,exact_normalized,0.99
g/gordoer01,2019-20,14057730,Eric Gordon,exact_normalized,0.99
p/plumlma01,2019-20,14041096,Mason Plumlee,exact_normalized,0.99
g/gortama01,2019-20,13565218,Marcin Gortat,exact_normalized,0.99
r/redicjj01,2019-20,13486300,JJ Redick,exact_normalized,0.99
c/clarkjo01,2019-20,13437500,Jordan Clarkson,exact_normalized,0.99
d/dedmode01,2019-20,13333333,Dewayne Dedmon,exact_normalized,0.99
n/nurkiju01,2019-20,13125000,Jusuf Nurkic,exact_normalized,0.99
w/winslju01,2019-20,13000000,Justise Winslow,exact_normalized,0.99
y/youngth01,2019-20,12900000,Thaddeus Young,exact_normalized,0.99
b/bartowi01,2019-20,12776786,Will Barton,exact_normalized,0.99
l/leeco01,2019-20,12759670,Courtney Lee,exact_normalized,0.99
h/hillso01,2019-20,12758781,Solomon Hill,exact_normalized,0.99
o/olynyke01,2019-20,12667885,Kelly Olynyk,exact_normalized,0.99
s/smartma01,2019-20,12553571,Marcus Smart,exact_normalized,0.99
p/plumlmi01,2019-20,12500000,Miles Plumlee,exact_normalized,0.99
r/rosste01,2019-20,12500000,Terrence Ross,exact_normalized,0.99
m/mirotni01,2019-20,12500000,Nikola Mirotic,exact_normalized,0.99
m/millspa02,2019-20,12428571,Patty Mills,exact_normalized,0.99
e/evansty01,2019-20,12400000,Tyreke Evans,exact_normalized,0.99
b/beverpa01,2019-20,12345680,Patrick Beverley,exact_normalized,0.99
a/arizatr01,2019-20,12195122,Trevor Ariza,exact_normalized,0.99
l/lopezbr01,2019-20,12093023,Brook Lopez,exact_normalized,0.99
j/josepco01,2019-20,12000000,Cory Joseph,exact_normalized,0.99
i/inglejo01,2019-20,11954546,Joe Ingles,exact_normalized,0.99
r/randoza01,2019-20,11692308,Zach Randolph,exact_normalized,0.99
s/snellto01,2019-20,11392857,Tony Snell,exact_normalized,0.99
c/covinro01,2019-20,11301219,Robert Covington,exact_normalized,0.99
l/leoname01,2019-20,11286516,Meyers Leonard,exact_normalized,0.99
a/asikom01,2019-20,11286516,Omer Asik,exact_normalized,0.99
h/harklma01,2019-20,11011234,Maurice Harkless,exact_normalized,0.99
w/warretj01,2019-20,10810000,T.J. Warren,exact_normalized,0.99
r/roberan03,2019-20,10740740,Andre Roberson,exact_normalized,0.99
d/dinwisp01,2019-20,10605600,Spencer Dinwiddie,exact_normalized,0.99
l/lambje01,2019-20,10500000,Jeremy Lamb,exact_normalized,0.99
p/poweldw01,2019-20,10259375,Dwight Powell,exact_normalized,0.99
r/richajo01,2019-20,10116576,Josh Richardson,exact_normalized,0.99
p/powelno01,2019-20,10116576,Norman Powell,exact_normalized,0.99
s/satorto01,2019-20,10000000,Tomas Satoransky,exact_normalized,0.99
c/collida01,2019-20,10000000,Darren Collison,exact_normalized,0.99
j/jordade01,2019-20,9881598,DeAndre Jordan,exact_normalized,0.99
w/willizi01,2019-20,9757440,Zion Williamson,exact_normalized,0.99
f/fultzma01,2019-20,9745200,Markelle Fultz,exact_normalized,0.99
h/hensojo01,2019-20,9732396,John Henson,exact_normalized,0.99
d/dellama01,2019-20,9607500,Matthew Dellavedova,exact_normalized,0.99
e/exumda01,2019-20,9600000,Dante Exum,exact_normalized,0.99
a/aytonde01,2019-20,9562920,Deandre Ayton,exact_normalized,0.99
w/wrighde01,2019-20,9473684,Delon Wright,exact_normalized,0.99
g/grantje01,2019-20,9346153,Jerami Grant,exact_normalized,0.99
v/vanvlfr01,2019-20,9346153,Fred VanVleet,exact_normalized,0.99
j/jonesty01,2019-20,9258000,Tyus Jones,exact_normalized,0.99
a/aminual01,2019-20,9258000,Al-Farouq Aminu,exact_normalized,0.99
h/hillge01,2019-20,9133907,George Hill,exact_normalized,0.99
a/anderky01,2019-20,9073050,Kyle Anderson,exact_normalized,0.99
g/gibsota01,2019-20,9000000,Taj Gibson,exact_normalized,0.99
m/moranja01,2019-20,8730240,Ja Morant,exact_normalized,0.99
b/balllo01,2019-20,8719320,Lonzo Ball,exact_normalized,0.99
m/mooreet01,2019-20,8664928,E'Twaun Moore,exact_normalized,0.99
b/baglema01,2019-20,8556120,Marvin Bagley III,exact_normalized,0.99
b/bogdabo01,2019-20,8529386,Bogdan Bogdanovic,exact_normalized,0.99
t/tuckepj01,2019-20,8349039,P.J. Tucker,exact_normalized,0.99
m/milescj01,2019-20,8333333,CJ Miles,exact_normalized,0.99
f/feliccr01,2019-20,8156500,Cristiano Felicio,exact_normalized,0.99
s/simmobe01,2019-20,8113930,Ben Simmons,exact_normalized,0.99
c/caldwke01,2019-20,8089282,Kentavious Caldwell-Pope,exact_normalized,0.99
b/bryanth01,2019-20,8000000,Thomas Bryant,exact_normalized,0.99
e/ellinwa01,2019-20,8000000,Wayne Ellington,exact_normalized,0.99
k/klebima01,2019-20,8000000,Maxi Kleber,exact_normalized,0.99
w/willilo02,2019-20,8000000,Lou Williams,exact_normalized,0.99
b/barrerj01,2019-20,7839960,RJ Barrett,exact_normalized,0.99
t/tatumja01,2019-20,7830000,Jayson Tatum,exact_normalized,0.99
c/crowdja01,2019-20,7815533,Jae Crowder,exact_normalized,0.99
d/doncilu01,2019-20,7683360,Luka Doncic,exact_normalized,0.99
h/harrijo01,2019-20,7666667,Joe Harris,exact_normalized,0.99
a/arthuda01,2019-20,7464912,Darrell Arthur,exact_normalized,0.99
c/curryse01,2019-20,7461380,Seth Curry,exact_normalized,0.99
g/gallola01,2019-20,7333333,Langston Galloway,exact_normalized,0.99
m/mcderdo01,2019-20,7333333,Doug McDermott,exact_normalized,0.99
r/rosede01,2019-20,7317073,Derrick Rose,exact_normalized,0.99
i/ingrabr01,2019-20,7265485,Brandon Ingram,exact_normalized,0.99
a/augusdj01,2019-20,7250000,D.J. Augustin,exact_normalized,0.99
t/thomala01,2019-20,7119650,Lance Thomas,exact_normalized,0.99
h/huntede01,2019-20,7068360,De'Andre Hunter,exact_normalized,0.99
j/jacksjo02,2019-20,7059480,Josh Jackson,exact_normalized,0.99
b/bertada01,2019-20,7000000,Davis Bertans,exact_normalized,0.99
m/milleda01,2019-20,7000000,Darius Miller,exact_normalized,0.99
i/ilyaser01,2019-20,7000000,Ersan Ilyasova,exact_normalized,0.99
b/bjeline01,2019-20,6825000,Nemanja Bjelica,exact_normalized,0.99
b/brownja02,2019-20,6534829,Jaylen Brown,exact_normalized,0.99
p/parkeja01,2019-20,6500000,Jabari Parker,exact_normalized,0.99
z/zubaciv01,2019-20,6481482,Ivica Zubac,exact_normalized,0.99
g/garlada01,2019-20,6400920,Darius Garland,exact_normalized,0.99
f/foxde01,2019-20,6392760,De'Aaron Fox,exact_normalized,0.99
t/teodomi01,2019-20,6300000,Milos Teodosic,exact_normalized,0.99
y/youngtr01,2019-20,6273000,Trae Young,exact_normalized,0.99
j/johnswe01,2019-20,6134520,Wesley Johnson,exact_normalized,0.99
s/smithis01,2019-20,6000000,Ish Smith,exact_normalized,0.99
h/harremo01,2019-20,6000000,Montrezl Harrell,exact_normalized,0.99
b/belinma01,2019-20,5846154,Marco Belinelli,exact_normalized,0.99
c/culveja01,2019-20,5813640,Jarrett Culver,exact_normalized,0.99
i/isaacjo01,2019-20,5806440,Jonathan Isaac,exact_normalized,0.99
h/hoodro01,2019-20,5718000,Rodney Hood,exact_normalized,0.99
s/simmojo02,2019-20,5700000,Jonathon Simmons,exact_normalized,0.99
b/bambamo01,2019-20,5697600,Mo Bamba,exact_normalized,0.99
l/lylestr01,2019-20,5500000,Trey Lyles,exact_normalized,0.99
a/abrinal01,2019-20,5455236,Alex Abrines,exact_normalized,0.99
b/baynear01,2019-20,5453280,Aron Baynes,exact_normalized,0.99
s/smithja02,2019-20,5450000,Jason Smith,exact_normalized,0.99
d/dunnkr01,2019-20,5348007,Kris Dunn,exact_normalized,0.99
w/whiteco01,2019-20,5307120,Coby White,exact_normalized,0.99
m/markkla01,2019-20,5300400,Lauri Markkanen,exact_normalized,0.99
a/ajincal01,2019-20,5285394,Alexis Ajinca,exact_normalized,0.99
c/cartewe01,2019-20,5201400,Wendell Carter Jr.,exact_normalized,0.99
t/theisda01,2019-20,5000000,Daniel Theis,exact_normalized,0.99
n/nowitdi01,2019-20,5000000,Dirk Nowitzki,exact_normalized,0.99
s/singlky01,2019-20,4996000,Kyle Singler,exact_normalized,0.99
h/hayesja02,2019-20,4862040,Jaxson Hayes,exact_normalized,0.99
h/hieldbu01,2019-20,4861208,Buddy Hield,exact_normalized,0.99
n/ntilila01,2019-20,4855800,Frank Ntilikina,exact_normalized,0.99
m/mcgruro01,2019-20,4807693,Rodney McGruder,exact_normalized,0.99
t/templga01,2019-20,4767000,Garrett Temple,exact_normalized,0.99
h/holmeri01,2019-20,4767000,Richaun Holmes,exact_normalized,0.99
l/lopezro01,2019-20,4767000,Robin Lopez,exact_normalized,0.99
s/scottmi01,2019-20,4767000,Mike Scott,exact_normalized,0.99
b/bradlav01,2019-20,4767000,Avery Bradley,exact_normalized,0.99
k/kaminfr01,2019-20,4767000,Frank Kaminsky,exact_normalized,0.99
g/greenja01,2019-20,4767000,JaMychal Green,exact_normalized,0.99
h/holidju01,2019-20,4767000,Justin Holiday,exact_normalized,0.99
d/davised01,2019-20,4767000,Ed Davis,exact_normalized,0.99
k/kanteen01,2019-20,4767000,Enes Freedom,exact_normalized,0.99
s/sextoco01,2019-20,4764960,Collin Sexton,exact_normalized,0.99
h/hachiru01,2019-20,4469160,Rui Hachimura,exact_normalized,0.99
l/looneke01,2019-20,4464226,Kevon Looney,exact_normalized,0.99
s/smithde03,2019-20,4463640,Dennis Smith Jr.,exact_normalized,0.99
m/murraja01,2019-20,4444746,Jamal Murray,exact_normalized,0.99
k/knoxke01,2019-20,4380120,Kevin Knox II,exact_normalized,0.99
m/mbahalu01,2019-20,4320500,Luc Mbah a Moute,exact_normalized,0.99
r/reddica01,2019-20,4245720,Cam Reddish,exact_normalized,0.99
c/colliza01,2019-20,4240200,Zach Collins,exact_normalized,0.99
b/bridgmi01,2019-20,4161000,Mikal Bridges,exact_normalized,0.99
l/lenal01,2019-20,4160000,Alex Len,exact_normalized,0.99
m/mellini01,2019-20,4102564,Nicolo Melli,exact_normalized,0.99
j/johnsca02,2019-20,4033440,Cameron Johnson,exact_normalized,0.99
m/monkma01,2019-20,4028400,Malik Monk,exact_normalized,0.99
m/mccawpa01,2019-20,4000000,Patrick McCaw,exact_normalized,0.99
m/mcgeeja01,2019-20,4000000,JaVale McGee,exact_normalized,0.99
f/finnedo01,2019-20,4000000,Dorian Finney-Smith,exact_normalized,0.99
b/bullore01,2019-20,4000000,Reggie Bullock Jr.,exact_normalized,0.99
g/gilgesh01,2019-20,3952920,Shai Gilgeous-Alexander,exact_normalized,0.99
w/washipj01,2019-20,3831840,P.J. Washington,exact_normalized,0.99
k/kennalu01,2019-20,3827160,Luke Kennard,exact_normalized,0.99
b/bridgmi02,2019-20,3755400,Miles Bridges,exact_normalized,0.99
p/poeltja01,2019-20,3754886,Jakob Poeltl,exact_normalized,0.99
h/herroty01,2019-20,3640200,Tyler Herro,exact_normalized,0.99
m/mitchdo01,2019-20,3635760,Donovan Mitchell,exact_normalized,0.99
j/johnsst04,2019-20,3623000,Stanley Johnson,exact_normalized,0.99
l/laymaja01,2019-20,3581986,Jake Layman,exact_normalized,0.99
m/makerth01,2019-20,3569643,Thon Maker,exact_normalized,0.99
r/robinje01,2019-20,3567720,Jerome Robinson,exact_normalized,0.99
t/trieral01,2019-20,3551000,Allonzo Trier,exact_normalized,0.99
h/houseda01,2019-20,3540000,Danuel House Jr.,exact_normalized,0.99
s/sabondo01,2019-20,3529555,Domantas Sabonis,exact_normalized,0.99
b/beaslmi01,2019-20,3500000,Michael Beasley,exact_normalized,0.99
m/mccontj01,2019-20,3500000,T.J. McConnell,exact_normalized,0.99
m/marjabo01,2019-20,3500000,Boban Marjanovic,exact_normalized,0.99
c/couside01,2019-20,3500000,DeMarcus Cousins,exact_normalized,0.99
p/princta02,2019-20,3481986,Taurean Prince,exact_normalized,0.99
s/saricda01,2019-20,3481986,Dario Saric,exact_normalized,0.99
l/langfro01,2019-20,3458400,Romeo Langford,exact_normalized,0.99
a/adebaba01,2019-20,3454080,Bam Adebayo,exact_normalized,0.99
p/portemi01,2019-20,3389400,Michael Porter Jr.,exact_normalized,0.99
v/valende01,2019-20,3377569,Denzel Valentine,exact_normalized,0.99
h/hernaju01,2019-20,3321030,Juancho Hernangomez,exact_normalized,0.99
d/doumbse01,2019-20,3285120,Sekou Doumbouya,exact_normalized,0.99
j/jacksju01,2019-20,3280920,Justin Jackson,exact_normalized,0.99
b/browntr01,2019-20,3219480,Troy Brown Jr.,exact_normalized,0.99
f/ferreyo01,2019-20,3150000,Yogi Ferrell,exact_normalized,0.99
s/smithzh01,2019-20,3058800,Zhaire Smith,exact_normalized,0.99
b/birchkh01,2019-20,3000000,Khem Birch,exact_normalized,0.99
c/cookqu01,2019-20,3000000,Quinn Cook,exact_normalized,0.99
a/arcidry01,2019-20,3000000,Ryan Arcidiacono,exact_normalized,0.99
a/alexani01,2019-20,2964840,Nickeil Alexander-Walker,exact_normalized,0.99
w/wilsodj01,2019-20,2961120,D.J. Wilson,exact_normalized,0.99
o/osmande01,2019-20,2907143,Cedi Osman,exact_normalized,0.99
d/divindo01,2019-20,2905800,Donte DiVincenzo,exact_normalized,0.99
f/forbebr01,2019-20,2875000,Bryn Forbes,exact_normalized,0.99
b/bitadgo01,2019-20,2816760,Goga Bitadze,exact_normalized,0.99
l/leaftj01,2019-20,2813280,T.J. Leaf,exact_normalized,0.99
c/carusal01,2019-20,2750000,Alex Caruso,exact_normalized,0.99
b/beaslma01,2019-20,2731714,Malik Beasley,exact_normalized,0.99
s/samanlu01,2019-20,2689920,Luka Samanic,exact_normalized,0.99
w/walkelo01,2019-20,2689920,Lonnie Walker IV,exact_normalized,0.99
c/collijo01,2019-20,2686560,John Collins,exact_normalized,0.99
h/huertke01,2019-20,2636280,Kevin Huerter,exact_normalized,0.99
l/leverca01,2019-20,2625718,Caris LeVert,exact_normalized,0.99
g/gudurma01,2019-20,2625000,Marko Guduric,exact_normalized,0.99
b/bembrde01,2019-20,2603982,DeAndre' Bembry,exact_normalized,0.99
t/thybuma01,2019-20,2582160,Matisse Thybulle,exact_normalized,0.99
g/gilesha01,2019-20,2578800,Harry Giles III,exact_normalized,0.99
r/rondora01,2019-20,2564753,Rajon Rondo,exact_normalized,0.99
m/matthwe02,2019-20,2564753,Wesley Matthews,exact_normalized,0.99
o/okogijo01,2019-20,2530680,Josh Okogie,exact_normalized,0.99
g/ginobma01,2019-20,2500000,Manu Ginobili,exact_normalized,0.99
h/holliro01,2019-20,2500000,Rondae Hollis Jefferson,fuzzy_95,0.957
c/clarkbr01,2019-20,2478840,Brandon Clarke,exact_normalized,0.99
f/fergute01,2019-20,2475840,Terrance Ferguson,exact_normalized,0.99
o/okafoem01,2019-20,2445085,Emeka Okafor,exact_normalized,0.99
p/perkike01,2019-20,2445085,Kendrick Perkins,exact_normalized,0.99
a/allengr01,2019-20,2429400,Grayson Allen,exact_normalized,0.99
w/willigr01,2019-20,2379840,Grant Williams,exact_normalized,0.99
a/allenja01,2019-20,2376840,Jarrett Allen,exact_normalized,0.99
s/siakapa01,2019-20,2351839,Pascal Siakam,exact_normalized,0.99
l/labissk01,2019-20,2338847,Skal Labissiere,exact_normalized,0.99
h/hutchch01,2019-20,2332320,Chandler Hutchison,exact_normalized,0.99
h/holidaa01,2019-20,2329200,Aaron Holiday,exact_normalized,0.99
m/murrade01,2019-20,2321735,Dejounte Murray,exact_normalized,0.99
j/jonesda03,2019-20,2305057,Damian Jones,exact_normalized,0.99
b/bazleda01,2019-20,2284800,Darius Bazley,exact_normalized,0.99
a/anunoog01,2019-20,2281800,OG Anunoby,exact_normalized,0.99
z/zizican01,2019-20,2281800,Ante Zizic,exact_normalized,0.99
k/kornelu01,2019-20,2250000,Luke Kornet,exact_normalized,0.99
j/jennibr01,2019-20,2222803,Brandon Jennings,exact_normalized,0.99
j/jeromty01,2019-20,2193480,Ty Jerome,exact_normalized,0.99
c/caulewi01,2019-20,2177483,Willie Cauley-Stein,exact_normalized,0.99
s/simonan01,2019-20,2149560,Anfernee Simons,exact_normalized,0.99
r/riverau01,2019-20,2147317,Austin Rivers,exact_normalized,0.99
l/littlna01,2019-20,2105520,Nassir Little,exact_normalized,0.99
w/wagnemo01,2019-20,2063520,Moritz Wagner,exact_normalized,0.99
k/kilpase01,2019-20,2054856,Sean Kilpatrick,exact_normalized,0.99
w/windldy01,2019-20,2035800,Dylan Windler,exact_normalized,0.99
s/swanica01,2019-20,2033160,Caleb Swanigan,exact_normalized,0.99
m/muscami01,2019-20,2028594,Mike Muscala,exact_normalized,0.99
m/mclembe01,2019-20,2028594,Ben McLemore,exact_normalized,0.99
s/sumneed01,2019-20,2000000,Edmond Sumner,exact_normalized,0.99
c/craigto01,2019-20,2000000,Torrey Craig,exact_normalized,0.99
v/vonleno01,2019-20,2000000,Noah Vonleh,exact_normalized,0.99
s/shamela01,2019-20,1995120,Landry Shamet,exact_normalized,0.99
k/kabenmf01,2019-20,1977000,Mfiondu Kabengele,exact_normalized,0.99
k/kuzmaky01,2019-20,1974600,Kyle Kuzma,exact_normalized,0.99
p/poolejo01,2019-20,1964760,Jordan Poole,exact_normalized,0.99
b/bradlto01,2019-20,1962360,Tony Bradley,exact_normalized,0.99
j/johnske04,2019-20,1950600,Keldon Johnson,exact_normalized,0.99
w/whitede01,2019-20,1948080,Derrick White,exact_normalized,0.99
w/williro04,2019-20,1937520,Robert Williams III,exact_normalized,0.99
e/evansja02,2019-20,1925880,Jacob Evans,exact_normalized,0.99
e/ennisja01,2019-20,1882867,James Ennis III,exact_normalized,0.99
n/napiesh01,2019-20,1845301,Shabazz Napier,exact_normalized,0.99
l/liggide01,2019-20,1795015,DeAndre Liggins,exact_normalized,0.99
m/morrima02,2019-20,1750000,Markieff Morris,exact_normalized,0.99
p/payneca01,2019-20,1737145,Cameron Payne,exact_normalized,0.99
c/connapa01,2019-20,1723050,Pat Connaughton,exact_normalized,0.99
o/okafoja01,2019-20,1702486,Jahlil Okafor,exact_normalized,0.99
k/kurucro01,2019-20,1699236,Rodions Kurucs,exact_normalized,0.99
b/boldejo01,2019-20,1698450,Jonah Bolden,exact_normalized,0.99
d/diallch01,2019-20,1678854,Cheick Diallo,exact_normalized,0.99
b/bendedr01,2019-20,1678854,Dragan Bender,exact_normalized,0.99
h/hernawi01,2019-20,1676735,Willy Hernangomez,exact_normalized,0.99
s/stoneju01,2019-20,1656092,Julyan Stone,exact_normalized,0.99
b/brookma01,2019-20,1656092,MarShon Brooks,exact_normalized,0.99
h/hartjo01,2019-20,1655160,Josh Hart,exact_normalized,0.99
g/grahatr01,2019-20,1645357,Treveon Graham,exact_normalized,0.99
w/woodch01,2019-20,1645357,Christian Wood,exact_normalized,0.99
m/mcraejo01,2019-20,1645357,Jordan McRae,exact_normalized,0.99
j/jonesde02,2019-20,1645357,Derrick Jones Jr.,exact_normalized,0.99
n/niangge01,2019-20,1645357,Georges Niang,exact_normalized,0.99
h/harrish01,2019-20,1620564,Shaquille Harrison,exact_normalized,0.99
t/taylois01,2019-20,1620564,Isaiah Taylor,exact_normalized,0.99
b/burketr01,2019-20,1620564,Trey Burke,exact_normalized,0.99
l/lydonty01,2019-20,1620564,Tyler Lydon,exact_normalized,0.99
m/mudiaem01,2019-20,1620564,Emmanuel Mudiay,exact_normalized,0.99
n/noelne01,2019-20,1620564,Nerlens Noel,exact_normalized,0.99
p/pattepa01,2019-20,1620564,Patrick Patterson,exact_normalized,0.99
t/thomais02,2019-20,1620564,Isaiah Thomas,exact_normalized,0.99
o/oquinky01,2019-20,1620564,Kyle O'Quinn,exact_normalized,0.99
c/cartemi01,2019-20,1620564,Michael Carter-Williams,exact_normalized,0.99
b/burksal01,2019-20,1620564,Alec Burks,exact_normalized,0.99
c/chandwi01,2019-20,1620564,Wilson Chandler,exact_normalized,0.99
k/korveky01,2019-20,1620564,Kyle Korver,exact_normalized,0.99
h/hasleud01,2019-20,1620564,Udonis Haslem,exact_normalized,0.99
d/dudleja01,2019-20,1620564,Jared Dudley,exact_normalized,0.99
h/howardw01,2019-20,1620564,Dwight Howard,exact_normalized,0.99
k/korkmfu01,2019-20,1620564,Furkan Korkmaz,exact_normalized,0.99
s/sampsja02,2019-20,1620564,JaKarr Sampson,exact_normalized,0.99
p/pattoju01,2019-20,1620564,Justin Patton,exact_normalized,0.99
a/anderry01,2019-20,1620564,Ryan Anderson,exact_normalized,0.99
s/sefolth01,2019-20,1620564,Thabo Sefolosha,exact_normalized,0.99
g/greenge01,2019-20,1620564,Gerald Green,exact_normalized,0.99
c/chandty01,2019-20,1620564,Tyson Chandler,exact_normalized,0.99
b/bareajo01,2019-20,1620564,J.J. Barea,exact_normalized,0.99
m/martija01,2019-20,1620564,Jarell Martin,exact_normalized,0.99
n/netora01,2019-20,1620564,Raul Neto,exact_normalized,0.99
f/fraziti01,2019-20,1620564,Tim Frazier,exact_normalized,0.99
b/belljo01,2019-20,1620564,Jordan Bell,exact_normalized,0.99
j/johnsjo02,2019-20,1620564,Joe Johnson,exact_normalized,0.99
c/cartevi01,2019-20,1620564,Vince Carter,exact_normalized,0.99
j/jacksfr01,2019-20,1618520,Frank Jackson,exact_normalized,0.99
n/naderab01,2019-20,1618520,Abdel Nader,exact_normalized,0.99
o/onealro01,2019-20,1618520,Royce O'Neale,exact_normalized,0.99
d/dotsoda01,2019-20,1618520,Damyean Dotson,exact_normalized,0.99
b/brownst02,2019-20,1618520,Sterling Brown,exact_normalized,0.99
o/ojelese01,2019-20,1618520,Semi Ojeleye,exact_normalized,0.99
b/brookdi01,2019-20,1618520,Dillon Brooks,exact_normalized,0.99
i/iwundwe01,2019-20,1618420,Wes Iwundu,exact_normalized,0.99
b/buyckdw01,2019-20,1600520,Dwight Buycks,exact_normalized,0.99
r/robinmi01,2019-20,1599712,Mitchell Robinson,exact_normalized,0.99
b/bouchch01,2019-20,1588231,Chris Boucher,exact_normalized,0.99
m/millema01,2019-20,1588231,Malcolm Miller,exact_normalized,0.99
m/morrimo01,2019-20,1588231,Monte Morris,exact_normalized,0.99
b/blakean01,2019-20,1588231,Antonio Blakeney,exact_normalized,0.99
w/wallaty01,2019-20,1588231,Tyrone Wallace,exact_normalized,0.99
r/richama01,2019-20,1569360,Malachi Richardson,exact_normalized,0.99
p/papagge01,2019-20,1544951,Georgios Papagiannis,exact_normalized,0.99
o/onuakch01,2019-20,1544951,Chinanu Onuaku,exact_normalized,0.99
b/baldwwa01,2019-20,1544951,Wade Baldwin IV,exact_normalized,0.99
w/whiteis01,2019-20,1544951,Isaiah Whitehead,exact_normalized,0.99
z/zipsepa01,2019-20,1544951,Paul Zipser,exact_normalized,0.99
j/jeffeam01,2019-20,1529007,Amile Jefferson,exact_normalized,0.99
c/casspom01,2019-20,1512601,Omri Casspi,exact_normalized,0.99
c/canaais01,2019-20,1512601,Isaiah Canaan,exact_normalized,0.99
w/wadedw01,2019-20,1512601,Dwyane Wade,exact_normalized,0.99
w/willini01,2019-20,1500000,Nigel Williams-Goss,exact_normalized,0.99
r/robyis01,2019-20,1500000,Isaiah Roby,exact_normalized,0.99
m/mckinal01,2019-20,1500000,Alfonzo McKinnie,exact_normalized,0.99
m/miltosh01,2019-20,1455697,Shake Milton,exact_normalized,0.99
g/gabriwe01,2019-20,1445697,Wenyen Gabriel,exact_normalized,0.99
w/wanambr01,2019-20,1445697,Brad Wanamaker,exact_normalized,0.99
a/antetth01,2019-20,1445697,Thanasis Antetokounmpo,exact_normalized,0.99
w/waltode01,2019-20,1445697,Derrick Walton Jr.,exact_normalized,0.99
p/pinsoth01,2019-20,1445697,Theo Pinson,exact_normalized,0.99
s/shumpim01,2019-20,1419138,Iman Shumpert,exact_normalized,0.99
b/brownbr01,2019-20,1416852,Bruce Brown,exact_normalized,0.99
d/diallha01,2019-20,1416852,Hamidou Diallo,exact_normalized,0.99
n/nunnke01,2019-20,1416852,Kendrick Nunn,exact_normalized,0.99
f/frazime01,2019-20,1416852,Melvin Frazier Jr.,exact_normalized,0.99
w/willike04,2019-20,1416852,Kenrich Williams,exact_normalized,0.99
j/johnsal02,2019-20,1416852,Alize Johnson,exact_normalized,0.99
g/grahade01,2019-20,1416852,Devonte' Graham,exact_normalized,0.99
b/burtode02,2019-20,1416852,Deonte Burton,exact_normalized,0.99
m/meltode01,2019-20,1416852,De'Anthony Melton,exact_normalized,0.99
b/broekry01,2019-20,1416852,Ryan Broekhoff,exact_normalized,0.99
h/harteis01,2019-20,1416852,Isaiah Hartenstein,exact_normalized,0.99
b/brunsja01,2019-20,1416852,Jalen Brunson,exact_normalized,0.99
o/okoboel01,2019-20,1416852,Elie Okobo,exact_normalized,0.99
b/bateske01,2019-20,1416852,Keita Bates-Diop,exact_normalized,0.99
r/robindu01,2019-20,1416852,Duncan Robinson,exact_normalized,0.99
v/vandeja01,2019-20,1416852,Jarred Vanderbilt,exact_normalized,0.99
j/jonesje01,2019-20,1416852,Jemerrio Jones,exact_normalized,0.99
t/thomakh01,2019-20,1416852,Khyri Thomas,exact_normalized,0.99
m/metuch01,2019-20,1416852,Chimezie Metu,exact_normalized,0.99
c/carteje01,2019-20,1416852,Jevon Carter,exact_normalized,0.99
b/bertada02,2019-20,1416852,Dairis Bertans,exact_normalized,0.99
m/matenya01,2019-20,1416852,Yante Maten,exact_normalized,0.99
m/mykhasv01,2019-20,1416852,Svi Mykhailiuk,exact_normalized,0.99
b/bongais01,2019-20,1416842,Isaac Bonga,exact_normalized,0.99
p/phillta01,2019-20,1416842,Tarik Phillip,exact_normalized,0.99
n/nowelja01,2019-20,1400000,Jaylen Nowell,exact_normalized,0.99
f/fernabr01,2019-20,1400000,Bruno Fernando,exact_normalized,0.99
j/johnsda04,2019-20,1378242,Dakari Johnson,exact_normalized,0.99
c/colliky01,2019-20,1378242,Kyle Collinsworth,exact_normalized,0.99
m/morrija01,2019-20,1378242,Jaylen Morris,exact_normalized,0.99
p/paulbr01,2019-20,1378242,Brandon Paul,exact_normalized,0.99
p/purviro01,2019-20,1378242,Rodney Purvis,exact_normalized,0.99
s/stockda01,2019-20,1378242,David Stockton,exact_normalized,0.99
q/qizh01,2019-20,1378242,Zhou Qi,fuzzy_95,0.95
j/jacksaa01,2019-20,1378242,Aaron Jackson,exact_normalized,0.99
a/anigbik01,2019-20,1378242,Ike Anigbogu,exact_normalized,0.99
a/anthoca01,2019-20,1364204,Carmelo Anthony,exact_normalized,0.99
b/birdja01,2019-20,1349464,Jabari Bird,exact_normalized,0.99
m/moorebe01,2019-20,1349383,Ben Moore,exact_normalized,0.99
n/nunnaja01,2019-20,1349383,James Nunnally,exact_normalized,0.99
e/edwarca01,2019-20,1228026,Carsen Edwards,exact_normalized,0.99
m/martico01,2019-20,1173310,Cody Martin,exact_normalized,0.99
y/youngni01,2019-20,1042584,Nick Young,exact_normalized,0.99
s/schofad01,2019-20,1000000,Admiral Schofield,exact_normalized,0.99
m/mannte01,2019-20,1000000,Terance Mann,exact_normalized,0.99
b/bakerro01,2019-20,948580,Ron Baker,exact_normalized,0.99
n/nwabada01,2019-20,903111,David Nwaba,exact_normalized,0.99
m/mcdanja01,2019-20,898310,Jalen McDaniels,exact_normalized,0.99
h/hernade01,2019-20,898310,Dewan Hernandez,exact_normalized,0.99
h/hortota01,2019-20,898310,Talen Horton-Tucker,exact_normalized,0.99
k/kiddst01,2019-20,898310,Stanton Kidd,exact_normalized,0.99
o/okpalkz01,2019-20,898310,KZ Okpala,exact_normalized,0.99
d/daviste02,2019-20,898310,Terence Davis,exact_normalized,0.99
b/brazdig01,2019-20,898310,Ignas Brazdeikis,exact_normalized,0.99
o/onimi01,2019-20,898310,Miye Oni,exact_normalized,0.99
c/claxtni01,2019-20,898310,Nic Claxton,exact_normalized,0.99
r/reidna01,2019-20,898310,Naz Reid,exact_normalized,0.99
p/pascher01,2019-20,898310,Eric Paschall,exact_normalized,0.99
l/lecquja01,2019-20,898310,Jalen Lecque,exact_normalized,0.99
m/martica02,2019-20,898310,Caleb Martin,exact_normalized,0.99
s/smailal01,2019-20,898310,Alen Smailagic,exact_normalized,0.99
r/robinju01,2019-20,898310,Justin Robinson,exact_normalized,0.99
c/cancavl01,2019-20,898310,Vlatko Cancar,exact_normalized,0.99
g/gaffoda01,2019-20,898310,Daniel Gafford,exact_normalized,0.99
s/strusma01,2019-20,898310,Max Strus,exact_normalized,0.99
t/thomama02,2019-20,898310,Matt Thomas,exact_normalized,0.99
g/greenja02,2019-20,898310,Javonte Green,exact_normalized,0.99
j/jamesju01,2019-20,898310,Justin James,exact_normalized,0.99
l/leeda03,2019-20,842327,Damion Lee,exact_normalized,0.99
b/briscis01,2019-20,838464,Isaiah Briscoe,exact_normalized,0.99
m/morgaju01,2019-20,746054,Juwan Morgan,exact_normalized,0.99
c/chrisma01,2019-20,654469,Marquese Chriss,exact_normalized,0.99
l/luwawti01,2019-20,654469,Timothe Luwawu-Cabarrot,exact_normalized,0.99
w/willima02,2019-20,604278,Marvin Williams,exact_normalized,0.99
k/kiddgmi01,2019-20,595122,Michael Kidd-Gilchrist,exact_normalized,0.99
t/tuckera01,2019-20,578573,Rayjon Tucker,exact_normalized,0.99
c/clemoch01,2019-20,563347,Chris Clemons,exact_normalized,0.99
c/clarkga01,2019-20,555409,Gary Clark,exact_normalized,0.99
g/goodwbr01,2019-20,522738,Brandon Goodwin,exact_normalized,0.99
c/carrode01,2019-20,512721,DeMarre Carroll,exact_normalized,0.99
j/jacksre01,2019-20,512721,Reggie Jackson,exact_normalized,0.99
p/pasecan01,2019-20,482144,Anzejs Pasecniks,exact_normalized,0.99
s/silvach01,2019-20,466918,Chris Silva,exact_normalized,0.99
g/greenje02,2019-20,439475,Jeff Green,exact_normalized,0.99
d/danietr01,2019-20,384541,Troy Daniels,exact_normalized,0.99
w/waitedi01,2019-20,375385,Dion Waiters,exact_normalized,0.99
t/toscaju01,2019-20,350189,Juan Toscano-Anderson,exact_normalized,0.99
p/pelleno01,2019-20,350189,Norvel Pelle,exact_normalized,0.99
b/bowmaky01,2019-20,350189,Ky Bowman,exact_normalized,0.99
s/smithjr01,2019-20,289803,JR Smith,exact_normalized,0.99
z/zellety01,2019-20,245686,Tyler Zeller,exact_normalized,0.99
f/fredeji01,2019-20,208509,Jimmer Fredette,exact_normalized,0.99
p/portejo01,2019-20,197933,Jontay Porter,exact_normalized,0.99
j/johnsty01,2019-20,183115,Tyler Johnson,exact_normalized,0.99
t/tollian01,2019-20,183115,Anthony Tolliver,exact_normalized,0.99
d/dortlu01,2019-20,155647,Luguentz Dort,exact_normalized,0.99
c/curryst01,2020-21,43006362,Stephen Curry,exact_normalized,0.99
w/westbru01,2020-21,41358814,Russell Westbrook,exact_normalized,0.99
p/paulch01,2020-21,41358814,Chris Paul,exact_normalized,0.99
h/hardeja01,2020-21,41254920,James Harden,exact_normalized,0.99
w/walljo01,2020-21,41254920,John Wall,exact_normalized,0.99
d/duranke01,2020-21,40108950,Kevin Durant,exact_normalized,0.99
j/jamesle01,2020-21,39219565,LeBron James,exact_normalized,0.99
g/georgpa01,2020-21,35450412,Paul George,exact_normalized,0.99
t/thompkl01,2020-21,35361360,Klay Thompson,exact_normalized,0.99
c/conlemi01,2020-21,34502130,Mike Conley,exact_normalized,0.99
b/butleji01,2020-21,34379100,Jimmy Butler III,exact_normalized,0.99
l/leonaka01,2020-21,34379100,Kawhi Leonard,exact_normalized,0.99
w/walkeke02,2020-21,34379100,Kemba Walker,exact_normalized,0.99
h/harrito02,2020-21,34358850,Tobias Harris,exact_normalized,0.99
m/middlkh01,2020-21,33051724,Khris Middleton,exact_normalized,0.99
d/davisan02,2020-21,32742000,Anthony Davis,exact_normalized,0.99
i/irvinky01,2020-21,31742000,Kyrie Irving,exact_normalized,0.99
l/lillada01,2020-21,31626953,Damian Lillard,exact_normalized,0.99
l/loveke01,2020-21,31258256,Kevin Love,exact_normalized,0.99
s/simmobe01,2020-21,30559200,Ben Simmons,exact_normalized,0.99
s/siakapa01,2020-21,30559200,Pascal Siakam,exact_normalized,0.99
l/lowryky01,2020-21,30500000,Kyle Lowry,exact_normalized,0.99
a/adamsst01,2020-21,29592696,Steven Adams,exact_normalized,0.99
e/embiijo01,2020-21,29542010,Joel Embiid,exact_normalized,0.99
w/wiggian01,2020-21,29542010,Andrew Wiggins,exact_normalized,0.99
j/jokicni01,2020-21,29542010,Nikola Jokic,exact_normalized,0.99
b/bookede01,2020-21,29467800,Devin Booker,exact_normalized,0.99
t/townska01,2020-21,29467800,Karl-Anthony Towns,exact_normalized,0.99
p/porzikr01,2020-21,29467800,Kristaps Porzingis,exact_normalized,0.99
m/mccolcj01,2020-21,29354152,CJ McCollum,exact_normalized,0.99
b/bealbr01,2020-21,28751775,Bradley Beal,exact_normalized,0.99
r/russeda01,2020-21,28649250,D'Angelo Russell,exact_normalized,0.99
h/haywago01,2020-21,28500000,Gordon Hayward,exact_normalized,0.99
p/porteot01,2020-21,28489237,Otto Porter Jr.,exact_normalized,0.99
d/derozde01,2020-21,27739975,DeMar DeRozan,exact_normalized,0.99
a/antetgi01,2020-21,27528090,Giannis Antetokounmpo,exact_normalized,0.99
g/goberru01,2020-21,27525281,Rudy Gobert,exact_normalized,0.99
h/horfoal01,2020-21,27500000,Al Horford,exact_normalized,0.99
m/murraja01,2020-21,27285000,Jamal Murray,exact_normalized,0.99
i/ingrabr01,2020-21,27285000,Brandon Ingram,exact_normalized,0.99
h/holidjr01,2020-21,26231111,Jrue Holiday,exact_normalized,0.99
v/vucevni01,2020-21,26000000,Nikola Vucevic,exact_normalized,0.99
p/parsoch01,2020-21,25102511,Chandler Parsons,exact_normalized,0.99
h/hieldbu01,2020-21,24701834,Buddy Hield,exact_normalized,0.99
a/aldrila01,2020-21,24000000,LaMarcus Aldridge,exact_normalized,0.99
b/brownja02,2020-21,23735118,Jaylen Brown,exact_normalized,0.99
g/greendr01,2020-21,22246956,Draymond Green,exact_normalized,0.99
b/barneha02,2020-21,22215909,Harrison Barnes,exact_normalized,0.99
v/vanvlfr01,2020-21,21250000,Fred VanVleet,exact_normalized,0.99
o/oladivi01,2020-21,21000000,Victor Oladipo,exact_normalized,0.99
b/brogdma01,2020-21,20700000,Malcolm Brogdon,exact_normalized,0.99
s/sabondo01,2020-21,19800000,Domantas Sabonis,exact_normalized,0.99
h/harriga01,2020-21,19610714,Gary Harris,exact_normalized,0.99
g/gallida01,2020-21,19500000,Danilo Gallinari,exact_normalized,0.99
l/lavinza01,2020-21,19500000,Zach LaVine,exact_normalized,0.99
g/grantje01,2020-21,19050000,Jerami Grant,exact_normalized,0.99
r/randlju01,2020-21,18900000,Julius Randle,exact_normalized,0.99
r/roziete01,2020-21,18900000,Terry Rozier,exact_normalized,0.99
c/crabbal01,2020-21,18500000,Allen Crabbe,exact_normalized,0.99
g/gordoaa01,2020-21,18136364,Aaron Gordon,exact_normalized,0.99
d/dragigo01,2020-21,18000000,Goran Dragic,exact_normalized,0.99
t/turnemy01,2020-21,18000000,Myles Turner,exact_normalized,0.99
b/bogdabo01,2020-21,18000000,Bogdan Bogdanovic,exact_normalized,0.99
b/bogdabo02,2020-21,17850000,Bojan Bogdanovic,exact_normalized,0.99
f/fournev01,2020-21,17150000,Evan Fournier,exact_normalized,0.99
r/rubiori01,2020-21,17000000,Ricky Rubio,exact_normalized,0.99
b/bledser01,2020-21,16875000,Eric Bledsoe,exact_normalized,0.99
g/gordoer01,2020-21,16869276,Eric Gordon,exact_normalized,0.99
m/mozgoti01,2020-21,16720000,Timofey Mozgov,exact_normalized,0.99
l/leverca01,2020-21,16203704,Caris LeVert,exact_normalized,0.99
h/harrijo01,2020-21,16071429,Joe Harris,exact_normalized,0.99
j/johnsja01,2020-21,16047100,James Johnson,exact_normalized,0.99
s/schrode01,2020-21,16000000,Dennis Schroder,exact_normalized,0.99
c/capelca01,2020-21,16000000,Clint Capela,exact_normalized,0.99
z/zelleco01,2020-21,15415730,Cody Zeller,exact_normalized,0.99
g/greenda02,2020-21,15365853,Danny Green,exact_normalized,0.99
b/bertada01,2020-21,15000000,Davis Bertans,exact_normalized,0.99
i/iguodan01,2020-21,15000000,Andre Iguodala,exact_normalized,0.99
v/valanjo01,2020-21,15000000,Jonas Valanciunas,exact_normalized,0.99
m/morrima03,2020-21,14888721,Marcus Morris Sr.,exact_normalized,0.99
b/babbilu01,2020-21,14651700,Luke Babbitt,exact_normalized,0.99
g/gayru01,2020-21,14500000,Rudy Gay,exact_normalized,0.99
o/oubreke01,2020-21,14375000,Kelly Oubre Jr.,exact_normalized,0.99
m/murrade01,2020-21,14286000,Dejounte Murray,exact_normalized,0.99
b/bartowi01,2020-21,13723214,Will Barton,exact_normalized,0.99
g/gortama01,2020-21,13565218,Marcin Gortat,exact_normalized,0.99
y/youngth01,2020-21,13545000,Thaddeus Young,exact_normalized,0.99
m/millspa02,2020-21,13535714,Patty Mills,exact_normalized,0.99
r/rosste01,2020-21,13500000,Terrence Ross,exact_normalized,0.99
s/smartma01,2020-21,13446428,Marcus Smart,exact_normalized,0.99
b/beaslma01,2020-21,13425895,Malik Beasley,exact_normalized,0.99
b/beverpa01,2020-21,13333333,Patrick Beverley,exact_normalized,0.99
w/woodch01,2020-21,13015873,Christian Wood,exact_normalized,0.99
r/redicjj01,2020-21,13013700,JJ Redick,exact_normalized,0.99
w/winslju01,2020-21,13000000,Justise Winslow,exact_normalized,0.99
n/nurkiju01,2020-21,12888889,Jusuf Nurkic,exact_normalized,0.99
a/arizatr01,2020-21,12800000,Trevor Ariza,exact_normalized,0.99
l/leeco01,2020-21,12759670,Courtney Lee,exact_normalized,0.99
l/lopezbr01,2020-21,12697674,Brook Lopez,exact_normalized,0.99
j/josepco01,2020-21,12600000,Cory Joseph,exact_normalized,0.99
o/olynyke01,2020-21,12598243,Kelly Olynyk,exact_normalized,0.99
p/plumlmi01,2020-21,12500000,Miles Plumlee,exact_normalized,0.99
w/warretj01,2020-21,12500000,T.J. Warren,exact_normalized,0.99
m/mirotni01,2020-21,12500000,Nikola Mirotic,exact_normalized,0.99
e/evansty01,2020-21,12400000,Tyreke Evans,exact_normalized,0.99
f/fultzma01,2020-21,12288697,Markelle Fultz,exact_normalized,0.99
p/princta02,2020-21,12250000,Taurean Prince,exact_normalized,0.99
s/snellto01,2020-21,12178571,Tony Snell,exact_normalized,0.99
c/covinro01,2020-21,12138345,Robert Covington,exact_normalized,0.99
c/caldwke01,2020-21,12073020,Kentavious Caldwell-Pope,exact_normalized,0.99
r/randoza01,2020-21,11692308,Zach Randolph,exact_normalized,0.99
c/clarkjo01,2020-21,11500000,Jordan Clarkson,exact_normalized,0.99
d/dinwisp01,2020-21,11454048,Spencer Dinwiddie,exact_normalized,0.99
b/brookdi01,2020-21,11400000,Dillon Brooks,exact_normalized,0.99
a/asikom01,2020-21,11286516,Omer Asik,exact_normalized,0.99
p/poweldw01,2020-21,11080125,Dwight Powell,exact_normalized,0.99
b/balllo01,2020-21,11003782,Lonzo Ball,exact_normalized,0.99
r/richajo01,2020-21,10865952,Josh Richardson,exact_normalized,0.99
p/powelno01,2020-21,10865952,Norman Powell,exact_normalized,0.99
i/inglejo01,2020-21,10863637,Joe Ingles,exact_normalized,0.99
l/lambje01,2020-21,10500000,Jeremy Lamb,exact_normalized,0.99
j/jordade01,2020-21,10375678,DeAndre Jordan,exact_normalized,0.99
w/willizi01,2020-21,10245480,Zion Williamson,exact_normalized,0.99
h/hoodro01,2020-21,10047450,Rodney Hood,exact_normalized,0.99
s/satorto01,2020-21,10000000,Tomas Satoransky,exact_normalized,0.99
c/collida01,2020-21,10000000,Darren Collison,exact_normalized,0.99
t/tatumja01,2020-21,9897120,Jayson Tatum,exact_normalized,0.99
e/edwaran01,2020-21,9757440,Anthony Edwards,exact_normalized,0.99
a/aminual01,2020-21,9720900,Al-Farouq Aminu,exact_normalized,0.99
e/exumda01,2020-21,9600000,Dante Exum,exact_normalized,0.99
h/hillge01,2020-21,9590602,George Hill,exact_normalized,0.99
m/meltode01,2020-21,9571712,De'Anthony Melton,exact_normalized,0.99
a/aytonde01,2020-21,9562920,Deandre Ayton,exact_normalized,0.99
a/anderky01,2020-21,9505100,Kyle Anderson,exact_normalized,0.99
l/leoname01,2020-21,9400000,Meyers Leonard,exact_normalized,0.99
h/harremo01,2020-21,9258000,Montrezl Harrell,exact_normalized,0.99
c/crowdja01,2020-21,9258000,Jae Crowder,exact_normalized,0.99
i/ibakase01,2020-21,9258000,Serge Ibaka,exact_normalized,0.99
j/jonesde02,2020-21,9258000,Derrick Jones Jr.,exact_normalized,0.99
t/thomptr01,2020-21,9258000,Tristan Thompson,exact_normalized,0.99
f/favorde01,2020-21,9258000,Derrick Favors,exact_normalized,0.99
s/saricda01,2020-21,9250000,Dario Saric,exact_normalized,0.99
m/moranja01,2020-21,9166800,Ja Morant,exact_normalized,0.99
w/wrighde01,2020-21,9000000,Delon Wright,exact_normalized,0.99
b/baglema01,2020-21,8963640,Marvin Bagley III,exact_normalized,0.99
o/osmande01,2020-21,8840580,Cedi Osman,exact_normalized,0.99
j/jonesty01,2020-21,8817143,Tyus Jones,exact_normalized,0.99
w/wisemja01,2020-21,8730240,James Wiseman,exact_normalized,0.99
o/onealro01,2020-21,8500000,Royce O'Neale,exact_normalized,0.99
b/bryanth01,2020-21,8333333,Thomas Bryant,exact_normalized,0.99
m/milescj01,2020-21,8333333,CJ Miles,exact_normalized,0.99
k/klebima01,2020-21,8325000,Maxi Kleber,exact_normalized,0.99
b/barrerj01,2020-21,8231760,RJ Barrett,exact_normalized,0.99
p/poeltja01,2020-21,8101852,Jakob Poeltl,exact_normalized,0.99
f/foxde01,2020-21,8099627,De'Aaron Fox,exact_normalized,0.99
d/doncilu01,2020-21,8049360,Luka Doncic,exact_normalized,0.99
p/plumlma01,2020-21,8000000,Mason Plumlee,exact_normalized,0.99
w/willilo02,2020-21,8000000,Lou Williams,exact_normalized,0.99
t/tuckepj01,2020-21,7969537,P.J. Tucker,exact_normalized,0.99
b/ballla01,2020-21,7839960,LaMelo Ball,exact_normalized,0.99
c/curryse01,2020-21,7834449,Seth Curry,exact_normalized,0.99
r/rosede01,2020-21,7682927,Derrick Rose,exact_normalized,0.99
f/feliccr01,2020-21,7529020,Cristiano Felicio,exact_normalized,0.99
r/rondora01,2020-21,7500000,Rajon Rondo,exact_normalized,0.99
a/arthuda01,2020-21,7464912,Darrell Arthur,exact_normalized,0.99
h/huntede01,2020-21,7422000,De'Andre Hunter,exact_normalized,0.99
i/isaacjo01,2020-21,7362566,Jonathan Isaac,exact_normalized,0.99
m/mcderdo01,2020-21,7333333,Doug McDermott,exact_normalized,0.99
l/lopezro01,2020-21,7300000,Robin Lopez,exact_normalized,0.99
g/greenja01,2020-21,7199760,JaMychal Green,exact_normalized,0.99
w/willipa01,2020-21,7068360,Patrick Williams,exact_normalized,0.99
b/baynear01,2020-21,7000000,Aron Baynes,exact_normalized,0.99
m/milleda01,2020-21,7000000,Darius Miller,exact_normalized,0.99
z/zubaciv01,2020-21,7000000,Ivica Zubac,exact_normalized,0.99
b/bouchch01,2020-21,6750000,Chris Boucher,exact_normalized,0.99
m/markkla01,2020-21,6731508,Lauri Markkanen,exact_normalized,0.99
g/garlada01,2020-21,6720720,Darius Garland,exact_normalized,0.99
a/augusdj01,2020-21,6666667,D.J. Augustin,exact_normalized,0.99
y/youngtr01,2020-21,6571800,Trae Young,exact_normalized,0.99
h/hernaju01,2020-21,6493000,Juancho Hernangomez,exact_normalized,0.99
o/okorois01,2020-21,6400920,Isaac Okoro,exact_normalized,0.99
t/teodomi01,2020-21,6300000,Milos Teodosic,exact_normalized,0.99
n/ntilila01,2020-21,6176578,Frank Ntilikina,exact_normalized,0.99
j/johnswe01,2020-21,6134520,Wesley Johnson,exact_normalized,0.99
c/culveja01,2020-21,6104280,Jarrett Culver,exact_normalized,0.99
s/smithis01,2020-21,6000000,Ish Smith,exact_normalized,0.99
b/burksal01,2020-21,6000000,Alec Burks,exact_normalized,0.99
b/bambamo01,2020-21,5969040,Mo Bamba,exact_normalized,0.99
o/okongon01,2020-21,5813640,Onyeka Okongwu,exact_normalized,0.99
h/holidju01,2020-21,5720000,Justin Holiday,exact_normalized,0.99
s/simmojo02,2020-21,5700000,Jonathon Simmons,exact_normalized,0.99
s/smithde03,2020-21,5686677,Dennis Smith Jr.,exact_normalized,0.99
b/bradlav01,2020-21,5635000,Avery Bradley,exact_normalized,0.99
w/whiteco01,2020-21,5572680,Coby White,exact_normalized,0.99
l/lylestr01,2020-21,5500000,Trey Lyles,exact_normalized,0.99
a/abrinal01,2020-21,5455236,Alex Abrines,exact_normalized,0.99
s/smithja02,2020-21,5450000,Jason Smith,exact_normalized,0.99
c/cartewe01,2020-21,5448840,Wendell Carter Jr.,exact_normalized,0.99
c/colliza01,2020-21,5406255,Zach Collins,exact_normalized,0.99
m/monkma01,2020-21,5345687,Malik Monk,exact_normalized,0.99
h/hayeski01,2020-21,5307120,Killian Hayes,exact_normalized,0.99
a/ajincal01,2020-21,5285394,Alexis Ajinca,exact_normalized,0.99
k/kennalu01,2020-21,5273826,Luke Kennard,exact_normalized,0.99
m/mitchdo01,2020-21,5195501,Donovan Mitchell,exact_normalized,0.99
m/mcgruro01,2020-21,5192307,Rodney McGruder,exact_normalized,0.99
a/adebaba01,2020-21,5115492,Bam Adebayo,exact_normalized,0.99
h/hayesja02,2020-21,5105160,Jaxson Hayes,exact_normalized,0.99
h/holmeri01,2020-21,5005350,Richaun Holmes,exact_normalized,0.99
s/scottmi01,2020-21,5005350,Mike Scott,exact_normalized,0.99
d/davised01,2020-21,5005350,Ed Davis,exact_normalized,0.99
k/kanteen01,2020-21,5005350,Enes Freedom,exact_normalized,0.99
n/noelne01,2020-21,5000000,Nerlens Noel,exact_normalized,0.99
t/theisda01,2020-21,5000000,Daniel Theis,exact_normalized,0.99
n/nowitdi01,2020-21,5000000,Dirk Nowitzki,exact_normalized,0.99
s/singlky01,2020-21,4996000,Kyle Singler,exact_normalized,0.99
s/sextoco01,2020-21,4991880,Collin Sexton,exact_normalized,0.99
c/connapa01,2020-21,4938272,Pat Connaughton,exact_normalized,0.99
t/toppiob01,2020-21,4862040,Obi Toppin,exact_normalized,0.99
j/jacksjo02,2020-21,4767000,Josh Jackson,exact_normalized,0.99
t/templga01,2020-21,4767000,Garrett Temple,exact_normalized,0.99
d/dunnkr01,2020-21,4767000,Kris Dunn,exact_normalized,0.99
h/hachiru01,2020-21,4692840,Rui Hachimura,exact_normalized,0.99
v/valende01,2020-21,4642800,Denzel Valentine,exact_normalized,0.99
k/knoxke01,2020-21,4588680,Kevin Knox II,exact_normalized,0.99
w/wilsodj01,2020-21,4548280,D.J. Wilson,exact_normalized,0.99
a/avdijde01,2020-21,4469160,Deni Avdija,exact_normalized,0.99
l/looneke01,2020-21,4464226,Kevon Looney,exact_normalized,0.99
r/reddica01,2020-21,4458000,Cam Reddish,exact_normalized,0.99
l/leaftj01,2020-21,4326825,T.J. Leaf,exact_normalized,0.99
s/smithja04,2020-21,4245720,Jalen Smith,exact_normalized,0.99
m/mcgeeja01,2020-21,4200000,JaVale McGee,exact_normalized,0.99
b/bullore01,2020-21,4200000,Reggie Bullock Jr.,exact_normalized,0.99
b/bridgmi01,2020-21,4161000,Mikal Bridges,exact_normalized,0.99
g/gilgesh01,2020-21,4141320,Shai Gilgeous-Alexander,exact_normalized,0.99
c/collijo01,2020-21,4137302,John Collins,exact_normalized,0.99
m/mellini01,2020-21,4102564,Nicolo Melli,exact_normalized,0.99
c/caulewi01,2020-21,4100000,Willie Cauley-Stein,exact_normalized,0.99
v/vassede01,2020-21,4033440,Devin Vassell,exact_normalized,0.99
j/johnsca02,2020-21,4033440,Cameron Johnson,exact_normalized,0.99
w/washipj01,2020-21,4023600,P.J. Washington,exact_normalized,0.99
m/mccawpa01,2020-21,4000000,Patrick McCaw,exact_normalized,0.99
f/finnedo01,2020-21,4000000,Dorian Finney-Smith,exact_normalized,0.99
f/fergute01,2020-21,3944013,Terrance Ferguson,exact_normalized,0.99
b/bridgmi02,2020-21,3934320,Miles Bridges,exact_normalized,0.99
c/carteje01,2020-21,3925000,Jevon Carter,exact_normalized,0.99
a/allenja01,2020-21,3909902,Jarrett Allen,exact_normalized,0.99
a/anunoog01,2020-21,3872215,OG Anunoby,exact_normalized,0.99
d/deckga01,2020-21,3870370,Gabriel Deck,exact_normalized,0.99
h/halibty01,2020-21,3831840,Tyrese Haliburton,exact_normalized,0.99
j/johnsst04,2020-21,3804150,Stanley Johnson,exact_normalized,0.99
l/laymaja01,2020-21,3761085,Jake Layman,exact_normalized,0.99
r/robinje01,2020-21,3737520,Jerome Robinson,exact_normalized,0.99
h/houseda01,2020-21,3717000,Danuel House Jr.,exact_normalized,0.99
l/lewiski01,2020-21,3640200,Kira Lewis Jr.,exact_normalized,0.99
l/langfro01,2020-21,3631200,Romeo Langford,exact_normalized,0.99
p/portibo01,2020-21,3623000,Bobby Portis,exact_normalized,0.99
h/harklma01,2020-21,3623000,Maurice Harkless,exact_normalized,0.99
m/matthwe02,2020-21,3623000,Wesley Matthews,exact_normalized,0.99
k/kuzmaky01,2020-21,3562178,Kyle Kuzma,exact_normalized,0.99
t/trieral01,2020-21,3551000,Allonzo Trier,exact_normalized,0.99
p/portemi01,2020-21,3550800,Michael Porter Jr.,exact_normalized,0.99
b/bradlto01,2020-21,3542060,Tony Bradley,exact_normalized,0.99
w/whitede01,2020-21,3516284,Derrick White,exact_normalized,0.99
b/biyombi01,2020-21,3500000,Bismack Biyombo,exact_normalized,0.99
b/beaslmi01,2020-21,3500000,Michael Beasley,exact_normalized,0.99
v/vildolu01,2020-21,3500000,Luca Vildoza,exact_normalized,0.99
m/mccontj01,2020-21,3500000,T.J. McConnell,exact_normalized,0.99
m/marjabo01,2020-21,3500000,Boban Marjanovic,exact_normalized,0.99
h/hartjo01,2020-21,3491159,Josh Hart,exact_normalized,0.99
n/nesmiaa01,2020-21,3458400,Aaron Nesmith,exact_normalized,0.99
d/doumbse01,2020-21,3449400,Sekou Doumbouya,exact_normalized,0.99
c/cartemi01,2020-21,3300000,Michael Carter-Williams,exact_normalized,0.99
e/ennisja01,2020-21,3300000,James Ennis III,exact_normalized,0.99
a/anthoco01,2020-21,3285120,Cole Anthony,exact_normalized,0.99
b/browntr01,2020-21,3219480,Troy Brown Jr.,exact_normalized,0.99
o/okekech01,2020-21,3121080,Chuma Okeke,exact_normalized,0.99
s/stewais01,2020-21,3121080,Isaiah Stewart,exact_normalized,0.99
a/alexani01,2020-21,3113160,Nickeil Alexander-Walker,exact_normalized,0.99
p/pattepa01,2020-21,3077704,Patrick Patterson,exact_normalized,0.99
d/divindo01,2020-21,3044160,Donte DiVincenzo,exact_normalized,0.99
b/burketr01,2020-21,3000000,Trey Burke,exact_normalized,0.99
b/birchkh01,2020-21,3000000,Khem Birch,exact_normalized,0.99
a/arcidry01,2020-21,3000000,Ryan Arcidiacono,exact_normalized,0.99
p/pokusal01,2020-21,2964840,Aleksej Pokusevski,exact_normalized,0.99
b/bitadgo01,2020-21,2957520,Goga Bitadze,exact_normalized,0.99
s/samanlu01,2020-21,2892000,Luka Samanic,exact_normalized,0.99
w/walkelo01,2020-21,2892000,Lonnie Walker IV,exact_normalized,0.99
g/greenjo02,2020-21,2816760,Josh Green,exact_normalized,0.99
h/huertke01,2020-21,2761920,Kevin Huerter,exact_normalized,0.99
c/carusal01,2020-21,2750000,Alex Caruso,exact_normalized,0.99
t/thybuma01,2020-21,2711280,Matisse Thybulle,exact_normalized,0.99
b/beysa01,2020-21,2689920,Saddiq Bey,exact_normalized,0.99
o/okogijo01,2020-21,2651040,Josh Okogie,exact_normalized,0.99
g/gudurma01,2020-21,2625000,Marko Guduric,exact_normalized,0.99
c/clarkbr01,2020-21,2602920,Brandon Clarke,exact_normalized,0.99
a/achiupr01,2020-21,2582160,Precious Achiuwa,exact_normalized,0.99
h/herroty01,2020-21,2582160,Tyler Herro,exact_normalized,0.99
g/gasolma01,2020-21,2564753,Marc Gasol,exact_normalized,0.99
a/allengr01,2020-21,2545320,Grayson Allen,exact_normalized,0.99
g/ginobma01,2020-21,2500000,Manu Ginobili,exact_normalized,0.99
w/willigr01,2020-21,2498760,Grant Williams,exact_normalized,0.99
m/maxeyty01,2020-21,2478840,Tyrese Maxey,exact_normalized,0.99
o/okafoem01,2020-21,2445085,Emeka Okafor,exact_normalized,0.99
p/perkike01,2020-21,2445085,Kendrick Perkins,exact_normalized,0.99
h/hutchch01,2020-21,2443440,Chandler Hutchison,exact_normalized,0.99
z/zellety01,2020-21,2436046,Tyler Zeller,exact_normalized,0.99
h/holidaa01,2020-21,2345640,Aaron Holiday,exact_normalized,0.99
b/bazleda01,2020-21,2339160,Darius Bazley,exact_normalized,0.99
f/forbebr01,2020-21,2337145,Bryn Forbes,exact_normalized,0.99
j/jeromty01,2020-21,2303040,Ty Jerome,exact_normalized,0.99
n/nnajize01,2020-21,2284800,Zeke Nnaji,exact_normalized,0.99
m/muscami01,2020-21,2283034,Mike Muscala,exact_normalized,0.99
m/mclembe01,2020-21,2283034,Ben McLemore,exact_normalized,0.99
s/simonan01,2020-21,2252040,Anfernee Simons,exact_normalized,0.99
w/wanambr01,2020-21,2250000,Brad Wanamaker,exact_normalized,0.99
k/kornelu01,2020-21,2250000,Luke Kornet,exact_normalized,0.99
j/jennibr01,2020-21,2222803,Brandon Jennings,exact_normalized,0.99
l/littlna01,2020-21,2210640,Nassir Little,exact_normalized,0.99
p/pritcpa01,2020-21,2193480,Payton Pritchard,exact_normalized,0.99
h/hamptrj01,2020-21,2193040,R.J. Hampton,exact_normalized,0.99
s/sumneed01,2020-21,2160000,Edmond Sumner,exact_normalized,0.99
w/windldy01,2020-21,2137440,Dylan Windler,exact_normalized,0.99
q/quickim01,2020-21,2105520,Immanuel Quickley,exact_normalized,0.99
k/konchjo01,2020-21,2100000,John Konchar,exact_normalized,0.99
s/shamela01,2020-21,2090040,Landry Shamet,exact_normalized,0.99
p/poolejo01,2020-21,2063280,Jordan Poole,exact_normalized,0.99
b/bolbo01,2020-21,2058240,Bol Bol,exact_normalized,0.99
k/kilpase01,2020-21,2054856,Sean Kilpatrick,exact_normalized,0.99
j/johnske04,2020-21,2048040,Keldon Johnson,exact_normalized,0.99
w/williro04,2020-21,2029920,Robert Williams III,exact_normalized,0.99
e/evansja02,2020-21,2017320,Jacob Evans,exact_normalized,0.99
w/willike04,2020-21,2000000,Kenrich Williams,exact_normalized,0.99
m/maledth01,2020-21,2000000,Theo Maledon,exact_normalized,0.99
d/dotsoda01,2020-21,2000000,Damyean Dotson,exact_normalized,0.99
c/clarkga01,2020-21,2000000,Gary Clark,exact_normalized,0.99
p/payneca01,2020-21,1977011,Cameron Payne,exact_normalized,0.99
a/azubuud01,2020-21,1977000,Udoka Azubuike,exact_normalized,0.99
m/mcdanja02,2020-21,1964760,Jaden McDaniels,exact_normalized,0.99
f/flynnma01,2020-21,1950600,Malachi Flynn,exact_normalized,0.99
b/banede01,2020-21,1936440,Desmond Bane,exact_normalized,0.99
p/portejo01,2020-21,1900000,Jontay Porter,exact_normalized,0.99
o/okafoja01,2020-21,1882867,Jahlil Okafor,exact_normalized,0.99
c/chrisma01,2020-21,1824003,Marquese Chriss,exact_normalized,0.99
n/nwabada01,2020-21,1824003,David Nwaba,exact_normalized,0.99
l/liggide01,2020-21,1795015,DeAndre Liggins,exact_normalized,0.99
n/niangge01,2020-21,1783557,Georges Niang,exact_normalized,0.99
d/doziepj01,2020-21,1762796,PJ Dozier,exact_normalized,0.99
l/leeda03,2020-21,1762796,Damion Lee,exact_normalized,0.99
k/korkmfu01,2020-21,1762796,Furkan Korkmaz,exact_normalized,0.99
m/mckinal01,2020-21,1762796,Alfonzo McKinnie,exact_normalized,0.99
n/naderab01,2020-21,1752950,Abdel Nader,exact_normalized,0.99
o/ojelese01,2020-21,1752950,Semi Ojeleye,exact_normalized,0.99
b/bembrde01,2020-21,1737145,DeAndre' Bembry,exact_normalized,0.99
m/miltosh01,2020-21,1701593,Shake Milton,exact_normalized,0.99
a/antetth01,2020-21,1701593,Thanasis Antetokounmpo,exact_normalized,0.99
g/goodwbr01,2020-21,1701593,Brandon Goodwin,exact_normalized,0.99
b/boldejo01,2020-21,1698450,Jonah Bolden,exact_normalized,0.99
i/iwundwe01,2020-21,1678854,Wes Iwundu,exact_normalized,0.99
b/bendedr01,2020-21,1678854,Dragan Bender,exact_normalized,0.99
b/bongais01,2020-21,1663861,Isaac Bonga,exact_normalized,0.99
b/brownbr01,2020-21,1663861,Bruce Brown,exact_normalized,0.99
d/diallha01,2020-21,1663861,Hamidou Diallo,exact_normalized,0.99
n/nunnke01,2020-21,1663861,Kendrick Nunn,exact_normalized,0.99
r/robinmi01,2020-21,1663861,Mitchell Robinson,exact_normalized,0.99
b/brunsja01,2020-21,1663861,Jalen Brunson,exact_normalized,0.99
b/bateske01,2020-21,1663861,Keita Bates-Diop,exact_normalized,0.99
r/robindu01,2020-21,1663861,Duncan Robinson,exact_normalized,0.99
m/mykhasv01,2020-21,1663861,Svi Mykhailiuk,exact_normalized,0.99
v/vandeja01,2020-21,1663361,Jarred Vanderbilt,exact_normalized,0.99
s/stoneju01,2020-21,1656092,Julyan Stone,exact_normalized,0.99
b/brookma01,2020-21,1656092,MarShon Brooks,exact_normalized,0.99
g/gabriwe01,2020-21,1620564,Wenyen Gabriel,exact_normalized,0.99
h/harrish01,2020-21,1620564,Shaquille Harrison,exact_normalized,0.99
t/taylois01,2020-21,1620564,Isaiah Taylor,exact_normalized,0.99
w/whiteha01,2020-21,1620564,Hassan Whiteside,exact_normalized,0.99
j/johnsty01,2020-21,1620564,Tyler Johnson,exact_normalized,0.99
l/lydonty01,2020-21,1620564,Tyler Lydon,exact_normalized,0.99
c/cookqu01,2020-21,1620564,Quinn Cook,exact_normalized,0.99
d/dellama01,2020-21,1620564,Matthew Dellavedova,exact_normalized,0.99
b/bazemke01,2020-21,1620564,Kent Bazemore,exact_normalized,0.99
e/eubandr01,2020-21,1620564,Drew Eubanks,exact_normalized,0.99
t/thomais02,2020-21,1620564,Isaiah Thomas,exact_normalized,0.99
b/batumni01,2020-21,1620564,Nicolas Batum,exact_normalized,0.99
m/mooreet01,2020-21,1620564,E'Twaun Moore,exact_normalized,0.99
h/harteis01,2020-21,1620564,Isaiah Hartenstein,exact_normalized,0.99
h/hillso01,2020-21,1620564,Solomon Hill,exact_normalized,0.99
g/grayjo01,2020-21,1620564,Josh Gray,exact_normalized,0.99
c/chandwi01,2020-21,1620564,Wilson Chandler,exact_normalized,0.99
h/hasleud01,2020-21,1620564,Udonis Haslem,exact_normalized,0.99
g/gilesha01,2020-21,1620564,Harry Giles III,exact_normalized,0.99
b/brownst02,2020-21,1620564,Sterling Brown,exact_normalized,0.99
e/ellinwa01,2020-21,1620564,Wayne Ellington,exact_normalized,0.99
d/dudleja01,2020-21,1620564,Jared Dudley,exact_normalized,0.99
h/howardw01,2020-21,1620564,Dwight Howard,exact_normalized,0.99
a/anthoca01,2020-21,1620564,Carmelo Anthony,exact_normalized,0.99
s/sampsja02,2020-21,1620564,JaKarr Sampson,exact_normalized,0.99
g/gallola01,2020-21,1620564,Langston Galloway,exact_normalized,0.99
k/kaminfr01,2020-21,1620564,Frank Kaminsky,exact_normalized,0.99
a/anderry01,2020-21,1620564,Ryan Anderson,exact_normalized,0.99
g/greenje02,2020-21,1620564,Jeff Green,exact_normalized,0.99
g/greenge01,2020-21,1620564,Gerald Green,exact_normalized,0.99
j/jacksre01,2020-21,1620564,Reggie Jackson,exact_normalized,0.99
m/morrima02,2020-21,1620564,Markieff Morris,exact_normalized,0.99
b/bareajo01,2020-21,1620564,J.J. Barea,exact_normalized,0.99
m/makerth01,2020-21,1620564,Thon Maker,exact_normalized,0.99
m/martija01,2020-21,1620564,Jarell Martin,exact_normalized,0.99
n/netora01,2020-21,1620564,Raul Neto,exact_normalized,0.99
c/craigto01,2020-21,1620564,Torrey Craig,exact_normalized,0.99
h/hernawi01,2020-21,1620564,Willy Hernangomez,exact_normalized,0.99
j/johnsjo02,2020-21,1620564,Joe Johnson,exact_normalized,0.99
c/cartevi01,2020-21,1620564,Vince Carter,exact_normalized,0.99
b/buyckdw01,2020-21,1600520,Dwight Buycks,exact_normalized,0.99
m/morrimo01,2020-21,1588231,Monte Morris,exact_normalized,0.99
b/blakean01,2020-21,1588231,Antonio Blakeney,exact_normalized,0.99
w/wallaty01,2020-21,1588231,Tyrone Wallace,exact_normalized,0.99
r/richama01,2020-21,1569360,Malachi Richardson,exact_normalized,0.99
p/papagge01,2020-21,1544951,Georgios Papagiannis,exact_normalized,0.99
o/onuakch01,2020-21,1544951,Chinanu Onuaku,exact_normalized,0.99
b/baldwwa01,2020-21,1544951,Wade Baldwin IV,exact_normalized,0.99
w/whiteis01,2020-21,1544951,Isaiah Whitehead,exact_normalized,0.99
z/zipsepa01,2020-21,1544951,Paul Zipser,exact_normalized,0.99
m/martico01,2020-21,1517981,Cody Martin,exact_normalized,0.99
m/muldemy01,2020-21,1517981,Mychal Mulder,exact_normalized,0.99
m/mcdanja01,2020-21,1517981,Jalen McDaniels,exact_normalized,0.99
h/hernade01,2020-21,1517981,Dewan Hernandez,exact_normalized,0.99
p/pasecan01,2020-21,1517981,Anzejs Pasecniks,exact_normalized,0.99
h/hortota01,2020-21,1517981,Talen Horton-Tucker,exact_normalized,0.99
w/willini01,2020-21,1517981,Nigel Williams-Goss,exact_normalized,0.99
d/dortlu01,2020-21,1517981,Luguentz Dort,exact_normalized,0.99
o/okpalkz01,2020-21,1517981,KZ Okpala,exact_normalized,0.99
d/daviste02,2020-21,1517981,Terence Davis,exact_normalized,0.99
o/onimi01,2020-21,1517981,Miye Oni,exact_normalized,0.99
s/schofad01,2020-21,1517981,Admiral Schofield,exact_normalized,0.99
r/robyis01,2020-21,1517981,Isaiah Roby,exact_normalized,0.99
c/claxtni01,2020-21,1517981,Nic Claxton,exact_normalized,0.99
r/reidna01,2020-21,1517981,Naz Reid,exact_normalized,0.99
p/pascher01,2020-21,1517981,Eric Paschall,exact_normalized,0.99
l/lecquja01,2020-21,1517981,Jalen Lecque,exact_normalized,0.99
t/tuckera01,2020-21,1517981,Rayjon Tucker,exact_normalized,0.99
m/martica02,2020-21,1517981,Caleb Martin,exact_normalized,0.99
b/bowmaky01,2020-21,1517981,Ky Bowman,exact_normalized,0.99
m/morgaju01,2020-21,1517981,Juwan Morgan,exact_normalized,0.99
m/mannte01,2020-21,1517981,Terance Mann,exact_normalized,0.99
s/smailal01,2020-21,1517981,Alen Smailagic,exact_normalized,0.99
n/nowelja01,2020-21,1517981,Jaylen Nowell,exact_normalized,0.99
e/edwarca01,2020-21,1517981,Carsen Edwards,exact_normalized,0.99
c/cancavl01,2020-21,1517981,Vlatko Cancar,exact_normalized,0.99
g/gaffoda01,2020-21,1517981,Daniel Gafford,exact_normalized,0.99
w/wadede01,2020-21,1517981,Dean Wade,exact_normalized,0.99
t/thomama02,2020-21,1517981,Matt Thomas,exact_normalized,0.99
g/greenja02,2020-21,1517981,Javonte Green,exact_normalized,0.99
j/jamesju01,2020-21,1517981,Justin James,exact_normalized,0.99
f/fernabr01,2020-21,1517981,Bruno Fernando,exact_normalized,0.99
s/silvach01,2020-21,1517981,Chris Silva,exact_normalized,0.99
c/clemoch01,2020-21,1517981,Chris Clemons,exact_normalized,0.99
c/casspom01,2020-21,1512601,Omri Casspi,exact_normalized,0.99
c/canaais01,2020-21,1512601,Isaiah Canaan,exact_normalized,0.99
w/wadedw01,2020-21,1512601,Dwyane Wade,exact_normalized,0.99
w/woodaro01,2020-21,1500000,Robert Woodard II,exact_normalized,0.99
w/watsopa01,2020-21,1445697,Paul Watson,exact_normalized,0.99
j/jeffrda01,2020-21,1445697,DaQuan Jeffries,exact_normalized,0.99
t/tateja01,2020-21,1445697,Jae'Sean Tate,exact_normalized,0.99
p/pinsoth01,2020-21,1445697,Theo Pinson,exact_normalized,0.99
c/cheatzy01,2020-21,1445697,Zylan Cheatham,exact_normalized,0.99
m/martike03,2020-21,1445697,Kelan Martin,exact_normalized,0.99
g/gibsota01,2020-21,1442968,Taj Gibson,exact_normalized,0.99
o/okoboel01,2020-21,1416852,Elie Okobo,exact_normalized,0.99
a/adamsja01,2020-21,1416852,Jaylen Adams,exact_normalized,0.99
j/jonesje01,2020-21,1416852,Jemerrio Jones,exact_normalized,0.99
b/bertada02,2020-21,1416852,Dairis Bertans,exact_normalized,0.99
m/matenya01,2020-21,1416852,Yante Maten,exact_normalized,0.99
p/phillta01,2020-21,1416842,Tarik Phillip,exact_normalized,0.99
j/johnsda04,2020-21,1378242,Dakari Johnson,exact_normalized,0.99
c/colliky01,2020-21,1378242,Kyle Collinsworth,exact_normalized,0.99
m/morrija01,2020-21,1378242,Jaylen Morris,exact_normalized,0.99
p/paulbr01,2020-21,1378242,Brandon Paul,exact_normalized,0.99
p/purviro01,2020-21,1378242,Rodney Purvis,exact_normalized,0.99
s/stockda01,2020-21,1378242,David Stockton,exact_normalized,0.99
q/qizh01,2020-21,1378242,Zhou Qi,fuzzy_95,0.95
j/jacksaa01,2020-21,1378242,Aaron Jackson,exact_normalized,0.99
a/anigbik01,2020-21,1378242,Ike Anigbogu,exact_normalized,0.99
c/careyve01,2020-21,1350000,Vernon Carey Jr.,exact_normalized,0.99
b/birdja01,2020-21,1349464,Jabari Bird,exact_normalized,0.99
m/moorebe01,2020-21,1349383,Ben Moore,exact_normalized,0.99
n/nunnaja01,2020-21,1349383,James Nunnally,exact_normalized,0.99
t/tillmxa01,2020-21,1300000,Xavier Tillman,exact_normalized,0.99
t/terryty01,2020-21,1289846,Tyrell Terry,exact_normalized,0.99
l/lenal01,2020-21,1265372,Alex Len,exact_normalized,0.99
v/vonleno01,2020-21,1087776,Noah Vonleh,exact_normalized,0.99
y/youngni01,2020-21,1042584,Nick Young,exact_normalized,0.99
r/richani01,2020-21,1000000,Nick Richards,exact_normalized,0.99
r/ramseja01,2020-21,1000000,Jahmi'us Ramsey,exact_normalized,0.99
d/dienggo01,2020-21,1000000,Gorgui Dieng,exact_normalized,0.99
m/millspa01,2020-21,1000000,Paul Millsap,exact_normalized,0.99
b/bakerro01,2020-21,948580,Ron Baker,exact_normalized,0.99
o/oturuda01,2020-21,898310,Daniel Oturu,exact_normalized,0.99
n/nworajo01,2020-21,898310,Jordan Nwora,exact_normalized,0.99
g/gillan01,2020-21,898310,Anthony Gill,exact_normalized,0.99
k/kiddst01,2020-21,898310,Stanton Kidd,exact_normalized,0.99
j/joeis01,2020-21,898310,Isaiah Joe,exact_normalized,0.99
j/jonestr01,2020-21,898310,Tre Jones,exact_normalized,0.99
h/hugheel01,2020-21,898310,Elijah Hughes,exact_normalized,0.99
m/martike04,2020-21,898310,KJ Martin,exact_normalized,0.99
e/ellebcj01,2020-21,898310,CJ Elleby,exact_normalized,0.99
s/sirvyde01,2020-21,898310,Deividas Sirvydis,exact_normalized,0.99
m/merrisa01,2020-21,898310,Sam Merrill,exact_normalized,0.99
s/strusma01,2020-21,898310,Max Strus,exact_normalized,0.99
b/briscis01,2020-21,838464,Isaiah Briscoe,exact_normalized,0.99
d/drumman01,2020-21,794536,Andre Drummond,exact_normalized,0.99
g/griffbl01,2020-21,776983,Blake Griffin,exact_normalized,0.99
b/brissos01,2020-21,757453,Oshae Brissett,exact_normalized,0.99
i/ilyaser01,2020-21,754783,Ersan Ilyasova,exact_normalized,0.99
m/metuch01,2020-21,700000,Chimezie Metu,exact_normalized,0.99
l/luwawti01,2020-21,654469,Timothe Luwawu-Cabarrot,exact_normalized,0.99
s/stevela01,2020-21,652366,Lamar Stevens,exact_normalized,0.99
r/reedpa01,2020-21,609128,Paul Reed,exact_normalized,0.99
t/teaguje01,2020-21,510589,Jeff Teague,exact_normalized,0.99
p/pelleno01,2020-21,500000,Norvel Pelle,exact_normalized,0.99
d/dedmode01,2020-21,432890,Dewayne Dedmon,exact_normalized,0.99
b/bjeline01,2020-21,432890,Nemanja Bjelica,exact_normalized,0.99
p/parkeja01,2020-21,430729,Jabari Parker,exact_normalized,0.99
j/johnsal02,2020-21,399591,Alize Johnson,exact_normalized,0.99
c/cookty01,2020-21,396081,Tyler Cook,exact_normalized,0.99
w/waitedi01,2020-21,375385,Dion Waiters,exact_normalized,0.99
t/toscaju01,2020-21,358295,Juan Toscano-Anderson,exact_normalized,0.99
w/watanyu01,2020-21,321893,Yuta Watanabe,exact_normalized,0.99
t/tollian01,2020-21,263501,Anthony Tolliver,exact_normalized,0.99
f/fraziti01,2020-21,255294,Tim Frazier,exact_normalized,0.99
t/thomakh01,2020-21,250000,Khyri Thomas,exact_normalized,0.99
j/jonesda03,2020-21,237965,Damian Jones,exact_normalized,0.99
c/couside01,2020-21,233095,DeMarcus Cousins,exact_normalized,0.99
w/wagnemo01,2020-21,221995,Moritz Wagner,exact_normalized,0.99
f/ferreyo01,2020-21,214169,Yogi Ferrell,exact_normalized,0.99
h/holliro01,2020-21,210895,Rondae Hollis Jefferson,fuzzy_95,0.957
f/fredeji01,2020-21,208509,Jimmer Fredette,exact_normalized,0.99
r/riverau01,2020-21,188696,Austin Rivers,exact_normalized,0.99
g/grahade01,2020-21,163861,Devonte' Graham,exact_normalized,0.99
d/diakima01,2020-21,160173,Mamadi Diakite,exact_normalized,0.99
k/kabenmf01,2020-21,154433,Mfiondu Kabengele,exact_normalized,0.99
m/marshna01,2020-21,120000,Naji Marshall,exact_normalized,0.99
g/gillefr01,2020-21,116903,Freddie Gillespie,exact_normalized,0.99
b/brazdig01,2020-21,49510,Ignas Brazdeikis,exact_normalized,0.99
b/bryanel01,2020-21,24611,Elijah Bryant,exact_normalized,0.99
h/homesca01,2020-21,20000,Caleb Homesley,exact_normalized,0.99
b/brownch02,2020-21,19804,Charlie Brown Jr.,exact_normalized,0.99
y/yurtsom01,2020-21,18458,Omer Yurtseven,exact_normalized,0.99
c/curryst01,2021-22,45780966,Stephen Curry,exact_normalized,0.99
h/hardeja01,2021-22,44310840,James Harden,exact_normalized,0.99
w/walljo01,2021-22,44310840,John Wall,exact_normalized,0.99
w/westbru01,2021-22,44211146,Russell Westbrook,exact_normalized,0.99
d/duranke01,2021-22,42018900,Kevin Durant,exact_normalized,0.99
j/jamesle01,2021-22,41180544,LeBron James,exact_normalized,0.99
a/antetgi01,2021-22,39344970,Giannis Antetokounmpo,exact_normalized,0.99
l/lillada01,2021-22,39344900,Damian Lillard,exact_normalized,0.99
l/leonaka01,2021-22,39344900,Kawhi Leonard,exact_normalized,0.99
g/georgpa01,2021-22,39344900,Paul George,exact_normalized,0.99
t/thompkl01,2021-22,37980720,Klay Thompson,exact_normalized,0.99
b/butleji01,2021-22,36016200,Jimmy Butler III,exact_normalized,0.99
h/harrito02,2021-22,35995950,Tobias Harris,exact_normalized,0.99
m/middlkh01,2021-22,35500000,Khris Middleton,exact_normalized,0.99
d/davisan02,2021-22,35361360,Anthony Davis,exact_normalized,0.99
g/goberru01,2021-22,35344828,Rudy Gobert,exact_normalized,0.99
i/irvinky01,2021-22,35328700,Kyrie Irving,exact_normalized,0.99
b/bealbr01,2021-22,33724200,Bradley Beal,exact_normalized,0.99
s/simmobe01,2021-22,33003936,Ben Simmons,exact_normalized,0.99
s/siakapa01,2021-22,33003936,Pascal Siakam,exact_normalized,0.99
h/holidjr01,2021-22,32413333,Jrue Holiday,exact_normalized,0.99
b/bookede01,2021-22,31650600,Devin Booker,exact_normalized,0.99
t/townska01,2021-22,31650600,Karl-Anthony Towns,exact_normalized,0.99
p/porzikr01,2021-22,31650600,Kristaps Porzingis,exact_normalized,0.99
e/embiijo01,2021-22,31579390,Joel Embiid,exact_normalized,0.99
w/wiggian01,2021-22,31579390,Andrew Wiggins,exact_normalized,0.99
j/jokicni01,2021-22,31579390,Nikola Jokic,exact_normalized,0.99
l/loveke01,2021-22,31258256,Kevin Love,exact_normalized,0.99
m/mccolcj01,2021-22,30864198,CJ McCollum,exact_normalized,0.99
r/russeda01,2021-22,30013500,D'Angelo Russell,exact_normalized,0.99
p/paulch01,2021-22,30000000,Chris Paul,exact_normalized,0.99
h/haywago01,2021-22,29925000,Gordon Hayward,exact_normalized,0.99
m/murraja01,2021-22,29467800,Jamal Murray,exact_normalized,0.99
i/ingrabr01,2021-22,29467800,Brandon Ingram,exact_normalized,0.99
f/foxde01,2021-22,28103550,De'Aaron Fox,exact_normalized,0.99
a/adebaba01,2021-22,28103500,Bam Adebayo,exact_normalized,0.99
m/mitchdo01,2021-22,28103500,Donovan Mitchell,exact_normalized,0.99
t/tatumja01,2021-22,28103500,Jayson Tatum,exact_normalized,0.99
h/horfoal01,2021-22,27000000,Al Horford,exact_normalized,0.99
l/lowryky01,2021-22,26894128,Kyle Lowry,exact_normalized,0.99
b/brownja02,2021-22,26758928,Jaylen Brown,exact_normalized,0.99
d/derozde01,2021-22,26000000,DeMar DeRozan,exact_normalized,0.99
g/greendr01,2021-22,24026712,Draymond Green,exact_normalized,0.99
v/vucevni01,2021-22,24000000,Nikola Vucevic,exact_normalized,0.99
c/collijo01,2021-22,23000000,John Collins,exact_normalized,0.99
h/hieldbu01,2021-22,22768890,Buddy Hield,exact_normalized,0.99
r/randlju01,2021-22,21780000,Julius Randle,exact_normalized,0.99
b/brogdma01,2021-22,21700000,Malcolm Brogdon,exact_normalized,0.99
c/conlemi01,2021-22,21000000,Mike Conley,exact_normalized,0.99
h/harriga01,2021-22,20482143,Gary Harris,exact_normalized,0.99
g/gallida01,2021-22,20475000,Danilo Gallinari,exact_normalized,0.99
b/barneha02,2021-22,20284091,Harrison Barnes,exact_normalized,0.99
g/grantje01,2021-22,20002500,Jerami Grant,exact_normalized,0.99
a/allenja01,2021-22,20000000,Jarrett Allen,exact_normalized,0.99
s/sabondo01,2021-22,19800000,Domantas Sabonis,exact_normalized,0.99
v/vanvlfr01,2021-22,19675926,Fred VanVleet,exact_normalized,0.99
l/lavinza01,2021-22,19500000,Zach LaVine,exact_normalized,0.99
b/bogdabo02,2021-22,18700000,Bojan Bogdanovic,exact_normalized,0.99
b/balllo01,2021-22,18604651,Lonzo Ball,exact_normalized,0.99
c/capelca01,2021-22,18603448,Clint Capela,exact_normalized,0.99
g/gordoer01,2021-22,18218818,Eric Gordon,exact_normalized,0.99
b/bledser01,2021-22,18125000,Eric Bledsoe,exact_normalized,0.99
t/turnemy01,2021-22,18000000,Myles Turner,exact_normalized,0.99
b/bogdabo01,2021-22,18000000,Bogdan Bogdanovic,exact_normalized,0.99
r/roziete01,2021-22,17905263,Terry Rozier,exact_normalized,0.99
r/rubiori01,2021-22,17800000,Ricky Rubio,exact_normalized,0.99
l/leverca01,2021-22,17500000,Caris LeVert,exact_normalized,0.99
i/isaacjo01,2021-22,17400000,Jonathan Isaac,exact_normalized,0.99
h/harrijo01,2021-22,17357143,Joe Harris,exact_normalized,0.99
d/dinwisp01,2021-22,17142857,Spencer Dinwiddie,exact_normalized,0.99
a/adamsst01,2021-22,17073171,Steven Adams,exact_normalized,0.99
f/fournev01,2021-22,17000000,Evan Fournier,exact_normalized,0.99
f/fultzma01,2021-22,16500000,Markelle Fultz,exact_normalized,0.99
g/gordoaa01,2021-22,16409091,Aaron Gordon,exact_normalized,0.99
a/anunoog01,2021-22,16071429,OG Anunoby,exact_normalized,0.99
b/bertada01,2021-22,16000000,Davis Bertans,exact_normalized,0.99
m/markkla01,2021-22,15690909,Lauri Markkanen,exact_normalized,0.99
r/robindu01,2021-22,15650000,Duncan Robinson,exact_normalized,0.99
m/morrima03,2021-22,15627907,Marcus Morris Sr.,exact_normalized,0.99
b/bartowi01,2021-22,15625000,Will Barton,exact_normalized,0.99
p/powelno01,2021-22,15517241,Norman Powell,exact_normalized,0.99
m/murrade01,2021-22,15428880,Dejounte Murray,exact_normalized,0.99
w/whitede01,2021-22,15178571,Derrick White,exact_normalized,0.99
b/beaslma01,2021-22,14491964,Malik Beasley,exact_normalized,0.99
s/smartma01,2021-22,14339285,Marcus Smart,exact_normalized,0.99
b/beverpa01,2021-22,14320988,Patrick Beverley,exact_normalized,0.99
y/youngth01,2021-22,14190000,Thaddeus Young,exact_normalized,0.99
v/valanjo01,2021-22,14000000,Jonas Valanciunas,exact_normalized,0.99
m/mcderdo01,2021-22,13750000,Doug McDermott,exact_normalized,0.99
w/woodch01,2021-22,13666667,Christian Wood,exact_normalized,0.99
r/rosede01,2021-22,13445120,Derrick Rose,exact_normalized,0.99
k/kennalu01,2021-22,13347727,Luke Kennard,exact_normalized,0.99
l/lopezbr01,2021-22,13302325,Brook Lopez,exact_normalized,0.99
c/caldwke01,2021-22,13038862,Kentavious Caldwell-Pope,exact_normalized,0.99
i/inglejo01,2021-22,13036364,Joe Ingles,exact_normalized,0.99
k/kuzmaky01,2021-22,13000000,Kyle Kuzma,exact_normalized,0.99
p/princta02,2021-22,13000000,Taurean Prince,exact_normalized,0.99
c/covinro01,2021-22,12975471,Robert Covington,exact_normalized,0.99
w/warretj01,2021-22,12690000,T.J. Warren,exact_normalized,0.99
a/aytonde01,2021-22,12632950,Deandre Ayton,exact_normalized,0.99
r/rosste01,2021-22,12500000,Terrence Ross,exact_normalized,0.99
c/clarkjo01,2021-22,12420000,Jordan Clarkson,exact_normalized,0.99
b/brookdi01,2021-22,12200000,Dillon Brooks,exact_normalized,0.99
o/olynyke01,2021-22,12195122,Kelly Olynyk,exact_normalized,0.99
n/nurkiju01,2021-22,12000000,Jusuf Nurkic,exact_normalized,0.99
o/oubreke01,2021-22,12000000,Kelly Oubre Jr.,exact_normalized,0.99
h/hartjo01,2021-22,12000000,Josh Hart,exact_normalized,0.99
r/richajo01,2021-22,11615328,Josh Richardson,exact_normalized,0.99
b/baglema01,2021-22,11312114,Marvin Bagley III,exact_normalized,0.99
p/poweldw01,2021-22,11080125,Dwight Powell,exact_normalized,0.99
g/grahade01,2021-22,11000000,Devonte' Graham,exact_normalized,0.99
w/willizi01,2021-22,10733400,Zion Williamson,exact_normalized,0.99
l/lambje01,2021-22,10500000,Jeremy Lamb,exact_normalized,0.99
h/holmeri01,2021-22,10384500,Richaun Holmes,exact_normalized,0.99
j/jacksre01,2021-22,10384500,Reggie Jackson,exact_normalized,0.99
e/edwaran01,2021-22,10245480,Anthony Edwards,exact_normalized,0.99
d/doncilu01,2021-22,10174391,Luka Doncic,exact_normalized,0.99
c/cunnica01,2021-22,10050120,Cade Cunningham,exact_normalized,0.99
s/satorto01,2021-22,10000000,Tomas Satoransky,exact_normalized,0.99
g/greenda02,2021-22,10000000,Danny Green,exact_normalized,0.99
a/anderky01,2021-22,9937150,Kyle Anderson,exact_normalized,0.99
h/harremo01,2021-22,9720900,Montrezl Harrell,exact_normalized,0.99
c/crowdja01,2021-22,9720900,Jae Crowder,exact_normalized,0.99
i/ibakase01,2021-22,9720900,Serge Ibaka,exact_normalized,0.99
j/jonesde02,2021-22,9720900,Derrick Jones Jr.,exact_normalized,0.99
f/favorde01,2021-22,9720900,Derrick Favors,exact_normalized,0.99
m/moranja01,2021-22,9603360,Ja Morant,exact_normalized,0.99
b/burksal01,2021-22,9536000,Alec Burks,exact_normalized,0.99
b/bullore01,2021-22,9536000,Reggie Bullock Jr.,exact_normalized,0.99
h/hortota01,2021-22,9500000,Talen Horton-Tucker,exact_normalized,0.99
p/plumlma01,2021-22,9248333,Mason Plumlee,exact_normalized,0.99
w/wisemja01,2021-22,9166800,James Wiseman,exact_normalized,0.99
g/greenja05,2021-22,8992200,Jalen Green,exact_normalized,0.99
k/klebima01,2021-22,8975000,Maxi Kleber,exact_normalized,0.99
m/meltode01,2021-22,8805976,De'Anthony Melton,exact_normalized,0.99
o/onealro01,2021-22,8800000,Royce O'Neale,exact_normalized,0.99
p/poeltja01,2021-22,8750000,Jakob Poeltl,exact_normalized,0.99
w/walkeke02,2021-22,8729020,Kemba Walker,exact_normalized,0.99
b/bryanth01,2021-22,8666667,Thomas Bryant,exact_normalized,0.99
c/carusal01,2021-22,8650651,Alex Caruso,exact_normalized,0.99
b/barrerj01,2021-22,8623920,RJ Barrett,exact_normalized,0.99
w/wrighde01,2021-22,8526316,Delon Wright,exact_normalized,0.99
s/saricda01,2021-22,8510000,Dario Saric,exact_normalized,0.99
m/morrimo01,2021-22,8449074,Monte Morris,exact_normalized,0.99
j/jonesty01,2021-22,8376286,Tyus Jones,exact_normalized,0.99
y/youngtr01,2021-22,8326471,Trae Young,exact_normalized,0.99
t/theisda01,2021-22,8280351,Daniel Theis,exact_normalized,0.99
b/ballla01,2021-22,8231760,LaMelo Ball,exact_normalized,0.99
c/curryse01,2021-22,8207518,Seth Curry,exact_normalized,0.99
g/greenja01,2021-22,8200000,JaMychal Green,exact_normalized,0.99
o/osmande01,2021-22,8133334,Cedi Osman,exact_normalized,0.99
m/mobleev01,2021-22,8075160,Evan Mobley,exact_normalized,0.99
n/noelne01,2021-22,8000000,Nerlens Noel,exact_normalized,0.99
h/huntede01,2021-22,7775400,De'Andre Hunter,exact_normalized,0.99
b/bambamo01,2021-22,7568743,Mo Bamba,exact_normalized,0.99
z/zubaciv01,2021-22,7518518,Ivica Zubac,exact_normalized,0.99
m/mccontj01,2021-22,7500000,T.J. McConnell,exact_normalized,0.99
w/willipa01,2021-22,7422000,Patrick Williams,exact_normalized,0.99
b/baynear01,2021-22,7350000,Aron Baynes,exact_normalized,0.99
b/barnesc01,2021-22,7280520,Scottie Barnes,exact_normalized,0.99
g/garlada01,2021-22,7040880,Darius Garland,exact_normalized,0.99
b/bouchch01,2021-22,7020000,Chris Boucher,exact_normalized,0.99
c/colliza01,2021-22,7000000,Zach Collins,exact_normalized,0.99
t/tuckepj01,2021-22,7000000,P.J. Tucker,exact_normalized,0.99
c/cartewe01,2021-22,6920027,Wendell Carter Jr.,exact_normalized,0.99
h/hernaju01,2021-22,6907815,Juancho Hernangomez,exact_normalized,0.99
o/okorois01,2021-22,6720720,Isaac Okoro,exact_normalized,0.99
s/suggsja01,2021-22,6593040,Jalen Suggs,exact_normalized,0.99
p/payneca01,2021-22,6500000,Cameron Payne,exact_normalized,0.99
s/sextoco01,2021-22,6439671,Collin Sexton,exact_normalized,0.99
c/culveja01,2021-22,6395160,Jarrett Culver,exact_normalized,0.99
b/birchkh01,2021-22,6350000,Khem Birch,exact_normalized,0.99
o/okongon01,2021-22,6104280,Onyeka Okongwu,exact_normalized,0.99
h/holidju01,2021-22,6006420,Justin Holiday,exact_normalized,0.99
g/giddejo01,2021-22,5988000,Josh Giddey,exact_normalized,0.99
s/schrode01,2021-22,5890000,Dennis Schroder,exact_normalized,0.99
m/millspa02,2021-22,5890000,Patty Mills,exact_normalized,0.99
g/gayru01,2021-22,5890000,Rudy Gay,exact_normalized,0.99
k/knoxke01,2021-22,5845979,Kevin Knox II,exact_normalized,0.99
w/whiteco01,2021-22,5837760,Coby White,exact_normalized,0.99
h/hayeski01,2021-22,5572680,Killian Hayes,exact_normalized,0.99
b/bridgmi01,2021-22,5557725,Mikal Bridges,exact_normalized,0.99
g/gilgesh01,2021-22,5495532,Shai Gilgeous-Alexander,exact_normalized,0.99
k/kuminjo01,2021-22,5466360,Jonathan Kuminga,exact_normalized,0.99
b/bridgmi02,2021-22,5421493,Miles Bridges,exact_normalized,0.99
h/hayesja02,2021-22,5348280,Jaxson Hayes,exact_normalized,0.99
c/connapa01,2021-22,5333334,Pat Connaughton,exact_normalized,0.99
p/portemi01,2021-22,5258735,Michael Porter Jr.,exact_normalized,0.99
d/diallha01,2021-22,5200000,Hamidou Diallo,exact_normalized,0.99
l/looneke01,2021-22,5178572,Kevon Looney,exact_normalized,0.99
b/browntr01,2021-22,5170564,Troy Brown Jr.,exact_normalized,0.99
t/toppiob01,2021-22,5105160,Obi Toppin,exact_normalized,0.99
w/wagnefr01,2021-22,5007840,Franz Wagner,exact_normalized,0.99
j/jacksjo02,2021-22,5005350,Josh Jackson,exact_normalized,0.99
d/dunnkr01,2021-22,5005350,Kris Dunn,exact_normalized,0.99
n/nunnke01,2021-22,5000000,Kendrick Nunn,exact_normalized,0.99
m/mcgeeja01,2021-22,5000000,JaVale McGee,exact_normalized,0.99
l/lopezro01,2021-22,5000000,Robin Lopez,exact_normalized,0.99
e/exumda01,2021-22,5000000,Dante Exum,exact_normalized,0.99
w/willilo02,2021-22,5000000,Lou Williams,exact_normalized,0.99
h/hachiru01,2021-22,4916160,Rui Hachimura,exact_normalized,0.99
t/templga01,2021-22,4910000,Garrett Temple,exact_normalized,0.99
j/josepco01,2021-22,4910000,Cory Joseph,exact_normalized,0.99
g/gibsota01,2021-22,4910000,Taj Gibson,exact_normalized,0.99
c/craigto01,2021-22,4878049,Torrey Craig,exact_normalized,0.99
b/brownbr01,2021-22,4736102,Bruce Brown,exact_normalized,0.99
a/avdijde01,2021-22,4692840,Deni Avdija,exact_normalized,0.99
d/divindo01,2021-22,4675830,Donte DiVincenzo,exact_normalized,0.99
r/reddica01,2021-22,4670160,Cam Reddish,exact_normalized,0.99
n/nwabada01,2021-22,4650000,David Nwaba,exact_normalized,0.99
k/korkmfu01,2021-22,4629630,Furkan Korkmaz,exact_normalized,0.99
m/mitchda01,2021-22,4603320,Davion Mitchell,exact_normalized,0.99
s/smithis01,2021-22,4500000,Ish Smith,exact_normalized,0.99
f/forbebr01,2021-22,4500000,Bryn Forbes,exact_normalized,0.99
g/greenje02,2021-22,4500000,Jeff Green,exact_normalized,0.99
s/smithja04,2021-22,4458000,Jalen Smith,exact_normalized,0.99
w/walkelo01,2021-22,4447896,Lonnie Walker IV,exact_normalized,0.99
j/johnsca02,2021-22,4437000,Cameron Johnson,exact_normalized,0.99
w/willizi02,2021-22,4373040,Ziaire Williams,exact_normalized,0.99
p/portibo01,2021-22,4347600,Bobby Portis,exact_normalized,0.99
h/harklma01,2021-22,4347600,Maurice Harkless,exact_normalized,0.99
h/huertke01,2021-22,4253357,Kevin Huerter,exact_normalized,0.99
v/vassede01,2021-22,4235160,Devin Vassell,exact_normalized,0.99
w/washipj01,2021-22,4215120,P.J. Washington,exact_normalized,0.99
b/bouknja01,2021-22,4154400,James Bouknight,exact_normalized,0.99
c/caulewi01,2021-22,4100000,Willie Cauley-Stein,exact_normalized,0.99
o/okogijo01,2021-22,4087904,Josh Okogie,exact_normalized,0.99
a/allengr01,2021-22,4054695,Grayson Allen,exact_normalized,0.99
v/vandeja01,2021-22,4050000,Jarred Vanderbilt,exact_normalized,0.99
h/halibty01,2021-22,4023600,Tyrese Haliburton,exact_normalized,0.99
h/hutchch01,2021-22,4019459,Chandler Hutchison,exact_normalized,0.99
h/herroty01,2021-22,4004280,Tyler Herro,exact_normalized,0.99
d/dienggo01,2021-22,4000000,Gorgui Dieng,exact_normalized,0.99
d/daviste02,2021-22,4000000,Terence Davis,exact_normalized,0.99
f/finnedo01,2021-22,4000000,Dorian Finney-Smith,exact_normalized,0.99
h/hillge01,2021-22,4000000,George Hill,exact_normalized,0.99
h/holidaa01,2021-22,3980551,Aaron Holiday,exact_normalized,0.99
p/primojo01,2021-22,3946800,Joshua Primo,exact_normalized,0.99
l/laymaja01,2021-22,3940185,Jake Layman,exact_normalized,0.99
s/simonan01,2021-22,3938818,Anfernee Simons,exact_normalized,0.99
w/winslju01,2021-22,3902439,Justise Winslow,exact_normalized,0.99
l/lewiski01,2021-22,3822240,Kira Lewis Jr.,exact_normalized,0.99
l/langfro01,2021-22,3804360,Romeo Langford,exact_normalized,0.99
s/shamela01,2021-22,3768342,Landry Shamet,exact_normalized,0.99
d/duartch01,2021-22,3749400,Chris Duarte,exact_normalized,0.99
l/lenal01,2021-22,3732000,Alex Len,exact_normalized,0.99
d/deckga01,2021-22,3676852,Gabriel Deck,exact_normalized,0.99
w/williro04,2021-22,3661976,Robert Williams III,exact_normalized,0.99
n/nesmiaa01,2021-22,3631200,Aaron Nesmith,exact_normalized,0.99
d/doumbse01,2021-22,3613680,Sekou Doumbouya,exact_normalized,0.99
m/moodymo01,2021-22,3562200,Moses Moody,exact_normalized,0.99
m/marjabo01,2021-22,3500000,Boban Marjanovic,exact_normalized,0.99
a/anthoco01,2021-22,3449400,Cole Anthony,exact_normalized,0.99
k/kispeco01,2021-22,3383640,Corey Kispert,exact_normalized,0.99
m/muscami01,2021-22,3365385,Mike Muscala,exact_normalized,0.99
c/cartemi01,2021-22,3300000,Michael Carter-Williams,exact_normalized,0.99
n/niangge01,2021-22,3300000,Georges Niang,exact_normalized,0.99
o/okekech01,2021-22,3277080,Chuma Okeke,exact_normalized,0.99
s/stewais01,2021-22,3277080,Isaiah Stewart,exact_normalized,0.99
a/alexani01,2021-22,3261480,Nickeil Alexander-Walker,exact_normalized,0.99
s/sengual01,2021-22,3214680,Alperen Sengun,exact_normalized,0.99
b/batumni01,2021-22,3170029,Nicolas Batum,exact_normalized,0.99
b/burketr01,2021-22,3150000,Trey Burke,exact_normalized,0.99
p/pokusal01,2021-22,3113160,Aleksej Pokusevski,exact_normalized,0.99
b/bitadgo01,2021-22,3098400,Goga Bitadze,exact_normalized,0.99
m/murphtr02,2021-22,3053760,Trey Murphy III,exact_normalized,0.99
j/jacksfr01,2021-22,3000000,Frank Jackson,exact_normalized,0.99
b/brownst02,2021-22,3000000,Sterling Brown,exact_normalized,0.99
s/samanlu01,2021-22,2959080,Luka Samanic,exact_normalized,0.99
g/greenjo02,2021-22,2957520,Josh Green,exact_normalized,0.99
m/manntr01,2021-22,2901240,Tre Mann,exact_normalized,0.99
t/thybuma01,2021-22,2840160,Matisse Thybulle,exact_normalized,0.99
b/beysa01,2021-22,2824320,Saddiq Bey,exact_normalized,0.99
j/joneska01,2021-22,2770560,Kai Jones,exact_normalized,0.99
c/clarkbr01,2021-22,2726880,Brandon Clarke,exact_normalized,0.99
a/achiupr01,2021-22,2711280,Precious Achiuwa,exact_normalized,0.99
g/gasolma01,2021-22,2692991,Marc Gasol,exact_normalized,0.99
t/tollian01,2021-22,2692991,Anthony Tolliver,exact_normalized,0.99
j/johnsja05,2021-22,2659580,Jalen Johnson,exact_normalized,0.99
w/willigr01,2021-22,2617800,Grant Williams,exact_normalized,0.99
m/maxeyty01,2021-22,2602920,Tyrese Maxey,exact_normalized,0.99
j/johnske07,2021-22,2553120,Keon Johnson,exact_normalized,0.99
b/bazleda01,2021-22,2513040,Darius Bazley,exact_normalized,0.99
l/lylestr01,2021-22,2500000,Trey Lyles,exact_normalized,0.99
n/nnajize01,2021-22,2498760,Zeke Nnaji,exact_normalized,0.99
j/jacksis01,2021-22,2451240,Isaiah Jackson,exact_normalized,0.99
j/jeromty01,2021-22,2412840,Ty Jerome,exact_normalized,0.99
b/bolmale01,2021-22,2353320,Leandro Bolmaro,exact_normalized,0.99
g/garubus01,2021-22,2353320,Usman Garuba,exact_normalized,0.99
h/hernawi01,2021-22,2327220,Willy Hernangomez,exact_normalized,0.99
s/sumneed01,2021-22,2320000,Edmond Sumner,exact_normalized,0.99
l/littlna01,2021-22,2316240,Nassir Little,exact_normalized,0.99
h/hamptrj01,2021-22,2303040,R.J. Hampton,exact_normalized,0.99
c/chrisjo01,2021-22,2259240,Josh Christopher,exact_normalized,0.99
w/windldy01,2021-22,2239200,Dylan Windler,exact_normalized,0.99
q/quickim01,2021-22,2210640,Immanuel Quickley,exact_normalized,0.99
k/konchjo01,2021-22,2200000,John Konchar,exact_normalized,0.99
g/grimequ01,2021-22,2168760,Quentin Grimes,exact_normalized,0.99
p/poolejo01,2021-22,2161440,Jordan Poole,exact_normalized,0.99
b/bolbo01,2021-22,2161152,Bol Bol,exact_normalized,0.99
j/johnske04,2021-22,2145720,Keldon Johnson,exact_normalized,0.99
p/pritcpa01,2021-22,2137440,Payton Pritchard,exact_normalized,0.99
o/okafoja01,2021-22,2130023,Jahlil Okafor,exact_normalized,0.99
h/hylanbo01,2021-22,2096880,Bones Hyland,exact_normalized,0.99
a/azubuud01,2021-22,2075880,Udoka Azubuike,exact_normalized,0.99
m/mcdanja02,2021-22,2063280,Jaden McDaniels,exact_normalized,0.99
f/flynnma01,2021-22,2048040,Malachi Flynn,exact_normalized,0.99
t/thomaca02,2021-22,2036280,Cam Thomas,exact_normalized,0.99
b/banede01,2021-22,2033160,Desmond Bane,exact_normalized,0.99
s/sprinja01,2021-22,2023800,Jaden Springer,exact_normalized,0.99
s/sharpda01,2021-22,2009040,Day'Ron Sharpe,exact_normalized,0.99
w/willike04,2021-22,2000000,Kenrich Williams,exact_normalized,0.99
m/maledth01,2021-22,2000000,Theo Maledon,exact_normalized,0.99
n/naderab01,2021-22,2000000,Abdel Nader,exact_normalized,0.99
m/mclaujo01,2021-22,2000000,Jordan McLaughlin,exact_normalized,0.99
r/robinje02,2021-22,2000000,Jeremiah Robinson-Earl,exact_normalized,0.99
m/mathega01,2021-22,2000000,Garrison Mathews,exact_normalized,0.99
a/aldamsa01,2021-22,1994520,Santi Aldama,exact_normalized,0.99
j/jonesda03,2021-22,1977011,Damian Jones,exact_normalized,0.99
p/portejo01,2021-22,1950000,Jontay Porter,exact_normalized,0.99
v/valende01,2021-22,1939350,Denzel Valentine,exact_normalized,0.99
d/doziepj01,2021-22,1910860,PJ Dozier,exact_normalized,0.99
l/leeda03,2021-22,1910860,Damion Lee,exact_normalized,0.99
t/tilliki02,2021-22,1901625,Killian Tillie,exact_normalized,0.99
m/miltosh01,2021-22,1846738,Shake Milton,exact_normalized,0.99
i/iwundwe01,2021-22,1824003,Wes Iwundu,exact_normalized,0.99
r/robinmi01,2021-22,1802057,Mitchell Robinson,exact_normalized,0.99
b/brunsja01,2021-22,1802057,Jalen Brunson,exact_normalized,0.99
m/martico01,2021-22,1782621,Cody Martin,exact_normalized,0.99
m/muldemy01,2021-22,1782621,Mychal Mulder,exact_normalized,0.99
m/mcdanja01,2021-22,1782621,Jalen McDaniels,exact_normalized,0.99
d/dortlu01,2021-22,1782621,Luguentz Dort,exact_normalized,0.99
o/okpalkz01,2021-22,1782621,KZ Okpala,exact_normalized,0.99
o/onimi01,2021-22,1782621,Miye Oni,exact_normalized,0.99
r/robyis01,2021-22,1782621,Isaiah Roby,exact_normalized,0.99
c/claxtni01,2021-22,1782621,Nic Claxton,exact_normalized,0.99
r/reidna01,2021-22,1782621,Naz Reid,exact_normalized,0.99
p/pascher01,2021-22,1782621,Eric Paschall,exact_normalized,0.99
m/martica02,2021-22,1782621,Caleb Martin,exact_normalized,0.99
m/mannte01,2021-22,1782621,Terance Mann,exact_normalized,0.99
f/ferreyo01,2021-22,1782621,Yogi Ferrell,exact_normalized,0.99
s/smailal01,2021-22,1782621,Alen Smailagic,exact_normalized,0.99
n/nowelja01,2021-22,1782621,Jaylen Nowell,exact_normalized,0.99
e/edwarca01,2021-22,1782621,Carsen Edwards,exact_normalized,0.99
c/cancavl01,2021-22,1782621,Vlatko Cancar,exact_normalized,0.99
g/gaffoda01,2021-22,1782621,Daniel Gafford,exact_normalized,0.99
w/wadede01,2021-22,1782621,Dean Wade,exact_normalized,0.99
f/fernabr01,2021-22,1782621,Bruno Fernando,exact_normalized,0.99
w/watanyu01,2021-22,1762796,Yuta Watanabe,exact_normalized,0.99
e/eubandr01,2021-22,1762796,Drew Eubanks,exact_normalized,0.99
t/thomakh01,2021-22,1762796,Khyri Thomas,exact_normalized,0.99
m/metuch01,2021-22,1762796,Chimezie Metu,exact_normalized,0.99
w/wagnemo01,2021-22,1729217,Moritz Wagner,exact_normalized,0.99
b/bateske01,2021-22,1729217,Keita Bates-Diop,exact_normalized,0.99
m/mykhasv01,2021-22,1729217,Svi Mykhailiuk,exact_normalized,0.99
w/watsopa01,2021-22,1701593,Paul Watson,exact_normalized,0.99
t/toscaju01,2021-22,1701593,Juan Toscano-Anderson,exact_normalized,0.99
b/brownch02,2021-22,1701593,Charlie Brown Jr.,exact_normalized,0.99
c/cookty01,2021-22,1701593,Tyler Cook,exact_normalized,0.99
m/martike03,2021-22,1701593,Kelan Martin,exact_normalized,0.99
b/brissos01,2021-22,1701593,Oshae Brissett,exact_normalized,0.99
k/kabenmf01,2021-22,1701593,Mfiondu Kabengele,exact_normalized,0.99
j/joneshe01,2021-22,1700000,Herbert Jones,exact_normalized,0.99
n/ntilila01,2021-22,1669178,Frank Ntilikina,exact_normalized,0.99
o/oladivi01,2021-22,1669178,Victor Oladipo,exact_normalized,0.99
b/bongais01,2021-22,1669178,Isaac Bonga,exact_normalized,0.99
d/dekkesa01,2021-22,1669178,Sam Dekker,exact_normalized,0.99
b/brantja01,2021-22,1669178,Jarrell Brantley,exact_normalized,0.99
p/porteot01,2021-22,1669178,Otto Porter Jr.,exact_normalized,0.99
w/whiteha01,2021-22,1669178,Hassan Whiteside,exact_normalized,0.99
m/monkma01,2021-22,1669178,Malik Monk,exact_normalized,0.99
b/bazemke01,2021-22,1669178,Kent Bazemore,exact_normalized,0.99
m/mclembe01,2021-22,1669178,Ben McLemore,exact_normalized,0.99
l/luwawti01,2021-22,1669178,Timothe Luwawu-Cabarrot,exact_normalized,0.99
d/dedmode01,2021-22,1669178,Dewayne Dedmon,exact_normalized,0.99
m/millspa01,2021-22,1669178,Paul Millsap,exact_normalized,0.99
m/mooreet01,2021-22,1669178,E'Twaun Moore,exact_normalized,0.99
h/harteis01,2021-22,1669178,Isaiah Hartenstein,exact_normalized,0.99
h/hillso01,2021-22,1669178,Solomon Hill,exact_normalized,0.99
a/aldrila01,2021-22,1669178,LaMarcus Aldridge,exact_normalized,0.99
r/riverau01,2021-22,1669178,Austin Rivers,exact_normalized,0.99
a/antetth01,2021-22,1669178,Thanasis Antetokounmpo,exact_normalized,0.99
h/hasleud01,2021-22,1669178,Udonis Haslem,exact_normalized,0.99
v/vincega01,2021-22,1669178,Gabe Vincent,exact_normalized,0.99
b/bradlav01,2021-22,1669178,Avery Bradley,exact_normalized,0.99
e/ellinwa01,2021-22,1669178,Wayne Ellington,exact_normalized,0.99
a/arizatr01,2021-22,1669178,Trevor Ariza,exact_normalized,0.99
h/howardw01,2021-22,1669178,Dwight Howard,exact_normalized,0.99
a/anthoca01,2021-22,1669178,Carmelo Anthony,exact_normalized,0.99
o/ojelese01,2021-22,1669178,Semi Ojeleye,exact_normalized,0.99
h/hoodro01,2021-22,1669178,Rodney Hood,exact_normalized,0.99
j/johnsja01,2021-22,1669178,James Johnson,exact_normalized,0.99
k/kaminfr01,2021-22,1669178,Frank Kaminsky,exact_normalized,0.99
m/mcgruro01,2021-22,1669178,Rodney McGruder,exact_normalized,0.99
b/bjeline01,2021-22,1669178,Nemanja Bjelica,exact_normalized,0.99
i/iguodan01,2021-22,1669178,Andre Iguodala,exact_normalized,0.99
b/bradlto01,2021-22,1669178,Tony Bradley,exact_normalized,0.99
m/morrima02,2021-22,1669178,Markieff Morris,exact_normalized,0.99
s/strusma01,2021-22,1669178,Max Strus,exact_normalized,0.99
n/netora01,2021-22,1669178,Raul Neto,exact_normalized,0.99
p/pangoke01,2021-22,1669178,Kevin Pangos,exact_normalized,0.99
d/davised01,2021-22,1669178,Ed Davis,exact_normalized,0.99
r/rondora01,2021-22,1669178,Rajon Rondo,exact_normalized,0.99
t/thomama02,2021-22,1669178,Matt Thomas,exact_normalized,0.99
g/greenja02,2021-22,1669178,Javonte Green,exact_normalized,0.99
d/drumman01,2021-22,1669178,Andre Drummond,exact_normalized,0.99
s/snellto01,2021-22,1669178,Tony Snell,exact_normalized,0.99
p/parkeja01,2021-22,1669178,Jabari Parker,exact_normalized,0.99
k/kanteen01,2021-22,1669178,Enes Freedom,exact_normalized,0.99
g/griffbl01,2021-22,1669178,Blake Griffin,exact_normalized,0.99
r/richani01,2021-22,1517981,Nick Richards,exact_normalized,0.99
t/terryty01,2021-22,1517981,Tyrell Terry,exact_normalized,0.99
s/stevela01,2021-22,1517981,Lamar Stevens,exact_normalized,0.99
r/ramseja01,2021-22,1517981,Jahmi'us Ramsey,exact_normalized,0.99
o/oturuda01,2021-22,1517981,Daniel Oturu,exact_normalized,0.99
n/nworajo01,2021-22,1517981,Jordan Nwora,exact_normalized,0.99
c/careyve01,2021-22,1517981,Vernon Carey Jr.,exact_normalized,0.99
h/homesca01,2021-22,1517981,Caleb Homesley,exact_normalized,0.99
g/gillan01,2021-22,1517981,Anthony Gill,exact_normalized,0.99
w/woodaro01,2021-22,1517981,Robert Woodard II,exact_normalized,0.99
j/joeis01,2021-22,1517981,Isaiah Joe,exact_normalized,0.99
j/jonestr01,2021-22,1517981,Tre Jones,exact_normalized,0.99
h/hugheel01,2021-22,1517981,Elijah Hughes,exact_normalized,0.99
m/martike04,2021-22,1517981,KJ Martin,exact_normalized,0.99
r/reedpa01,2021-22,1517981,Paul Reed,exact_normalized,0.99
d/diakima01,2021-22,1517981,Mamadi Diakite,exact_normalized,0.99
e/ellebcj01,2021-22,1517981,CJ Elleby,exact_normalized,0.99
b/bryanel01,2021-22,1517981,Elijah Bryant,exact_normalized,0.99
s/sirvyde01,2021-22,1517981,Deividas Sirvydis,exact_normalized,0.99
t/tateja01,2021-22,1517981,Jae'Sean Tate,exact_normalized,0.99
m/merrisa01,2021-22,1517981,Sam Merrill,exact_normalized,0.99
m/marshna01,2021-22,1517981,Naji Marshall,exact_normalized,0.99
t/tillmxa01,2021-22,1517981,Xavier Tillman,exact_normalized,0.99
t/toddis01,2021-22,1500000,Isaiah Todd,exact_normalized,0.99
y/yurtsom01,2021-22,1489065,Omer Yurtseven,exact_normalized,0.99
l/leesa01,2021-22,1489065,Saben Lee,exact_normalized,0.99
t/thorjt01,2021-22,1250000,JT Thor,exact_normalized,0.99
m/matthwe02,2021-22,1237494,Wesley Matthews,exact_normalized,0.99
m/mckinal01,2021-22,1090007,Alfonzo McKinnie,exact_normalized,0.99
p/prestja01,2021-22,1062303,Jason Preston,exact_normalized,0.99
l/liveris01,2021-22,1057260,Isaiah Livers,exact_normalized,0.99
t/thomptr01,2021-22,1000000,Tristan Thompson,exact_normalized,0.99
c/chrisma01,2021-22,958529,Marquese Chriss,exact_normalized,0.99
b/butleja02,2021-22,925258,Jared Butler,exact_normalized,0.99
k/kalaige01,2021-22,925258,Georgios Kalaitzakis,exact_normalized,0.99
b/bassech01,2021-22,925258,Charles Bassey,exact_normalized,0.99
b/bantoda01,2021-22,925258,Dalano Banton,exact_normalized,0.99
m/mcbrimi01,2021-22,925258,Miles McBride,exact_normalized,0.99
g/garzalu01,2021-22,925258,Luka Garza,exact_normalized,0.99
r/reaveau01,2021-22,925258,Austin Reaves,exact_normalized,0.99
b/bostobr01,2021-22,925258,Brandon Boston,exact_normalized,0.99
l/landajo01,2021-22,925258,Jock Landale,exact_normalized,0.99
b/browngr01,2021-22,925258,Greg Brown III,exact_normalized,0.99
s/simonma01,2021-22,925258,Marko Simonovic,exact_normalized,0.99
d/dosunay01,2021-22,925258,Ayo Dosunmu,exact_normalized,0.99
k/krejcvi01,2021-22,925258,Vit Krejci,exact_normalized,0.99
j/johnsst04,2021-22,888616,Stanley Johnson,exact_normalized,0.99
b/biyombi01,2021-22,863368,Bismack Biyombo,exact_normalized,0.99
s/stephla01,2021-22,642729,Lance Stephenson,exact_normalized,0.99
n/nixda01,2021-22,612000,Daishen Nix,exact_normalized,0.99
t/taylote01,2021-22,600000,Terry Taylor,exact_normalized,0.99
h/houseda01,2021-22,565986,Danuel House Jr.,exact_normalized,0.99
k/kornelu01,2021-22,565986,Luke Kornet,exact_normalized,0.99
s/sykeske01,2021-22,558345,Keifer Sykes,exact_normalized,0.99
a/arcidry01,2021-22,546800,Ryan Arcidiacono,exact_normalized,0.99
b/bembrde01,2021-22,518021,DeAndre' Bembry,exact_normalized,0.99
d/dragigo01,2021-22,460463,Goran Dragic,exact_normalized,0.99
c/carteje01,2021-22,441277,Jevon Carter,exact_normalized,0.99
w/watfotr01,2021-22,436482,Trendon Watford,exact_normalized,0.99
s/stausni01,2021-22,432536,Nik Stauskas,exact_normalized,0.99
c/couside01,2021-22,431684,DeMarcus Cousins,exact_normalized,0.99
a/augusdj01,2021-22,393312,D.J. Augustin,exact_normalized,0.99
j/jordade01,2021-22,374126,DeAndre Jordan,exact_normalized,0.99
c/cacokde01,2021-22,364353,Devontae Cacok,exact_normalized,0.99
h/hausesa01,2021-22,313737,Sam Hauser,exact_normalized,0.99
h/highsha01,2021-22,290967,Haywood Highsmith,exact_normalized,0.99
f/fittsma01,2021-22,231062,Malik Fitts,exact_normalized,0.99
w/wieskjo01,2021-22,202068,Joe Wieskamp,exact_normalized,0.99
t/thomais02,2021-22,191860,Isaiah Thomas,exact_normalized,0.99
c/coffeam01,2021-22,153488,Amir Coffey,exact_normalized,0.99
a/alvarjo01,2021-22,150000,Jose Alvarado,exact_normalized,0.99
b/brookar01,2021-22,136926,Armoni Brooks,exact_normalized,0.99
c/cannade01,2021-22,100000,Devin Cannady,exact_normalized,0.99
v/vildolu01,2021-22,42789,Luca Vildoza,exact_normalized,0.99
t/tuckera01,2021-22,28779,Rayjon Tucker,exact_normalized,0.99
m/morgaju01,2021-22,19816,Juwan Morgan,exact_normalized,0.99
b/brownmo01,2021-22,19186,Moses Brown,exact_normalized,0.99
s/sneedxa01,2021-22,8558,Xavier Sneed,exact_normalized,0.99
e/edwarke02,2021-22,5318,Kessler Edwards,exact_normalized,0.99
w/wainris01,2021-22,5318,Ish Wainright,exact_normalized,0.99
c/curryst01,2022-23,48070014,Stephen Curry,exact_normalized,0.99
j/jamesle01,2022-23,44474988,LeBron James,exact_normalized,0.99
d/duranke01,2022-23,44119845,Kevin Durant,exact_normalized,0.99
b/bealbr01,2022-23,43279250,Bradley Beal,exact_normalized,0.99
a/antetgi01,2022-23,42492492,Giannis Antetokounmpo,exact_normalized,0.99
l/lillada01,2022-23,42492492,Damian Lillard,exact_normalized,0.99
l/leonaka01,2022-23,42492492,Kawhi Leonard,exact_normalized,0.99
g/georgpa01,2022-23,42492492,Paul George,exact_normalized,0.99
t/thompkl01,2022-23,40600080,Klay Thompson,exact_normalized,0.99
i/irvinky01,2022-23,38917057,Kyrie Irving,exact_normalized,0.99
g/goberru01,2022-23,38172414,Rudy Gobert,exact_normalized,0.99
d/davisan02,2022-23,37980720,Anthony Davis,exact_normalized,0.99
m/middlkh01,2022-23,37948276,Khris Middleton,exact_normalized,0.99
b/butleji01,2022-23,37653300,Jimmy Butler III,exact_normalized,0.99
h/harrito02,2022-23,37633050,Tobias Harris,exact_normalized,0.99
l/lavinza01,2022-23,37096500,Zach LaVine,exact_normalized,0.99
d/doncilu01,2022-23,37095000,Luka Doncic,exact_normalized,0.99
y/youngtr01,2022-23,37095000,Trae Young,exact_normalized,0.99
s/simmobe01,2022-23,35448672,Ben Simmons,exact_normalized,0.99
s/siakapa01,2022-23,35448672,Pascal Siakam,exact_normalized,0.99
t/turnemy01,2022-23,35096500,Myles Turner,exact_normalized,0.99
b/bookede01,2022-23,33833400,Devin Booker,exact_normalized,0.99
t/townska01,2022-23,33833400,Karl-Anthony Towns,exact_normalized,0.99
p/porzikr01,2022-23,33833400,Kristaps Porzingis,exact_normalized,0.99
h/holidjr01,2022-23,33665040,Jrue Holiday,exact_normalized,0.99
e/embiijo01,2022-23,33616770,Joel Embiid,exact_normalized,0.99
w/wiggian01,2022-23,33616770,Andrew Wiggins,exact_normalized,0.99
m/mccolcj01,2022-23,33333333,CJ McCollum,exact_normalized,0.99
j/jokicni01,2022-23,33047804,Nikola Jokic,exact_normalized,0.99
h/hardeja01,2022-23,33000000,James Harden,exact_normalized,0.99
i/ingrabr01,2022-23,31650600,Brandon Ingram,exact_normalized,0.99
m/murraja01,2022-23,31650000,Jamal Murray,exact_normalized,0.99
r/russeda01,2022-23,31377750,D'Angelo Russell,exact_normalized,0.99
g/gilgesh01,2022-23,30913750,Shai Gilgeous-Alexander,exact_normalized,0.99
a/aytonde01,2022-23,30913750,Deandre Ayton,exact_normalized,0.99
p/portemi01,2022-23,30913750,Michael Porter Jr.,exact_normalized,0.99
m/mitchdo01,2022-23,30913750,Donovan Mitchell,exact_normalized,0.99
a/adebaba01,2022-23,30351780,Bam Adebayo,exact_normalized,0.99
h/haywago01,2022-23,30075000,Gordon Hayward,exact_normalized,0.99
b/brownja02,2022-23,28741071,Jaylen Brown,exact_normalized,0.99
p/paulch01,2022-23,28400000,Chris Paul,exact_normalized,0.99
l/lowryky01,2022-23,28333334,Kyle Lowry,exact_normalized,0.99
f/foxde01,2022-23,28103550,De'Aaron Fox,exact_normalized,0.99
t/tatumja01,2022-23,28103500,Jayson Tatum,exact_normalized,0.99
b/brunsja01,2022-23,27733332,Jalen Brunson,exact_normalized,0.99
d/derozde01,2022-23,27300000,DeMar DeRozan,exact_normalized,0.99
h/horfoal01,2022-23,26500000,Al Horford,exact_normalized,0.99
g/greendr01,2022-23,25806468,Draymond Green,exact_normalized,0.99
r/randlju01,2022-23,23760000,Julius Randle,exact_normalized,0.99
c/collijo01,2022-23,23500000,John Collins,exact_normalized,0.99
h/hieldbu01,2022-23,22768890,Buddy Hield,exact_normalized,0.99
c/conlemi01,2022-23,22680000,Mike Conley,exact_normalized,0.99
b/brogdma01,2022-23,22600000,Malcolm Brogdon,exact_normalized,0.99
s/simonan01,2022-23,22321429,Anfernee Simons,exact_normalized,0.99
v/vucevni01,2022-23,22000000,Nikola Vucevic,exact_normalized,0.99
r/roziete01,2022-23,21486283,Terry Rozier,exact_normalized,0.99
v/vanvlfr01,2022-23,21250000,Fred VanVleet,exact_normalized,0.99
g/grantje01,2022-23,20955000,Jerami Grant,exact_normalized,0.99
b/bridgmi01,2022-23,20100000,Mikal Bridges,exact_normalized,0.99
a/allenja01,2022-23,20000000,Jarrett Allen,exact_normalized,0.99
g/gordoaa01,2022-23,19690909,Aaron Gordon,exact_normalized,0.99
b/bogdabo02,2022-23,19550000,Bojan Bogdanovic,exact_normalized,0.99
b/balllo01,2022-23,19534884,Lonzo Ball,exact_normalized,0.99
d/dinwisp01,2022-23,19500000,Spencer Dinwiddie,exact_normalized,0.99
b/bledser01,2022-23,19375000,Eric Bledsoe,exact_normalized,0.99
l/leverca01,2022-23,18796296,Caris LeVert,exact_normalized,0.99
c/capelca01,2022-23,18706896,Clint Capela,exact_normalized,0.99
h/harrijo01,2022-23,18642857,Joe Harris,exact_normalized,0.99
s/sabondo01,2022-23,18500000,Domantas Sabonis,exact_normalized,0.99
b/barneha02,2022-23,18352273,Harrison Barnes,exact_normalized,0.99
f/fournev01,2022-23,18000000,Evan Fournier,exact_normalized,0.99
b/bogdabo01,2022-23,18000000,Bogdan Bogdanovic,exact_normalized,0.99
a/adamsst01,2022-23,17926829,Steven Adams,exact_normalized,0.99
i/isaacjo01,2022-23,17400000,Jonathan Isaac,exact_normalized,0.99
a/anunoog01,2022-23,17357143,OG Anunoby,exact_normalized,0.99
s/smartma01,2022-23,17207141,Marcus Smart,exact_normalized,0.99
r/robinmi01,2022-23,17045454,Mitchell Robinson,exact_normalized,0.99
r/robindu01,2022-23,16902000,Duncan Robinson,exact_normalized,0.99
w/whitede01,2022-23,16892857,Derrick White,exact_normalized,0.99
p/powelno01,2022-23,16758621,Norman Powell,exact_normalized,0.99
m/murrade01,2022-23,16571120,Dejounte Murray,exact_normalized,0.99
s/sextoco01,2022-23,16500000,Collin Sexton,exact_normalized,0.99
f/fultzma01,2022-23,16500000,Markelle Fultz,exact_normalized,0.99
m/markkla01,2022-23,16475454,Lauri Markkanen,exact_normalized,0.99
m/morrima03,2022-23,16372093,Marcus Morris Sr.,exact_normalized,0.99
b/bertada01,2022-23,16000000,Davis Bertans,exact_normalized,0.99
n/nurkiju01,2022-23,15625000,Jusuf Nurkic,exact_normalized,0.99
b/beaslma01,2022-23,15558035,Malik Beasley,exact_normalized,0.99
d/dortlu01,2022-23,15277778,Luguentz Dort,exact_normalized,0.99
v/valanjo01,2022-23,14700000,Jonas Valanciunas,exact_normalized,0.99
h/huertke01,2022-23,14508929,Kevin Huerter,exact_normalized,0.99
k/kennalu01,2022-23,14415545,Luke Kennard,exact_normalized,0.99
w/woodch01,2022-23,14317460,Christian Wood,exact_normalized,0.99
c/cartewe01,2022-23,14150000,Wendell Carter Jr.,exact_normalized,0.99
c/caldwke01,2022-23,14004703,Kentavious Caldwell-Pope,exact_normalized,0.99
l/lopezbr01,2022-23,13906976,Brook Lopez,exact_normalized,0.99
m/mcderdo01,2022-23,13750000,Doug McDermott,exact_normalized,0.99
w/willizi01,2022-23,13534817,Zion Williamson,exact_normalized,0.99
c/clarkjo01,2022-23,13340000,Jordan Clarkson,exact_normalized,0.99
k/kuzmaky01,2022-23,13000000,Kyle Kuzma,exact_normalized,0.99
h/harriga01,2022-23,13000000,Gary Harris,exact_normalized,0.99
h/hartjo01,2022-23,12960000,Josh Hart,exact_normalized,0.99
f/finnedo01,2022-23,12939648,Dorian Finney-Smith,exact_normalized,0.99
b/bouchch01,2022-23,12690000,Chris Boucher,exact_normalized,0.99
o/oubreke01,2022-23,12600000,Kelly Oubre Jr.,exact_normalized,0.99
b/baglema01,2022-23,12500000,Marvin Bagley III,exact_normalized,0.99
c/covinro01,2022-23,12307692,Robert Covington,exact_normalized,0.99
o/olynyke01,2022-23,12195122,Kelly Olynyk,exact_normalized,0.99
r/richajo01,2022-23,11615328,Josh Richardson,exact_normalized,0.99
g/grahade01,2022-23,11550000,Devonte' Graham,exact_normalized,0.99
b/brookdi01,2022-23,11400000,Dillon Brooks,exact_normalized,0.99
h/holmeri01,2022-23,11215260,Richaun Holmes,exact_normalized,0.99
p/poweldw01,2022-23,11080125,Dwight Powell,exact_normalized,0.99
b/banchpa01,2022-23,11055120,Paolo Banchero,exact_normalized,0.99
w/williro04,2022-23,10937502,Robert Williams III,exact_normalized,0.99
b/barrerj01,2022-23,10900635,RJ Barrett,exact_normalized,0.99
b/batumni01,2022-23,10843350,Nicolas Batum,exact_normalized,0.99
p/portibo01,2022-23,10843350,Bobby Portis,exact_normalized,0.99
e/edwaran01,2022-23,10733400,Anthony Edwards,exact_normalized,0.99
c/cunnica01,2022-23,10552800,Cade Cunningham,exact_normalized,0.99
t/tuckepj01,2022-23,10490000,P.J. Tucker,exact_normalized,0.99
b/bambamo01,2022-23,10300000,Mo Bamba,exact_normalized,0.99
h/hortota01,2022-23,10260000,Talen Horton-Tucker,exact_normalized,0.99
f/favorde01,2022-23,10183800,Derrick Favors,exact_normalized,0.99
c/crowdja01,2022-23,10183000,Jae Crowder,exact_normalized,0.99
z/zubaciv01,2022-23,10123457,Ivica Zubac,exact_normalized,0.99
b/burksal01,2022-23,10012800,Alec Burks,exact_normalized,0.99
b/bullore01,2022-23,10012800,Reggie Bullock Jr.,exact_normalized,0.99
h/holmgch01,2022-23,9891240,Chet Holmgren,exact_normalized,0.99
h/huntede01,2022-23,9835881,De'Andre Hunter,exact_normalized,0.99
m/moranja01,2022-23,9603360,Ja Morant,exact_normalized,0.99
w/wisemja01,2022-23,9603360,James Wiseman,exact_normalized,0.99
s/shamela01,2022-23,9500000,Landry Shamet,exact_normalized,0.99
m/monkma01,2022-23,9472219,Malik Monk,exact_normalized,0.99
g/greenja05,2022-23,9441840,Jalen Green,exact_normalized,0.99
p/poeltja01,2022-23,9398148,Jakob Poeltl,exact_normalized,0.99
n/noelne01,2022-23,9240000,Nerlens Noel,exact_normalized,0.99
s/saricda01,2022-23,9240000,Dario Saric,exact_normalized,0.99
o/onealro01,2022-23,9200000,Royce O'Neale,exact_normalized,0.99
m/morrimo01,2022-23,9125000,Monte Morris,exact_normalized,0.99
p/plumlma01,2022-23,9080417,Mason Plumlee,exact_normalized,0.99
c/carusal01,2022-23,9030000,Alex Caruso,exact_normalized,0.99
k/klebima01,2022-23,9000000,Maxi Kleber,exact_normalized,0.99
g/garlada01,2022-23,8920795,Darius Garland,exact_normalized,0.99
a/anderky01,2022-23,8780488,Kyle Anderson,exact_normalized,0.99
o/oladivi01,2022-23,8750000,Victor Oladipo,exact_normalized,0.99
t/theisda01,2022-23,8694369,Daniel Theis,exact_normalized,0.99
b/ballla01,2022-23,8623920,LaMelo Ball,exact_normalized,0.99
a/allengr01,2022-23,8500000,Grayson Allen,exact_normalized,0.99
c/claxtni01,2022-23,8500000,Nic Claxton,exact_normalized,0.99
c/curryse01,2022-23,8496500,Seth Curry,exact_normalized,0.99
m/mobleev01,2022-23,8478720,Evan Mobley,exact_normalized,0.99
m/meltode01,2022-23,8250000,De'Anthony Melton,exact_normalized,0.99
m/mccontj01,2022-23,8100000,T.J. McConnell,exact_normalized,0.99
m/murrake02,2022-23,8008440,Keegan Murray,exact_normalized,0.99
y/youngth01,2022-23,8000000,Thaddeus Young,exact_normalized,0.99
p/princta02,2022-23,8000000,Taurean Prince,exact_normalized,0.99
l/looneke01,2022-23,8000000,Kevon Looney,exact_normalized,0.99
h/harteis01,2022-23,7804879,Isaiah Hartenstein,exact_normalized,0.99
w/wrighde01,2022-23,7804878,Delon Wright,exact_normalized,0.99
w/willipa01,2022-23,7775400,Patrick Williams,exact_normalized,0.99
b/barnesc01,2022-23,7644720,Scottie Barnes,exact_normalized,0.99
o/osmande01,2022-23,7426088,Cedi Osman,exact_normalized,0.99
w/whiteco01,2022-23,7413955,Coby White,exact_normalized,0.99
b/baynear01,2022-23,7350000,Aron Baynes,exact_normalized,0.99
c/colliza01,2022-23,7350000,Zach Collins,exact_normalized,0.99
i/iveyja01,2022-23,7252200,Jaden Ivey,exact_normalized,0.99
t/tateja01,2022-23,7065217,Jae'Sean Tate,exact_normalized,0.99
o/okorois01,2022-23,7040880,Isaac Okoro,exact_normalized,0.99
m/martico01,2022-23,7000000,Cody Martin,exact_normalized,0.99
s/suggsja01,2022-23,6922320,Jalen Suggs,exact_normalized,0.99
h/hayesja02,2022-23,6803012,Jaxson Hayes,exact_normalized,0.99
b/birchkh01,2022-23,6667500,Khem Birch,exact_normalized,0.99
m/mathube01,2022-23,6586800,Bennedict Mathurin,exact_normalized,0.99
b/brownbr01,2022-23,6479000,Bruce Brown,exact_normalized,0.99
i/inglejo01,2022-23,6479000,Joe Ingles,exact_normalized,0.99
w/walkelo01,2022-23,6479000,Lonnie Walker IV,exact_normalized,0.99
g/gallida01,2022-23,6479000,Danilo Gallinari,exact_normalized,0.99
m/martica02,2022-23,6479000,Caleb Martin,exact_normalized,0.99
m/millspa02,2022-23,6479000,Patty Mills,exact_normalized,0.99
w/walljo01,2022-23,6479000,John Wall,exact_normalized,0.99
o/okongon01,2022-23,6395160,Onyeka Okongwu,exact_normalized,0.99
c/culveja01,2022-23,6395160,Jarrett Culver,exact_normalized,0.99
g/giddejo01,2022-23,6287280,Josh Giddey,exact_normalized,0.99
h/hachiru01,2022-23,6263188,Rui Hachimura,exact_normalized,0.99
g/gayru01,2022-23,6184500,Rudy Gay,exact_normalized,0.99
s/sharpsh01,2022-23,6012960,Shaedon Sharpe,exact_normalized,0.99
p/porteot01,2022-23,6000000,Otto Porter Jr.,exact_normalized,0.99
p/payneca01,2022-23,6000000,Cameron Payne,exact_normalized,0.99
r/reddica01,2022-23,5954454,Cam Reddish,exact_normalized,0.99
j/johnsca02,2022-23,5887899,Cameron Johnson,exact_normalized,0.99
r/rubiori01,2022-23,5853659,Ricky Rubio,exact_normalized,0.99
k/knoxke01,2022-23,5845979,Kevin Knox II,exact_normalized,0.99
w/washipj01,2022-23,5808435,P.J. Washington,exact_normalized,0.99
k/kuminjo01,2022-23,5739860,Jonathan Kuminga,exact_normalized,0.99
c/connapa01,2022-23,5728393,Pat Connaughton,exact_normalized,0.99
h/herroty01,2022-23,5722116,Tyler Herro,exact_normalized,0.99
l/langfro01,2022-23,5634257,Romeo Langford,exact_normalized,0.99
h/hayeski01,2022-23,5572680,Killian Hayes,exact_normalized,0.99
d/daniedy01,2022-23,5508600,Dyson Daniels,exact_normalized,0.99
m/mcgeeja01,2022-23,5461219,JaVale McGee,exact_normalized,0.99
t/toppiob01,2022-23,5348280,Obi Toppin,exact_normalized,0.99
w/wagnefr01,2022-23,5258280,Franz Wagner,exact_normalized,0.99
n/nunnke01,2022-23,5250000,Kendrick Nunn,exact_normalized,0.99
d/diallha01,2022-23,5200000,Hamidou Diallo,exact_normalized,0.99
j/josepco01,2022-23,5155500,Cory Joseph,exact_normalized,0.99
c/craigto01,2022-23,5121951,Torrey Craig,exact_normalized,0.99
s/sochaje01,2022-23,5063520,Jeremy Sochan,exact_normalized,0.99
n/nwabada01,2022-23,5022000,David Nwaba,exact_normalized,0.99
a/alexani01,2022-23,5009633,Nickeil Alexander-Walker,exact_normalized,0.99
k/korkmfu01,2022-23,5000000,Furkan Korkmaz,exact_normalized,0.99
e/exumda01,2022-23,5000000,Dante Exum,exact_normalized,0.99
w/willilo02,2022-23,5000000,Lou Williams,exact_normalized,0.99
a/avdijde01,2022-23,4916160,Deni Avdija,exact_normalized,0.99
t/templga01,2022-23,4910000,Garrett Temple,exact_normalized,0.99
m/mitchda01,2022-23,4833600,Davion Mitchell,exact_normalized,0.99
s/smithis01,2022-23,4750000,Ish Smith,exact_normalized,0.99
s/smithja04,2022-23,4670160,Jalen Smith,exact_normalized,0.99
w/willizi02,2022-23,4591680,Ziaire Williams,exact_normalized,0.99
d/diengou01,2022-23,4569840,Ousmane Dieng,exact_normalized,0.99
h/harklma01,2022-23,4564980,Maurice Harkless,exact_normalized,0.99
d/divindo01,2022-23,4500000,Donte DiVincenzo,exact_normalized,0.99
g/greenje02,2022-23,4500000,Jeff Green,exact_normalized,0.99
v/vassede01,2022-23,4437000,Devin Vassell,exact_normalized,0.99
t/thybuma01,2022-23,4379527,Matisse Thybulle,exact_normalized,0.99
v/vandeja01,2022-23,4374000,Jarred Vanderbilt,exact_normalized,0.99
b/bouknja01,2022-23,4362240,James Bouknight,exact_normalized,0.99
c/clarkbr01,2022-23,4343920,Brandon Clarke,exact_normalized,0.99
w/willija06,2022-23,4341480,Jalen Williams,exact_normalized,0.99
w/willigr01,2022-23,4306281,Grant Williams,exact_normalized,0.99
b/bazleda01,2022-23,4264629,Darius Bazley,exact_normalized,0.99
h/halibty01,2022-23,4215120,Tyrese Haliburton,exact_normalized,0.99
l/littlna01,2022-23,4171548,Nassir Little,exact_normalized,0.99
p/primojo01,2022-23,4144320,Joshua Primo,exact_normalized,0.99
d/durenja01,2022-23,4124280,Jalen Duren,exact_normalized,0.99
h/houseda01,2022-23,4105000,Danuel House Jr.,exact_normalized,0.99
w/winslju01,2022-23,4097561,Justise Winslow,exact_normalized,0.99
w/windldy01,2022-23,4037278,Dylan Windler,exact_normalized,0.99
h/hutchch01,2022-23,4019459,Chandler Hutchison,exact_normalized,0.99
l/lewiski01,2022-23,4004280,Kira Lewis Jr.,exact_normalized,0.99
d/daviste02,2022-23,4000000,Terence Davis,exact_normalized,0.99
h/hillge01,2022-23,4000000,George Hill,exact_normalized,0.99
d/duartch01,2022-23,3936960,Chris Duarte,exact_normalized,0.99
a/agbajoc01,2022-23,3918360,Ochai Agbaji,exact_normalized,0.99
l/lenal01,2022-23,3918000,Alex Len,exact_normalized,0.99
p/poolejo01,2022-23,3901399,Jordan Poole,exact_normalized,0.99
j/johnske04,2022-23,3873025,Keldon Johnson,exact_normalized,0.99
n/nesmiaa01,2022-23,3804360,Aaron Nesmith,exact_normalized,0.99
w/willima07,2022-23,3722040,Mark Williams,exact_normalized,0.99
d/deckga01,2022-23,3676852,Gabriel Deck,exact_normalized,0.99
a/anthoco01,2022-23,3613680,Cole Anthony,exact_normalized,0.99
d/doumbse01,2022-23,3613680,Sekou Doumbouya,exact_normalized,0.99
m/moodymo01,2022-23,3562200,Moses Moody,exact_normalized,0.99
k/kispeco01,2022-23,3552960,Corey Kispert,exact_normalized,0.99
g/griffaj01,2022-23,3536160,AJ Griffin,exact_normalized,0.99
m/muscami01,2022-23,3500000,Mike Muscala,exact_normalized,0.99
n/niangge01,2022-23,3465000,Georges Niang,exact_normalized,0.99
o/okekech01,2022-23,3433320,Chuma Okeke,exact_normalized,0.99
s/stewais01,2022-23,3433320,Isaiah Stewart,exact_normalized,0.99
c/coffeam01,2022-23,3395062,Amir Coffey,exact_normalized,0.99
s/sengual01,2022-23,3375480,Alperen Sengun,exact_normalized,0.99
e/easonta01,2022-23,3309160,Tari Eason,exact_normalized,0.99
p/pokusal01,2022-23,3261480,Aleksej Pokusevski,exact_normalized,0.99
b/burketr01,2022-23,3243750,Trey Burke,exact_normalized,0.99
m/murphtr02,2022-23,3206640,Trey Murphy III,exact_normalized,0.99
f/fontesi01,2022-23,3205128,Simone Fontecchio,exact_normalized,0.99
j/jonesde02,2022-23,3200000,Derrick Jones Jr.,exact_normalized,0.99
d/drumman01,2022-23,3200000,Andre Drummond,exact_normalized,0.99
t/terryda01,2022-23,3191400,Dalen Terry,exact_normalized,0.99
l/loveke01,2022-23,3114138,Kevin Love,exact_normalized,0.99
g/greenjo02,2022-23,3098400,Josh Green,exact_normalized,0.99
l/laravja01,2022-23,3047640,Jake LaRavia,exact_normalized,0.99
m/manntr01,2022-23,3046200,Tre Mann,exact_normalized,0.99
n/nworajo01,2022-23,3000000,Jordan Nwora,exact_normalized,0.99
b/brownst02,2022-23,3000000,Sterling Brown,exact_normalized,0.99
s/samanlu01,2022-23,2959080,Luka Samanic,exact_normalized,0.99
b/beysa01,2022-23,2959080,Saddiq Bey,exact_normalized,0.99
b/branhma01,2022-23,2925600,Malaki Branham,exact_normalized,0.99
j/joneska01,2022-23,2909040,Kai Jones,exact_normalized,0.99
a/achiupr01,2022-23,2840160,Precious Achiuwa,exact_normalized,0.99
b/braunch01,2022-23,2808600,Christian Braun,exact_normalized,0.99
j/johnsja05,2022-23,2792640,Jalen Johnson,exact_normalized,0.99
m/maxeyty01,2022-23,2726880,Tyrese Maxey,exact_normalized,0.99
f/fernabr01,2022-23,2717391,Bruno Fernando,exact_normalized,0.99
l/lylestr01,2022-23,2700000,Trey Lyles,exact_normalized,0.99
k/kesslwa01,2022-23,2696400,Walker Kessler,exact_normalized,0.99
g/gasolma01,2022-23,2692991,Marc Gasol,exact_normalized,0.99
t/tollian01,2022-23,2692991,Anthony Tolliver,exact_normalized,0.99
j/johnske07,2022-23,2681040,Keon Johnson,exact_normalized,0.99
b/bassech01,2022-23,2600000,Charles Bassey,exact_normalized,0.99
r/roddyda01,2022-23,2588640,David Roddy,exact_normalized,0.99
j/jacksis01,2022-23,2573760,Isaiah Jackson,exact_normalized,0.99
n/nnajize01,2022-23,2498760,Zeke Nnaji,exact_normalized,0.99
b/beaucma01,2022-23,2485200,MarJon Beauchamp,exact_normalized,0.99
g/garubus01,2022-23,2471160,Usman Garuba,exact_normalized,0.99
h/harremo01,2022-23,2463490,Montrezl Harrell,exact_normalized,0.99
h/hernawi01,2022-23,2443581,Willy Hernangomez,exact_normalized,0.99
w/weslebl01,2022-23,2385480,Blake Wesley,exact_normalized,0.99
c/chrisjo01,2022-23,2372160,Josh Christopher,exact_normalized,0.99
b/bolmale01,2022-23,2353320,Leandro Bolmaro,exact_normalized,0.99
q/quickim01,2022-23,2316240,Immanuel Quickley,exact_normalized,0.99
m/moorewe01,2022-23,2306520,Wendell Moore Jr.,exact_normalized,0.99
k/konchjo01,2022-23,2300000,John Konchar,exact_normalized,0.99
j/jonesda03,2022-23,2298385,Damian Jones,exact_normalized,0.99
g/grimequ01,2022-23,2277000,Quentin Grimes,exact_normalized,0.99
n/nembhan01,2022-23,2244111,Andrew Nembhard,exact_normalized,0.99
j/jovicni01,2022-23,2239920,Nikola Jovic,exact_normalized,0.99
p/pritcpa01,2022-23,2239200,Payton Pritchard,exact_normalized,0.99
c/cancavl01,2022-23,2234359,Vlatko Cancar,exact_normalized,0.99
b/baldwpa01,2022-23,2226000,Patrick Baldwin Jr.,exact_normalized,0.99
w/washity02,2022-23,2210040,TyTy Washington Jr.,exact_normalized,0.99
h/hylanbo01,2022-23,2201520,Bones Hyland,exact_normalized,0.99
b/bolbo01,2022-23,2200000,Bol Bol,exact_normalized,0.99
w/watsope01,2022-23,2193960,Peyton Watson,exact_normalized,0.99
c/chrisma01,2022-23,2193920,Marquese Chriss,exact_normalized,0.99
s/stausni01,2022-23,2193920,Nik Stauskas,exact_normalized,0.99
a/azubuud01,2022-23,2174880,Udoka Azubuike,exact_normalized,0.99
m/mcdanja02,2022-23,2161440,Jaden McDaniels,exact_normalized,0.99
m/mclaujo01,2022-23,2160000,Jordan McLaughlin,exact_normalized,0.99
f/flynnma01,2022-23,2145720,Malachi Flynn,exact_normalized,0.99
t/thomaca02,2022-23,2138160,Cam Thomas,exact_normalized,0.99
k/kornelu01,2022-23,2133278,Luke Kornet,exact_normalized,0.99
b/banede01,2022-23,2130240,Desmond Bane,exact_normalized,0.99
o/okafoja01,2022-23,2130023,Jahlil Okafor,exact_normalized,0.99
s/sprinja01,2022-23,2125200,Jaden Springer,exact_normalized,0.99
s/sharpda01,2022-23,2109480,Day'Ron Sharpe,exact_normalized,0.99
c/carteje01,2022-23,2100000,Jevon Carter,exact_normalized,0.99
a/aldamsa01,2022-23,2094240,Santi Aldama,exact_normalized,0.99
n/ntilila01,2022-23,2036318,Frank Ntilikina,exact_normalized,0.99
b/bradlto01,2022-23,2036318,Tony Bradley,exact_normalized,0.99
w/willija07,2022-23,2000000,Jaylin Williams,exact_normalized,0.99
w/willike04,2022-23,2000000,Kenrich Williams,exact_normalized,0.99
n/naderab01,2022-23,2000000,Abdel Nader,exact_normalized,0.99
g/greenda02,2022-23,2000000,Danny Green,exact_normalized,0.99
h/houstca01,2022-23,2000000,Caleb Houstan,exact_normalized,0.99
r/robinje02,2022-23,2000000,Jeremiah Robinson-Earl,exact_normalized,0.99
m/mathega01,2022-23,2000000,Garrison Mathews,exact_normalized,0.99
m/miltosh01,2022-23,1977718,Shake Milton,exact_normalized,0.99
s/sumneed01,2022-23,1968175,Edmond Sumner,exact_normalized,0.99
p/portejo01,2022-23,1950000,Jontay Porter,exact_normalized,0.99
v/valende01,2022-23,1939350,Denzel Valentine,exact_normalized,0.99
m/mcdanja01,2022-23,1930681,Jalen McDaniels,exact_normalized,0.99
r/reidna01,2022-23,1930681,Naz Reid,exact_normalized,0.99
m/mannte01,2022-23,1930681,Terance Mann,exact_normalized,0.99
n/nowelja01,2022-23,1930681,Jaylen Nowell,exact_normalized,0.99
g/gaffoda01,2022-23,1930681,Daniel Gafford,exact_normalized,0.99
w/wadede01,2022-23,1930681,Dean Wade,exact_normalized,0.99
w/waterli01,2022-23,1927896,Lindy Waters III,exact_normalized,0.99
m/metuch01,2022-23,1910680,Chimezie Metu,exact_normalized,0.99
r/reedda01,2022-23,1902133,Davon Reed,exact_normalized,0.99
t/tilliki02,2022-23,1901625,Killian Tillie,exact_normalized,0.99
t/tillmxa01,2022-23,1901625,Xavier Tillman,exact_normalized,0.99
m/maledth01,2022-23,1900000,Theo Maledon,exact_normalized,0.99
g/gabriwe01,2022-23,1878720,Wenyen Gabriel,exact_normalized,0.99
w/wagnemo01,2022-23,1878720,Moritz Wagner,exact_normalized,0.99
b/bateske01,2022-23,1878720,Keita Bates-Diop,exact_normalized,0.99
a/antetth01,2022-23,1878720,Thanasis Antetokounmpo,exact_normalized,0.99
b/brissos01,2022-23,1846738,Oshae Brissett,exact_normalized,0.99
h/hernaju01,2022-23,1836090,Juancho Hernangomez,exact_normalized,0.99
g/gillan01,2022-23,1836090,Anthony Gill,exact_normalized,0.99
j/joeis01,2022-23,1836090,Isaiah Joe,exact_normalized,0.99
b/biyombi01,2022-23,1836090,Bismack Biyombo,exact_normalized,0.99
t/toscaju01,2022-23,1836090,Juan Toscano-Anderson,exact_normalized,0.99
d/dellama01,2022-23,1836090,Matthew Dellavedova,exact_normalized,0.99
l/lopezro01,2022-23,1836090,Robin Lopez,exact_normalized,0.99
o/okogijo01,2022-23,1836090,Josh Okogie,exact_normalized,0.99
e/eubandr01,2022-23,1836090,Drew Eubanks,exact_normalized,0.99
l/leeda03,2022-23,1836090,Damion Lee,exact_normalized,0.99
s/smithde03,2022-23,1836090,Dennis Smith Jr.,exact_normalized,0.99
s/schrode01,2022-23,1836090,Dennis Schroder,exact_normalized,0.99
j/jacksju01,2022-23,1836090,Justin Jackson,exact_normalized,0.99
f/forbebr01,2022-23,1836090,Bryn Forbes,exact_normalized,0.99
w/warretj01,2022-23,1836090,T.J. Warren,exact_normalized,0.99
r/riverau01,2022-23,1836090,Austin Rivers,exact_normalized,0.99
b/bryanth01,2022-23,1836090,Thomas Bryant,exact_normalized,0.99
h/hasleud01,2022-23,1836090,Udonis Haslem,exact_normalized,0.99
h/holidaa01,2022-23,1836090,Aaron Holiday,exact_normalized,0.99
k/kaminfr01,2022-23,1836090,Frank Kaminsky,exact_normalized,0.99
m/mcgruro01,2022-23,1836090,Rodney McGruder,exact_normalized,0.99
g/greenja01,2022-23,1836090,JaMychal Green,exact_normalized,0.99
i/iguodan01,2022-23,1836090,Andre Iguodala,exact_normalized,0.99
b/browntr01,2022-23,1836090,Troy Brown Jr.,exact_normalized,0.99
a/arcidry01,2022-23,1836090,Ryan Arcidiacono,exact_normalized,0.99
g/gibsota01,2022-23,1836090,Taj Gibson,exact_normalized,0.99
j/jordade01,2022-23,1836090,DeAndre Jordan,exact_normalized,0.99
p/pinsoth01,2022-23,1836090,Theo Pinson,exact_normalized,0.99
m/morrima02,2022-23,1836090,Markieff Morris,exact_normalized,0.99
n/netora01,2022-23,1836090,Raul Neto,exact_normalized,0.99
r/ryanma01,2022-23,1836090,Matt Ryan,exact_normalized,0.99
k/knighna01,2022-23,1836090,Nathan Knight,exact_normalized,0.99
m/mykhasv01,2022-23,1836090,Svi Mykhailiuk,exact_normalized,0.99
v/vonleno01,2022-23,1836090,Noah Vonleh,exact_normalized,0.99
g/griffbl01,2022-23,1836090,Blake Griffin,exact_normalized,0.99
m/matthwe02,2022-23,1836090,Wesley Matthews,exact_normalized,0.99
i/iwundwe01,2022-23,1824003,Wes Iwundu,exact_normalized,0.99
v/vincega01,2022-23,1815677,Gabe Vincent,exact_normalized,0.99
s/strusma01,2022-23,1815677,Max Strus,exact_normalized,0.99
g/greenja02,2022-23,1815677,Javonte Green,exact_normalized,0.99
m/morgaju01,2022-23,1815518,Juwan Morgan,exact_normalized,0.99
j/joneshe01,2022-23,1785000,Herbert Jones,exact_normalized,0.99
r/richani01,2022-23,1782621,Nick Richards,exact_normalized,0.99
s/stevela01,2022-23,1782621,Lamar Stevens,exact_normalized,0.99
c/careyve01,2022-23,1782621,Vernon Carey Jr.,exact_normalized,0.99
j/jonestr01,2022-23,1782621,Tre Jones,exact_normalized,0.99
o/okpalkz01,2022-23,1782621,KZ Okpala,exact_normalized,0.99
m/martike04,2022-23,1782621,KJ Martin,exact_normalized,0.99
r/reedpa01,2022-23,1782621,Paul Reed,exact_normalized,0.99
o/onimi01,2022-23,1782621,Miye Oni,exact_normalized,0.99
f/ferreyo01,2022-23,1782621,Yogi Ferrell,exact_normalized,0.99
s/smailal01,2022-23,1782621,Alen Smailagic,exact_normalized,0.99
m/marshna01,2022-23,1782621,Naji Marshall,exact_normalized,0.99
w/watanyu01,2022-23,1762796,Yuta Watanabe,exact_normalized,0.99
t/thomakh01,2022-23,1762796,Khyri Thomas,exact_normalized,0.99
y/yurtsom01,2022-23,1752638,Omer Yurtseven,exact_normalized,0.99
l/leesa01,2022-23,1752638,Saben Lee,exact_normalized,0.99
c/cannade01,2022-23,1752638,Devin Cannady,exact_normalized,0.99
v/vildolu01,2022-23,1752638,Luca Vildoza,exact_normalized,0.99
t/tuckera01,2022-23,1752638,Rayjon Tucker,exact_normalized,0.99
h/highsha01,2022-23,1752638,Haywood Highsmith,exact_normalized,0.99
f/fittsma01,2022-23,1752638,Malik Fitts,exact_normalized,0.99
w/watsopa01,2022-23,1701593,Paul Watson,exact_normalized,0.99
b/brownch02,2022-23,1701593,Charlie Brown Jr.,exact_normalized,0.99
m/martike03,2022-23,1701593,Kelan Martin,exact_normalized,0.99
k/kabenmf01,2022-23,1701593,Mfiondu Kabengele,exact_normalized,0.99
d/dekkesa01,2022-23,1669178,Sam Dekker,exact_normalized,0.99
b/brantja01,2022-23,1669178,Jarrell Brantley,exact_normalized,0.99
m/mooreet01,2022-23,1669178,E'Twaun Moore,exact_normalized,0.99
h/hillso01,2022-23,1669178,Solomon Hill,exact_normalized,0.99
a/arizatr01,2022-23,1669178,Trevor Ariza,exact_normalized,0.99
o/ojelese01,2022-23,1669178,Semi Ojeleye,exact_normalized,0.99
p/pangoke01,2022-23,1669178,Kevin Pangos,exact_normalized,0.99
p/parkeja01,2022-23,1669178,Jabari Parker,exact_normalized,0.99
k/kanteen01,2022-23,1669178,Enes Freedom,exact_normalized,0.99
s/simsje01,2022-23,1639842,Jericho Sims,exact_normalized,0.99
e/edwarke02,2022-23,1637966,Kessler Edwards,exact_normalized,0.99
q/queentr01,2022-23,1637966,Trevelin Queen,exact_normalized,0.99
t/toddis01,2022-23,1575000,Isaiah Todd,exact_normalized,0.99
t/thorjt01,2022-23,1563518,JT Thor,exact_normalized,0.99
b/butleja02,2022-23,1563518,Jared Butler,exact_normalized,0.99
l/liveris01,2022-23,1563518,Isaiah Livers,exact_normalized,0.99
p/prestja01,2022-23,1563518,Jason Preston,exact_normalized,0.99
w/wiggiaa01,2022-23,1563518,Aaron Wiggins,exact_normalized,0.99
m/mcbrimi01,2022-23,1563518,Miles McBride,exact_normalized,0.99
w/watfotr01,2022-23,1563518,Trendon Watford,exact_normalized,0.99
n/nixda01,2022-23,1563518,Daishen Nix,exact_normalized,0.99
r/reaveau01,2022-23,1563518,Austin Reaves,exact_normalized,0.99
b/bostobr01,2022-23,1563518,Brandon Boston,exact_normalized,0.99
l/landajo01,2022-23,1563518,Jock Landale,exact_normalized,0.99
b/browngr01,2022-23,1563518,Greg Brown III,exact_normalized,0.99
s/simonma01,2022-23,1563518,Marko Simonovic,exact_normalized,0.99
d/dosunay01,2022-23,1563518,Ayo Dosunmu,exact_normalized,0.99
t/taylote01,2022-23,1563518,Terry Taylor,exact_normalized,0.99
a/alvarjo01,2022-23,1563518,Jose Alvarado,exact_normalized,0.99
h/hausesa01,2022-23,1563518,Sam Hauser,exact_normalized,0.99
k/krejcvi01,2022-23,1563518,Vit Krejci,exact_normalized,0.99
b/bantoda01,2022-23,1563318,Dalano Banton,exact_normalized,0.99
r/ramseja01,2022-23,1517981,Jahmi'us Ramsey,exact_normalized,0.99
o/oturuda01,2022-23,1517981,Daniel Oturu,exact_normalized,0.99
h/homesca01,2022-23,1517981,Caleb Homesley,exact_normalized,0.99
d/diakima01,2022-23,1517981,Mamadi Diakite,exact_normalized,0.99
b/bryanel01,2022-23,1517981,Elijah Bryant,exact_normalized,0.99
s/sirvyde01,2022-23,1517981,Deividas Sirvydis,exact_normalized,0.99
k/kolokch01,2022-23,1500000,Christian Koloko,exact_normalized,0.99
j/jonesty01,2022-23,1500000,Tyus Jones,exact_normalized,0.99
j/johnsal02,2022-23,1392896,Alize Johnson,exact_normalized,0.99
w/walkeke02,2022-23,1392896,Kemba Walker,exact_normalized,0.99
j/johnsst04,2022-23,1245164,Stanley Johnson,exact_normalized,0.99
c/chandke01,2022-23,1200000,Kennedy Chandler,exact_normalized,0.99
m/mckinal01,2022-23,1090007,Alfonzo McKinnie,exact_normalized,0.99
m/mcgowbr01,2022-23,1075000,Bryce McGowens,exact_normalized,0.99
m/monekch01,2022-23,1017781,Chima Moneke,exact_normalized,0.99
w/walkeja01,2022-23,1017781,Jabari Walker,exact_normalized,0.99
m/minotjo01,2022-23,1017781,Josh Minott,exact_normalized,0.99
m/martity01,2022-23,1017781,Tyrese Martin,exact_normalized,0.99
r/rolliry01,2022-23,1017781,Ryan Rollins,exact_normalized,0.99
c/chrisma02,2022-23,1017781,Max Christie,exact_normalized,0.99
h/hardyja02,2022-23,1017781,Jaden Hardy,exact_normalized,0.99
l/loftoke01,2022-23,1000000,Kenneth Lofton Jr.,exact_normalized,0.99
g/garzalu01,2022-23,925258,Luka Garza,exact_normalized,0.99
g/goodwjo01,2022-23,900000,Jordan Goodwin,exact_normalized,0.99
m/merrisa01,2022-23,850000,Sam Merrill,exact_normalized,0.99
d/dunnkr01,2022-23,735819,Kris Dunn,exact_normalized,0.99
c/cartemi01,2022-23,652829,Michael Carter-Williams,exact_normalized,0.99
d/dienggo01,2022-23,622582,Gorgui Dieng,exact_normalized,0.99
b/bitadgo01,2022-23,612181,Goga Bitadze,exact_normalized,0.99
m/marjabo01,2022-23,601478,Boban Marjanovic,exact_normalized,0.99
j/johnsja01,2022-23,590926,James Johnson,exact_normalized,0.99
r/rosste01,2022-23,580373,Terrence Ross,exact_normalized,0.99
d/dedmode01,2022-23,580373,Dewayne Dedmon,exact_normalized,0.99
j/jacksre01,2022-23,580373,Reggie Jackson,exact_normalized,0.99
h/holidju01,2022-23,569821,Justin Holiday,exact_normalized,0.99
s/sykeske01,2022-23,558345,Keifer Sykes,exact_normalized,0.99
o/omorueu01,2022-23,555402,Eugene Omoruyi,exact_normalized,0.99
w/wieskjo01,2022-23,554989,Joe Wieskamp,exact_normalized,0.99
d/doziepj01,2022-23,539450,PJ Dozier,exact_normalized,0.99
b/bembrde01,2022-23,518021,DeAndre' Bembry,exact_normalized,0.99
z/zelleco01,2022-23,517060,Cody Zeller,exact_normalized,0.99
s/schofad01,2022-23,516508,Admiral Schofield,exact_normalized,0.99
w/westbru01,2022-23,495955,Russell Westbrook,exact_normalized,0.99
h/hamptrj01,2022-23,485403,R.J. Hampton,exact_normalized,0.99
w/wainris01,2022-23,474851,Ish Wainright,exact_normalized,0.99
b/bartowi01,2022-23,432642,Will Barton,exact_normalized,0.99
r/robyis01,2022-23,400000,Isaiah Roby,exact_normalized,0.99
d/dragigo01,2022-23,390433,Goran Dragic,exact_normalized,0.99
m/mamuksa01,2022-23,357717,Sandro Mamukelashvili,exact_normalized,0.99
b/beverpa01,2022-23,357717,Patrick Beverley,exact_normalized,0.99
j/jonesca03,2022-23,357717,Carlik Jones,exact_normalized,0.99
j/jeffrda01,2022-23,300000,DaQuan Jeffries,exact_normalized,0.99
l/leoname01,2022-23,284911,Meyers Leonard,exact_normalized,0.99
a/augusdj01,2022-23,189940,D.J. Augustin,exact_normalized,0.99
c/cooksxa01,2022-23,140384,Xavier Cooks,exact_normalized,0.99
s/simmoko01,2022-23,32795,Kobi Simmons,exact_normalized,0.99
c/champju01,2022-23,28241,Justin Champagnie,exact_normalized,0.99
d/dukeda01,2022-23,28241,David Duke Jr.,exact_normalized,0.99
b/brownmo01,2022-23,19186,Moses Brown,exact_normalized,0.99
h/harrish01,2022-23,12260,Shaquille Harrison,exact_normalized,0.99
c/caulewi01,2022-23,10552,Willie Cauley-Stein,exact_normalized,0.99
t/thomptr01,2022-23,10552,Tristan Thompson,exact_normalized,0.99
s/sneedxa01,2022-23,8558,Xavier Sneed,exact_normalized,0.99
c/curryst01,2023-24,51915615,Stephen Curry,exact_normalized,0.99
d/duranke01,2023-24,47649433,Kevin Durant,exact_normalized,0.99
j/jamesle01,2023-24,47607350,LeBron James,exact_normalized,0.99
j/jokicni01,2023-24,47607350,Nikola Jokic,exact_normalized,0.99
e/embiijo01,2023-24,46900000,Joel Embiid,exact_normalized,0.99
b/bealbr01,2023-24,46741590,Bradley Beal,exact_normalized,0.99
a/antetgi01,2023-24,45640084,Giannis Antetokounmpo,exact_normalized,0.99
l/lillada01,2023-24,45640084,Damian Lillard,exact_normalized,0.99
l/leonaka01,2023-24,45640084,Kawhi Leonard,exact_normalized,0.99
g/georgpa01,2023-24,45640084,Paul George,exact_normalized,0.99
b/butleji01,2023-24,45183960,Jimmy Butler III,exact_normalized,0.99
t/thompkl01,2023-24,43219440,Klay Thompson,exact_normalized,0.99
g/goberru01,2023-24,41000000,Rudy Gobert,exact_normalized,0.99
v/vanvlfr01,2023-24,40806300,Fred VanVleet,exact_normalized,0.99
d/davisan02,2023-24,40600080,Anthony Davis,exact_normalized,0.99
d/doncilu01,2023-24,40064220,Luka Doncic,exact_normalized,0.99
l/lavinza01,2023-24,40064220,Zach LaVine,exact_normalized,0.99
y/youngtr01,2023-24,40064220,Trae Young,exact_normalized,0.99
h/harrito02,2023-24,39270150,Tobias Harris,exact_normalized,0.99
s/simmobe01,2023-24,37893408,Ben Simmons,exact_normalized,0.99
s/siakapa01,2023-24,37893408,Pascal Siakam,exact_normalized,0.99
i/irvinky01,2023-24,37037037,Kyrie Irving,exact_normalized,0.99
h/holidjr01,2023-24,36861707,Jrue Holiday,exact_normalized,0.99
b/bookede01,2023-24,36016200,Devin Booker,exact_normalized,0.99
t/townska01,2023-24,36016200,Karl-Anthony Towns,exact_normalized,0.99
p/porzikr01,2023-24,36016200,Kristaps Porzingis,exact_normalized,0.99
m/mccolcj01,2023-24,35802469,CJ McCollum,exact_normalized,0.99
h/hardeja01,2023-24,35640000,James Harden,exact_normalized,0.99
m/moranja01,2023-24,34005250,Ja Morant,exact_normalized,0.99
g/garlada01,2023-24,34005250,Darius Garland,exact_normalized,0.99
w/willizi01,2023-24,34005250,Zion Williamson,exact_normalized,0.99
m/murraja01,2023-24,33833400,Jamal Murray,exact_normalized,0.99
i/ingrabr01,2023-24,33833400,Brandon Ingram,exact_normalized,0.99
g/gilgesh01,2023-24,33386850,Shai Gilgeous-Alexander,exact_normalized,0.99
p/portemi01,2023-24,33386850,Michael Porter Jr.,exact_normalized,0.99
m/mitchdo01,2023-24,33162030,Donovan Mitchell,exact_normalized,0.99
f/foxde01,2023-24,32600060,De'Aaron Fox,exact_normalized,0.99
a/adebaba01,2023-24,32600060,Bam Adebayo,exact_normalized,0.99
t/tatumja01,2023-24,32600060,Jayson Tatum,exact_normalized,0.99
a/aytonde01,2023-24,32459438,Deandre Ayton,exact_normalized,0.99
b/brownja02,2023-24,31830357,Jaylen Brown,exact_normalized,0.99
h/haywago01,2023-24,31500000,Gordon Hayward,exact_normalized,0.99
p/paulch01,2023-24,30800000,Chris Paul,exact_normalized,0.99
s/sabondo01,2023-24,30600000,Domantas Sabonis,exact_normalized,0.99
m/middlkh01,2023-24,29320988,Khris Middleton,exact_normalized,0.99
d/derozde01,2023-24,28600000,DeMar DeRozan,exact_normalized,0.99
r/randlju01,2023-24,28226880,Julius Randle,exact_normalized,0.99
p/poolejo01,2023-24,27955357,Jordan Poole,exact_normalized,0.99
g/grantje01,2023-24,27586207,Jerami Grant,exact_normalized,0.99
h/herroty01,2023-24,27000000,Tyler Herro,exact_normalized,0.99
b/brunsja01,2023-24,26346666,Jalen Brunson,exact_normalized,0.99
j/johnsca02,2023-24,25679348,Cameron Johnson,exact_normalized,0.99
k/kuzmaky01,2023-24,25568182,Kyle Kuzma,exact_normalized,0.99
c/collijo01,2023-24,25340000,John Collins,exact_normalized,0.99
l/lopezbr01,2023-24,25000000,Brook Lopez,exact_normalized,0.99
c/conlemi01,2023-24,24360000,Mike Conley,exact_normalized,0.99
w/wiggian01,2023-24,24330357,Andrew Wiggins,exact_normalized,0.99
s/simonan01,2023-24,24107143,Anfernee Simons,exact_normalized,0.99
b/barrerj01,2023-24,23883929,RJ Barrett,exact_normalized,0.99
c/clarkjo01,2023-24,23487629,Jordan Clarkson,exact_normalized,0.99
b/brookdi01,2023-24,22627671,Dillon Brooks,exact_normalized,0.99
b/brogdma01,2023-24,22500000,Malcolm Brogdon,exact_normalized,0.99
g/greendr01,2023-24,22321429,Draymond Green,exact_normalized,0.99
g/gordoaa01,2023-24,22266182,Aaron Gordon,exact_normalized,0.99
r/roziete01,2023-24,22205221,Terry Rozier,exact_normalized,0.99
b/brownbr01,2023-24,22000000,Bruce Brown,exact_normalized,0.99
b/bridgmi01,2023-24,21700000,Mikal Bridges,exact_normalized,0.99
t/turnemy01,2023-24,20975000,Myles Turner,exact_normalized,0.99
c/capelca01,2023-24,20616000,Clint Capela,exact_normalized,0.99
b/balllo01,2023-24,20465117,Lonzo Ball,exact_normalized,0.99
h/huntede01,2023-24,20089286,De'Andre Hunter,exact_normalized,0.99
j/johnske04,2023-24,20000000,Keldon Johnson,exact_normalized,0.99
b/bogdabo02,2023-24,20000000,Bojan Bogdanovic,exact_normalized,0.99
a/allenja01,2023-24,20000000,Jarrett Allen,exact_normalized,0.99
h/harrijo01,2023-24,19928571,Joe Harris,exact_normalized,0.99
p/poeltja01,2023-24,19500000,Jakob Poeltl,exact_normalized,0.99
h/hieldbu01,2023-24,19279841,Buddy Hield,exact_normalized,0.99
f/fournev01,2023-24,18857143,Evan Fournier,exact_normalized,0.99
s/smartma01,2023-24,18833712,Marcus Smart,exact_normalized,0.99
b/bogdabo01,2023-24,18700000,Bogdan Bogdanovic,exact_normalized,0.99
a/anunoog01,2023-24,18642857,OG Anunoby,exact_normalized,0.99
v/vucevni01,2023-24,18518519,Nikola Vucevic,exact_normalized,0.99
w/whitede01,2023-24,18357143,Derrick White,exact_normalized,0.99
m/murrade01,2023-24,18214000,Dejounte Murray,exact_normalized,0.99
r/robindu01,2023-24,18154000,Duncan Robinson,exact_normalized,0.99
p/powelno01,2023-24,18000000,Norman Powell,exact_normalized,0.99
i/isaacjo01,2023-24,17400000,Jonathan Isaac,exact_normalized,0.99
s/sextoco01,2023-24,17325000,Collin Sexton,exact_normalized,0.99
r/russeda01,2023-24,17307693,D'Angelo Russell,exact_normalized,0.99
m/markkla01,2023-24,17259999,Lauri Markkanen,exact_normalized,0.99
m/morrima03,2023-24,17116279,Marcus Morris Sr.,exact_normalized,0.99
b/bertada01,2023-24,17000000,Davis Bertans,exact_normalized,0.99
b/barneha02,2023-24,17000000,Harrison Barnes,exact_normalized,0.99
f/fultzma01,2023-24,17000000,Markelle Fultz,exact_normalized,0.99
n/nurkiju01,2023-24,16875000,Jusuf Nurkic,exact_normalized,0.99
w/washipj01,2023-24,16847826,P.J. Washington,exact_normalized,0.99
h/hachiru01,2023-24,15740741,Rui Hachimura,exact_normalized,0.99
r/robinmi01,2023-24,15681818,Mitchell Robinson,exact_normalized,0.99
h/huertke01,2023-24,15669643,Kevin Huerter,exact_normalized,0.99
v/valanjo01,2023-24,15435000,Jonas Valanciunas,exact_normalized,0.99
k/kennalu01,2023-24,15418363,Luke Kennard,exact_normalized,0.99
l/leverca01,2023-24,15384616,Caris LeVert,exact_normalized,0.99
d/dortlu01,2023-24,15277778,Luguentz Dort,exact_normalized,0.99
c/caldwke01,2023-24,14704938,Kentavious Caldwell-Pope,exact_normalized,0.99
s/strusma01,2023-24,14487684,Max Strus,exact_normalized,0.99
j/jonesty01,2023-24,14000000,Tyus Jones,exact_normalized,0.99
f/finnedo01,2023-24,13932008,Dorian Finney-Smith,exact_normalized,0.99
m/mcderdo01,2023-24,13750000,Doug McDermott,exact_normalized,0.99
c/cartewe01,2023-24,13050000,Wendell Carter Jr.,exact_normalized,0.99
h/harriga01,2023-24,13000000,Gary Harris,exact_normalized,0.99
h/hartjo01,2023-24,12960000,Josh Hart,exact_normalized,0.99
r/reidna01,2023-24,12950400,Naz Reid,exact_normalized,0.99
a/adamsst01,2023-24,12600000,Steven Adams,exact_normalized,0.99
c/clarkbr01,2023-24,12500000,Brandon Clarke,exact_normalized,0.99
b/baglema01,2023-24,12500000,Marvin Bagley III,exact_normalized,0.99
s/schrode01,2023-24,12405000,Dennis Schroder,exact_normalized,0.99
g/gaffoda01,2023-24,12402000,Daniel Gafford,exact_normalized,0.99
w/willigr01,2023-24,12325581,Grant Williams,exact_normalized,0.99
o/olynyke01,2023-24,12195122,Kelly Olynyk,exact_normalized,0.99
w/wembavi01,2023-24,12160680,Victor Wembanyama,exact_normalized,0.99
w/wisemja01,2023-24,12119400,James Wiseman,exact_normalized,0.99
g/grahade01,2023-24,12100000,Devonte' Graham,exact_normalized,0.99
h/holmeri01,2023-24,12046020,Richaun Holmes,exact_normalized,0.99
r/reaveau01,2023-24,12015150,Austin Reaves,exact_normalized,0.99
j/joneshe01,2023-24,12015150,Herbert Jones,exact_normalized,0.99
b/bouchch01,2023-24,11750000,Chris Boucher,exact_normalized,0.99
b/batumni01,2023-24,11710818,Nicolas Batum,exact_normalized,0.99
p/portibo01,2023-24,11710818,Bobby Portis,exact_normalized,0.99
c/covinro01,2023-24,11692308,Robert Covington,exact_normalized,0.99
b/banchpa01,2023-24,11608080,Paolo Banchero,exact_normalized,0.99
w/williro04,2023-24,11571429,Robert Williams III,exact_normalized,0.99
w/whiteco01,2023-24,11111111,Coby White,exact_normalized,0.99
c/cunnica01,2023-24,11055240,Cade Cunningham,exact_normalized,0.99
h/hortota01,2023-24,11020000,Talen Horton-Tucker,exact_normalized,0.99
t/tuckepj01,2023-24,11014500,P.J. Tucker,exact_normalized,0.99
i/inglejo01,2023-24,11000000,Joe Ingles,exact_normalized,0.99
k/klebima01,2023-24,11000000,Maxi Kleber,exact_normalized,0.99
d/divindo01,2023-24,10960000,Donte DiVincenzo,exact_normalized,0.99
z/zubaciv01,2023-24,10933333,Ivica Zubac,exact_normalized,0.99
b/ballla01,2023-24,10900635,LaMelo Ball,exact_normalized,0.99
m/millebr02,2023-24,10880400,Brandon Miller,exact_normalized,0.99
m/mannte01,2023-24,10576923,Terance Mann,exact_normalized,0.99
t/thybuma01,2023-24,10500000,Matisse Thybulle,exact_normalized,0.99
v/vincega01,2023-24,10500000,Gabe Vincent,exact_normalized,0.99
b/burksal01,2023-24,10489600,Alec Burks,exact_normalized,0.99
h/holmgch01,2023-24,10386000,Chet Holmgren,exact_normalized,0.99
s/shamela01,2023-24,10250000,Landry Shamet,exact_normalized,0.99
h/horfoal01,2023-24,10000000,Al Horford,exact_normalized,0.99
m/monkma01,2023-24,9945830,Malik Monk,exact_normalized,0.99
j/jonestr01,2023-24,9895833,Tre Jones,exact_normalized,0.99
g/greenja05,2023-24,9891480,Jalen Green,exact_normalized,0.99
w/willipa01,2023-24,9835881,Patrick Williams,exact_normalized,0.99
m/morrimo01,2023-24,9800926,Monte Morris,exact_normalized,0.99
h/hendesc01,2023-24,9770880,Scoot Henderson,exact_normalized,0.99
c/claxtni01,2023-24,9625000,Nic Claxton,exact_normalized,0.99
g/greenje02,2023-24,9600000,Jeff Green,exact_normalized,0.99
o/onealro01,2023-24,9500000,Royce O'Neale,exact_normalized,0.99
c/carusal01,2023-24,9460000,Alex Caruso,exact_normalized,0.99
o/oladivi01,2023-24,9450000,Victor Oladipo,exact_normalized,0.99
c/connapa01,2023-24,9423869,Pat Connaughton,exact_normalized,0.99
h/harteis01,2023-24,9245121,Isaiah Hartenstein,exact_normalized,0.99
e/edwaran01,2023-24,9219512,Anthony Edwards,exact_normalized,0.99
a/anderky01,2023-24,9219512,Kyle Anderson,exact_normalized,0.99
a/allengr01,2023-24,8925000,Grayson Allen,exact_normalized,0.99
o/okorois01,2023-24,8920795,Isaac Okoro,exact_normalized,0.99
m/mobleev01,2023-24,8882760,Evan Mobley,exact_normalized,0.99
t/thompam01,2023-24,8809320,Amen Thompson,exact_normalized,0.99
n/niangge01,2023-24,8800000,Georges Niang,exact_normalized,0.99
m/mccontj01,2023-24,8700000,T.J. McConnell,exact_normalized,0.99
m/murrake02,2023-24,8409000,Keegan Murray,exact_normalized,0.99
o/okongon01,2023-24,8109063,Onyeka Okongwu,exact_normalized,0.99
b/barnesc01,2023-24,8008560,Scottie Barnes,exact_normalized,0.99
l/lylestr01,2023-24,8000000,Trey Lyles,exact_normalized,0.99
m/meltode01,2023-24,8000000,De'Anthony Melton,exact_normalized,0.99
w/wagnemo01,2023-24,8000000,Moritz Wagner,exact_normalized,0.99
l/landajo01,2023-24,8000000,Jock Landale,exact_normalized,0.99
t/thompau01,2023-24,7977480,Ausar Thompson,exact_normalized,0.99
b/bridgmi02,2023-24,7921301,Miles Bridges,exact_normalized,0.99
m/micicva01,2023-24,7723000,Vasilije Micic,exact_normalized,0.99
r/reedpa01,2023-24,7723000,Paul Reed,exact_normalized,0.99
c/colliza01,2023-24,7700000,Zach Collins,exact_normalized,0.99
i/iveyja01,2023-24,7641480,Jaden Ivey,exact_normalized,0.99
m/martico01,2023-24,7560000,Cody Martin,exact_normalized,0.99
l/looneke01,2023-24,7500000,Kevon Looney,exact_normalized,0.99
p/princta02,2023-24,7455000,Taurean Prince,exact_normalized,0.99
h/hayeski01,2023-24,7413955,Killian Hayes,exact_normalized,0.99
s/suggsja01,2023-24,7252080,Jalen Suggs,exact_normalized,0.99
b/blackan01,2023-24,7245480,Anthony Black,exact_normalized,0.99
b/birchkh01,2023-24,6985000,Khem Birch,exact_normalized,0.99
m/mathube01,2023-24,6916080,Bennedict Mathurin,exact_normalized,0.99
t/toppiob01,2023-24,6803012,Obi Toppin,exact_normalized,0.99
m/martica02,2023-24,6802950,Caleb Martin,exact_normalized,0.99
o/osmande01,2023-24,6718842,Cedi Osman,exact_normalized,0.99
c/coulibi01,2023-24,6614280,Bilal Coulibaly,exact_normalized,0.99
g/giddejo01,2023-24,6587040,Josh Giddey,exact_normalized,0.99
p/payneca01,2023-24,6500000,Cameron Payne,exact_normalized,0.99
t/tateja01,2023-24,6500000,Jae'Sean Tate,exact_normalized,0.99
d/dosunay01,2023-24,6481481,Ayo Dosunmu,exact_normalized,0.99
g/gayru01,2023-24,6479000,Rudy Gay,exact_normalized,0.99
v/vezenal01,2023-24,6341464,Sasha Vezenkov,exact_normalized,0.99
s/sharpsh01,2023-24,6313800,Shaedon Sharpe,exact_normalized,0.99
p/porteot01,2023-24,6300000,Otto Porter Jr.,exact_normalized,0.99
a/avdijde01,2023-24,6263188,Deni Avdija,exact_normalized,0.99
l/littlna01,2023-24,6250000,Nassir Little,exact_normalized,0.99
c/carteje01,2023-24,6190476,Jevon Carter,exact_normalized,0.99
w/willike04,2023-24,6175000,Kenrich Williams,exact_normalized,0.99
r/rubiori01,2023-24,6146342,Ricky Rubio,exact_normalized,0.99
w/walkeja02,2023-24,6059520,Jarace Walker,exact_normalized,0.99
k/kuminjo01,2023-24,6012840,Jonathan Kuminga,exact_normalized,0.99
v/vassede01,2023-24,5887899,Devin Vassell,exact_normalized,0.99
h/halibty01,2023-24,5808435,Tyrese Haliburton,exact_normalized,0.99
d/daniedy01,2023-24,5784120,Dyson Daniels,exact_normalized,0.99
l/lewiski01,2023-24,5722116,Kira Lewis Jr.,exact_normalized,0.99
w/wadede01,2023-24,5709877,Dean Wade,exact_normalized,0.99
n/nesmiaa01,2023-24,5634257,Aaron Nesmith,exact_normalized,0.99
s/smithja04,2023-24,5604192,Jalen Smith,exact_normalized,0.99
h/hendrta01,2023-24,5569920,Taylor Hendricks,exact_normalized,0.99
a/anthoco01,2023-24,5539771,Cole Anthony,exact_normalized,0.99
w/wagnefr01,2023-24,5508720,Franz Wagner,exact_normalized,0.99
t/templga01,2023-24,5401000,Garrett Temple,exact_normalized,0.99
k/korkmfu01,2023-24,5370370,Furkan Korkmaz,exact_normalized,0.99
s/sochaje01,2023-24,5316960,Jeremy Sochan,exact_normalized,0.99
w/wallaca01,2023-24,5291000,Cason Wallace,exact_normalized,0.99
o/okekech01,2023-24,5266713,Chuma Okeke,exact_normalized,0.99
s/stewais01,2023-24,5266713,Isaiah Stewart,exact_normalized,0.99
m/mitchda01,2023-24,5063760,Davion Mitchell,exact_normalized,0.99
h/howarje01,2023-24,5026800,Jett Howard,exact_normalized,0.99
r/richani01,2023-24,5000000,Nick Richards,exact_normalized,0.99
j/jacksre01,2023-24,5000000,Reggie Jackson,exact_normalized,0.99
p/plumlma01,2023-24,5000000,Mason Plumlee,exact_normalized,0.99
w/willizi02,2023-24,4810200,Ziaire Williams,exact_normalized,0.99
d/diengou01,2023-24,4798440,Ousmane Dieng,exact_normalized,0.99
l/livelde01,2023-24,4775640,Dereck Lively II,exact_normalized,0.99
g/greenjo02,2023-24,4765339,Josh Green,exact_normalized,0.99
v/vandeja01,2023-24,4698000,Jarred Vanderbilt,exact_normalized,0.99
a/alexani01,2023-24,4687500,Nickeil Alexander-Walker,exact_normalized,0.99
b/bouknja01,2023-24,4570080,James Bouknight,exact_normalized,0.99
w/willija06,2023-24,4558680,Jalen Williams,exact_normalized,0.99
b/beysa01,2023-24,4556983,Saddiq Bey,exact_normalized,0.99
d/dickgr01,2023-24,4536720,Gradey Dick,exact_normalized,0.99
m/mcdanja01,2023-24,4516000,Jalen McDaniels,exact_normalized,0.99
a/achiupr01,2023-24,4379527,Precious Achiuwa,exact_normalized,0.99
m/maxeyty01,2023-24,4343920,Tyrese Maxey,exact_normalized,0.99
d/durenja01,2023-24,4330680,Jalen Duren,exact_normalized,0.99
h/houseda01,2023-24,4310250,Danuel House Jr.,exact_normalized,0.99
h/hawkijo01,2023-24,4310160,Jordan Hawkins,exact_normalized,0.99
n/nnajize01,2023-24,4306281,Zeke Nnaji,exact_normalized,0.99
q/quickim01,2023-24,4171548,Immanuel Quickley,exact_normalized,0.99
d/duartch01,2023-24,4124400,Chris Duarte,exact_normalized,0.99
a/agbajoc01,2023-24,4114200,Ochai Agbaji,exact_normalized,0.99
b/bufkiko01,2023-24,4094280,Kobe Bufkin,exact_normalized,0.99
p/pritcpa01,2023-24,4037278,Payton Pritchard,exact_normalized,0.99
c/curryse01,2023-24,4000000,Seth Curry,exact_normalized,0.99
b/browntr01,2023-24,4000000,Troy Brown Jr.,exact_normalized,0.99
p/poweldw01,2023-24,4000000,Dwight Powell,exact_normalized,0.99
m/moodymo01,2023-24,3918480,Moses Moody,exact_normalized,0.99
w/willima07,2023-24,3908160,Mark Williams,exact_normalized,0.99
m/mcdanja02,2023-24,3901399,Jaden McDaniels,exact_normalized,0.99
g/georgke01,2023-24,3889800,Keyonte George,exact_normalized,0.99
f/flynnma01,2023-24,3873025,Malachi Flynn,exact_normalized,0.99
b/banede01,2023-24,3845083,Desmond Bane,exact_normalized,0.99
l/loveke01,2023-24,3835738,Kevin Love,exact_normalized,0.99
w/westbru01,2023-24,3835738,Russell Westbrook,exact_normalized,0.99
k/kispeco01,2023-24,3722040,Corey Kispert,exact_normalized,0.99
g/griffaj01,2023-24,3712920,AJ Griffin,exact_normalized,0.99
h/hoodsja01,2023-24,3695040,Jalen Hood-Schifino,exact_normalized,0.99
c/coffeam01,2023-24,3666667,Amir Coffey,exact_normalized,0.99
s/sengual01,2023-24,3536280,Alperen Sengun,exact_normalized,0.99
e/easonta01,2023-24,3527160,Tari Eason,exact_normalized,0.99
j/jaqueja01,2023-24,3510600,Jaime Jaquez Jr.,exact_normalized,0.99
m/muscami01,2023-24,3500000,Mike Muscala,exact_normalized,0.99
d/drumman01,2023-24,3360000,Andre Drummond,exact_normalized,0.99
m/murphtr02,2023-24,3359280,Trey Murphy III,exact_normalized,0.99
p/podzibr01,2023-24,3352440,Brandin Podziemski,exact_normalized,0.99
t/terryda01,2023-24,3350760,Dalen Terry,exact_normalized,0.99
w/whitmca01,2023-24,3218160,Cam Whitmore,exact_normalized,0.99
l/laravja01,2023-24,3199920,Jake LaRavia,exact_normalized,0.99
r/rosede01,2023-24,3196448,Derrick Rose,exact_normalized,0.99
g/gordoer01,2023-24,3196448,Eric Gordon,exact_normalized,0.99
m/manntr01,2023-24,3191280,Tre Mann,exact_normalized,0.99
c/clownno01,2023-24,3089520,Noah Clowney,exact_normalized,0.99
b/branhma01,2023-24,3071880,Malaki Branham,exact_normalized,0.99
f/fontesi01,2023-24,3044872,Simone Fontecchio,exact_normalized,0.99
n/nworajo01,2023-24,3000000,Jordan Nwora,exact_normalized,0.99
c/champju02,2023-24,3000000,Julian Champagnie,exact_normalized,0.99
e/exumda01,2023-24,3000000,Dante Exum,exact_normalized,0.99
w/whiteda01,2023-24,2966040,Dariq Whitehead,exact_normalized,0.99
b/braunch01,2023-24,2949120,Christian Braun,exact_normalized,0.99
j/johnsja05,2023-24,2925360,Jalen Johnson,exact_normalized,0.99
r/richajo01,2023-24,2891467,Josh Richardson,exact_normalized,0.99
m/murrakr01,2023-24,2847480,Kris Murray,exact_normalized,0.99
k/kesslwa01,2023-24,2831160,Walker Kessler,exact_normalized,0.99
o/okogijo01,2023-24,2815937,Josh Okogie,exact_normalized,0.99
j/johnske07,2023-24,2808720,Keon Johnson,exact_normalized,0.99
y/yurtsom01,2023-24,2800000,Omer Yurtseven,exact_normalized,0.99
l/lowryky01,2023-24,2795839,Kyle Lowry,exact_normalized,0.99
p/prospol01,2023-24,2733360,Olivier-Maxence Prosper,exact_normalized,0.99
r/roddyda01,2023-24,2718240,David Roddy,exact_normalized,0.99
w/woodch01,2023-24,2709849,Christian Wood,exact_normalized,0.99
j/jacksis01,2023-24,2696280,Isaiah Jackson,exact_normalized,0.99
s/sassema01,2023-24,2623680,Marcus Sasser,exact_normalized,0.99
b/beaucma01,2023-24,2609400,MarJon Beauchamp,exact_normalized,0.99
b/bassech01,2023-24,2600000,Charles Bassey,exact_normalized,0.99
d/dunnkr01,2023-24,2586665,Kris Dunn,exact_normalized,0.99
j/jonesda03,2023-24,2586665,Damian Jones,exact_normalized,0.99
f/fernabr01,2023-24,2581522,Bruno Fernando,exact_normalized,0.99
h/hernawi01,2023-24,2559942,Willy Hernangomez,exact_normalized,0.99
s/sheppbe01,2023-24,2537160,Ben Sheppard,exact_normalized,0.99
l/leeda03,2023-24,2528233,Damion Lee,exact_normalized,0.99
b/bryanth01,2023-24,2528233,Thomas Bryant,exact_normalized,0.99
c/craigto01,2023-24,2528233,Torrey Craig,exact_normalized,0.99
w/weslebl01,2023-24,2504640,Blake Wesley,exact_normalized,0.99
c/chrisjo01,2023-24,2485200,Josh Christopher,exact_normalized,0.99
s/smithni01,2023-24,2463960,Nick Smith Jr.,exact_normalized,0.99
s/sensabr01,2023-24,2448600,Brice Sensabaugh,exact_normalized,0.99
j/jeromty01,2023-24,2439025,Ty Jerome,exact_normalized,0.99
s/strawju01,2023-24,2431080,Julian Strawther,exact_normalized,0.99
m/moorewe01,2023-24,2421720,Wendell Moore Jr.,exact_normalized,0.99
b/brownko01,2023-24,2413320,Kobe Brown,exact_normalized,0.99
d/doziepj01,2023-24,2413304,PJ Dozier,exact_normalized,0.99
k/kornelu01,2023-24,2413304,Luke Kornet,exact_normalized,0.99
k/konchjo01,2023-24,2400000,John Konchar,exact_normalized,0.99
g/grimequ01,2023-24,2385720,Quentin Grimes,exact_normalized,0.99
b/bateske01,2023-24,2364614,Keita Bates-Diop,exact_normalized,0.99
j/jovicni01,2023-24,2352000,Nikola Jovic,exact_normalized,0.99
w/watanyu01,2023-24,2346614,Yuta Watanabe,exact_normalized,0.99
e/eubandr01,2023-24,2346614,Drew Eubanks,exact_normalized,0.99
b/baldwpa01,2023-24,2337720,Patrick Baldwin Jr.,exact_normalized,0.99
m/mclaujo01,2023-24,2320000,Jordan McLaughlin,exact_normalized,0.99
h/hylanbo01,2023-24,2306400,Bones Hyland,exact_normalized,0.99
w/watsope01,2023-24,2303520,Peyton Watson,exact_normalized,0.99
t/thomaca02,2023-24,2240160,Cam Thomas,exact_normalized,0.99
c/cancavl01,2023-24,2234359,Vlatko Cancar,exact_normalized,0.99
w/willivi01,2023-24,2232308,Vince Williams Jr.,exact_normalized,0.99
s/sprinja01,2023-24,2226240,Jaden Springer,exact_normalized,0.99
s/sharpda01,2023-24,2210040,Day'Ron Sharpe,exact_normalized,0.99
r/robinje02,2023-24,2196970,Jeremiah Robinson-Earl,exact_normalized,0.99
a/aldamsa01,2023-24,2194200,Santi Aldama,exact_normalized,0.99
h/hayesja02,2023-24,2165000,Jaxson Hayes,exact_normalized,0.99
r/reddica01,2023-24,2165000,Cam Reddish,exact_normalized,0.99
b/brissos01,2023-24,2165000,Oshae Brissett,exact_normalized,0.99
n/nembhan01,2023-24,2131905,Andrew Nembhard,exact_normalized,0.99
s/simmoko01,2023-24,2066585,Kobi Simmons,exact_normalized,0.99
s/samanlu01,2023-24,2066585,Luka Samanic,exact_normalized,0.99
r/robyis01,2023-24,2066585,Isaiah Roby,exact_normalized,0.99
b/bitadgo01,2023-24,2062585,Goga Bitadze,exact_normalized,0.99
t/thomptr01,2023-24,2019796,Tristan Thompson,exact_normalized,0.99
m/mamuksa01,2023-24,2019760,Sandro Mamukelashvili,exact_normalized,0.99
l/lenal01,2023-24,2019760,Alex Len,exact_normalized,0.99
h/harremo01,2023-24,2019760,Montrezl Harrell,exact_normalized,0.99
b/beaslma01,2023-24,2019760,Malik Beasley,exact_normalized,0.99
c/crowdja01,2023-24,2019760,Jae Crowder,exact_normalized,0.99
n/ntilila01,2023-24,2019706,Frank Ntilikina,exact_normalized,0.99
s/smithis01,2023-24,2019706,Ish Smith,exact_normalized,0.99
j/jonesco02,2023-24,2019706,Colby Jones,exact_normalized,0.99
n/noelne01,2023-24,2019706,Nerlens Noel,exact_normalized,0.99
m/mcgeeja01,2023-24,2019706,JaVale McGee,exact_normalized,0.99
l/lopezro01,2023-24,2019706,Robin Lopez,exact_normalized,0.99
b/bantoda01,2023-24,2019706,Dalano Banton,exact_normalized,0.99
b/brownmo01,2023-24,2019706,Moses Brown,exact_normalized,0.99
b/bolbo01,2023-24,2019706,Bol Bol,exact_normalized,0.99
b/bambamo01,2023-24,2019706,Mo Bamba,exact_normalized,0.99
o/oubreke01,2023-24,2019706,Kelly Oubre Jr.,exact_normalized,0.99
g/greenda02,2023-24,2019706,Danny Green,exact_normalized,0.99
w/watfotr01,2023-24,2019706,Trendon Watford,exact_normalized,0.99
w/walkelo01,2023-24,2019706,Lonnie Walker IV,exact_normalized,0.99
s/smithde03,2023-24,2019706,Dennis Smith Jr.,exact_normalized,0.99
a/antetth01,2023-24,2019706,Thanasis Antetokounmpo,exact_normalized,0.99
b/beverpa01,2023-24,2019706,Patrick Beverley,exact_normalized,0.99
j/josepco01,2023-24,2019706,Cory Joseph,exact_normalized,0.99
h/holidaa01,2023-24,2019706,Aaron Holiday,exact_normalized,0.99
b/bullore01,2023-24,2019706,Reggie Bullock Jr.,exact_normalized,0.99
m/marjabo01,2023-24,2019706,Boban Marjanovic,exact_normalized,0.99
s/saricda01,2023-24,2019706,Dario Saric,exact_normalized,0.99
m/metuch01,2023-24,2019706,Chimezie Metu,exact_normalized,0.99
a/arcidry01,2023-24,2019706,Ryan Arcidiacono,exact_normalized,0.99
p/pickeja02,2023-24,2019706,Jalen Pickett,exact_normalized,0.99
h/holidju01,2023-24,2019706,Justin Holiday,exact_normalized,0.99
j/jordade01,2023-24,2019706,DeAndre Jordan,exact_normalized,0.99
j/jonesde02,2023-24,2019706,Derrick Jones Jr.,exact_normalized,0.99
m/morrima02,2023-24,2019706,Markieff Morris,exact_normalized,0.99
t/taylote01,2023-24,2019706,Terry Taylor,exact_normalized,0.99
z/zelleco01,2023-24,2019706,Cody Zeller,exact_normalized,0.99
m/mykhasv01,2023-24,2019706,Svi Mykhailiuk,exact_normalized,0.99
m/matthwe02,2023-24,2019706,Wesley Matthews,exact_normalized,0.99
w/willija07,2023-24,2000000,Jaylin Williams,exact_normalized,0.99
h/houstca01,2023-24,2000000,Caleb Houstan,exact_normalized,0.99
m/mathega01,2023-24,2000000,Garrison Mathews,exact_normalized,0.99
g/gillan01,2023-24,1997239,Anthony Gill,exact_normalized,0.99
h/hamptrj01,2023-24,1997238,R.J. Hampton,exact_normalized,0.99
j/joeis01,2023-24,1997238,Isaiah Joe,exact_normalized,0.99
m/merrisa01,2023-24,1997238,Sam Merrill,exact_normalized,0.99
j/jacksgg01,2023-24,1991428,GG Jackson,exact_normalized,0.99
r/reathdu01,2023-24,1951220,Duop Reath,exact_normalized,0.99
s/stevela01,2023-24,1930681,Lamar Stevens,exact_normalized,0.99
m/martike04,2023-24,1930681,KJ Martin,exact_normalized,0.99
m/marshna01,2023-24,1930681,Naji Marshall,exact_normalized,0.99
t/tillmxa01,2023-24,1930681,Xavier Tillman,exact_normalized,0.99
e/edwarke02,2023-24,1927896,Kessler Edwards,exact_normalized,0.99
s/simsje01,2023-24,1927896,Jericho Sims,exact_normalized,0.99
w/wieskjo01,2023-24,1927896,Joe Wieskamp,exact_normalized,0.99
h/hausesa01,2023-24,1927896,Sam Hauser,exact_normalized,0.99
j/jonesca03,2023-24,1922896,Carlik Jones,exact_normalized,0.99
h/highsha01,2023-24,1902137,Haywood Highsmith,exact_normalized,0.99
k/knoxke01,2023-24,1845593,Kevin Knox II,exact_normalized,0.99
t/thorjt01,2023-24,1836096,JT Thor,exact_normalized,0.99
t/toddis01,2023-24,1836096,Isaiah Todd,exact_normalized,0.99
l/liveris01,2023-24,1836096,Isaiah Livers,exact_normalized,0.99
w/wiggiaa01,2023-24,1836096,Aaron Wiggins,exact_normalized,0.99
m/mcbrimi01,2023-24,1836096,Miles McBride,exact_normalized,0.99
b/bostobr01,2023-24,1836096,Brandon Boston,exact_normalized,0.99
s/simonma01,2023-24,1836096,Marko Simonovic,exact_normalized,0.99
a/alvarjo01,2023-24,1836096,Jose Alvarado,exact_normalized,0.99
w/whiteja03,2023-24,1801769,Jack White,exact_normalized,0.99
g/greenaj01,2023-24,1801769,AJ Green,exact_normalized,0.99
r/robinor01,2023-24,1801769,Orlando Robinson,exact_normalized,0.99
s/smithdr01,2023-24,1801769,Dru Smith,exact_normalized,0.99
l/liddeej01,2023-24,1801769,E.J. Liddell,exact_normalized,0.99
m/millele01,2023-24,1800000,Leonard Miller,exact_normalized,0.99
p/primojo01,2023-24,1764341,Joshua Primo,exact_normalized,0.99
t/theisda01,2023-24,1741126,Daniel Theis,exact_normalized,0.99
m/mcgowbr01,2023-24,1719865,Bryce McGowens,exact_normalized,0.99
c/cooksxa01,2023-24,1719864,Xavier Cooks,exact_normalized,0.99
w/walkeja01,2023-24,1719864,Jabari Walker,exact_normalized,0.99
m/minotjo01,2023-24,1719864,Josh Minott,exact_normalized,0.99
m/martity01,2023-24,1719864,Tyrese Martin,exact_normalized,0.99
c/chrisma02,2023-24,1719864,Max Christie,exact_normalized,0.99
h/hardyja02,2023-24,1719864,Jaden Hardy,exact_normalized,0.99
p/phillju01,2023-24,1600000,Julian Phillips,exact_normalized,0.99
d/dinwisp01,2023-24,1554654,Spencer Dinwiddie,exact_normalized,0.99
p/portecr01,2023-24,1500000,Craig Porter Jr.,exact_normalized,0.99
c/cissosi01,2023-24,1119563,Sidy Cissoko,exact_normalized,0.99
p/petrufi01,2023-24,1119563,Filip Petrusev,exact_normalized,0.99
r/ruperra01,2023-24,1119563,Rayan Rupert,exact_normalized,0.99
c/camarto01,2023-24,1119563,Toumani Camara,exact_normalized,0.99
l/livinch01,2023-24,1119563,Chris Livingston,exact_normalized,0.99
j/jacksan01,2023-24,1119563,Andre Jackson Jr.,exact_normalized,0.99
l/lewisma05,2023-24,1119563,Maxwell Lewis,exact_normalized,0.99
j/jackstr02,2023-24,1119563,Trayce Jackson-Davis,exact_normalized,0.99
t/tysonhu01,2023-24,1119563,Hunter Tyson,exact_normalized,0.99
w/walshjo01,2023-24,1119563,Jordan Walsh,exact_normalized,0.99
g/gueyemo02,2023-24,1119563,Mouhamed Gueye,exact_normalized,0.99
b/brownke03,2023-24,1100000,Kendall Brown,exact_normalized,0.99
s/santogu01,2023-24,1029483,Gui Santos,exact_normalized,0.99
l/lawsoaj01,2023-24,1000000,A.J. Lawson,exact_normalized,0.99
o/omorueu01,2023-24,900000,Eugene Omoruyi,exact_normalized,0.99
w/wilsoja03,2023-24,850000,Jalen Wilson,exact_normalized,0.99
j/johnsja01,2023-24,777703,James Johnson,exact_normalized,0.99
w/waterli01,2023-24,766095,Lindy Waters III,exact_normalized,0.99
b/biyombi01,2023-24,754488,Bismack Biyombo,exact_normalized,0.99
e/elliske01,2023-24,683430,Keon Ellis,exact_normalized,0.99
g/gallida01,2023-24,661628,Danilo Gallinari,exact_normalized,0.99
w/wrighde01,2023-24,661628,Delon Wright,exact_normalized,0.99
y/youngth01,2023-24,638413,Thaddeus Young,exact_normalized,0.99
p/pokusal01,2023-24,565176,Aleksej Pokusevski,exact_normalized,0.99
f/forretr01,2023-24,553151,Trent Forrest,exact_normalized,0.99
m/miltosh01,2023-24,552938,Shake Milton,exact_normalized,0.99
q/quinole01,2023-24,548815,Lester Quinones,exact_normalized,0.99
u/umudest01,2023-24,538460,Stanley Umude,exact_normalized,0.99
l/loftoke01,2023-24,500000,Kenneth Lofton Jr.,exact_normalized,0.99
b/bazleda01,2023-24,500000,Darius Bazley,exact_normalized,0.99
m/millspa02,2023-24,475908,Patty Mills,exact_normalized,0.99
b/barlodo01,2023-24,455620,Dominick Barlow,exact_normalized,0.99
g/gibsota01,2023-24,348225,Taj Gibson,exact_normalized,0.99
b/bitimon01,2023-24,334582,Onuralp Bitim,exact_normalized,0.99
f/freemja01,2023-24,289542,Javon Freeman-Liberty,exact_normalized,0.99
c/curryst01,2024-25,55761216,Stephen Curry,exact_normalized,0.99
e/embiijo01,2024-25,51415938,Joel Embiid,exact_normalized,0.99
j/jokicni01,2024-25,51415938,Nikola Jokic,exact_normalized,0.99
d/duranke01,2024-25,51179021,Kevin Durant,exact_normalized,0.99
b/bealbr01,2024-25,50203930,Bradley Beal,exact_normalized,0.99
l/leonaka01,2024-25,49350000,Kawhi Leonard,exact_normalized,0.99
b/bookede01,2024-25,49205800,Devin Booker,exact_normalized,0.99
g/georgpa01,2024-25,49205800,Paul George,exact_normalized,0.99
t/townska01,2024-25,49205800,Karl-Anthony Towns,exact_normalized,0.99
b/brownja02,2024-25,49205800,Jaylen Brown,exact_normalized,0.99
b/butleji01,2024-25,48798677,Jimmy Butler III,exact_normalized,0.99
a/antetgi01,2024-25,48787676,Giannis Antetokounmpo,exact_normalized,0.99
l/lillada01,2024-25,48787676,Damian Lillard,exact_normalized,0.99
j/jamesle01,2024-25,48728845,LeBron James,exact_normalized,0.99
l/lavinza01,2024-25,44531940,Zach LaVine,exact_normalized,0.99
g/goberru01,2024-25,43827587,Rudy Gobert,exact_normalized,0.99
d/davisan02,2024-25,43219440,Anthony Davis,exact_normalized,0.99
d/doncilu01,2024-25,43031940,Luka Doncic,exact_normalized,0.99
y/youngtr01,2024-25,43031940,Trae Young,exact_normalized,0.99
v/vanvlfr01,2024-25,42846615,Fred VanVleet,exact_normalized,0.99
m/markkla01,2024-25,42176400,Lauri Markkanen,exact_normalized,0.99
e/edwaran01,2024-25,42176400,Anthony Edwards,exact_normalized,0.99
h/halibty01,2024-25,42176000,Tyrese Haliburton,exact_normalized,0.99
s/siakapa01,2024-25,42176000,Pascal Siakam,exact_normalized,0.99
i/irvinky01,2024-25,41000000,Kyrie Irving,exact_normalized,0.99
s/sabondo01,2024-25,40500000,Domantas Sabonis,exact_normalized,0.99
m/moranja01,2024-25,36725670,Ja Morant,exact_normalized,0.99
g/garlada01,2024-25,36725670,Darius Garland,exact_normalized,0.99
w/willizi01,2024-25,36725670,Zion Williamson,exact_normalized,0.99
a/anunoog01,2024-25,36637931,OG Anunoby,exact_normalized,0.99
i/ingrabr01,2024-25,36016200,Brandon Ingram,exact_normalized,0.99
m/murraja01,2024-25,36016200,Jamal Murray,exact_normalized,0.99
g/gilgesh01,2024-25,35859950,Shai Gilgeous-Alexander,exact_normalized,0.99
p/portemi01,2024-25,35859950,Michael Porter Jr.,exact_normalized,0.99
m/mitchdo01,2024-25,35410310,Donovan Mitchell,exact_normalized,0.99
b/ballla01,2024-25,35147000,LaMelo Ball,exact_normalized,0.99
m/maxeyty01,2024-25,35147000,Tyrese Maxey,exact_normalized,0.99
f/foxde01,2024-25,34848340,De'Aaron Fox,exact_normalized,0.99
a/adebaba01,2024-25,34848340,Bam Adebayo,exact_normalized,0.99
t/tatumja01,2024-25,34848340,Jayson Tatum,exact_normalized,0.99
b/banede01,2024-25,34005250,Desmond Bane,exact_normalized,0.99
a/aytonde01,2024-25,34005126,Deandre Ayton,exact_normalized,0.99
h/hardeja01,2024-25,33653846,James Harden,exact_normalized,0.99
m/mccolcj01,2024-25,33333333,CJ McCollum,exact_normalized,0.99
r/randlju01,2024-25,33073920,Julius Randle,exact_normalized,0.99
q/quickim01,2024-25,32500000,Immanuel Quickley,exact_normalized,0.99
m/middlkh01,2024-25,31666676,Khris Middleton,exact_normalized,0.99
h/harteis01,2024-25,30000000,Isaiah Hartenstein,exact_normalized,0.99
h/holidjr01,2024-25,30000000,Jrue Holiday,exact_normalized,0.99
g/grantje01,2024-25,29793104,Jerami Grant,exact_normalized,0.99
p/poolejo01,2024-25,29651786,Jordan Poole,exact_normalized,0.99
m/murrade01,2024-25,29535801,Dejounte Murray,exact_normalized,0.99
v/vassede01,2024-25,29347826,Devin Vassell,exact_normalized,0.99
p/porzikr01,2024-25,29268293,Kristaps Porzingis,exact_normalized,0.99
h/herroty01,2024-25,29000000,Tyler Herro,exact_normalized,0.99
c/claxtni01,2024-25,27556817,Nic Claxton,exact_normalized,0.99
b/bridgmi02,2024-25,27173913,Miles Bridges,exact_normalized,0.99
c/collijo01,2024-25,26580000,John Collins,exact_normalized,0.99
w/wiggian01,2024-25,26276786,Andrew Wiggins,exact_normalized,0.99
s/simonan01,2024-25,25892857,Anfernee Simons,exact_normalized,0.99
b/barrerj01,2024-25,25794643,RJ Barrett,exact_normalized,0.99
h/harrito02,2024-25,25365854,Tobias Harris,exact_normalized,0.99
i/isaacjo01,2024-25,25000000,Jonathan Isaac,exact_normalized,0.99
b/brunsja01,2024-25,24960001,Jalen Brunson,exact_normalized,0.99
r/roziete01,2024-25,24924126,Terry Rozier,exact_normalized,0.99
g/greendr01,2024-25,24107143,Draymond Green,exact_normalized,0.99
d/derozde01,2024-25,23400000,DeMar DeRozan,exact_normalized,0.99
b/bridgmi01,2024-25,23300000,Mikal Bridges,exact_normalized,0.99
m/mcdanja02,2024-25,23017242,Jaden McDaniels,exact_normalized,0.99
l/lopezbr01,2024-25,23000000,Brook Lopez,exact_normalized,0.99
b/brownbr01,2024-25,23000000,Bruce Brown,exact_normalized,0.99
g/gordoaa01,2024-25,22841455,Aaron Gordon,exact_normalized,0.99
c/caldwke01,2024-25,22757000,Kentavious Caldwell-Pope,exact_normalized,0.99
b/brogdma01,2024-25,22500000,Malcolm Brogdon,exact_normalized,0.99
j/johnsca02,2024-25,22500000,Cameron Johnson,exact_normalized,0.99
k/kuzmaky01,2024-25,22410605,Kyle Kuzma,exact_normalized,0.99
c/capelca01,2024-25,22265280,Clint Capela,exact_normalized,0.99
b/brookdi01,2024-25,22255493,Dillon Brooks,exact_normalized,0.99
h/huntede01,2024-25,21696429,De'Andre Hunter,exact_normalized,0.99
b/balllo01,2024-25,21395348,Lonzo Ball,exact_normalized,0.99
s/smartma01,2024-25,20210285,Marcus Smart,exact_normalized,0.99
w/whitede01,2024-25,20017429,Derrick White,exact_normalized,0.99
a/allenja01,2024-25,20000000,Jarrett Allen,exact_normalized,0.99
v/vucevni01,2024-25,20000000,Nikola Vucevic,exact_normalized,0.99
t/turnemy01,2024-25,19928500,Myles Turner,exact_normalized,0.99
p/poeltja01,2024-25,19500000,Jakob Poeltl,exact_normalized,0.99
r/robindu01,2024-25,19406000,Duncan Robinson,exact_normalized,0.99
p/powelno01,2024-25,19241379,Norman Powell,exact_normalized,0.99
b/bogdabo02,2024-25,19032850,Bojan Bogdanovic,exact_normalized,0.99
j/johnske04,2024-25,19000000,Keldon Johnson,exact_normalized,0.99
r/russeda01,2024-25,18692307,D'Angelo Russell,exact_normalized,0.99
w/willipa01,2024-25,18500000,Patrick Williams,exact_normalized,0.99
s/sextoco01,2024-25,18350000,Collin Sexton,exact_normalized,0.99
h/hartjo01,2024-25,18144000,Josh Hart,exact_normalized,0.99
n/nurkiju01,2024-25,18125000,Jusuf Nurkic,exact_normalized,0.99
b/barneha02,2024-25,18000000,Harrison Barnes,exact_normalized,0.99
m/monkma01,2024-25,17405202,Malik Monk,exact_normalized,0.99
b/bogdabo01,2024-25,17260000,Bogdan Bogdanovic,exact_normalized,0.99
h/hachiru01,2024-25,17000000,Rui Hachimura,exact_normalized,0.99
h/huertke01,2024-25,16830357,Kevin Huerter,exact_normalized,0.99
c/colliza01,2024-25,16741200,Zach Collins,exact_normalized,0.99
l/leverca01,2024-25,16615384,Caris LeVert,exact_normalized,0.99
d/dortlu01,2024-25,16500000,Luguentz Dort,exact_normalized,0.99
b/bertada01,2024-25,16000000,Davis Bertans,exact_normalized,0.99
t/thompkl01,2024-25,15873016,Klay Thompson,exact_normalized,0.99
a/avdijde01,2024-25,15625000,Deni Avdija,exact_normalized,0.99
a/allengr01,2024-25,15625000,Grayson Allen,exact_normalized,0.99
w/washipj01,2024-25,15500000,P.J. Washington,exact_normalized,0.99
s/strusma01,2024-25,15212068,Max Strus,exact_normalized,0.99
s/stewais01,2024-25,15000000,Isaiah Stewart,exact_normalized,0.99
f/finnedo01,2024-25,14924168,Dorian Finney-Smith,exact_normalized,0.99
r/robinmi01,2024-25,14318182,Mitchell Robinson,exact_normalized,0.99
c/clarkjo01,2024-25,14092577,Jordan Clarkson,exact_normalized,0.99
o/okongon01,2024-25,14000000,Onyeka Okongwu,exact_normalized,0.99
r/reidna01,2024-25,13986432,Naz Reid,exact_normalized,0.99
c/cunnica01,2024-25,13940658,Cade Cunningham,exact_normalized,0.99
g/gaffoda01,2024-25,13394160,Daniel Gafford,exact_normalized,0.99
w/willigr01,2024-25,13025250,Grant Williams,exact_normalized,0.99
s/schrode01,2024-25,13025250,Dennis Schroder,exact_normalized,0.99
j/joeis01,2024-25,12991650,Isaiah Joe,exact_normalized,0.99
r/reaveau01,2024-25,12976362,Austin Reaves,exact_normalized,0.99
j/joneshe01,2024-25,12976362,Herbert Jones,exact_normalized,0.99
t/toppiob01,2024-25,12946429,Obi Toppin,exact_normalized,0.99
a/anthoco01,2024-25,12900000,Cole Anthony,exact_normalized,0.99
m/meltode01,2024-25,12822000,De'Anthony Melton,exact_normalized,0.99
o/olynyke01,2024-25,12804878,Kelly Olynyk,exact_normalized,0.99
w/wembavi01,2024-25,12768960,Victor Wembanyama,exact_normalized,0.99
g/greenjo02,2024-25,12654321,Josh Green,exact_normalized,0.99
g/grahade01,2024-25,12650000,Devonte' Graham,exact_normalized,0.99
h/holmeri01,2024-25,12648321,Richaun Holmes,exact_normalized,0.99
a/adamsst01,2024-25,12600000,Steven Adams,exact_normalized,0.99
p/portibo01,2024-25,12578286,Bobby Portis,exact_normalized,0.99
r/risacza01,2024-25,12569040,Zaccharie Risacher,exact_normalized,0.99
b/baglema01,2024-25,12500000,Marvin Bagley III,exact_normalized,0.99
c/clarkbr01,2024-25,12500000,Brandon Clarke,exact_normalized,0.99
g/greenja05,2024-25,12483048,Jalen Green,exact_normalized,0.99
w/williro04,2024-25,12428571,Robert Williams III,exact_normalized,0.99
b/banchpa01,2024-25,12160800,Paolo Banchero,exact_normalized,0.99
w/whiteco01,2024-25,12000000,Coby White,exact_normalized,0.99
c/cartewe01,2024-25,11950000,Wendell Carter Jr.,exact_normalized,0.99
z/zubaciv01,2024-25,11743210,Ivica Zubac,exact_normalized,0.99
d/divindo01,2024-25,11445000,Donte DiVincenzo,exact_normalized,0.99
m/millebr02,2024-25,11424600,Brandon Miller,exact_normalized,0.99
m/mannte01,2024-25,11423077,Terance Mann,exact_normalized,0.99
s/sarral01,2024-25,11245680,Alex Sarr,exact_normalized,0.99
m/mobleev01,2024-25,11227809,Evan Mobley,exact_normalized,0.99
t/thybuma01,2024-25,11025160,Matisse Thybulle,exact_normalized,0.99
w/wagnemo01,2024-25,11000000,Moritz Wagner,exact_normalized,0.99
v/vincega01,2024-25,11000000,Gabe Vincent,exact_normalized,0.99
k/klebima01,2024-25,11000000,Maxi Kleber,exact_normalized,0.99
n/nesmiaa01,2024-25,11000000,Aaron Nesmith,exact_normalized,0.99
h/holmgch01,2024-25,10880640,Chet Holmgren,exact_normalized,0.99
b/bouchch01,2024-25,10810000,Chris Boucher,exact_normalized,0.99
v/vandeja01,2024-25,10714286,Jarred Vanderbilt,exact_normalized,0.99
w/wiggiaa01,2024-25,10514017,Aaron Wiggins,exact_normalized,0.99
p/paulch01,2024-25,10460000,Chris Paul,exact_normalized,0.99
h/hendesc01,2024-25,10259160,Scoot Henderson,exact_normalized,0.99
o/okorois01,2024-25,10185185,Isaac Okoro,exact_normalized,0.99
b/barnesc01,2024-25,10130980,Scottie Barnes,exact_normalized,0.99
s/sheppre01,2024-25,10098960,Reed Sheppard,exact_normalized,0.99
c/conlemi01,2024-25,9975962,Mike Conley,exact_normalized,0.99
v/valanjo01,2024-25,9900000,Jonas Valanciunas,exact_normalized,0.99
c/carusal01,2024-25,9890000,Alex Caruso,exact_normalized,0.99
o/onealro01,2024-25,9821429,Royce O'Neale,exact_normalized,0.99
j/jonesde02,2024-25,9523810,Derrick Jones Jr.,exact_normalized,0.99
h/horfoal01,2024-25,9500000,Al Horford,exact_normalized,0.99
c/connapa01,2024-25,9423869,Pat Connaughton,exact_normalized,0.99
m/mccontj01,2024-25,9300000,T.J. McConnell,exact_normalized,0.99
k/kennalu01,2024-25,9250000,Luke Kennard,exact_normalized,0.99
t/thompam01,2024-25,9249960,Amen Thompson,exact_normalized,0.99
s/suggsja01,2024-25,9188385,Jalen Suggs,exact_normalized,0.99
c/castlst01,2024-25,9131760,Stephon Castle,exact_normalized,0.99
j/jonestr01,2024-25,9104167,Tre Jones,exact_normalized,0.99
b/bitadgo01,2024-25,9057971,Goga Bitadze,exact_normalized,0.99
n/nnajize01,2024-25,8888889,Zeke Nnaji,exact_normalized,0.99
m/murrake02,2024-25,8809560,Keegan Murray,exact_normalized,0.99
a/anderky01,2024-25,8780488,Kyle Anderson,exact_normalized,0.99
h/hieldbu01,2024-25,8780488,Buddy Hield,exact_normalized,0.99
m/marshna01,2024-25,8571429,Naji Marshall,exact_normalized,0.99
s/smithja04,2024-25,8571429,Jalen Smith,exact_normalized,0.99
n/niangge01,2024-25,8500000,Georges Niang,exact_normalized,0.99
t/thompau01,2024-25,8376000,Ausar Thompson,exact_normalized,0.99
g/giddejo01,2024-25,8352367,Josh Giddey,exact_normalized,0.99
o/okogijo01,2024-25,8250000,Josh Okogie,exact_normalized,0.99
h/hollaro01,2024-25,8245320,Ronald Holland II,exact_normalized,0.99
m/martica02,2024-25,8149001,Caleb Martin,exact_normalized,0.99
m/martico01,2024-25,8120000,Cody Martin,exact_normalized,0.99
l/lylestr01,2024-25,8000000,Trey Lyles,exact_normalized,0.99
l/landajo01,2024-25,8000000,Jock Landale,exact_normalized,0.99
g/greenje02,2024-25,8000000,Jeff Green,exact_normalized,0.99
l/looneke01,2024-25,8000000,Kevon Looney,exact_normalized,0.99
o/oubreke01,2024-25,7983000,Kelly Oubre Jr.,exact_normalized,0.99
i/iveyja01,2024-25,7977240,Jaden Ivey,exact_normalized,0.99
m/martike04,2024-25,7975000,KJ Martin,exact_normalized,0.99
m/micicva01,2024-25,7723000,Vasilije Micic,exact_normalized,0.99
f/fontesi01,2024-25,7692308,Simone Fontecchio,exact_normalized,0.99
k/kuminjo01,2024-25,7636154,Jonathan Kuminga,exact_normalized,0.99
b/blackan01,2024-25,7607760,Anthony Black,exact_normalized,0.99
t/tateja01,2024-25,7565217,Jae'Sean Tate,exact_normalized,0.99
s/salauti01,2024-25,7488720,Tidjane Salaun,exact_normalized,0.99
m/mathube01,2024-25,7245720,Bennedict Mathurin,exact_normalized,0.99
c/chrisma02,2024-25,7142857,Max Christie,exact_normalized,0.99
w/wagnefr01,2024-25,7007092,Franz Wagner,exact_normalized,0.99
d/dosunay01,2024-25,7000000,Ayo Dosunmu,exact_normalized,0.99
c/coulibi01,2024-25,6945240,Bilal Coulibaly,exact_normalized,0.99
l/littlna01,2024-25,6750000,Nassir Little,exact_normalized,0.99
h/harriga01,2024-25,6730769,Gary Harris,exact_normalized,0.99
p/pritcpa01,2024-25,6696429,Payton Pritchard,exact_normalized,0.99
w/willike04,2024-25,6669000,Kenrich Williams,exact_normalized,0.99
v/vezenal01,2024-25,6658536,Sasha Vezenkov,exact_normalized,0.99
s/sharpsh01,2024-25,6614160,Shaedon Sharpe,exact_normalized,0.99
c/clingdo01,2024-25,6586440,Donovan Clingan,exact_normalized,0.99
c/carteje01,2024-25,6500000,Jevon Carter,exact_normalized,0.99
m/mitchda01,2024-25,6451230,Davion Mitchell,exact_normalized,0.99
b/beysa01,2024-25,6440678,Saddiq Bey,exact_normalized,0.99
w/walkeja02,2024-25,6362520,Jarace Walker,exact_normalized,0.99
d/dilliro01,2024-25,6262920,Rob Dillingham,exact_normalized,0.99
w/wadede01,2024-25,6166667,Dean Wade,exact_normalized,0.99
k/konchjo01,2024-25,6165000,John Konchar,exact_normalized,0.99
w/willizi02,2024-25,6133005,Ziaire Williams,exact_normalized,0.99
d/daniedy01,2024-25,6059520,Dyson Daniels,exact_normalized,0.99
a/achiupr01,2024-25,6000000,Precious Achiuwa,exact_normalized,0.99
b/beaslma01,2024-25,6000000,Malik Beasley,exact_normalized,0.99
d/duartch01,2024-25,5893768,Chris Duarte,exact_normalized,0.99
h/hendrta01,2024-25,5848680,Taylor Hendricks,exact_normalized,0.99
m/moodymo01,2024-25,5803269,Moses Moody,exact_normalized,0.99
e/edeyza01,2024-25,5756880,Zach Edey,exact_normalized,0.99
k/kispeco01,2024-25,5705888,Corey Kispert,exact_normalized,0.99
s/sochaje01,2024-25,5570040,Jeremy Sochan,exact_normalized,0.99
w/wallaca01,2024-25,5555880,Cason Wallace,exact_normalized,0.99
w/willico04,2024-25,5485080,Cody Williams,exact_normalized,0.99
s/sengual01,2024-25,5424654,Alperen Sengun,exact_normalized,0.99
h/howarje01,2024-25,5278320,Jett Howard,exact_normalized,0.99
h/highsha01,2024-25,5200000,Haywood Highsmith,exact_normalized,0.99
b/buzelma01,2024-25,5195520,Matas Buzelis,exact_normalized,0.99
d/dunnkr01,2024-25,5168000,Kris Dunn,exact_normalized,0.99
s/saricda01,2024-25,5168000,Dario Saric,exact_normalized,0.99
m/murphtr02,2024-25,5159855,Trey Murphy III,exact_normalized,0.99
d/diengou01,2024-25,5027040,Ousmane Dieng,exact_normalized,0.99
l/livelde01,2024-25,5014560,Dereck Lively II,exact_normalized,0.99
r/richani01,2024-25,5000000,Nick Richards,exact_normalized,0.99
d/drumman01,2024-25,5000000,Andre Drummond,exact_normalized,0.99
e/eubandr01,2024-25,5000000,Drew Eubanks,exact_normalized,0.99
t/topicni01,2024-25,4935960,Nikola Topic,exact_normalized,0.99
m/manntr01,2024-25,4908189,Tre Mann,exact_normalized,0.99
w/willija06,2024-25,4775760,Jalen Williams,exact_normalized,0.99
d/dickgr01,2024-25,4763760,Gradey Dick,exact_normalized,0.99
m/mcdanja01,2024-25,4741800,Jalen McDaniels,exact_normalized,0.99
m/mcbrimi01,2024-25,4710144,Miles McBride,exact_normalized,0.99
c/cartede02,2024-25,4702800,Devin Carter,exact_normalized,0.99
b/batumni01,2024-25,4668000,Nicolas Batum,exact_normalized,0.99
h/holidaa01,2024-25,4668000,Aaron Holiday,exact_normalized,0.99
d/durenja01,2024-25,4536840,Jalen Duren,exact_normalized,0.99
h/hawkijo01,2024-25,4525680,Jordan Hawkins,exact_normalized,0.99
j/johnsja05,2024-25,4510905,Jalen Johnson,exact_normalized,0.99
c/carrica01,2024-25,4454880,Bub Carrington,exact_normalized,0.99
j/jacksis01,2024-25,4435381,Isaiah Jackson,exact_normalized,0.99
a/alexani01,2024-25,4312500,Nickeil Alexander-Walker,exact_normalized,0.99
a/agbajoc01,2024-25,4310280,Ochai Agbaji,exact_normalized,0.99
b/bufkiko01,2024-25,4299000,Kobe Bufkin,exact_normalized,0.99
g/grimequ01,2024-25,4296615,Quentin Grimes,exact_normalized,0.99
w/wareke01,2024-25,4231800,Kel'el Ware,exact_normalized,0.99
h/hylanbo01,2024-25,4158439,Bones Hyland,exact_normalized,0.99
w/willima07,2024-25,4094280,Mark Williams,exact_normalized,0.99
g/georgke01,2024-25,4084200,Keyonte George,exact_normalized,0.99
t/thomaca02,2024-25,4041249,Cam Thomas,exact_normalized,0.99
m/mccaija01,2024-25,4032240,Jared McCain,exact_normalized,0.99
p/poweldw01,2024-25,4000000,Dwight Powell,exact_normalized,0.99
s/sharpda01,2024-25,3989122,Day'Ron Sharpe,exact_normalized,0.99
a/aldamsa01,2024-25,3960531,Santi Aldama,exact_normalized,0.99
c/coffeam01,2024-25,3938271,Amir Coffey,exact_normalized,0.99
g/griffaj01,2024-25,3889920,AJ Griffin,exact_normalized,0.99
h/hoodsja01,2024-25,3879840,Jalen Hood-Schifino,exact_normalized,0.99
l/loveke01,2024-25,3850000,Kevin Love,exact_normalized,0.99
k/knechda01,2024-25,3819120,Dalton Knecht,exact_normalized,0.99
e/easonta01,2024-25,3695160,Tari Eason,exact_normalized,0.99
j/jaqueja01,2024-25,3685800,Jaime Jaquez Jr.,exact_normalized,0.99
d/dasiltr01,2024-25,3628440,Tristan da Silva,exact_normalized,0.99
w/walteja01,2024-25,3565000,Ja'Kobe Walter,exact_normalized,0.99
p/podzibr01,2024-25,3519960,Brandin Podziemski,exact_normalized,0.99
t/terryda01,2024-25,3510480,Dalen Terry,exact_normalized,0.99
m/mykhasv01,2024-25,3500000,Svi Mykhailiuk,exact_normalized,0.99
z/zelleco01,2024-25,3500000,Cody Zeller,exact_normalized,0.99
w/whitmca01,2024-25,3379080,Cam Whitmore,exact_normalized,0.99
r/rosede01,2024-25,3356271,Derrick Rose,exact_normalized,0.99
l/laravja01,2024-25,3352680,Jake LaRavia,exact_normalized,0.99
t/tysonja01,2024-25,3326160,Jaylon Tyson,exact_normalized,0.99
g/gordoer01,2024-25,3303771,Eric Gordon,exact_normalized,0.99
j/josepco01,2024-25,3303771,Cory Joseph,exact_normalized,0.99
w/westbru01,2024-25,3303771,Russell Westbrook,exact_normalized,0.99
c/clownno01,2024-25,3244080,Noah Clowney,exact_normalized,0.99
b/branhma01,2024-25,3217920,Malaki Branham,exact_normalized,0.99
m/missiyv01,2024-25,3202560,Yves Missi,exact_normalized,0.99
e/exumda01,2024-25,3150000,Dante Exum,exact_normalized,0.99
w/whiteda01,2024-25,3114240,Dariq Whitehead,exact_normalized,0.99
b/braunch01,2024-25,3089640,Christian Braun,exact_normalized,0.99
j/juzanjo01,2024-25,3087519,Johnny Juzang,exact_normalized,0.99
h/holmeda01,2024-25,3065640,DaRon Holmes II,exact_normalized,0.99
r/richajo01,2024-25,3051153,Josh Richardson,exact_normalized,0.99
w/woodch01,2024-25,3036040,Christian Wood,exact_normalized,0.99
f/filipky01,2024-25,3000000,Kyle Filipowski,exact_normalized,0.99
m/mitchaj01,2024-25,3000000,Ajay Mitchell,exact_normalized,0.99
c/champju02,2024-25,3000000,Julian Champagnie,exact_normalized,0.99
m/murrakr01,2024-25,2990040,Kris Murray,exact_normalized,0.99
k/kesslwa01,2024-25,2965920,Walker Kessler,exact_normalized,0.99
m/miltosh01,2024-25,2875000,Shake Milton,exact_normalized,0.99
p/prospol01,2024-25,2869920,Olivier-Maxence Prosper,exact_normalized,0.99
r/roddyda01,2024-25,2847240,David Roddy,exact_normalized,0.99
c/craigto01,2024-25,2845342,Torrey Craig,exact_normalized,0.99
g/georgky01,2024-25,2825520,Kyshawn George,exact_normalized,0.99
j/johnsaj01,2024-25,2795294,AJ Johnson,exact_normalized,0.99
s/sassema01,2024-25,2755080,Marcus Sasser,exact_normalized,0.99
b/beaucma01,2024-25,2733720,MarJon Beauchamp,exact_normalized,0.99
w/watfotr01,2024-25,2726603,Trendon Watford,exact_normalized,0.99
s/sheppbe01,2024-25,2663880,Ben Sheppard,exact_normalized,0.99
y/yurtsom01,2024-25,2660000,Omer Yurtseven,exact_normalized,0.99
b/bateske01,2024-25,2654644,Keita Bates-Diop,exact_normalized,0.99
w/weslebl01,2024-25,2624280,Blake Wesley,exact_normalized,0.99
j/jonesdi01,2024-25,2622360,Dillon Jones,exact_normalized,0.99
s/smithni01,2024-25,2587200,Nick Smith Jr.,exact_normalized,0.99
s/sensabr01,2024-25,2571480,Brice Sensabaugh,exact_normalized,0.99
j/jeromty01,2024-25,2560975,Ty Jerome,exact_normalized,0.99
s/strawju01,2024-25,2552520,Julian Strawther,exact_normalized,0.99
s/shannte01,2024-25,2546640,Terrence Shannon Jr.,exact_normalized,0.99
d/dunnry01,2024-25,2538240,Ryan Dunn,exact_normalized,0.99
m/moorewe01,2024-25,2537040,Wendell Moore Jr.,exact_normalized,0.99
b/brownko01,2024-25,2533920,Kobe Brown,exact_normalized,0.99
c/colliis01,2024-25,2520120,Isaiah Collier,exact_normalized,0.99
s/scheiba01,2024-25,2494320,Baylor Scheierman,exact_normalized,0.99
j/jovicni01,2024-25,2464200,Nikola Jovic,exact_normalized,0.99
b/bazleda01,2024-25,2463946,Darius Bazley,exact_normalized,0.99
h/hayesja02,2024-25,2463946,Jaxson Hayes,exact_normalized,0.99
r/reddica01,2024-25,2463946,Cam Reddish,exact_normalized,0.99
b/baldwpa01,2024-25,2448840,Patrick Baldwin Jr.,exact_normalized,0.99
j/jeffrda01,2024-25,2425204,DaQuan Jeffries,exact_normalized,0.99
v/vukcetr01,2024-25,2424892,Tristan Vukcevic,exact_normalized,0.99
w/watsope01,2024-25,2413560,Peyton Watson,exact_normalized,0.99
p/pokusal01,2024-25,2273252,Aleksej Pokusevski,exact_normalized,0.99
d/diakima01,2024-25,2273252,Mamadi Diakite,exact_normalized,0.99
b/brownch02,2024-25,2237692,Charlie Brown Jr.,exact_normalized,0.99
w/wisemja01,2024-25,2237691,James Wiseman,exact_normalized,0.99
g/gillan01,2024-25,2237691,Anthony Gill,exact_normalized,0.99
t/tillmxa01,2024-25,2237691,Xavier Tillman,exact_normalized,0.99
m/mathega01,2024-25,2230253,Garrison Mathews,exact_normalized,0.99
o/omorueu01,2024-25,2196970,Eugene Omoruyi,exact_normalized,0.99
b/bantoda01,2024-25,2196970,Dalano Banton,exact_normalized,0.99
d/dowtije01,2024-25,2196970,Jeff Dowtin Jr.,exact_normalized,0.99
w/waterli01,2024-25,2196970,Lindy Waters III,exact_normalized,0.99
j/joneska01,2024-25,2196970,Kai Jones,exact_normalized,0.99
r/robinje02,2024-25,2196970,Jeremiah Robinson-Earl,exact_normalized,0.99
m/merrisa01,2024-25,2164993,Sam Merrill,exact_normalized,0.99
j/johnske07,2024-25,2162606,Keon Johnson,exact_normalized,0.99
g/garzalu01,2024-25,2162606,Luka Garza,exact_normalized,0.99
q/quetane01,2024-25,2162606,Neemias Queta,exact_normalized,0.99
k/krejcvi01,2024-25,2162606,Vit Krejci,exact_normalized,0.99
w/willivi01,2024-25,2120693,Vince Williams Jr.,exact_normalized,0.99
l/lawsoaj01,2024-25,2120693,A.J. Lawson,exact_normalized,0.99
j/jonesco02,2024-25,2120693,Colby Jones,exact_normalized,0.99
e/elliske01,2024-25,2120693,Keon Ellis,exact_normalized,0.99
b/brownke03,2024-25,2120693,Kendall Brown,exact_normalized,0.99
g/greenaj01,2024-25,2120693,AJ Green,exact_normalized,0.99
u/umudest01,2024-25,2120693,Stanley Umude,exact_normalized,0.99
l/liddeej01,2024-25,2120693,E.J. Liddell,exact_normalized,0.99
s/simsje01,2024-25,2092344,Jericho Sims,exact_normalized,0.99
h/hausesa01,2024-25,2092344,Sam Hauser,exact_normalized,0.99
h/huffja01,2024-25,2088033,Jay Huff,exact_normalized,0.99
c/curryse01,2024-25,2087519,Seth Curry,exact_normalized,0.99
g/gibsota01,2024-25,2087519,Taj Gibson,exact_normalized,0.99
p/pippesc02,2024-25,2087519,Scotty Pippen Jr.,exact_normalized,0.99
f/fernabr01,2024-25,2087519,Bruno Fernando,exact_normalized,0.99
t/templga01,2024-25,2087519,Garrett Temple,exact_normalized,0.99
j/jacksre01,2024-25,2087519,Reggie Jackson,exact_normalized,0.99
t/theisda01,2024-25,2087519,Daniel Theis,exact_normalized,0.99
b/bassech01,2024-25,2087519,Charles Bassey,exact_normalized,0.99
m/mamuksa01,2024-25,2087519,Sandro Mamukelashvili,exact_normalized,0.99
m/mclaujo01,2024-25,2087519,Jordan McLaughlin,exact_normalized,0.99
m/mcderdo01,2024-25,2087519,Doug McDermott,exact_normalized,0.99
b/bolbo01,2024-25,2087519,Bol Bol,exact_normalized,0.99
j/jonesty01,2024-25,2087519,Tyus Jones,exact_normalized,0.99
m/morrimo01,2024-25,2087519,Monte Morris,exact_normalized,0.99
l/leeda03,2024-25,2087519,Damion Lee,exact_normalized,0.99
p/plumlma01,2024-25,2087519,Mason Plumlee,exact_normalized,0.99
y/yabusgu01,2024-25,2087519,Guerschon Yabusele,exact_normalized,0.99
l/lowryky01,2024-25,2087519,Kyle Lowry,exact_normalized,0.99
k/kolekty01,2024-25,2087519,Tyler Kolek,exact_normalized,0.99
w/wrighde01,2024-25,2087519,Delon Wright,exact_normalized,0.99
p/payneca01,2024-25,2087519,Cameron Payne,exact_normalized,0.99
d/doziepj01,2024-25,2087519,PJ Dozier,exact_normalized,0.99
i/inglejo01,2024-25,2087519,Joe Ingles,exact_normalized,0.99
p/princta02,2024-25,2087519,Taurean Prince,exact_normalized,0.99
b/burksal01,2024-25,2087519,Alec Burks,exact_normalized,0.99
m/morrima02,2024-25,2087519,Markieff Morris,exact_normalized,0.99
m/millspa02,2024-25,2087519,Patty Mills,exact_normalized,0.99
b/bryanth01,2024-25,2087519,Thomas Bryant,exact_normalized,0.99
j/johnsja01,2024-25,2087519,James Johnson,exact_normalized,0.99
c/cancavl01,2024-25,2087519,Vlatko Cancar,exact_normalized,0.99
j/jordade01,2024-25,2087519,DeAndre Jordan,exact_normalized,0.99
d/dinwisp01,2024-25,2087519,Spencer Dinwiddie,exact_normalized,0.99
t/thomptr01,2024-25,2087519,Tristan Thompson,exact_normalized,0.99
h/hortota01,2024-25,2087519,Talen Horton-Tucker,exact_normalized,0.99
b/bambamo01,2024-25,2087519,Mo Bamba,exact_normalized,0.99
k/kornelu01,2024-25,2087519,Luke Kornet,exact_normalized,0.99
r/reathdu01,2024-25,2048780,Duop Reath,exact_normalized,0.99
w/willija07,2024-25,2019699,Jaylin Williams,exact_normalized,0.99
m/mcgowbr01,2024-25,2019699,Bryce McGowens,exact_normalized,0.99
w/walkeja01,2024-25,2019699,Jabari Walker,exact_normalized,0.99
m/minotjo01,2024-25,2019699,Josh Minott,exact_normalized,0.99
n/nembhan01,2024-25,2019699,Andrew Nembhard,exact_normalized,0.99
h/hardyja02,2024-25,2019699,Jaden Hardy,exact_normalized,0.99
h/houstca01,2024-25,2019693,Caleb Houstan,exact_normalized,0.99
t/thorjt01,2024-25,1988598,JT Thor,exact_normalized,0.99
a/alvarjo01,2024-25,1988598,Jose Alvarado,exact_normalized,0.99
r/ryanma01,2024-25,1919558,Matt Ryan,exact_normalized,0.99
g/gueyemo02,2024-25,1891858,Mouhamed Gueye,exact_normalized,0.99
j/jacksgg01,2024-25,1891857,GG Jackson,exact_normalized,0.99
f/freemja01,2024-25,1891857,Javon Freeman-Liberty,exact_normalized,0.99
r/ruperra01,2024-25,1891857,Rayan Rupert,exact_normalized,0.99
c/cissosi01,2024-25,1891857,Sidy Cissoko,exact_normalized,0.99
c/camarto01,2024-25,1891857,Toumani Camara,exact_normalized,0.99
c/councri01,2024-25,1891857,Ricky Council IV,exact_normalized,0.99
l/lewisma05,2024-25,1891857,Maxwell Lewis,exact_normalized,0.99
w/wilsoja03,2024-25,1891857,Jalen Wilson,exact_normalized,0.99
m/millele01,2024-25,1891857,Leonard Miller,exact_normalized,0.99
l/livinch01,2024-25,1891857,Chris Livingston,exact_normalized,0.99
j/jacksan01,2024-25,1891857,Andre Jackson Jr.,exact_normalized,0.99
s/santogu01,2024-25,1891857,Gui Santos,exact_normalized,0.99
j/jackstr02,2024-25,1891857,Trayce Jackson-Davis,exact_normalized,0.99
p/pickeja02,2024-25,1891857,Jalen Pickett,exact_normalized,0.99
t/tysonhu01,2024-25,1891857,Hunter Tyson,exact_normalized,0.99
p/portecr01,2024-25,1891857,Craig Porter Jr.,exact_normalized,0.99
p/phillju01,2024-25,1891857,Julian Phillips,exact_normalized,0.99
b/bitimon01,2024-25,1891857,Onuralp Bitim,exact_normalized,0.99
w/walshjo01,2024-25,1891857,Jordan Walsh,exact_normalized,0.99
m/mogbojo01,2024-25,1862265,Jonathan Mogbo,exact_normalized,0.99
s/sheadja01,2024-25,1862265,Jamal Shead,exact_normalized,0.99
f/furphjo01,2024-25,1850842,Johnny Furphy,exact_normalized,0.99
d/dadiepa01,2024-25,1808080,Pacome Dadiet,exact_normalized,0.99
c/champju01,2024-25,1800000,Justin Champagnie,exact_normalized,0.99
c/crowdja01,2024-25,1655619,Jae Crowder,exact_normalized,0.99
r/reedpa01,2024-25,1427671,Paul Reed,exact_normalized,0.99
m/matkoka01,2024-25,1407153,Karlo Matkovic,exact_normalized,0.99
s/shamela01,2024-25,1343690,Landry Shamet,exact_normalized,0.99
k/klintbo01,2024-25,1257153,Bobi Klintman,exact_normalized,0.99
w/wellsja01,2024-25,1157153,Jaylen Wells,exact_normalized,0.99
i/ighodos01,2024-25,1157153,Oso Ighodaro,exact_normalized,0.99
b/bonaad01,2024-25,1157153,Adem Bona,exact_normalized,0.99
s/smithty02,2024-25,1157153,Tyler Smith,exact_normalized,0.99
j/jamesbr02,2024-25,1157153,Bronny James,exact_normalized,0.99
c/chrisca02,2024-25,1157153,Cam Christie,exact_normalized,0.99
r/reevean01,2024-25,1157153,Antonio Reeves,exact_normalized,0.99
l/larsspe01,2024-25,1157143,Pelle Larsson,exact_normalized,0.99
h/hukpoar01,2024-25,1064558,Ariel Hukporti,exact_normalized,0.99
m/millejo02,2024-25,1050000,Jordan Miller,exact_normalized,0.99
b/battlja01,2024-25,1000000,Jamison Battle,exact_normalized,0.99
c/carlsbr01,2024-25,990895,Branden Carlson,exact_normalized,0.99
d/diabamo01,2024-25,957763,Moussa Diabate,exact_normalized,0.99
w/walkelo01,2024-25,780932,Lonnie Walker IV,exact_normalized,0.99
s/simmobe01,2024-25,755826,Ben Simmons,exact_normalized,0.99
b/butleja02,2024-25,745726,Jared Butler,exact_normalized,0.99
l/lenal01,2024-25,743829,Alex Len,exact_normalized,0.99
f/fultzma01,2024-25,731831,Markelle Fultz,exact_normalized,0.99
j/johnske10,2024-25,724883,Keshad Johnson,exact_normalized,0.99
m/martity01,2024-25,635853,Tyrese Martin,exact_normalized,0.99
s/sprinja01,2024-25,634437,Jaden Springer,exact_normalized,0.99
g/greenja02,2024-25,599862,Javonte Green,exact_normalized,0.99
b/bostobr01,2024-25,596581,Brandon Boston,exact_normalized,0.99
b/biyombi01,2024-25,503884,Bismack Biyombo,exact_normalized,0.99
r/robinor01,2024-25,491887,Orlando Robinson,exact_normalized,0.99
r/rolliry01,2024-25,491887,Ryan Rollins,exact_normalized,0.99
b/barlodo01,2024-25,491887,Dominick Barlow,exact_normalized,0.99
p/postqu01,2024-25,438920,Quinten Post,exact_normalized,0.99
s/spencpa01,2024-25,438810,Pat Spencer,exact_normalized,0.99
c/clarkja02,2024-25,429323,Jaylen Clark,exact_normalized,0.99
e/edwarju01,2024-25,425619,Justin Edwards,exact_normalized,0.99
s/stevela01,2024-25,383912,Lamar Stevens,exact_normalized,0.99
b/bradlto01,2024-25,330394,Tony Bradley,exact_normalized,0.99
k/knoxke01,2024-25,263939,Kevin Knox II,exact_normalized,0.99
t/tuckepj01,2024-25,246833,P.J. Tucker,exact_normalized,0.99
g/goodwjo01,2024-25,223718,Jordan Goodwin,exact_normalized,0.99
j/jonesis01,2024-25,152957,Isaac Jones,exact_normalized,0.99
t/timmedr01,2024-25,113055,Drew Timme,exact_normalized,0.99
c/curryst01,2025-26,59606817,Stephen Curry,exact_normalized,0.99
e/embiijo01,2025-26,55224526,Joel Embiid,exact_normalized,0.99
j/jokicni01,2025-26,55224526,Nikola Jokic,exact_normalized,0.99
d/duranke01,2025-26,54708609,Kevin Durant,exact_normalized,0.99
d/davisan02,2025-26,54126450,Anthony Davis,exact_normalized,0.99
t/townska01,2025-26,54126450,Karl-Anthony Towns,exact_normalized,0.99
a/antetgi01,2025-26,54126450,Giannis Antetokounmpo,exact_normalized,0.99
d/doncilu01,2025-26,54126450,Luka Doncic,exact_normalized,0.99
b/butleji01,2025-26,54126450,Jimmy Butler III,exact_normalized,0.99
t/tatumja01,2025-26,54126450,Jayson Tatum,exact_normalized,0.99
b/bookede01,2025-26,53142264,Devin Booker,exact_normalized,0.99
b/brownja02,2025-26,53142264,Jaylen Brown,exact_normalized,0.99
j/jamesle01,2025-26,52627153,LeBron James,exact_normalized,0.99
g/georgpa01,2025-26,51666090,Paul George,exact_normalized,0.99
l/leonaka01,2025-26,50000000,Kawhi Leonard,exact_normalized,0.99
l/lavinza01,2025-26,47499660,Zach LaVine,exact_normalized,0.99
y/youngtr01,2025-26,46394100,Trae Young,exact_normalized,0.99
m/markkla01,2025-26,46394100,Lauri Markkanen,exact_normalized,0.99
c/cunnica01,2025-26,46394100,Cade Cunningham,exact_normalized,0.99
m/murraja01,2025-26,46394100,Jamal Murray,exact_normalized,0.99
m/mobleev01,2025-26,46394100,Evan Mobley,exact_normalized,0.99
m/mitchdo01,2025-26,46394100,Donovan Mitchell,exact_normalized,0.99
e/edwaran01,2025-26,45550512,Anthony Edwards,exact_normalized,0.99
h/halibty01,2025-26,45550512,Tyrese Haliburton,exact_normalized,0.99
s/siakapa01,2025-26,45550512,Pascal Siakam,exact_normalized,0.99
s/sabondo01,2025-26,43636000,Domantas Sabonis,exact_normalized,0.99
a/anunoog01,2025-26,39568966,OG Anunoby,exact_normalized,0.99
m/moranja01,2025-26,39446090,Ja Morant,exact_normalized,0.99
g/garlada01,2025-26,39446090,Darius Garland,exact_normalized,0.99
h/hardeja01,2025-26,39446090,James Harden,exact_normalized,0.99
w/willizi01,2025-26,39446090,Zion Williamson,exact_normalized,0.99
b/barnesc01,2025-26,38661750,Scottie Barnes,exact_normalized,0.99
w/wagnefr01,2025-26,38661750,Franz Wagner,exact_normalized,0.99
g/gilgesh01,2025-26,38333050,Shai Gilgeous-Alexander,exact_normalized,0.99
p/portemi01,2025-26,38333050,Michael Porter Jr.,exact_normalized,0.99
i/ingrabr01,2025-26,38095238,Brandon Ingram,exact_normalized,0.99
b/ballla01,2025-26,37958760,LaMelo Ball,exact_normalized,0.99
m/maxeyty01,2025-26,37958760,Tyrese Maxey,exact_normalized,0.99
f/foxde01,2025-26,37096620,De'Aaron Fox,exact_normalized,0.99
a/adebaba01,2025-26,37096620,Bam Adebayo,exact_normalized,0.99
b/banede01,2025-26,36725670,Desmond Bane,exact_normalized,0.99
i/irvinky01,2025-26,36566002,Kyrie Irving,exact_normalized,0.99
s/suggsja01,2025-26,35000000,Jalen Suggs,exact_normalized,0.99
g/goberru01,2025-26,35000000,Rudy Gobert,exact_normalized,0.99
b/brunsja01,2025-26,34944001,Jalen Brunson,exact_normalized,0.99
s/sengual01,2025-26,33944954,Alperen Sengun,exact_normalized,0.99
m/middlkh01,2025-26,33926296,Khris Middleton,exact_normalized,0.99
g/greenja05,2025-26,33548499,Jalen Green,exact_normalized,0.99
q/quickim01,2025-26,32500000,Immanuel Quickley,exact_normalized,0.99
h/holidjr01,2025-26,32400000,Jrue Holiday,exact_normalized,0.99
g/grantje01,2025-26,32000000,Jerami Grant,exact_normalized,0.99
p/poolejo01,2025-26,31848215,Jordan Poole,exact_normalized,0.99
h/herroty01,2025-26,31000000,Tyler Herro,exact_normalized,0.99
r/randlju01,2025-26,30864198,Julius Randle,exact_normalized,0.99
m/murrade01,2025-26,30801103,Dejounte Murray,exact_normalized,0.99
p/porzikr01,2025-26,30731707,Kristaps Porzingis,exact_normalized,0.99
m/mccolcj01,2025-26,30666666,CJ McCollum,exact_normalized,0.99
j/johnsja05,2025-26,30000000,Jalen Johnson,exact_normalized,0.99
h/harteis01,2025-26,28500000,Isaiah Hartenstein,exact_normalized,0.99
w/wiggian01,2025-26,28223214,Andrew Wiggins,exact_normalized,0.99
w/whitede01,2025-26,28100001,Derrick White,exact_normalized,0.99
b/barrerj01,2025-26,27705357,RJ Barrett,exact_normalized,0.99
s/simonan01,2025-26,27678571,Anfernee Simons,exact_normalized,0.99
v/vassede01,2025-26,27000000,Devin Vassell,exact_normalized,0.99
r/roziete01,2025-26,26643031,Terry Rozier,exact_normalized,0.99
h/harrito02,2025-26,26634146,Tobias Harris,exact_normalized,0.99
c/collijo01,2025-26,26580000,John Collins,exact_normalized,0.99
g/greendr01,2025-26,25892857,Draymond Green,exact_normalized,0.99
c/claxtni01,2025-26,25352272,Nic Claxton,exact_normalized,0.99
t/turnemy01,2025-26,25318251,Myles Turner,exact_normalized,0.99
b/bridgmi02,2025-26,25000000,Miles Bridges,exact_normalized,0.99
v/vanvlfr01,2025-26,25000000,Fred VanVleet,exact_normalized,0.99
g/giddejo01,2025-26,25000000,Josh Giddey,exact_normalized,0.99
m/murphtr02,2025-26,25000000,Trey Murphy III,exact_normalized,0.99
b/bridgmi01,2025-26,24900000,Mikal Bridges,exact_normalized,0.99
m/mcdanja02,2025-26,24858622,Jaden McDaniels,exact_normalized,0.99
d/derozde01,2025-26,24570000,DeMar DeRozan,exact_normalized,0.99
h/huntede01,2025-26,23303571,De'Andre Hunter,exact_normalized,0.99
g/gordoaa01,2025-26,22841455,Aaron Gordon,exact_normalized,0.99
k/kuminjo01,2025-26,22500000,Jonathan Kuminga,exact_normalized,0.99
b/brookdi01,2025-26,22124110,Dillon Brooks,exact_normalized,0.99
k/kuzmaky01,2025-26,21810605,Kyle Kuzma,exact_normalized,0.99
c/caldwke01,2025-26,21621500,Kentavious Caldwell-Pope,exact_normalized,0.99
r/reidna01,2025-26,21551724,Naz Reid,exact_normalized,0.99
v/vucevni01,2025-26,21481481,Nikola Vucevic,exact_normalized,0.99
j/johnsca02,2025-26,21057065,Cameron Johnson,exact_normalized,0.99
p/powelno01,2025-26,20482758,Norman Powell,exact_normalized,0.99
a/allenja01,2025-26,20000000,Jarrett Allen,exact_normalized,0.99
p/poeltja01,2025-26,19500000,Jakob Poeltl,exact_normalized,0.99
h/hartjo01,2025-26,19472240,Josh Hart,exact_normalized,0.99
n/nurkiju01,2025-26,19375000,Jusuf Nurkic,exact_normalized,0.99
s/sextoco01,2025-26,19170000,Collin Sexton,exact_normalized,0.99
b/barneha02,2025-26,19000000,Harrison Barnes,exact_normalized,0.99
m/monkma01,2025-26,18797618,Malik Monk,exact_normalized,0.99
a/aldamsa01,2025-26,18485916,Santi Aldama,exact_normalized,0.99
h/hachiru01,2025-26,18259259,Rui Hachimura,exact_normalized,0.99
d/dortlu01,2025-26,18222222,Luguentz Dort,exact_normalized,0.99
c/carusal01,2025-26,18102000,Alex Caruso,exact_normalized,0.99
n/nembhan01,2025-26,18102000,Andrew Nembhard,exact_normalized,0.99
z/zubaciv01,2025-26,18102000,Ivica Zubac,exact_normalized,0.99
c/colliza01,2025-26,18080496,Zach Collins,exact_normalized,0.99
w/willipa01,2025-26,18000000,Patrick Williams,exact_normalized,0.99
h/huertke01,2025-26,17991071,Kevin Huerter,exact_normalized,0.99
j/johnske04,2025-26,17500000,Keldon Johnson,exact_normalized,0.99
a/allengr01,2025-26,16875000,Grayson Allen,exact_normalized,0.99
r/robindu01,2025-26,16834692,Duncan Robinson,exact_normalized,0.99
t/thompkl01,2025-26,16666667,Klay Thompson,exact_normalized,0.99
b/bogdabo01,2025-26,16020000,Bogdan Bogdanovic,exact_normalized,0.99
s/strusma01,2025-26,15936452,Max Strus,exact_normalized,0.99
m/mannte01,2025-26,15500000,Terance Mann,exact_normalized,0.99
b/banchpa01,2025-26,15334769,Paolo Banchero,exact_normalized,0.99
a/alexani01,2025-26,15161800,Nickeil Alexander-Walker,exact_normalized,0.99
i/isaacjo01,2025-26,15000000,Jonathan Isaac,exact_normalized,0.99
s/stewais01,2025-26,15000000,Isaiah Stewart,exact_normalized,0.99
o/okongon01,2025-26,15000000,Onyeka Okongwu,exact_normalized,0.99
f/flaggco01,2025-26,14386320,Cooper Flagg,exact_normalized,0.99
g/gaffoda01,2025-26,14386320,Daniel Gafford,exact_normalized,0.99
a/avdijde01,2025-26,14375000,Deni Avdija,exact_normalized,0.99
w/washipj01,2025-26,14152174,P.J. Washington,exact_normalized,0.99
a/adamsst01,2025-26,14130434,Steven Adams,exact_normalized,0.99
l/lillada01,2025-26,14104000,Damian Lillard,exact_normalized,0.99
l/leverca01,2025-26,14104000,Caris LeVert,exact_normalized,0.99
s/schrode01,2025-26,14104000,Dennis Schroder,exact_normalized,0.99
t/toppiob01,2025-26,14000000,Obi Toppin,exact_normalized,0.99
k/kispeco01,2025-26,13975000,Corey Kispert,exact_normalized,0.99
r/reaveau01,2025-26,13937574,Austin Reaves,exact_normalized,0.99
j/joneshe01,2025-26,13937574,Herbert Jones,exact_normalized,0.99
h/holmgch01,2025-26,13731368,Chet Holmgren,exact_normalized,0.99
g/greenjo02,2025-26,13666667,Josh Green,exact_normalized,0.99
w/willigr01,2025-26,13645500,Grant Williams,exact_normalized,0.99
p/portibo01,2025-26,13580247,Bobby Portis,exact_normalized,0.99
o/olynyke01,2025-26,13445122,Kelly Olynyk,exact_normalized,0.99
w/wembavi01,2025-26,13376880,Victor Wembanyama,exact_normalized,0.99
w/williro04,2025-26,13285713,Robert Williams III,exact_normalized,0.99
h/holmeri01,2025-26,13280737,Richaun Holmes,exact_normalized,0.99
r/risacza01,2025-26,13197720,Zaccharie Risacher,exact_normalized,0.99
r/robinmi01,2025-26,12954546,Mitchell Robinson,exact_normalized,0.99
w/whiteco01,2025-26,12888889,Coby White,exact_normalized,0.99
f/finnedo01,2025-26,12700000,Dorian Finney-Smith,exact_normalized,0.99
c/clarkbr01,2025-26,12500000,Brandon Clarke,exact_normalized,0.99
h/harpedy01,2025-26,12370320,Dylan Harper,exact_normalized,0.99
j/joeis01,2025-26,12362338,Isaiah Joe,exact_normalized,0.99
d/divindo01,2025-26,11990000,Donte DiVincenzo,exact_normalized,0.99
m/millebr02,2025-26,11968800,Brandon Miller,exact_normalized,0.99
s/sarral01,2025-26,11808240,Alex Sarr,exact_normalized,0.99
m/mitchda01,2025-26,11600000,Davion Mitchell,exact_normalized,0.99
m/moodymo01,2025-26,11574074,Moses Moody,exact_normalized,0.99
v/vandeja01,2025-26,11571429,Jarred Vanderbilt,exact_normalized,0.99
t/thybuma01,2025-26,11550000,Matisse Thybulle,exact_normalized,0.99
v/vincega01,2025-26,11500000,Gabe Vincent,exact_normalized,0.99
m/murrake02,2025-26,11144093,Keegan Murray,exact_normalized,0.99
e/edgecvj01,2025-26,11108880,VJ Edgecombe,exact_normalized,0.99
k/kornelu01,2025-26,11000000,Luke Kornet,exact_normalized,0.99
k/kennalu01,2025-26,11000000,Luke Kennard,exact_normalized,0.99
k/klebima01,2025-26,11000000,Maxi Kleber,exact_normalized,0.99
n/nesmiaa01,2025-26,11000000,Aaron Nesmith,exact_normalized,0.99
o/okorois01,2025-26,11000000,Isaac Okoro,exact_normalized,0.99
c/cartewe01,2025-26,10850000,Wendell Carter Jr.,exact_normalized,0.99
h/hendesc01,2025-26,10748040,Scoot Henderson,exact_normalized,0.99
s/sheppre01,2025-26,10603560,Reed Sheppard,exact_normalized,0.99
v/valanjo01,2025-26,10395000,Jonas Valanciunas,exact_normalized,0.99
m/mccontj01,2025-26,10200000,T.J. McConnell,exact_normalized,0.99
o/onealro01,2025-26,10125000,Royce O'Neale,exact_normalized,0.99
i/iveyja01,2025-26,10107163,Jaden Ivey,exact_normalized,0.99
w/wiggiaa01,2025-26,10102802,Aaron Wiggins,exact_normalized,0.99
h/hausesa01,2025-26,10044643,Sam Hauser,exact_normalized,0.99
k/knuepko01,2025-26,10015680,Kon Knueppel,exact_normalized,0.99
b/balllo01,2025-26,10000000,Lonzo Ball,exact_normalized,0.99
j/jonesde02,2025-26,10000000,Derrick Jones Jr.,exact_normalized,0.99
t/thompam01,2025-26,9690600,Amen Thompson,exact_normalized,0.99
m/martica02,2025-26,9594044,Caleb Martin,exact_normalized,0.99
c/castlst01,2025-26,9560520,Stephon Castle,exact_normalized,0.99
h/hieldbu01,2025-26,9219512,Buddy Hield,exact_normalized,0.99
m/mathube01,2025-26,9187573,Bennedict Mathurin,exact_normalized,0.99
b/baileac01,2025-26,9069840,Ace Bailey,exact_normalized,0.99
m/marshna01,2025-26,9000000,Naji Marshall,exact_normalized,0.99
s/smithja04,2025-26,9000000,Jalen Smith,exact_normalized,0.99
j/jeromty01,2025-26,8781000,Ty Jerome,exact_normalized,0.99
t/thompau01,2025-26,8775000,Ausar Thompson,exact_normalized,0.99
l/lopezbr01,2025-26,8750000,Brook Lopez,exact_normalized,0.99
g/grimequ01,2025-26,8741209,Quentin Grimes,exact_normalized,0.99
m/martico01,2025-26,8680000,Cody Martin,exact_normalized,0.99
h/hollaro01,2025-26,8657280,Ronald Holland II,exact_normalized,0.99
m/merrisa01,2025-26,8482143,Sam Merrill,exact_normalized,0.99
w/willija07,2025-26,8450794,Jaylin Williams,exact_normalized,0.99
s/sharpsh01,2025-26,8399983,Shaedon Sharpe,exact_normalized,0.99
o/oubreke01,2025-26,8382150,Kelly Oubre Jr.,exact_normalized,0.99
b/bitadgo01,2025-26,8333333,Goga Bitadze,exact_normalized,0.99
f/fontesi01,2025-26,8307692,Simone Fontecchio,exact_normalized,0.99
j/johnstr03,2025-26,8237640,Tre Johnson,exact_normalized,0.99
n/niangge01,2025-26,8200000,Georges Niang,exact_normalized,0.99
n/nnajize01,2025-26,8177778,Zeke Nnaji,exact_normalized,0.99
a/aytonde01,2025-26,8104000,Deandre Ayton,exact_normalized,0.99
m/martike04,2025-26,8025000,KJ Martin,exact_normalized,0.99
m/manntr01,2025-26,8000000,Tre Mann,exact_normalized,0.99
j/jonestr01,2025-26,8000000,Tre Jones,exact_normalized,0.99
l/looneke01,2025-26,8000000,Kevon Looney,exact_normalized,0.99
b/blackan01,2025-26,7970280,Anthony Black,exact_normalized,0.99
s/salauti01,2025-26,7863240,Tidjane Salaun,exact_normalized,0.99
o/okogijo01,2025-26,7750000,Josh Okogie,exact_normalized,0.99
c/chrisma02,2025-26,7714286,Max Christie,exact_normalized,0.99
d/daniedy01,2025-26,7707709,Dyson Daniels,exact_normalized,0.99
f/fearsje01,2025-26,7520040,Jeremiah Fears,exact_normalized,0.99
d/dosunay01,2025-26,7518519,Ayo Dosunmu,exact_normalized,0.99
c/coulibi01,2025-26,7275600,Bilal Coulibaly,exact_normalized,0.99
p/pritcpa01,2025-26,7232143,Payton Pritchard,exact_normalized,0.99
c/clingdo01,2025-26,7178400,Donovan Clingan,exact_normalized,0.99
w/willike04,2025-26,7163000,Kenrich Williams,exact_normalized,0.99
j/jacksis01,2025-26,7000000,Isaiah Jackson,exact_normalized,0.99
d/demineg01,2025-26,6889200,Egor Demin,exact_normalized,0.99
c/capelca01,2025-26,6700000,Clint Capela,exact_normalized,0.99
d/diengou01,2025-26,6670882,Ousmane Dieng,exact_normalized,0.99
w/walkeja02,2025-26,6665520,Jarace Walker,exact_normalized,0.99
w/wadede01,2025-26,6623456,Dean Wade,exact_normalized,0.99
w/willija06,2025-26,6580997,Jalen Williams,exact_normalized,0.99
d/dilliro01,2025-26,6576120,Rob Dillingham,exact_normalized,0.99
d/durenja01,2025-26,6483144,Jalen Duren,exact_normalized,0.99
a/agbajoc01,2025-26,6383525,Ochai Agbaji,exact_normalized,0.99
m/murraco01,2025-26,6332520,Collin Murray-Boyles,exact_normalized,0.99
w/willima07,2025-26,6276531,Mark Williams,exact_normalized,0.99
w/willizi02,2025-26,6250000,Ziaire Williams,exact_normalized,0.99
s/sharpda01,2025-26,6250000,Day'Ron Sharpe,exact_normalized,0.99
k/konchjo01,2025-26,6165000,John Konchar,exact_normalized,0.99
h/hendrta01,2025-26,6127080,Taylor Hendricks,exact_normalized,0.99
b/beysa01,2025-26,6118644,Saddiq Bey,exact_normalized,0.99
e/edeyza01,2025-26,6045000,Zach Edey,exact_normalized,0.99
m/maluakh01,2025-26,6016080,Khaman Maluach,exact_normalized,0.99
h/hardyja02,2025-26,6000000,Jaden Hardy,exact_normalized,0.99
l/laravja01,2025-26,6000000,Jake LaRavia,exact_normalized,0.99
w/wallaca01,2025-26,5820240,Cason Wallace,exact_normalized,0.99
w/willico04,2025-26,5742480,Cody Williams,exact_normalized,0.99
c/cowarce01,2025-26,5715120,Cedric Coward,exact_normalized,0.99
r/russeda01,2025-26,5685000,D'Angelo Russell,exact_normalized,0.99
h/horfoal01,2025-26,5685000,Al Horford,exact_normalized,0.99
e/easonta01,2025-26,5675766,Tari Eason,exact_normalized,0.99
b/batumni01,2025-26,5601600,Nicolas Batum,exact_normalized,0.99
h/howarje01,2025-26,5529720,Jett Howard,exact_normalized,0.99
y/yabusgu01,2025-26,5500000,Guerschon Yabusele,exact_normalized,0.99
b/buzelma01,2025-26,5455560,Matas Buzelis,exact_normalized,0.99
e/essenno01,2025-26,5429520,Noa Essengue,exact_normalized,0.99
d/dunnkr01,2025-26,5426000,Kris Dunn,exact_normalized,0.99
s/saricda01,2025-26,5426000,Dario Saric,exact_normalized,0.99
b/bealbr01,2025-26,5354000,Bradley Beal,exact_normalized,0.99
r/reedpa01,2025-26,5335894,Paul Reed,exact_normalized,0.99
l/livelde01,2025-26,5253360,Dereck Lively II,exact_normalized,0.99
t/topicni01,2025-26,5182920,Nikola Topic,exact_normalized,0.99
q/queende01,2025-26,5157960,Derik Queen,exact_normalized,0.99
s/smartma01,2025-26,5134000,Marcus Smart,exact_normalized,0.99
d/drumman01,2025-26,5000000,Andre Drummond,exact_normalized,0.99
w/wagnemo01,2025-26,5000000,Moritz Wagner,exact_normalized,0.99
r/richani01,2025-26,5000000,Nick Richards,exact_normalized,0.99
d/dickgr01,2025-26,4990560,Gradey Dick,exact_normalized,0.99
b/branhma01,2025-26,4962033,Malaki Branham,exact_normalized,0.99
c/cartede02,2025-26,4923720,Devin Carter,exact_normalized,0.99
b/braunch01,2025-26,4921797,Christian Braun,exact_normalized,0.99
b/bryanca01,2025-26,4900320,Carter Bryant,exact_normalized,0.99
k/kesslwa01,2025-26,4878938,Walker Kessler,exact_normalized,0.99
h/hawkijo01,2025-26,4741320,Jordan Hawkins,exact_normalized,0.99
w/weslebl01,2025-26,4726328,Blake Wesley,exact_normalized,0.99
c/carrica01,2025-26,4677600,Bub Carrington,exact_normalized,0.99
s/sorbeth01,2025-26,4655040,Thomas Sorber,exact_normalized,0.99
a/alvarjo01,2025-26,4500000,Jose Alvarado,exact_normalized,0.99
j/jovicni01,2025-26,4445417,Nikola Jovic,exact_normalized,0.99
w/wareke01,2025-26,4443360,Kel'el Ware,exact_normalized,0.99
y/yangha01,2025-26,4422360,Yang Hansen,exact_normalized,0.99
w/watsope01,2025-26,4356476,Peyton Watson,exact_normalized,0.99
m/mcbrimi01,2025-26,4333333,Miles McBride,exact_normalized,0.99
g/georgke01,2025-26,4278960,Keyonte George,exact_normalized,0.99
m/mccaija01,2025-26,4221360,Jared McCain,exact_normalized,0.99
b/berinjo01,2025-26,4201080,Joan Beringer,exact_normalized,0.99
l/loveke01,2025-26,4150000,Kevin Love,exact_normalized,0.99
k/knechda01,2025-26,4010160,Dalton Knecht,exact_normalized,0.99
r/rolliry01,2025-26,4000000,Ryan Rollins,exact_normalized,0.99
p/poweldw01,2025-26,4000000,Dwight Powell,exact_normalized,0.99
c/claytwa01,2025-26,3991320,Walter Clayton Jr.,exact_normalized,0.99
j/jaqueja01,2025-26,3861600,Jaime Jaquez Jr.,exact_normalized,0.99
t/traorno01,2025-26,3811560,Nolan Traore,exact_normalized,0.99
j/jenkida01,2025-26,3809524,Daniss Jenkins,exact_normalized,0.99
d/dasiltr01,2025-26,3809520,Tristan da Silva,exact_normalized,0.99
p/podzibr01,2025-26,3687960,Brandin Podziemski,exact_normalized,0.99
m/mykhasv01,2025-26,3675000,Svi Mykhailiuk,exact_normalized,0.99
j/jakucka01,2025-26,3658800,Kasparas Jakucionis,exact_normalized,0.99
w/walteja01,2025-26,3638160,Ja'Kobe Walter,exact_normalized,0.99
h/harriga01,2025-26,3634153,Gary Harris,exact_normalized,0.99
w/whitmca01,2025-26,3539760,Cam Whitmore,exact_normalized,0.99
r/rileywi01,2025-26,3512520,Will Riley,exact_normalized,0.99
t/tysonja01,2025-26,3492480,Jaylon Tyson,exact_normalized,0.99
g/gordoer01,2025-26,3468960,Eric Gordon,exact_normalized,0.99
h/hayesja02,2025-26,3449324,Jaxson Hayes,exact_normalized,0.99
b/barlodo01,2025-26,3415000,Dominick Barlow,exact_normalized,0.99
c/clownno01,2025-26,3398640,Noah Clowney,exact_normalized,0.99
p/poweldr01,2025-26,3372240,Drake Powell,exact_normalized,0.99
m/missiyv01,2025-26,3353040,Yves Missi,exact_normalized,0.99
p/princta02,2025-26,3303774,Taurean Prince,exact_normalized,0.99
w/whiteda01,2025-26,3262560,Dariq Whitehead,exact_normalized,0.99
n/newelas01,2025-26,3237480,Asa Newell,exact_normalized,0.99
h/holmeda01,2025-26,3218760,DaRon Holmes II,exact_normalized,0.99
m/murrakr01,2025-26,3132000,Kris Murray,exact_normalized,0.99
c/cliffni01,2025-26,3108120,Nique Clifford,exact_normalized,0.99
j/johnsaj01,2025-26,3090480,AJ Johnson,exact_normalized,0.99
m/meltode01,2025-26,3080921,De'Anthony Melton,exact_normalized,0.99
f/filipky01,2025-26,3000000,Kyle Filipowski,exact_normalized,0.99
m/mitchaj01,2025-26,3000000,Ajay Mitchell,exact_normalized,0.99
c/champju02,2025-26,3000000,Julian Champagnie,exact_normalized,0.99
m/miltosh01,2025-26,3000000,Shake Milton,exact_normalized,0.99
r/richaja02,2025-26,2983320,Jase Richardson,exact_normalized,0.99
g/georgky01,2025-26,2966760,Kyshawn George,exact_normalized,0.99
s/sassema01,2025-26,2886720,Marcus Sasser,exact_normalized,0.99
s/sarafbe01,2025-26,2884560,Ben Saraf,exact_normalized,0.99
v/vukcetr01,2025-26,2857143,Tristan Vukcevic,exact_normalized,0.99
d/dadiepa01,2025-26,2847600,Pacome Dadiet,exact_normalized,0.99
w/wolfda01,2025-26,2801280,Danny Wolf,exact_normalized,0.99
s/sheppbe01,2025-26,2790720,Ben Sheppard,exact_normalized,0.99
g/gonzahu01,2025-26,2783880,Hugo Gonzalez,exact_normalized,0.99
m/mcneeli01,2025-26,2763960,Liam McNeeley,exact_normalized,0.99
j/jonesdi01,2025-26,2753280,Dillon Jones,exact_normalized,0.99
k/konanya01,2025-26,2743800,Yanic Konan Niederhauser,exact_normalized,0.99
j/jeffrda01,2025-26,2743776,DaQuan Jeffries,exact_normalized,0.99
s/sensabr01,2025-26,2693760,Brice Sensabaugh,exact_normalized,0.99
s/strawju01,2025-26,2674200,Julian Strawther,exact_normalized,0.99
s/shannte01,2025-26,2674080,Terrence Shannon Jr.,exact_normalized,0.99
w/wisemja01,2025-26,2667947,James Wiseman,exact_normalized,0.99
d/dunnry01,2025-26,2657760,Ryan Dunn,exact_normalized,0.99
b/brownko01,2025-26,2654880,Kobe Brown,exact_normalized,0.99
c/colliis01,2025-26,2638200,Isaiah Collier,exact_normalized,0.99
s/scheiba01,2025-26,2619000,Baylor Scheierman,exact_normalized,0.99
t/tillmxa01,2025-26,2546675,Xavier Tillman,exact_normalized,0.99
g/gillan01,2025-26,2546675,Anthony Gill,exact_normalized,0.99
d/daviste02,2025-26,2546675,Terence Davis,exact_normalized,0.99
s/spencca01,2025-26,2537989,Cam Spencer,exact_normalized,0.99
m/mamuksa01,2025-26,2461463,Sandro Mamukelashvili,exact_normalized,0.99
w/watfotr01,2025-26,2461463,Trendon Watford,exact_normalized,0.99
s/simsje01,2025-26,2461463,Jericho Sims,exact_normalized,0.99
g/garzalu01,2025-26,2461463,Luka Garza,exact_normalized,0.99
m/minotjo01,2025-26,2378870,Josh Minott,exact_normalized,0.99
s/smithdr01,2025-26,2378870,Dru Smith,exact_normalized,0.99
c/champju01,2025-26,2349578,Justin Champagnie,exact_normalized,0.99
k/krejcvi01,2025-26,2349578,Vit Krejci,exact_normalized,0.99
b/butleja02,2025-26,2349578,Jared Butler,exact_normalized,0.99
g/goodwjo01,2025-26,2349578,Jordan Goodwin,exact_normalized,0.99
j/johnske07,2025-26,2349578,Keon Johnson,exact_normalized,0.99
h/huffja01,2025-26,2349578,Jay Huff,exact_normalized,0.99
s/sprinja01,2025-26,2349578,Jaden Springer,exact_normalized,0.99
q/quetane01,2025-26,2349578,Neemias Queta,exact_normalized,0.99
w/willivi01,2025-26,2301587,Vince Williams Jr.,exact_normalized,0.99
g/greenaj01,2025-26,2301587,AJ Green,exact_normalized,0.99
e/elliske01,2025-26,2301587,Keon Ellis,exact_normalized,0.99
j/jamessi01,2025-26,2296274,Sion James,exact_normalized,0.99
k/kalkbry01,2025-26,2296274,Ryan Kalkbrenner,exact_normalized,0.99
d/dinwisp01,2025-26,2296274,Spencer Dinwiddie,exact_normalized,0.99
t/templga01,2025-26,2296274,Garrett Temple,exact_normalized,0.99
p/paulch01,2025-26,2296274,Chris Paul,exact_normalized,0.99
e/exumda01,2025-26,2296274,Dante Exum,exact_normalized,0.99
b/bouchch01,2025-26,2296274,Chris Boucher,exact_normalized,0.99
w/waterli01,2025-26,2296274,Lindy Waters III,exact_normalized,0.99
m/mclaujo01,2025-26,2296274,Jordan McLaughlin,exact_normalized,0.99
b/biyombi01,2025-26,2296274,Bismack Biyombo,exact_normalized,0.99
e/eubandr01,2025-26,2296274,Drew Eubanks,exact_normalized,0.99
m/mcderdo01,2025-26,2296274,Doug McDermott,exact_normalized,0.99
w/westbru01,2025-26,2296274,Russell Westbrook,exact_normalized,0.99
a/anthoco01,2025-26,2296274,Cole Anthony,exact_normalized,0.99
g/gilleco01,2025-26,2296274,Collin Gillespie,exact_normalized,0.99
c/coffeam01,2025-26,2296274,Amir Coffey,exact_normalized,0.99
l/lowryky01,2025-26,2296274,Kyle Lowry,exact_normalized,0.99
s/shamela01,2025-26,2296274,Landry Shamet,exact_normalized,0.99
c/clarkjo01,2025-26,2296274,Jordan Clarkson,exact_normalized,0.99
h/hylanbo01,2025-26,2296274,Bones Hyland,exact_normalized,0.99
i/inglejo01,2025-26,2296274,Joe Ingles,exact_normalized,0.99
a/antetth01,2025-26,2296274,Thanasis Antetokounmpo,exact_normalized,0.99
h/hayesni01,2025-26,2296274,Nigel Hayes-Davis,exact_normalized,0.99
t/tateja01,2025-26,2296274,Jae'Sean Tate,exact_normalized,0.99
g/greenje02,2025-26,2296274,Jeff Green,exact_normalized,0.99
g/greenja02,2025-26,2296274,Javonte Green,exact_normalized,0.99
b/brownbr01,2025-26,2296274,Bruce Brown,exact_normalized,0.99
b/baglema01,2025-26,2296274,Marvin Bagley III,exact_normalized,0.99
b/bryanth01,2025-26,2296274,Thomas Bryant,exact_normalized,0.99
w/wallake01,2025-26,2296274,Keaton Wallace,exact_normalized,0.99
l/landajo01,2025-26,2296274,Jock Landale,exact_normalized,0.99
l/lewisma05,2025-26,2271677,Maxwell Lewis,exact_normalized,0.99
d/diabamo01,2025-26,2270735,Moussa Diabate,exact_normalized,0.99
p/pippesc02,2025-26,2270735,Scotty Pippen Jr.,exact_normalized,0.99
l/lawsoaj01,2025-26,2270735,A.J. Lawson,exact_normalized,0.99
d/davisjd01,2025-26,2270735,JD Davison,exact_normalized,0.99
j/jordade01,2025-26,2269880,DeAndre Jordan,exact_normalized,0.99
j/jacksgg01,2025-26,2221677,GG Jackson,exact_normalized,0.99
j/jackstr02,2025-26,2221677,Trayce Jackson-Davis,exact_normalized,0.99
c/camarto01,2025-26,2221677,Toumani Camara,exact_normalized,0.99
c/councri01,2025-26,2221677,Ricky Council IV,exact_normalized,0.99
w/wilsoja03,2025-26,2221677,Jalen Wilson,exact_normalized,0.99
t/tysonhu01,2025-26,2221677,Hunter Tyson,exact_normalized,0.99
p/phillju01,2025-26,2221677,Julian Phillips,exact_normalized,0.99
j/jacksan01,2025-26,2221677,Andre Jackson Jr.,exact_normalized,0.99
s/santogu01,2025-26,2221677,Gui Santos,exact_normalized,0.99
j/jonesco02,2025-26,2221677,Colby Jones,exact_normalized,0.99
p/pickeja02,2025-26,2221677,Jalen Pickett,exact_normalized,0.99
p/portecr01,2025-26,2221677,Craig Porter Jr.,exact_normalized,0.99
m/millele01,2025-26,2221677,Leonard Miller,exact_normalized,0.99
w/walshjo01,2025-26,2221677,Jordan Walsh,exact_normalized,0.99
g/gueyemo02,2025-26,2221677,Mouhamed Gueye,exact_normalized,0.99
r/reathdu01,2025-26,2221677,Duop Reath,exact_normalized,0.99
c/castlco01,2025-26,2191897,Colin Castleton,exact_normalized,0.99
k/kolekty01,2025-26,2191897,Tyler Kolek,exact_normalized,0.99
c/clarkja02,2025-26,2191897,Jaylen Clark,exact_normalized,0.99
a/achiupr01,2025-26,2111516,Precious Achiuwa,exact_normalized,0.99
e/edwarju01,2025-26,2048494,Justin Edwards,exact_normalized,0.99
n/nfalyda01,2025-26,2048494,N'Faly Dante,exact_normalized,0.99
r/reevean01,2025-26,1955377,Antonio Reeves,exact_normalized,0.99
w/wellsja01,2025-26,1955377,Jaylen Wells,exact_normalized,0.99
m/mogbojo01,2025-26,1955377,Jonathan Mogbo,exact_normalized,0.99
s/sheadja01,2025-26,1955377,Jamal Shead,exact_normalized,0.99
b/battlja01,2025-26,1955377,Jamison Battle,exact_normalized,0.99
i/ighodos01,2025-26,1955377,Oso Ighodaro,exact_normalized,0.99
b/bonaad01,2025-26,1955377,Adem Bona,exact_normalized,0.99
h/hukpoar01,2025-26,1955377,Ariel Hukporti,exact_normalized,0.99
l/larsspe01,2025-26,1955377,Pelle Larsson,exact_normalized,0.99
j/johnske10,2025-26,1955377,Keshad Johnson,exact_normalized,0.99
j/jamesbr02,2025-26,1955377,Bronny James,exact_normalized,0.99
t/timmedr01,2025-26,1955377,Drew Timme,exact_normalized,0.99
c/chrisca02,2025-26,1955377,Cam Christie,exact_normalized,0.99
f/furphjo01,2025-26,1955377,Johnny Furphy,exact_normalized,0.99
j/jonesis01,2025-26,1955377,Isaac Jones,exact_normalized,0.99
k/klintbo01,2025-26,1955377,Bobi Klintman,exact_normalized,0.99
s/smithty02,2025-26,1955377,Tyler Smith,exact_normalized,0.99
m/matkoka01,2025-26,1955377,Karlo Matkovic,exact_normalized,0.99
p/postqu01,2025-26,1935377,Quinten Post,exact_normalized,0.99
c/curryse01,2025-26,1755198,Seth Curry,exact_normalized,0.99
p/pottemi01,2025-26,1527805,Micah Potter,exact_normalized,0.99
l/laniech01,2025-26,1372870,Chaz Lanier,exact_normalized,0.99
c/connapa01,2025-26,1315814,Pat Connaughton,exact_normalized,0.99
p/peavymi01,2025-26,1272970,Micah Peavy,exact_normalized,0.99
r/raynama01,2025-26,1272870,Maxime Raynaud,exact_normalized,0.99
f/flemira01,2025-26,1272870,Rasheer Fleming,exact_normalized,0.99
b/broomjo01,2025-26,1272870,Johni Broome,exact_normalized,0.99
p/pendano01,2025-26,1272870,Noah Penda,exact_normalized,0.99
d/diawamo01,2025-26,1272870,Mohamed Diawara,exact_normalized,0.99
t/thierad01,2025-26,1272870,Adou Thiero,exact_normalized,0.99
j/joneska03,2025-26,1272870,Kam Jones,exact_normalized,0.99
r/richawi02,2025-26,1272870,Will Richard,exact_normalized,0.99
p/proctty01,2025-26,1272870,Tyrese Proctor,exact_normalized,0.99
d/djurini01,2025-26,1272870,Nikola Durisic,fuzzy_92,0.929
w/watkija01,2025-26,1131970,Jamir Watkins,exact_normalized,0.99
g/gibsota01,2025-26,960753,Taj Gibson,exact_normalized,0.99
c/cardwdy01,2025-26,871000,Dylan Cardwell,exact_normalized,0.99
c/carteje01,2025-26,871000,Jevon Carter,exact_normalized,0.99
s/spencpa01,2025-26,857804,Pat Spencer,exact_normalized,0.99
t/thomaca02,2025-26,844607,Cam Thomas,exact_normalized,0.99
b/bufkiko01,2025-26,831410,Kobe Bufkin,exact_normalized,0.99
h/highsha01,2025-26,827984,Haywood Highsmith,exact_normalized,0.99
s/sochaje01,2025-26,778622,Jeremy Sochan,exact_normalized,0.99
c/conlemi01,2025-26,725834,Mike Conley,exact_normalized,0.99
w/walkeja01,2025-26,724598,Jabari Walker,exact_normalized,0.99
m/mcgowbr01,2025-26,724598,Bryce McGowens,exact_normalized,0.99
t/tomlina01,2025-26,718150,Nae'Qwan Tomlin,exact_normalized,0.99
p/payneca01,2025-26,712637,Cameron Payne,exact_normalized,0.99
m/millejo02,2025-26,712637,Jordan Miller,exact_normalized,0.99
h/houstca01,2025-26,699440,Caleb Houstan,exact_normalized,0.99
c/cissosi01,2025-26,688243,Sidy Cissoko,exact_normalized,0.99
j/jonessp01,2025-26,623967,Spencer Jones,exact_normalized,0.99
j/jacksqu01,2025-26,601553,Quenton Jackson,exact_normalized,0.99
p/plumlma01,2025-26,593864,Mason Plumlee,exact_normalized,0.99
b/bouyeja01,2025-26,574210,Jamaree Bouyea,exact_normalized,0.99
a/anderky01,2025-26,567470,Kyle Anderson,exact_normalized,0.99
p/prospol01,2025-26,527879,Olivier-Maxence Prosper,exact_normalized,0.99
j/jonesty01,2025-26,514682,Tyus Jones,exact_normalized,0.99
w/william01,2025-26,490128,Amari Williams,exact_normalized,0.99
g/gardnmy01,2025-26,395029,Myron Gardner,exact_normalized,0.99
n/nembhry01,2025-26,321875,Ryan Nembhard,exact_normalized,0.99
c/curryst01,2026-27,62587158,Stephen Curry,exact_normalized,0.99
j/jokicni01,2026-27,59033114,Nikola Jokic,exact_normalized,0.99
d/davisan02,2026-27,58456566,Anthony Davis,exact_normalized,0.99
a/antetgi01,2026-27,58456566,Giannis Antetokounmpo,exact_normalized,0.99
t/tatumja01,2026-27,58456566,Jayson Tatum,exact_normalized,0.99
e/embiijo01,2026-27,58100000,Joel Embiid,exact_normalized,0.99
b/bookede01,2026-27,57078728,Devin Booker,exact_normalized,0.99
t/townska01,2026-27,57078728,Karl-Anthony Towns,exact_normalized,0.99
b/brownja02,2026-27,57078728,Jaylen Brown,exact_normalized,0.99
b/butleji01,2026-27,56832773,Jimmy Butler III,exact_normalized,0.99
g/georgpa01,2026-27,54126380,Paul George,exact_normalized,0.99
l/leonaka01,2026-27,50300000,Kawhi Leonard,exact_normalized,0.99
c/cunnica01,2026-27,50105628,Cade Cunningham,exact_normalized,0.99
m/murraja01,2026-27,50105628,Jamal Murray,exact_normalized,0.99
m/mobleev01,2026-27,50105628,Evan Mobley,exact_normalized,0.99
m/mitchdo01,2026-27,50105628,Donovan Mitchell,exact_normalized,0.99
f/foxde01,2026-27,49800000,De'Aaron Fox,exact_normalized,0.99
a/adebaba01,2026-27,49500000,Bam Adebayo,exact_normalized,0.99
d/doncilu01,2026-27,49500000,Luka Doncic,exact_normalized,0.99
y/youngtr01,2026-27,48967380,Trae Young,exact_normalized,0.99
l/lavinza01,2026-27,48967380,Zach LaVine,exact_normalized,0.99
e/edwaran01,2026-27,48924624,Anthony Edwards,exact_normalized,0.99
h/halibty01,2026-27,48924624,Tyrese Haliburton,exact_normalized,0.99
s/siakapa01,2026-27,48924624,Pascal Siakam,exact_normalized,0.99
m/markkla01,2026-27,46113154,Lauri Markkanen,exact_normalized,0.99
s/sabondo01,2026-27,45472000,Domantas Sabonis,exact_normalized,0.99
d/duranke01,2026-27,43902439,Kevin Durant,exact_normalized,0.99
a/anunoog01,2026-27,42500000,OG Anunoby,exact_normalized,0.99
h/hardeja01,2026-27,42317308,James Harden,exact_normalized,0.99
m/moranja01,2026-27,42166510,Ja Morant,exact_normalized,0.99
g/garlada01,2026-27,42166510,Darius Garland,exact_normalized,0.99
w/willizi01,2026-27,42166510,Zion Williamson,exact_normalized,0.99
b/barnesc01,2026-27,41754690,Scottie Barnes,exact_normalized,0.99
w/wagnefr01,2026-27,41754690,Franz Wagner,exact_normalized,0.99
w/willija06,2026-27,41500000,Jalen Williams,exact_normalized,0.99
h/holmgch01,2026-27,41500000,Chet Holmgren,exact_normalized,0.99
b/banchpa01,2026-27,41500000,Paolo Banchero,exact_normalized,0.99
p/portemi01,2026-27,40906150,Michael Porter Jr.,exact_normalized,0.99
g/gilgesh01,2026-27,40806150,Shai Gilgeous-Alexander,exact_normalized,0.99
b/ballla01,2026-27,40770520,LaMelo Ball,exact_normalized,0.99
m/maxeyty01,2026-27,40770520,Tyrese Maxey,exact_normalized,0.99
i/ingrabr01,2026-27,40000000,Brandon Ingram,exact_normalized,0.99
b/banede01,2026-27,39446090,Desmond Bane,exact_normalized,0.99
i/irvinky01,2026-27,39416562,Kyrie Irving,exact_normalized,0.99
b/brunsja01,2026-27,37739521,Jalen Brunson,exact_normalized,0.99
g/goberru01,2026-27,36500000,Rudy Gobert,exact_normalized,0.99
g/greenja05,2026-27,36251166,Jalen Green,exact_normalized,0.99
s/sengual01,2026-27,35642202,Alperen Sengun,exact_normalized,0.99
h/holidjr01,2026-27,34800000,Jrue Holiday,exact_normalized,0.99
g/grantje01,2026-27,34206897,Jerami Grant,exact_normalized,0.99
p/poolejo01,2026-27,34044642,Jordan Poole,exact_normalized,0.99
g/gordoaa01,2026-27,33658037,Aaron Gordon,exact_normalized,0.99
b/bridgmi01,2026-27,33482143,Mikal Bridges,exact_normalized,0.99
r/randlju01,2026-27,33333333,Julius Randle,exact_normalized,0.99
h/herroty01,2026-27,33000000,Tyler Herro,exact_normalized,0.99
m/murrade01,2026-27,32785071,Dejounte Murray,exact_normalized,0.99
q/quickim01,2026-27,32500000,Immanuel Quickley,exact_normalized,0.99
s/suggsja01,2026-27,32400000,Jalen Suggs,exact_normalized,0.99
w/whitede01,2026-27,30348001,Derrick White,exact_normalized,0.99
w/wiggian01,2026-27,30169643,Andrew Wiggins,exact_normalized,0.99
j/johnsja05,2026-27,30000000,Jalen Johnson,exact_normalized,0.99
b/barrerj01,2026-27,29616071,RJ Barrett,exact_normalized,0.99
h/harteis01,2026-27,28500000,Isaiah Hartenstein,exact_normalized,0.99
a/allenja01,2026-27,28000000,Jarrett Allen,exact_normalized,0.99
g/greendr01,2026-27,27678571,Draymond Green,exact_normalized,0.99
v/vassede01,2026-27,27000000,Devin Vassell,exact_normalized,0.99
m/murphtr02,2026-27,27000000,Trey Murphy III,exact_normalized,0.99
t/turnemy01,2026-27,26584164,Myles Turner,exact_normalized,0.99
m/mcdanja02,2026-27,26200001,Jaden McDaniels,exact_normalized,0.99
d/derozde01,2026-27,25740000,DeMar DeRozan,exact_normalized,0.99
v/vanvlfr01,2026-27,25000000,Fred VanVleet,exact_normalized,0.99
g/giddejo01,2026-27,25000000,Josh Giddey,exact_normalized,0.99
d/daniedy01,2026-27,25000000,Dyson Daniels,exact_normalized,0.99
h/huntede01,2026-27,24910714,De'Andre Hunter,exact_normalized,0.99
k/kuminjo01,2026-27,24300000,Jonathan Kuminga,exact_normalized,0.99
m/murrake02,2026-27,24137931,Keegan Murray,exact_normalized,0.99
r/reidna01,2026-27,23275862,Naz Reid,exact_normalized,0.99
c/claxtni01,2026-27,23147727,Nic Claxton,exact_normalized,0.99
j/johnsca02,2026-27,23062500,Cameron Johnson,exact_normalized,0.99
b/bridgmi02,2026-27,22826087,Miles Bridges,exact_normalized,0.99
c/caldwke01,2026-27,21621500,Kentavious Caldwell-Pope,exact_normalized,0.99
b/braunch01,2026-27,21551774,Christian Braun,exact_normalized,0.99
m/monkma01,2026-27,21190034,Malik Monk,exact_normalized,0.99
h/hartjo01,2026-27,20923760,Josh Hart,exact_normalized,0.99
k/kuzmaky01,2026-27,20345152,Kyle Kuzma,exact_normalized,0.99
z/zubaciv01,2026-27,20342140,Ivica Zubac,exact_normalized,0.99
s/sharpsh01,2026-27,20089286,Shaedon Sharpe,exact_normalized,0.99
b/brookdi01,2026-27,19992727,Dillon Brooks,exact_normalized,0.99
w/washipj01,2026-27,19813044,P.J. Washington,exact_normalized,0.99
c/carusal01,2026-27,19550160,Alex Caruso,exact_normalized,0.99
n/nembhan01,2026-27,19550160,Andrew Nembhard,exact_normalized,0.99
p/poeltja01,2026-27,19500000,Jakob Poeltl,exact_normalized,0.99
d/dortlu01,2026-27,18222222,Luguentz Dort,exact_normalized,0.99
a/allengr01,2026-27,18125000,Grayson Allen,exact_normalized,0.99
c/cartewe01,2026-27,18102000,Wendell Carter Jr.,exact_normalized,0.99
c/camarto01,2026-27,18080358,Toumani Camara,exact_normalized,0.99
w/willipa01,2026-27,18000000,Patrick Williams,exact_normalized,0.99
j/johnske04,2026-27,17500000,Keldon Johnson,exact_normalized,0.99
t/thompkl01,2026-27,17460317,Klay Thompson,exact_normalized,0.99
g/gaffoda01,2026-27,17263584,Daniel Gafford,exact_normalized,0.99
a/aldamsa01,2026-27,17007043,Santi Aldama,exact_normalized,0.99
w/wembavi01,2026-27,16868245,Victor Wembanyama,exact_normalized,0.99
s/strusma01,2026-27,16660836,Max Strus,exact_normalized,0.99
j/jovicni01,2026-27,16200000,Nikola Jovic,exact_normalized,0.99
o/okongon01,2026-27,16120000,Onyeka Okongwu,exact_normalized,0.99
b/bogdabo01,2026-27,16020000,Bogdan Bogdanovic,exact_normalized,0.99
r/robindu01,2026-27,15992957,Duncan Robinson,exact_normalized,0.99
m/mannte01,2026-27,15500000,Terance Mann,exact_normalized,0.99
m/millebr02,2026-27,15104625,Brandon Miller,exact_normalized,0.99
t/toppiob01,2026-27,15000000,Obi Toppin,exact_normalized,0.99
s/stewais01,2026-27,15000000,Isaiah Stewart,exact_normalized,0.99
j/joneshe01,2026-27,14898786,Herbert Jones,exact_normalized,0.99
l/leverca01,2026-27,14809200,Caris LeVert,exact_normalized,0.99
s/schrode01,2026-27,14809200,Dennis Schroder,exact_normalized,0.99
g/greenjo02,2026-27,14679012,Josh Green,exact_normalized,0.99
p/portibo01,2026-27,14521414,Bobby Portis,exact_normalized,0.99
f/flaggco01,2026-27,14517480,Cooper Flagg,exact_normalized,0.99
i/isaacjo01,2026-27,14500000,Jonathan Isaac,exact_normalized,0.99
a/alexani01,2026-27,14403710,Nickeil Alexander-Walker,exact_normalized,0.99
w/willigr01,2026-27,14265750,Grant Williams,exact_normalized,0.99
k/kispeco01,2026-27,13975000,Corey Kispert,exact_normalized,0.99
r/risacza01,2026-27,13826040,Zaccharie Risacher,exact_normalized,0.99
h/hendesc01,2026-27,13585522,Scoot Henderson,exact_normalized,0.99
l/lillada01,2026-27,13398000,Damian Lillard,exact_normalized,0.99
f/finnedo01,2026-27,13335000,Dorian Finney-Smith,exact_normalized,0.99
a/avdijde01,2026-27,13125000,Deni Avdija,exact_normalized,0.99
a/adamsst01,2026-27,13000000,Steven Adams,exact_normalized,0.99
h/harpedy01,2026-27,12989040,Dylan Harper,exact_normalized,0.99
c/clarkbr01,2026-27,12500000,Brandon Clarke,exact_normalized,0.99
m/moodymo01,2026-27,12500000,Moses Moody,exact_normalized,0.99
v/vandeja01,2026-27,12428571,Jarred Vanderbilt,exact_normalized,0.99
m/mitchda01,2026-27,12400000,Davion Mitchell,exact_normalized,0.99
s/sarral01,2026-27,12370680,Alex Sarr,exact_normalized,0.99
t/thompam01,2026-27,12258609,Amen Thompson,exact_normalized,0.99
o/okorois01,2026-27,11814815,Isaac Okoro,exact_normalized,0.99
e/edgecvj01,2026-27,11663880,VJ Edgecombe,exact_normalized,0.99
o/onealro01,2026-27,11375000,Royce O'Neale,exact_normalized,0.99
j/joeis01,2026-27,11323006,Isaiah Joe,exact_normalized,0.99
t/thompau01,2026-27,11117925,Ausar Thompson,exact_normalized,0.99
s/sheppre01,2026-27,11108880,Reed Sheppard,exact_normalized,0.99
n/nesmiaa01,2026-27,11000000,Aaron Nesmith,exact_normalized,0.99
m/mccontj01,2026-27,11000000,T.J. McConnell,exact_normalized,0.99
h/hausesa01,2026-27,10848241,Sam Hauser,exact_normalized,0.99
k/knuepko01,2026-27,10516560,Kon Knueppel,exact_normalized,0.99
j/jonesde02,2026-27,10476190,Derrick Jones Jr.,exact_normalized,0.99
k/kornelu01,2026-27,10450000,Luke Kornet,exact_normalized,0.99
b/blackan01,2026-27,10106315,Anthony Black,exact_normalized,0.99
g/greenaj01,2026-27,10044643,AJ Green,exact_normalized,0.99
c/castlst01,2026-27,10015920,Stephon Castle,exact_normalized,0.99
m/martica02,2026-27,10001494,Caleb Martin,exact_normalized,0.99
v/valanjo01,2026-27,10000000,Jonas Valanciunas,exact_normalized,0.99
h/hieldbu01,2026-27,9658536,Buddy Hield,exact_normalized,0.99
b/baileac01,2026-27,9523080,Ace Bailey,exact_normalized,0.99
m/marshna01,2026-27,9428571,Naji Marshall,exact_normalized,0.99
s/smithja04,2026-27,9428571,Jalen Smith,exact_normalized,0.99
c/coulibi01,2026-27,9240012,Bilal Coulibaly,exact_normalized,0.99
w/wiggiaa01,2026-27,9224300,Aaron Wiggins,exact_normalized,0.99
j/jeromty01,2026-27,9220050,Ty Jerome,exact_normalized,0.99
m/merrisa01,2026-27,9160714,Sam Merrill,exact_normalized,0.99
h/hollaro01,2026-27,9069600,Ronald Holland II,exact_normalized,0.99
l/lopezbr01,2026-27,8750000,Brook Lopez,exact_normalized,0.99
j/johnstr03,2026-27,8649600,Tre Johnson,exact_normalized,0.99
w/walkeja02,2026-27,8478541,Jarace Walker,exact_normalized,0.99
c/chrisma02,2026-27,8285714,Max Christie,exact_normalized,0.99
s/salauti01,2026-27,8237880,Tidjane Salaun,exact_normalized,0.99
a/aytonde01,2026-27,8104000,Deandre Ayton,exact_normalized,0.99
m/manntr01,2026-27,8000000,Tre Mann,exact_normalized,0.99
j/jonestr01,2026-27,8000000,Tre Jones,exact_normalized,0.99
l/looneke01,2026-27,8000000,Kevon Looney,exact_normalized,0.99
f/fearsje01,2026-27,7896240,Jeremiah Fears,exact_normalized,0.99
h/hendrta01,2026-27,7805900,Taylor Hendricks,exact_normalized,0.99
w/willija07,2026-27,7774648,Jaylin Williams,exact_normalized,0.99
p/pritcpa01,2026-27,7767857,Payton Pritchard,exact_normalized,0.99
b/bitadgo01,2026-27,7608696,Goga Bitadze,exact_normalized,0.99
c/clingdo01,2026-27,7519920,Donovan Clingan,exact_normalized,0.99
n/nnajize01,2026-27,7466667,Zeke Nnaji,exact_normalized,0.99
w/wallaca01,2026-27,7420806,Cason Wallace,exact_normalized,0.99
l/livelde01,2026-27,7239130,Dereck Lively II,exact_normalized,0.99
d/demineg01,2026-27,7233720,Egor Demin,exact_normalized,0.99
w/willike04,2026-27,7163000,Kenrich Williams,exact_normalized,0.99
d/dickgr01,2026-27,7131510,Gradey Dick,exact_normalized,0.99
c/capelca01,2026-27,7035000,Clint Capela,exact_normalized,0.99
h/hawkijo01,2026-27,7021895,Jordan Hawkins,exact_normalized,0.99
j/jacksis01,2026-27,7000000,Isaiah Jackson,exact_normalized,0.99
d/dilliro01,2026-27,6889320,Rob Dillingham,exact_normalized,0.99
m/murraco01,2026-27,6649560,Collin Murray-Boyles,exact_normalized,0.99
g/georgke01,2026-27,6563925,Keyonte George,exact_normalized,0.99
b/beysa01,2026-27,6440678,Saddiq Bey,exact_normalized,0.99
e/edeyza01,2026-27,6332760,Zach Edey,exact_normalized,0.99
m/maluakh01,2026-27,6316680,Khaman Maluach,exact_normalized,0.99
w/willizi02,2026-27,6250000,Ziaire Williams,exact_normalized,0.99
s/sharpda01,2026-27,6250000,Day'Ron Sharpe,exact_normalized,0.99
k/konchjo01,2026-27,6165000,John Konchar,exact_normalized,0.99
w/willico04,2026-27,6015600,Cody Williams,exact_normalized,0.99
c/cowarce01,2026-27,6001080,Cedric Coward,exact_normalized,0.99
h/hardyja02,2026-27,6000000,Jaden Hardy,exact_normalized,0.99
l/laravja01,2026-27,6000000,Jake LaRavia,exact_normalized,0.99
r/russeda01,2026-27,5969250,D'Angelo Russell,exact_normalized,0.99
h/horfoal01,2026-27,5969250,Al Horford,exact_normalized,0.99
j/jaqueja01,2026-27,5939141,Jaime Jaquez Jr.,exact_normalized,0.99
b/batumni01,2026-27,5881680,Nicolas Batum,exact_normalized,0.99
b/buzelma01,2026-27,5715360,Matas Buzelis,exact_normalized,0.99
e/essenno01,2026-27,5701200,Noa Essengue,exact_normalized,0.99
d/dunnkr01,2026-27,5684800,Kris Dunn,exact_normalized,0.99
p/podzibr01,2026-27,5679458,Brandin Podziemski,exact_normalized,0.99
b/bealbr01,2026-27,5621700,Bradley Beal,exact_normalized,0.99
w/whitmca01,2026-27,5458310,Cam Whitmore,exact_normalized,0.99
t/topicni01,2026-27,5429760,Nikola Topic,exact_normalized,0.99
q/queende01,2026-27,5416080,Derik Queen,exact_normalized,0.99
c/clownno01,2026-27,5414034,Noah Clowney,exact_normalized,0.99
s/smartma01,2026-27,5390700,Marcus Smart,exact_normalized,0.99
m/murrakr01,2026-27,5315004,Kris Murray,exact_normalized,0.99
s/sassema01,2026-27,5198983,Marcus Sasser,exact_normalized,0.99
c/cartede02,2026-27,5158080,Devin Carter,exact_normalized,0.99
b/bryanca01,2026-27,5145360,Carter Bryant,exact_normalized,0.99
s/sheppbe01,2026-27,5031668,Ben Sheppard,exact_normalized,0.99
c/carrica01,2026-27,4900560,Bub Carrington,exact_normalized,0.99
s/sorbeth01,2026-27,4887720,Thomas Sorber,exact_normalized,0.99
s/sensabr01,2026-27,4862237,Brice Sensabaugh,exact_normalized,0.99
s/strawju01,2026-27,4826931,Julian Strawther,exact_normalized,0.99
w/wareke01,2026-27,4654920,Kel'el Ware,exact_normalized,0.99
y/yangha01,2026-27,4643520,Yang Hansen,exact_normalized,0.99
s/santogu01,2026-27,4629630,Gui Santos,exact_normalized,0.99
a/alvarjo01,2026-27,4500000,Jose Alvarado,exact_normalized,0.99
m/mccaija01,2026-27,4422600,Jared McCain,exact_normalized,0.99
b/berinjo01,2026-27,4411200,Joan Beringer,exact_normalized,0.99
k/knechda01,2026-27,4201080,Dalton Knecht,exact_normalized,0.99
c/claytwa01,2026-27,4190520,Walter Clayton Jr.,exact_normalized,0.99
t/traorno01,2026-27,4002000,Nolan Traore,exact_normalized,0.99
r/rolliry01,2026-27,4000000,Ryan Rollins,exact_normalized,0.99
j/jenkida01,2026-27,4000000,Daniss Jenkins,exact_normalized,0.99
d/dasiltr01,2026-27,3991200,Tristan da Silva,exact_normalized,0.99
m/mcbrimi01,2026-27,3956523,Miles McBride,exact_normalized,0.99
m/mykhasv01,2026-27,3850000,Svi Mykhailiuk,exact_normalized,0.99
j/jakucka01,2026-27,3841680,Kasparas Jakucionis,exact_normalized,0.99
c/connapa01,2026-27,3815861,Pat Connaughton,exact_normalized,0.99
h/harriga01,2026-27,3815861,Gary Harris,exact_normalized,0.99
w/walteja01,2026-27,3811800,Ja'Kobe Walter,exact_normalized,0.99
r/rileywi01,2026-27,3688320,Will Riley,exact_normalized,0.99
t/tysonja01,2026-27,3658560,Jaylon Tyson,exact_normalized,0.99
p/poweldr01,2026-27,3540600,Drake Powell,exact_normalized,0.99
m/missiyv01,2026-27,3512760,Yves Missi,exact_normalized,0.99
b/barlodo01,2026-27,3415000,Dominick Barlow,exact_normalized,0.99
n/newelas01,2026-27,3399480,Asa Newell,exact_normalized,0.99
h/holmeda01,2026-27,3372120,DaRon Holmes II,exact_normalized,0.99
c/cliffni01,2026-27,3263400,Nique Clifford,exact_normalized,0.99
j/johnsaj01,2026-27,3237120,AJ Johnson,exact_normalized,0.99
g/gibsota01,2026-27,3185861,Taj Gibson,exact_normalized,0.99
r/richaja02,2026-27,3132360,Jase Richardson,exact_normalized,0.99
g/georgky01,2026-27,3108000,Kyshawn George,exact_normalized,0.99
s/sarafbe01,2026-27,3028560,Ben Saraf,exact_normalized,0.99
h/hayeski01,2026-27,3018158,Killian Hayes,exact_normalized,0.99
h/highsha01,2026-27,3018158,Haywood Highsmith,exact_normalized,0.99
v/vukcetr01,2026-27,3000000,Tristan Vukcevic,exact_normalized,0.99
f/filipky01,2026-27,3000000,Kyle Filipowski,exact_normalized,0.99
c/champju02,2026-27,3000000,Julian Champagnie,exact_normalized,0.99
d/dadiepa01,2026-27,2983680,Pacome Dadiet,exact_normalized,0.99
w/wolfda01,2026-27,2941440,Danny Wolf,exact_normalized,0.99
g/gonzahu01,2026-27,2923560,Hugo Gonzalez,exact_normalized,0.99
m/mcneeli01,2026-27,2902080,Liam McNeeley,exact_normalized,0.99
k/konanya01,2026-27,2880960,Yanic Konan Niederhauser,exact_normalized,0.99
m/mitchaj01,2026-27,2850000,Ajay Mitchell,exact_normalized,0.99
s/shannte01,2026-27,2801640,Terrence Shannon Jr.,exact_normalized,0.99
w/watfotr01,2026-27,2801346,Trendon Watford,exact_normalized,0.99
p/pottemi01,2026-27,2801346,Micah Potter,exact_normalized,0.99
g/garzalu01,2026-27,2801346,Luka Garza,exact_normalized,0.99
d/dunnry01,2026-27,2784240,Ryan Dunn,exact_normalized,0.99
c/colliis01,2026-27,2763960,Isaiah Collier,exact_normalized,0.99
s/scheiba01,2026-27,2744040,Baylor Scheierman,exact_normalized,0.99
c/champju01,2026-27,2667944,Justin Champagnie,exact_normalized,0.99
k/krejcvi01,2026-27,2667944,Vit Krejci,exact_normalized,0.99
h/huffja01,2026-27,2667944,Jay Huff,exact_normalized,0.99
q/quetane01,2026-27,2667944,Neemias Queta,exact_normalized,0.99
b/bouyeja01,2026-27,2584539,Jamaree Bouyea,exact_normalized,0.99
w/walkeja01,2026-27,2584539,Jabari Walker,exact_normalized,0.99
m/minotjo01,2026-27,2584539,Josh Minott,exact_normalized,0.99
j/jacksqu01,2026-27,2584539,Quenton Jackson,exact_normalized,0.99
m/mcgowbr01,2026-27,2584539,Bryce McGowens,exact_normalized,0.99
s/smithdr01,2026-27,2584359,Dru Smith,exact_normalized,0.99
p/prospol01,2026-27,2497812,Olivier-Maxence Prosper,exact_normalized,0.99
c/cissosi01,2026-27,2497812,Sidy Cissoko,exact_normalized,0.99
b/bufkiko01,2026-27,2497812,Kobe Bufkin,exact_normalized,0.99
m/millejo02,2026-27,2497812,Jordan Miller,exact_normalized,0.99
d/diabamo01,2026-27,2461462,Moussa Diabate,exact_normalized,0.99
p/pippesc02,2026-27,2461462,Scotty Pippen Jr.,exact_normalized,0.99
j/jamessi01,2026-27,2411090,Sion James,exact_normalized,0.99
k/kalkbry01,2026-27,2411090,Ryan Kalkbrenner,exact_normalized,0.99
s/spencca01,2026-27,2411090,Cam Spencer,exact_normalized,0.99
e/edwarju01,2026-27,2411090,Justin Edwards,exact_normalized,0.99
t/tomlina01,2026-27,2411090,Nae'Qwan Tomlin,exact_normalized,0.99
j/jacksgg01,2026-27,2406205,GG Jackson,exact_normalized,0.99
j/jackstr02,2026-27,2406205,Trayce Jackson-Davis,exact_normalized,0.99
p/pickeja02,2026-27,2406205,Jalen Pickett,exact_normalized,0.99
p/portecr01,2026-27,2406205,Craig Porter Jr.,exact_normalized,0.99
m/millele01,2026-27,2406205,Leonard Miller,exact_normalized,0.99
w/walshjo01,2026-27,2406205,Jordan Walsh,exact_normalized,0.99
g/gueyemo02,2026-27,2406205,Mouhamed Gueye,exact_normalized,0.99
j/jamesbr02,2026-27,2296274,Bronny James,exact_normalized,0.99
w/wellsja01,2026-27,2296271,Jaylen Wells,exact_normalized,0.99
m/mogbojo01,2026-27,2296271,Jonathan Mogbo,exact_normalized,0.99
s/sheadja01,2026-27,2296271,Jamal Shead,exact_normalized,0.99
b/battlja01,2026-27,2296271,Jamison Battle,exact_normalized,0.99
b/bonaad01,2026-27,2296271,Adem Bona,exact_normalized,0.99
k/kolekty01,2026-27,2296271,Tyler Kolek,exact_normalized,0.99
l/larsspe01,2026-27,2296271,Pelle Larsson,exact_normalized,0.99
c/chrisca02,2026-27,2296271,Cam Christie,exact_normalized,0.99
f/furphjo01,2026-27,2296271,Johnny Furphy,exact_normalized,0.99
k/klintbo01,2026-27,2296271,Bobi Klintman,exact_normalized,0.99
m/matkoka01,2026-27,2296271,Karlo Matkovic,exact_normalized,0.99
w/watkija01,2026-27,2150917,Jamir Watkins,exact_normalized,0.99
r/raynama01,2026-27,2150917,Maxime Raynaud,exact_normalized,0.99
c/cardwdy01,2026-27,2150917,Dylan Cardwell,exact_normalized,0.99
f/flemira01,2026-27,2150917,Rasheer Fleming,exact_normalized,0.99
b/broomjo01,2026-27,2150917,Johni Broome,exact_normalized,0.99
p/pendano01,2026-27,2150917,Noah Penda,exact_normalized,0.99
g/gardnmy01,2026-27,2150917,Myron Gardner,exact_normalized,0.99
t/thierad01,2026-27,2150917,Adou Thiero,exact_normalized,0.99
s/sandeko01,2026-27,2150917,Kobe Sanders,exact_normalized,0.99
j/joneska03,2026-27,2150917,Kam Jones,exact_normalized,0.99
l/laniech01,2026-27,2150917,Chaz Lanier,exact_normalized,0.99
p/proctty01,2026-27,2150917,Tyrese Proctor,exact_normalized,0.99
p/peavymi01,2026-27,2150917,Micah Peavy,exact_normalized,0.99
j/johnsla02,1999-00,11910000,Larry Johnson,manual,1
j/johnsla02,2000-01,12485000,Larry Johnson,manual,1
p/paytoga01,1999-00,11020000,Gary Payton,manual,1
p/paytoga01,2000-01,12200000,Gary Payton,manual,1
p/paytoga01,2001-02,12926000,Gary Payton,manual,1
p/paytoga01,2002-03,13080000,Gary Payton,manual,1
p/paytoga01,2005-06,719373,Gary Payton,manual,1
p/paytoga01,2006-07,744551,Gary Payton,manual,1
r/robingl01,1999-00,7250000,Glenn Robinson,manual,1
r/robingl01,2000-01,8120000,Glenn Robinson,manual,1
r/robingl01,2001-02,8990000,Glenn Robinson,manual,1
r/robingl01,2002-03,9860000,Glenn Robinson,manual,1
r/robingl01,2003-04,10730000,Glenn Robinson,manual,1
r/robingl01,2004-05,12000000,Glenn Robinson,manual,1
s/smithst01,1999-00,7200000,Steve Smith,manual,1
s/smithst01,2000-01,8100000,Steve Smith,manual,1
s/smithst01,2001-02,9000000,Steve Smith,manual,1
s/smithst01,2002-03,9900000,Steve Smith,manual,1
a/austiis01,1999-00,4819000,Isaac Austin,manual,1
a/austiis01,2000-01,5500000,Isaac Austin,manual,1
a/austiis01,2001-02,5695000,Isaac Austin,manual,1
h/hendece02,1999-00,2400000,Cedric Henderson,manual,1
h/hendece02,2000-01,2700000,Cedric Henderson,manual,1
h/hendece02,2001-02,3000000,Cedric Henderson,manual,1
e/ewingpa01,2000-01,14000000,Patrick Ewing,manual,1
e/ewingpa01,2001-02,2118000,Patrick Ewing,manual,1
h/hardati01,2000-01,12000000,Tim Hardaway,manual,1
h/hardati01,2001-02,3360000,Tim Hardaway,manual,1
h/hardati01,2002-03,3780000,Tim Hardaway,manual,1
r/ricegl01,2000-01,7578000,Glen Rice,manual,1
r/ricegl01,2001-02,8800000,Glen Rice,manual,1
r/ricegl01,2002-03,9200000,Glen Rice,manual,1
r/ricegl01,2003-04,9600000,Glen Rice,manual,1
h/harpero01,2000-01,2200000,Ron Harper,manual,1
w/weathcl01,2000-01,2100000,Clarence Weatherspoon,manual,1
w/weathcl01,2001-02,4538000,Clarence Weatherspoon,manual,1
w/weathcl01,2002-03,4991000,Clarence Weatherspoon,manual,1
w/weathcl01,2003-04,5445000,Clarence Weatherspoon,manual,1
w/weathcl01,2004-05,5899000,Clarence Weatherspoon,manual,1
b/boguemu01,2000-01,1740000,Muggsy Bogues,manual,1
b/brownde01,2000-01,548000,Dee Brown,manual,1
j/jacksja01,2001-02,3020000,Jaren Jackson,manual,1
t/trentga01,2001-02,591000,Gary Trent,manual,1
s/smithch04,2001-02,541000,Charles Smith,manual,1
s/smithch04,2002-03,612000,Charles Smith,manual,1
s/smithch04,2005-06,719373,Charles Smith,manual,1
z/zhizhiwa01,2001-02,465000,ZhiZhi Wang,manual,1
s/smithja01,2001-02,304000,Jabari Smith,manual,1
j/jamesmi01,2001-02,237000,Mike James,manual,1
j/jamesmi01,2005-06,3410000,Mike James,manual,1
j/jamesmi01,2006-07,5215000,Mike James,manual,1
j/jamesmi01,2007-08,5826893,Mike James,manual,1
j/jamesmi01,2008-09,6244093,Mike James,manual,1
j/jamesmi01,2009-10,6466600,Mike James,manual,1
j/jamesmi01,2010-11,6466600,Mike James,manual,1
j/jamesmi01,2011-12,220487,Mike James,manual,1
j/jamesmi01,2012-13,502581,Mike James,manual,1
j/jamesmi01,2013-14,57627,Mike James,manual,1
j/jamesmi01,2014-15,1448490,Mike James,manual,1
j/jamesmi02,2020-21,39608,Mike James,manual,1
d/dunlemi02,2005-06,4506261,Mike Dunleavy,manual,1
d/dunlemi02,2006-07,7438016,Mike Dunleavy,manual,1
d/dunlemi02,2007-08,8219008,Mike Dunleavy,manual,1
d/dunlemi02,2008-09,9000000,Mike Dunleavy,manual,1
d/dunlemi02,2009-10,9780992,Mike Dunleavy,manual,1
d/dunlemi02,2010-11,10561984,Mike Dunleavy,manual,1
d/dunlemi02,2011-12,3750000,Mike Dunleavy,manual,1
d/dunlemi02,2012-13,3183000,Mike Dunleavy,manual,1
d/dunlemi02,2013-14,3183000,Mike Dunleavy,manual,1
d/dunlemi02,2014-15,3326235,Mike Dunleavy,manual,1
d/dunlemi02,2015-16,4500000,Mike Dunleavy,manual,1
d/dunlemi02,2016-17,4837500,Mike Dunleavy,manual,1
d/dunlemi02,2017-18,4837500,Mike Dunleavy,manual,1
h/hilarne01,2005-06,3039889,Nene Hilario,manual,1
h/hilarne01,2006-07,8000000,Nene Hilario,manual,1
h/hilarne01,2007-08,8840000,Nene Hilario,manual,1
h/hilarne01,2008-09,9680000,Nene Hilario,manual,1
h/hilarne01,2009-10,10520000,Nene Hilario,manual,1
h/hilarne01,2010-11,11360000,Nene Hilario,manual,1
h/hilarne01,2011-12,13000000,Nene Hilario,manual,1
h/hilarne01,2012-13,13000000,Nene Hilario,manual,1
h/hilarne01,2013-14,13000000,Nene Hilario,manual,1
h/hilarne01,2014-15,13000000,Nene Hilario,manual,1
h/hilarne01,2015-16,13000000,Nene Hilario,manual,1
h/hilarne01,2016-17,2898000,Nene Hilario,manual,1
h/hilarne01,2017-18,3477600,Nene Hilario,manual,1
h/hilarne01,2018-19,3651480,Nene Hilario,manual,1
h/hilarne01,2019-20,2564753,Nene Hilario,manual,1
h/hilarne01,2020-21,2564753,Nene Hilario,manual,1
m/murraro01,2005-06,895248,Ronald Murray,manual,1
m/murraro01,2006-07,1750000,Ronald Murray,manual,1
m/murraro01,2007-08,213051,Ronald Murray,manual,1
m/murraro01,2008-09,1500000,Ronald Murray,manual,1
m/murraro01,2009-10,1990000,Ronald Murray,manual,1
m/mbengdj01,2005-06,880000,Didier Ilunga-Mbenga,manual,1
m/mbengdj01,2006-07,1628959,Didier Ilunga-Mbenga,manual,1
m/mbengdj01,2007-08,90660,Didier Ilunga-Mbenga,manual,1
m/mbengdj01,2008-09,880658,Didier Ilunga-Mbenga,manual,1
m/mbengdj01,2009-10,959111,Didier Ilunga-Mbenga,manual,1
m/mbengdj01,2010-11,854389,Didier Ilunga-Mbenga,manual,1
m/mbengdj01,2011-12,854389,Didier Ilunga-Mbenga,manual,1
m/mbengdj01,2012-13,854389,Didier Ilunga-Mbenga,manual,1
s/spanova01,2006-07,1800000,Vasileios Spanoulis,manual,1
s/spanova01,2007-08,1944000,Vasileios Spanoulis,manual,1
h/herrmwa01,2006-07,1800000,Walter Herrmann Heinrich,manual,1
h/herrmwa01,2007-08,1944000,Walter Herrmann Heinrich,manual,1
h/herrmwa01,2008-09,2000000,Walter Herrmann Heinrich,manual,1
w/willima03,2006-07,1097880,Marcus Williams,manual,1
w/willima03,2007-08,1180200,Marcus Williams,manual,1
w/willima03,2008-09,1262520,Marcus Williams,manual,1
w/willima03,2009-10,825497,Marcus Williams,manual,1
w/willima03,2010-11,825497,Marcus Williams,manual,1
w/willima03,2011-12,825497,Marcus Williams,manual,1
w/willima03,2012-13,825497,Marcus Williams,manual,1
l/lucasjo02,2006-07,700000,John Lucas III,manual,1
l/lucasjo02,2007-08,770610,John Lucas III,manual,1
l/lucasjo02,2008-09,797581,John Lucas III,manual,1
l/lucasjo02,2010-11,130165,John Lucas III,manual,1
l/lucasjo02,2011-12,915852,John Lucas III,manual,1
l/lucasjo02,2012-13,1500000,John Lucas III,manual,1
l/lucasjo02,2013-14,1600000,John Lucas III,manual,1
l/lucasjo02,2014-15,269189,John Lucas III,manual,1
l/lucasjo02,2015-16,947276,John Lucas III,manual,1
l/lucasjo02,2016-17,980431,John Lucas III,manual,1
l/lucasjo02,2017-18,980431,John Lucas III,manual,1
v/vincima01,2006-07,412718,Marquinhos Vieira,manual,1
c/chasebr01,2006-07,412718,Brian Chase,manual,1
j/jonesbo02,2006-07,412718,Bobby Jones,manual,1
j/jonesbo02,2007-08,24263,Bobby Jones,manual,1
j/jonesbo02,2008-09,797581,Bobby Jones,manual,1
b/brownde03,2006-07,412718,Dee Brown,manual,1
b/brownde03,2008-09,711517,Dee Brown,manual,1
s/smithst03,2006-07,412718,Steven Smith,manual,1
h/halusad02,2007-08,427163,Adam Haluska,manual,1
w/wallabr01,2007-08,427163,Brandon Wallace,manual,1
u/ukicro01,2008-09,1250000,Roko-Leni Ukic,manual,1
u/ukicro01,2009-10,1350000,Roko-Leni Ukic,manual,1
u/ukicro01,2010-11,1350000,Roko-Leni Ukic,manual,1
u/ukicro01,2011-12,1350000,Roko-Leni Ukic,manual,1
u/ukicro01,2012-13,1350000,Roko-Leni Ukic,manual,1
h/heathbr01,2008-09,442114,Brandon Heath,manual,1
e/ewinpa02,2008-09,442114,Patrick Ewing Jr.,manual,1
e/ewinpa02,2010-11,25073,Patrick Ewing Jr.,manual,1
e/ewinpa02,2011-12,884293,Patrick Ewing Jr.,manual,1
e/ewinpa02,2012-13,884293,Patrick Ewing Jr.,manual,1
h/hendege02,2009-10,1957080,Gerald Henderson,manual,1
h/hendege02,2010-11,2103840,Gerald Henderson,manual,1
h/hendege02,2011-12,2250600,Gerald Henderson,manual,1
h/hendege02,2013-14,6000000,Gerald Henderson,manual,1
h/hendege02,2014-15,6000000,Gerald Henderson,manual,1
h/hendege02,2015-16,6000000,Gerald Henderson,manual,1
h/hendege02,2016-17,9000000,Gerald Henderson,manual,1
h/hendege02,2017-18,9000000,Gerald Henderson,manual,1
w/willire02,2009-10,118435,Reggie Williams,manual,1
w/willire02,2010-11,762195,Reggie Williams,manual,1
w/willire02,2011-12,2500000,Reggie Williams,manual,1
w/willire02,2014-15,344036,Reggie Williams,manual,1
w/willire02,2015-16,1185784,Reggie Williams,manual,1
w/willire02,2016-17,895197,Reggie Williams,manual,1
w/willire02,2017-18,895197,Reggie Williams,manual,1
j/johnsch03,2010-11,88363,Chris Johnson,manual,1
j/johnsch03,2011-12,762195,Chris Johnson,manual,1
j/johnsch03,2012-13,346781,Chris Johnson,manual,1
j/johnsch04,2013-14,320189,Chris Johnson,manual,1
j/johnsch04,2014-15,107676,Chris Johnson,manual,1
j/johnsch04,2015-16,981348,Chris Johnson,manual,1
j/johnsch04,2016-17,1050961,Chris Johnson,manual,1
j/johnsch04,2017-18,1050961,Chris Johnson,manual,1
w/wrighch01,2011-12,473604,Chris Wright,manual,1
w/wrighch01,2012-13,473604,Chris Wright,manual,1
w/wrighch01,2013-14,9281,Chris Wright,manual,1
w/wrighch01,2014-15,915243,Chris Wright,manual,1
w/wrighch01,2016-17,980431,Chris Wright,manual,1
w/wrighch01,2017-18,980431,Chris Wright,manual,1
s/smithgr02,2011-12,473604,Greg Smith,manual,1
s/smithgr02,2012-13,762195,Greg Smith,manual,1
s/smithgr02,2013-14,15605,Greg Smith,manual,1
s/smithgr02,2014-15,948163,Greg Smith,manual,1
r/russewa02,2011-12,374300,Walker Russell Jr.,manual,1
r/russewa02,2012-13,374300,Walker Russell Jr.,manual,1
k/kravtvi01,2012-13,1500000,Slava Kravtsov,manual,1
r/ricegl02,2012-13,490180,Glen Rice Jr.,manual,1
r/ricegl02,2013-14,490180,Glen Rice Jr.,manual,1
r/ricegl02,2014-15,816482,Glen Rice Jr.,manual,1
s/smithch05,2012-13,473604,Chris Smith,manual,1
d/datomlu01,2013-14,1750000,Luigi Datome,manual,1
d/datomlu01,2014-15,1750000,Luigi Datome,manual,1
h/hardati02,2013-14,1196760,Tim Hardaway Jr.,manual,1
h/hardati02,2014-15,1250640,Tim Hardaway Jr.,manual,1
h/hardati02,2015-16,1304520,Tim Hardaway Jr.,manual,1
h/hardati02,2016-17,2281605,Tim Hardaway Jr.,manual,1
h/hardati02,2017-18,17325000,Tim Hardaway Jr.,manual,1
h/hardati02,2018-19,19200127,Tim Hardaway Jr.,manual,1
h/hardati02,2019-20,20025127,Tim Hardaway Jr.,manual,1
h/hardati02,2020-21,18975000,Tim Hardaway Jr.,manual,1
h/hardati02,2021-22,21308816,Tim Hardaway Jr.,manual,1
h/hardati02,2022-23,19602273,Tim Hardaway Jr.,manual,1
h/hardati02,2023-24,17897728,Tim Hardaway Jr.,manual,1
h/hardati02,2024-25,16193183,Tim Hardaway Jr.,manual,1
h/hardati02,2025-26,2296274,Tim Hardaway Jr.,manual,1
m/mitchto02,2013-14,500000,Tony Mitchell,manual,1
r/robingl02,2014-15,507336,Glenn Robinson III,manual,1
r/robingl02,2015-16,1100000,Glenn Robinson III,manual,1
r/robingl02,2016-17,1050500,Glenn Robinson III,manual,1
r/robingl02,2018-19,4075000,Glenn Robinson III,manual,1
r/robingl02,2019-20,1620564,Glenn Robinson III,manual,1
r/robingl02,2020-21,1620564,Glenn Robinson III,manual,1
n/nancela02,2015-16,1155600,Larry Nance Jr.,manual,1
n/nancela02,2016-17,1207680,Larry Nance Jr.,manual,1
n/nancela02,2017-18,2272391,Larry Nance Jr.,manual,1
n/nancela02,2018-19,2272391,Larry Nance Jr.,manual,1
n/nancela02,2019-20,12727273,Larry Nance Jr.,manual,1
n/nancela02,2020-21,11709091,Larry Nance Jr.,manual,1
n/nancela02,2021-22,10690909,Larry Nance Jr.,manual,1
n/nancela02,2022-23,9672727,Larry Nance Jr.,manual,1
n/nancela02,2023-24,10375000,Larry Nance Jr.,manual,1
n/nancela02,2024-25,11205000,Larry Nance Jr.,manual,1
n/nancela02,2025-26,2296274,Larry Nance Jr.,manual,1
h/huertma01,2015-16,525093,Marcelinho Huertas,manual,1
h/huertma01,2016-17,1500000,Marcelinho Huertas,manual,1
h/huertma01,2017-18,1500000,Marcelinho Huertas,manual,1
h/hernawi01,2016-17,1350000,Guillermo Hernangomez,manual,1
h/hernawi01,2017-18,1350000,Guillermo Hernangomez,manual,1
p/paytoga02,2016-17,35116,Gary Payton II,manual,1
p/paytoga02,2019-20,1052909,Gary Payton II,manual,1
p/paytoga02,2020-21,11898,Gary Payton II,manual,1
p/paytoga02,2021-22,1669178,Gary Payton II,manual,1
p/paytoga02,2022-23,8300000,Gary Payton II,manual,1
p/paytoga02,2023-24,8715000,Gary Payton II,manual,1
p/paytoga02,2023-24,8715000,Gary Payton II,manual,1
p/paytoga02,2024-25,9130000,Gary Payton II,manual,1
p/paytoga02,2025-26,2296274,Gary Payton II,manual,1
j/jacksja02,2018-19,5915040,Jaren Jackson Jr.,manual,1
j/jacksja02,2019-20,6927480,Jaren Jackson Jr.,manual,1
j/jacksja02,2020-21,7257360,Jaren Jackson Jr.,manual,1
j/jacksja02,2021-22,9180560,Jaren Jackson Jr.,manual,1
j/jacksja02,2022-23,28946605,Jaren Jackson Jr.,manual,1
j/jacksja02,2023-24,27102202,Jaren Jackson Jr.,manual,1
j/jacksja02,2024-25,25257798,Jaren Jackson Jr.,manual,1
j/jacksja02,2025-26,35000000,Jaren Jackson Jr.,manual,1
j/jacksja02,2026-27,49000000,Jaren Jackson Jr.,manual,1
t/trentga02,2018-19,838464,Gary Trent Jr.,manual,1
t/trentga02,2019-20,1416852,Gary Trent Jr.,manual,1
t/trentga02,2020-21,1663861,Gary Trent Jr.,manual,1
t/trentga02,2021-22,16000000,Gary Trent Jr.,manual,1
t/trentga02,2022-23,17505000,Gary Trent Jr.,manual,1
t/trentga02,2023-24,18560000,Gary Trent Jr.,manual,1
t/trentga02,2024-25,2087519,Gary Trent Jr.,manual,1
t/trentga02,2025-26,3697105,Gary Trent Jr.,manual,1
s/spellom01,2018-19,1620480,Omari Rasulala Spellman,manual,1
s/spellom01,2019-20,1897800,Omari Rasulala Spellman,manual,1
s/spellom01,2020-21,1988280,Omari Rasulala Spellman,manual,1
r/reynoca01,2018-19,108953,Cameron Reynolds,manual,1
p/porteke02,2019-20,1290960,Kevin Porter Jr.,manual,1
p/porteke02,2020-21,1717981,Kevin Porter Jr.,manual,1
p/porteke02,2021-22,1782621,Kevin Porter Jr.,manual,1
p/porteke02,2022-23,3217631,Kevin Porter Jr.,manual,1
p/porteke02,2023-24,15860000,Kevin Porter Jr.,manual,1
p/porteke02,2024-25,2237691,Kevin Porter Jr.,manual,1
p/porteke02,2025-26,513400,Kevin Porter Jr.,manual,1
s/smithja05,2022-23,8882640,Jabari Smith Jr.,manual,1
s/smithja05,2023-24,9326520,Jabari Smith Jr.,manual,1
s/smithja05,2024-25,9770880,Jabari Smith Jr.,manual,1
s/smithja05,2025-26,12350392,Jabari Smith Jr.,manual,1
s/smithja05,2026-27,23643411,Jabari Smith Jr.,manual,1
w/washidu02,2021-22,950000,Duane Washington Jr.,manual,1
w/washidu02,2021-22,950000,Duane Washington Jr.,manual,1
w/washidu02,2022-23,1563518,Duane Washington Jr.,manual,1
w/washidu02,2024-25,2162607,Duane Washington Jr.,manual,1
d/davisjo06,2022-23,4810320,Johnny Davis,manual,1
d/davisjo06,2023-24,5050800,Johnny Davis,manual,1
d/davisjo06,2024-25,5291160,Johnny Davis,manual,1
w/willije02,2022-23,52644,Nate Williams,manual,1
w/willije02,2024-25,515881,Nate Williams,manual,1
w/willibr03,2025-26,2270735,Brandon Williams,manual,1