season_end_year,rank,player_name,position,team,salary
2000,1,Shaquille O'Neal,C,Los Angeles Lakers,17142000
2000,2,Kevin Garnett,PF,Minnesota Timberwolves,16806000
2000,3,Alonzo Mourning,C,Miami Heat,15004000
2000,4,Juwan Howard,PF,Washington Wizards,15000000
2000,5,Scottie Pippen,SF,Portland Trail Blazers,14795000
2000,6,Karl Malone,PF,Utah Jazz,14000000
2000,7,Larry Johnson,F,New York Knicks,11910000
2000,8,Gary Payton,PG,Seattle SuperSonics,11020000
2000,9,Rasheed Wallace,PF,Portland Trail Blazers,10800000
2000,10,Shawn Kemp,C,Cleveland Cavaliers,10780000
2000,11,Damon Stoudamire,PG,Portland Trail Blazers,10125000
2000,12,Antonio McDyess,PF,Denver Nuggets,9900000
2000,13,Antoine Walker,PF,Boston Celtics,9000000
2000,14,Shareef Abdur-Rahim,PF,Vancouver Grizzlies,9000000
2000,15,Allen Iverson,SG,Philadelphia 76ers,9000000
2000,16,Vin Baker,PF,Seattle SuperSonics,9000000
2000,17,Anfernee Hardaway,SF,Phoenix Suns,9000000
2000,18,Ray Allen,SG,Milwaukee Bucks,9000000
2000,19,Kobe Bryant,SF,Los Angeles Lakers,9000000
2000,20,Stephon Marbury,PG,New Jersey Nets,9000000
2000,21,Vlade Divac,C,Sacramento Kings,8837000
2000,22,Bryant Reeves,C,Vancouver Grizzlies,8666000
2000,23,Tom Gugliotta,PF,Phoenix Suns,8558000
2000,24,Nick Van Exel,PG,Denver Nuggets,8354000
2000,25,Elden Campbell,C,Charlotte Hornets,7975000
2000,26,Terrell Brandon,PG,Minnesota Timberwolves,7400000
2000,27,Derrick Coleman,PF,Charlotte Hornets,7370000
2000,28,Glenn Robinson,SF,Milwaukee Bucks,7250000
2000,29,Steve Smith,SG,Portland Trail Blazers,7200000
2000,30,Kerry Kittles,SG,New Jersey Nets,7166000
2000,31,Chris Dudley,C,New York Knicks,7100000
2000,32,Theo Ratliff,C,Philadelphia 76ers,7031000
2000,33,Matt Geiger,C,Philadelphia 76ers,6889000
2000,34,Jason Kidd,G,Phoenix Suns,6858000
2000,35,Kenny Anderson,PG,Boston Celtics,6680000
2000,36,Tyrone Hill,PF,Philadelphia 76ers,6422000
2000,37,Clifford Robinson,PF,Phoenix Suns,6125000
2000,38,Jamal Mashburn,SF,Miami Heat,5600000
2000,39,Steve Nash,PG,Dallas Mavericks,5500000
2000,40,Alan Henderson,PF,Atlanta Hawks,5318000
2000,41,Donyell Marshall,PF,Golden State Warriors,5250000
2000,42,Marcus Camby,C,New York Knicks,5250000
2000,43,Greg Ostertag,C,Utah Jazz,5200000
2000,44,Luc Longley,C,Phoenix Suns,5175000
2000,45,P.J. Brown,PF,Miami Heat,5124000
2000,46,Jermaine O'Neal,C,Portland Trail Blazers,5075000
2000,47,Erick Dampier,C,Golden State Warriors,4988000
2000,48,Wesley Person,SF,Cleveland Cavaliers,4900000
2000,49,Isaac Austin,C,Washington Wizards,4819000
2000,50,Loy Vaught,F,Detroit Pistons,4810000
2000,51,Robert Horry,PF,Los Angeles Lakers,4800000
2000,52,Derrick McKey,F,Indiana Pacers,4800000
2000,53,Jim Mcilvaine,C,New Jersey Nets,4800000
2000,54,Jerry Stackhouse,SF,Detroit Pistons,4781000
2000,55,Charlie Ward,PG,New York Knicks,4540000
2000,56,Dale Davis,PF,Indiana Pacers,4490000
2000,57,Lorenzen Wright,PF,Atlanta Hawks,4400000
2000,58,Mookie Blaylock,G,Golden State Warriors,4200000
2000,59,Chris Mills,SF,Golden State Warriors,4200000
2000,60,Chris Childs,G,New York Knicks,4160000
2000,61,Darrell Armstrong,PG,Orlando Magic,4125000
2000,62,Bryon Russell,SF,Utah Jazz,4000000
2000,63,Brent Barry,SG,Seattle SuperSonics,3960000
2000,64,Jason Caffey,F,Golden State Warriors,3937000
2000,65,Vitaly Potapenko,C,Boston Celtics,3810000
2000,66,Bob Sura,PG,Cleveland Cavaliers,3760000
2000,67,Walt Williams,F,Houston Rockets,3750000
2000,68,Scott Williams,C,Milwaukee Bucks,3750000
2000,69,Sam Cassell,PG,Milwaukee Bucks,3500000
2000,70,Michael Olowokandi,C,Los Angeles Clippers,3456000
2000,71,Elton Brand,PF,Chicago Bulls,3375000
2000,72,Eric Williams,PF,Boston Celtics,3336000
2000,73,Travis Best,PG,Indiana Pacers,3250000
2000,74,Michael Stewart,PF,Toronto Raptors,3200000
2000,75,Derek Strong,F,Orlando Magic,3159000
2000,76,Mike Bibby,PG,Vancouver Grizzlies,3092000
2000,77,Rick Fox,SF,Los Angeles Lakers,3033000
2000,78,Steve Francis,PG,Houston Rockets,3020000
2000,79,Derek Fisher,PG,Los Angeles Lakers,3000000
2000,80,Lamond Murray,SF,Cleveland Cavaliers,3000000
2000,81,Eric Snow,PG,Philadelphia 76ers,3000000
2000,82,Ervin Johnson,C,Milwaukee Bucks,2951000
2000,83,Brent Price,G,Vancouver Grizzlies,2944000
2000,84,Travis Knight,C,Los Angeles Lakers,2800000
2000,85,Raef LaFrentz,C,Denver Nuggets,2777000
2000,86,Tracy Murray,SF,Washington Wizards,2720000
2000,87,Tyrone Nesby,F,Los Angeles Clippers,2716000
2000,88,Baron Davis,PG,Charlotte Hornets,2712000
2000,89,Vonteego Cummings,PG,Golden State Warriors,2600000
2000,90,David Wesley,SG,Charlotte Hornets,2520000
2000,91,Dean Garrett,C,Minnesota Timberwolves,2520000
2000,92,Antawn Jamison,PF,Golden State Warriors,2503000
2000,93,Walter McCarty,PF,Boston Celtics,2500000
2000,94,Anthony Peeler,SG,Minnesota Timberwolves,2495000
2000,95,Lamar Odom,PF,Los Angeles Clippers,2445000
2000,96,Cedric Henderson,F,Cleveland Cavaliers,2400000
2000,97,Lawrence Funderburke,PF,Sacramento Kings,2400000
2000,98,Lindsey Hunter,SG,Detroit Pistons,2350000
2000,99,Malik Rose,PF,San Antonio Spurs,2285000
2000,100,Vince Carter,G,Toronto Raptors,2267000
2000,101,Jonathan Bender,SF,Indiana Pacers,2214000
2000,102,Dell Curry,G,Toronto Raptors,2100000
2000,103,Robert Traylor,PF,Milwaukee Bucks,2059000
2000,104,Othella Harrington,PF,Vancouver Grizzlies,2025000
2000,105,Wally Szczerbiak,SG,Minnesota Timberwolves,2011000
2000,106,Eric Montross,C,Detroit Pistons,2000000
2000,107,Eric Piatkowski,SG,Los Angeles Clippers,2000000
2000,108,Rodney Rogers,SF,Phoenix Suns,2000000
2000,109,Jamie Feick,F,New Jersey Nets,2000000
2000,110,John Wallace,SF,New York Knicks,2000000
2000,111,Terry Porter,G,San Antonio Spurs,2000000
2000,112,Shandon Anderson,SF,Houston Rockets,2000000
2000,113,Calbert Cheaney,SG,Boston Celtics,2000000
2000,114,Michael Curry,SF,Detroit Pistons,2000000
2000,115,George Lynch,SF,Philadelphia 76ers,2000000
2000,116,Grant Long,F,Vancouver Grizzlies,2000000
2000,117,Chris Crawford,SF,Atlanta Hawks,2000000
2000,118,Steve Kerr,G,San Antonio Spurs,1968000
2000,119,Vinny Del Negro,G,Milwaukee Bucks,1925000
2000,120,Sean Rooks,C,Dallas Mavericks,1920000
2000,121,Lucious Harris,SG,New Jersey Nets,1920000
2000,122,Jason Williams,PG,Sacramento Kings,1879000
2000,123,Richard Hamilton,SG,Washington Wizards,1836000
2000,124,Larry Hughes,SG,Golden State Warriors,1722000
2000,125,Andre Miller,PG,Cleveland Cavaliers,1682000
2000,126,Dirk Nowitzki,F,Dallas Mavericks,1583000
2000,127,Shawn Marion,SG,Phoenix Suns,1546000
2000,128,Paul Pierce,SF,Boston Celtics,1503000
2000,129,Jason Terry,G,Atlanta Hawks,1468000
2000,130,Bonzi Wells,SG,Portland Trail Blazers,1428000
2000,131,Trajan Langdon,SG,Cleveland Cavaliers,1394000
2000,132,Aleksandar Radojevic,C,Toronto Raptors,1325000
2000,133,Keon Clark,PF,Denver Nuggets,1289000
2000,134,Corey Maggette,SF,Orlando Magic,1259000
2000,135,Michael Dickerson,G,Vancouver Grizzlies,1224000
2000,136,William Avery,G,Minnesota Timberwolves,1196000
2000,137,Matt Harpring,SF,Orlando Magic,1163000
2000,138,Eldridge Recasner,G,Charlotte Hornets,1100000
2000,139,Metta World Peace,SF,Chicago Bulls,1079000
2000,140,Rasho Nesterovic,C,Minnesota Timberwolves,1050000
2000,141,Cal Bowdler,F,Atlanta Hawks,1025000
2000,142,James Posey,SF,Denver Nuggets,974000
2000,143,Pat Garrity,PF,Orlando Magic,952000
2000,144,Quincy Lewis,SG,Utah Jazz,930000
2000,145,Roshown McLeod,F,Atlanta Hawks,914000
2000,146,Dion Glover,SG,Atlanta Hawks,893000
2000,147,Ricky Davis,SG,Charlotte Hornets,878000
2000,148,Greg Foster,C,Seattle SuperSonics,857000
2000,149,Jeff Foster,PF,Indiana Pacers,857000
2000,150,Brian Skinner,PF,Los Angeles Clippers,843000
2000,151,Kenny Thomas,PF,Houston Rockets,823000
2000,152,Devean George,SF,Los Angeles Lakers,790000
2000,153,Al Harrington,PF,Indiana Pacers,745000
2000,154,Tim James,F,Miami Heat,728000
2000,155,Jumaine Jones,SF,Philadelphia 76ers,684000
2000,156,Scott Padgett,PF,Utah Jazz,679000
2000,157,Rafer Alston,PG,Milwaukee Bucks,301000
2001,1,Kevin Garnett,PF,Minnesota Timberwolves,19600000
2001,2,Shaquille O'Neal,C,Los Angeles Lakers,19285000
2001,3,Alonzo Mourning,C,Miami Heat,16879000
2001,4,Juwan Howard,PF,Dallas Mavericks,16875000
2001,5,Hakeem Olajuwon,C,Houston Rockets,16685000
2001,6,Karl Malone,PF,Utah Jazz,15750000
2001,7,Dikembe Mutombo,C,Philadelphia 76ers,14422000
2001,8,Patrick Ewing,C,Seattle SuperSonics,14000000
2001,9,David Robinson,C,San Antonio Spurs,13196000
2001,10,Scottie Pippen,SF,Portland Trail Blazers,13151000
2001,11,Rasheed Wallace,PF,Portland Trail Blazers,12600000
2001,12,Larry Johnson,F,New York Knicks,12485000
2001,13,Gary Payton,PG,Seattle SuperSonics,12200000
2001,14,Tim Hardaway,G,Miami Heat,12000000
2001,15,Chris Webber,C,Sacramento Kings,12000000
2001,16,Shawn Kemp,C,Portland Trail Blazers,11720000
2001,17,Damon Stoudamire,PG,Portland Trail Blazers,11250000
2001,18,John Stockton,G,Utah Jazz,11000000
2001,19,Antonio McDyess,PF,Denver Nuggets,10800000
2001,20,Reggie Miller,SG,Indiana Pacers,10666000
2001,21,Arvydas Sabonis,C,Portland Trail Blazers,10636000
2001,22,Zydrunas Ilgauskas,C,Cleveland Cavaliers,10130000
2001,23,Anfernee Hardaway,SF,Phoenix Suns,10130000
2001,24,Stephon Marbury,PG,New Jersey Nets,10130000
2001,25,Antoine Walker,PF,Boston Celtics,10125000
2001,26,Shareef Abdur-Rahim,PF,Vancouver Grizzlies,10125000
2001,27,Allen Iverson,SG,Philadelphia 76ers,10125000
2001,28,Latrell Sprewell,SG,New York Knicks,10125000
2001,29,Vin Baker,PF,Seattle SuperSonics,10125000
2001,30,Ray Allen,SG,Milwaukee Bucks,10125000
2001,31,Kobe Bryant,SF,Los Angeles Lakers,10125000
2001,32,Bryant Reeves,C,Vancouver Grizzlies,10110000
2001,33,Tracy McGrady,SG,Orlando Magic,9658000
2001,34,Tim Duncan,C,San Antonio Spurs,9658000
2001,35,Jalen Rose,SG,Indiana Pacers,9658000
2001,36,Grant Hill,SF,Orlando Magic,9658000
2001,37,Vlade Divac,C,Sacramento Kings,9641000
2001,38,Tom Gugliotta,PF,Phoenix Suns,9336000
2001,39,Allan Houston,SG,New York Knicks,9000000
2001,40,Keith Van Horn,PF,New Jersey Nets,9000000
2001,41,Eddie Jones,SG,Miami Heat,8960000
2001,42,Brian Grant,PF,Miami Heat,8897000
2001,43,Tim Thomas,PF,Milwaukee Bucks,8507000
2001,44,Michael Finley,G,Dallas Mavericks,8400000
2001,45,Shawn Bradley,C,Dallas Mavericks,8370000
2001,46,Terrell Brandon,PG,Minnesota Timberwolves,8325000
2001,47,Nick Van Exel,PG,Denver Nuggets,8184000
2001,48,Glenn Robinson,SF,Milwaukee Bucks,8120000
2001,49,Steve Smith,SG,Portland Trail Blazers,8100000
2001,50,Elden Campbell,C,Charlotte Hornets,8050000
2001,51,Derrick Coleman,PF,Charlotte Hornets,8040000
2001,52,Avery Johnson,PG,San Antonio Spurs,8000000
2001,53,Horace Grant,C,Los Angeles Lakers,7843000
2001,54,Theo Ratliff,C,Philadelphia 76ers,7800000
2001,55,Jason Kidd,G,Phoenix Suns,7630000
2001,56,Glen Rice,SF,New York Knicks,7578000
2001,57,Kenny Anderson,PG,Boston Celtics,7520000
2001,58,Matt Geiger,C,Philadelphia 76ers,7515000
2001,59,Tyrone Hill,PF,Philadelphia 76ers,7415000
2001,60,Toni Kukoc,SF,Atlanta Hawks,7167000
2001,61,Clifford Robinson,PF,Phoenix Suns,6890000
2001,62,Christian Laettner,PF,Washington Wizards,6625000
2001,63,Chris Dudley,C,Phoenix Suns,6200000
2001,64,Jamal Mashburn,SF,Charlotte Hornets,6200000
2001,65,Dale Davis,PF,Portland Trail Blazers,6175000
2001,66,Alan Henderson,PF,Atlanta Hawks,5909000
2001,67,P.J. Brown,PF,Charlotte Hornets,5764000
2001,68,Luc Longley,C,New York Knicks,5750000
2001,69,Marcus Camby,C,New York Knicks,5750000
2001,70,Jermaine O'Neal,C,Indiana Pacers,5700000
2001,71,Donyell Marshall,PF,Utah Jazz,5630000
2001,72,Bryant Stith,G,Boston Celtics,5620000
2001,73,Erick Dampier,C,Golden State Warriors,5611000
2001,74,Wesley Person,SF,Cleveland Cavaliers,5600000
2001,75,Anthony Mason,F,Miami Heat,5553000
2001,76,Ron Mercer,SG,Chicago Bulls,5515000
2001,77,Isaac Austin,C,Vancouver Grizzlies,5500000
2001,78,Antonio Davis,PF,Toronto Raptors,5500000
2001,79,Steve Nash,PG,Dallas Mavericks,5500000
2001,80,Derrick McKey,F,Indiana Pacers,5400000
2001,81,Kelvin Cato,C,Houston Rockets,5400000
2001,82,Jim Mcilvaine,C,New Jersey Nets,5400000
2001,83,Sean Elliott,F,San Antonio Spurs,5333000
2001,84,Robert Horry,PF,Los Angeles Lakers,5300000
2001,85,Austin Croshere,PF,Indiana Pacers,5298000
2001,86,Greg Ostertag,C,Utah Jazz,5200000
2001,87,Jerry Stackhouse,SF,Detroit Pistons,5000000
2001,88,Charlie Ward,PG,New York Knicks,5000000
2001,89,Lorenzen Wright,PF,Atlanta Hawks,4950000
2001,90,Loy Vaught,F,Washington Wizards,4812000
2001,91,Mookie Blaylock,G,Golden State Warriors,4800000
2001,92,Chris Mills,SF,Golden State Warriors,4800000
2001,93,Chris Childs,G,Toronto Raptors,4680000
2001,94,Bryon Russell,SF,Utah Jazz,4570000
2001,95,Bo Outlaw,PF,Orlando Magic,4500000
2001,96,Walt Williams,F,Houston Rockets,4500000
2001,97,Tariq Abdul-Wahad,SF,Denver Nuggets,4500000
2001,98,Bob Sura,PG,Golden State Warriors,4386000
2001,99,Jason Caffey,F,Milwaukee Bucks,4375000
2001,100,Robert Pack,PG,Denver Nuggets,4320000
2001,101,Brent Barry,SG,Seattle SuperSonics,4320000
2001,102,Vitaly Potapenko,C,Boston Celtics,4286000
2001,103,Brevin Knight,PG,Atlanta Hawks,4250000
2001,104,Howard Eisley,PG,Dallas Mavericks,4250000
2001,105,Scott Williams,C,Milwaukee Bucks,4200000
2001,106,Brad Miller,C,Chicago Bulls,4000000
2001,107,Duane Causwell,C,Miami Heat,4000000
2001,108,Ben Wallace,PF,Detroit Pistons,4000000
2001,109,Dan Majerle,G,Miami Heat,4000000
2001,110,Corliss Williamson,PF,Detroit Pistons,3997000
2001,111,Cedric Ceballos,F,Miami Heat,3937000
2001,112,Jahidi White,C,Washington Wizards,3922000
2001,113,Cuttino Mobley,SG,Houston Rockets,3922000
2001,114,Scot Pollard,C,Sacramento Kings,3922000
2001,115,Rashard Lewis,PF,Seattle SuperSonics,3920000
2001,116,Eric Williams,PF,Boston Celtics,3892000
2001,117,Voshon Lenard,SG,Denver Nuggets,3780000
2001,118,Dana Barros,PG,Detroit Pistons,3700000
2001,119,Michael Olowokandi,C,Los Angeles Clippers,3697000
2001,120,Kurt Thomas,PF,New York Knicks,3680000
2001,121,Elton Brand,PF,Chicago Bulls,3629000
2001,122,Adonal Foyle,C,Golden State Warriors,3578000
2001,123,Mark Jackson,PG,New York Knicks,3565000
2001,124,Kenyon Martin,F,New Jersey Nets,3536000
2001,125,Michael Stewart,PF,Toronto Raptors,3520000
2001,126,Derek Strong,F,Los Angeles Clippers,3510000
2001,127,Greg Anthony,G,Portland Trail Blazers,3500000
2001,128,Sam Cassell,PG,Milwaukee Bucks,3500000
2001,129,Rick Fox,SF,Los Angeles Lakers,3412000
2001,130,Adam Keefe,F,Golden State Warriors,3390000
2001,131,Lamond Murray,SF,Cleveland Cavaliers,3375000
2001,132,Eric Snow,PG,Philadelphia 76ers,3375000
2001,133,Ervin Johnson,C,Milwaukee Bucks,3310000
2001,134,Mike Bibby,PG,Vancouver Grizzlies,3308000
2001,135,Jud Buechler,G,Detroit Pistons,3259000
2001,136,Travis Best,PG,Indiana Pacers,3250000
2001,137,Steve Francis,PG,Houston Rockets,3246000
2001,138,Tony Battie,C,Boston Celtics,3200000
2001,139,Travis Knight,C,New York Knicks,3200000
2001,140,Stromile Swift,PF,Vancouver Grizzlies,3164000
2001,141,Doug Christie,SG,Sacramento Kings,3132000
2001,142,Darrell Armstrong,PG,Orlando Magic,3100000
2001,143,Tracy Murray,SF,Toronto Raptors,3060000
2001,144,Derek Fisher,PG,Los Angeles Lakers,3000000
2001,145,Eric Piatkowski,SG,Los Angeles Clippers,3000000
2001,146,Chucky Atkins,PG,Detroit Pistons,3000000
2001,147,Tyrone Nesby,F,Washington Wizards,2990000
2001,148,Raef LaFrentz,C,Denver Nuggets,2970000
2001,149,Baron Davis,PG,Charlotte Hornets,2916000
2001,150,Brent Price,G,Vancouver Grizzlies,2880000
2001,151,David Wesley,SG,Charlotte Hornets,2880000
2001,152,Dean Garrett,C,Minnesota Timberwolves,2880000
2001,153,Mikki Moore,C,Detroit Pistons,2848000
2001,154,Darius Miles,SF,Los Angeles Clippers,2841000
2001,155,Popeye Jones,PF,Washington Wizards,2815000
2001,156,Antonio Daniels,PG,San Antonio Spurs,2814000
2001,157,Walter McCarty,PF,Boston Celtics,2812000
2001,158,Jerome Williams,PF,Toronto Raptors,2750000
2001,159,Anthony Peeler,SG,Minnesota Timberwolves,2737000
2001,160,Jon Barry,SG,Sacramento Kings,2727000
2001,161,Cedric Henderson,F,Cleveland Cavaliers,2700000
2001,162,Kevin Willis,C,Denver Nuggets,2700000
2001,163,Lawrence Funderburke,PF,Sacramento Kings,2700000
2001,164,Antawn Jamison,PF,Golden State Warriors,2678000
2001,165,Lindsey Hunter,SG,Milwaukee Bucks,2650000
2001,166,Lamar Odom,PF,Los Angeles Clippers,2628000
2001,167,Malik Rose,PF,San Antonio Spurs,2570000
2001,168,Marcus Fizer,F,Chicago Bulls,2562000
2001,169,Dragan Tarlac,C,Chicago Bulls,2500000
2001,170,Vince Carter,G,Toronto Raptors,2425000
2001,171,Jonathan Bender,SF,Indiana Pacers,2380000
2001,172,Chris Whitney,PG,Washington Wizards,2370000
2001,173,Mike Miller,SG,Orlando Magic,2320000
2001,174,Othella Harrington,PF,New York Knicks,2250000
2001,175,Derek Anderson,SG,San Antonio Spurs,2250000
2001,176,John Starks,G,Utah Jazz,2250000
2001,177,Will Perdue,C,Portland Trail Blazers,2250000
2001,178,Randy Brown,G,Boston Celtics,2250000
2001,179,Brian Shaw,G,Los Angeles Lakers,2250000
2001,180,A.C. Green,F,Miami Heat,2250000
2001,181,Bimbo Coles,PG,Cleveland Cavaliers,2250000
2001,182,Joe Smith,PF,Detroit Pistons,2250000
2001,183,Aaron Williams,C,New Jersey Nets,2250000
2001,184,Sam Perkins,C,Indiana Pacers,2250000
2001,185,Rod Strickland,PG,Portland Trail Blazers,2250000
2001,186,Tony Delk,PG,Phoenix Suns,2250000
2001,187,Chauncey Billups,PG,Minnesota Timberwolves,2250000
2001,188,Bobby Jackson,PG,Sacramento Kings,2250000
2001,189,Chris Crawford,SF,Atlanta Hawks,2250000
2001,190,Eric Montross,C,Toronto Raptors,2240000
2001,191,Robert Traylor,PF,Cleveland Cavaliers,2203000
2001,192,Steve Kerr,G,San Antonio Spurs,2200000
2001,193,Detlef Schrempf,F,Portland Trail Blazers,2200000
2001,194,Rodney Rogers,SF,Phoenix Suns,2200000
2001,195,Jamie Feick,F,New Jersey Nets,2200000
2001,196,Jamal Crawford,G,Chicago Bulls,2200000
2001,197,John Wallace,SF,Detroit Pistons,2200000
2001,198,Terry Porter,G,San Antonio Spurs,2200000
2001,199,Shandon Anderson,SF,Houston Rockets,2200000
2001,200,Ron Harper,F,Los Angeles Lakers,2200000
2001,201,Olden Polynice,C,Utah Jazz,2200000
2001,202,Carlos Rogers,F,Houston Rockets,2200000
2001,203,Calbert Cheaney,SG,Denver Nuggets,2200000
2001,204,Michael Curry,SF,Detroit Pistons,2200000
2001,205,George McCloud,F,Denver Nuggets,2200000
2001,206,Otis Thorpe,C,Charlotte Hornets,2200000
2001,207,George Lynch,SF,Philadelphia 76ers,2200000
2001,208,Grant Long,F,Vancouver Grizzlies,2200000
2001,209,Wally Szczerbiak,SG,Minnesota Timberwolves,2162000
2001,210,Sean Rooks,C,Los Angeles Clippers,2160000
2001,211,Lucious Harris,SG,New Jersey Nets,2160000
2001,212,DerMarr Johnson,SF,Atlanta Hawks,2107000
2001,213,Sam Mitchell,F,Minnesota Timberwolves,2100000
2001,214,Alvin Williams,PG,Toronto Raptors,2100000
2001,215,Vinny Del Negro,G,Phoenix Suns,2100000
2001,216,Clarence Weatherspoon,PF,Cleveland Cavaliers,2100000
2001,217,Cherokee Parks,PF,Los Angeles Clippers,2100000
2001,218,Jason Williams,PG,Sacramento Kings,2011000
2001,219,Dell Curry,G,Toronto Raptors,2000000
2001,220,Richard Hamilton,SG,Washington Wizards,1973000
2001,221,Chris Mihm,C,Cleveland Cavaliers,1923000
2001,222,Andrew DeClercq,C,Orlando Magic,1920000
2001,223,Larry Hughes,SG,Golden State Warriors,1842000
2001,224,Aaron McKie,SG,Philadelphia 76ers,1820000
2001,225,Andre Miller,PG,Cleveland Cavaliers,1808000
2001,226,Greg Foster,C,Los Angeles Lakers,1764000
2001,227,Tyrone Bogues,G,New York Knicks,1740000
2001,228,Darvin Ham,SF,Milwaukee Bucks,1700000
2001,229,Dirk Nowitzki,F,Dallas Mavericks,1693000
2001,230,Shawn Marion,SG,Phoenix Suns,1662000
2001,231,Joel Przybilla,C,Milwaukee Bucks,1619000
2001,232,Paul Pierce,SF,Boston Celtics,1608000
2001,233,Jason Terry,G,Atlanta Hawks,1579000
2001,234,Keyon Dooling,PG,Los Angeles Clippers,1538000
2001,235,Bonzi Wells,SG,Portland Trail Blazers,1528000
2001,236,Jacque Vaughn,PG,Utah Jazz,1500000
2001,237,Trajan Langdon,SG,Cleveland Cavaliers,1500000
2001,238,Matt Bullard,F,Houston Rockets,1481000
2001,239,Jerome Moiso,C,Boston Celtics,1461000
2001,240,Aleksandar Radojevic,C,Denver Nuggets,1425000
2001,241,Johnny Newman,F,New Jersey Nets,1400000
2001,242,Keon Clark,PF,Toronto Raptors,1379000
2001,243,Tony Massenburg,PF,Vancouver Grizzlies,1360000
2001,244,Corey Maggette,SF,Los Angeles Clippers,1353000
2001,245,Corie Blount,PF,Golden State Warriors,1320000
2001,246,Courtney Alexander,SG,Washington Wizards,1319000
2001,247,Michael Dickerson,G,Vancouver Grizzlies,1310000
2001,248,Peja Stojakovic,SF,Sacramento Kings,1310000
2001,249,William Avery,G,Minnesota Timberwolves,1286000
2001,250,Mateen Cleaves,PG,Detroit Pistons,1253000
2001,251,Matt Harpring,SF,Cleveland Cavaliers,1244000
2001,252,Zan Tabak,C,Indiana Pacers,1210000
2001,253,Danny Ferry,F,San Antonio Spurs,1200000
2001,254,Anthony Johnson,PG,Cleveland Cavaliers,1200000
2001,255,LaPhonso Ellis,F,Minnesota Timberwolves,1200000
2001,256,Eldridge Recasner,G,Charlotte Hornets,1200000
2001,257,Danny Manning,F,Utah Jazz,1200000
2001,258,Anthony Carter,PG,Miami Heat,1200000
2001,259,Hersey Hawkins,G,Charlotte Hornets,1200000
2001,260,Jason Collier,C,Houston Rockets,1190000
2001,261,Metta World Peace,SF,Chicago Bulls,1160000
2001,262,Hedo Turkoglu,SF,Sacramento Kings,1131000
2001,263,Tom Hammonds,F,Minnesota Timberwolves,1130000
2001,264,Rasho Nesterovic,C,Minnesota Timberwolves,1123000
2001,265,Cal Bowdler,F,Atlanta Hawks,1102000
2001,266,Greg Buckner,SG,Dallas Mavericks,1100000
2001,267,Desmond Mason,SF,Seattle SuperSonics,1074000
2001,268,James Posey,SF,Denver Nuggets,1047000
2001,269,Quentin Richardson,SF,Los Angeles Clippers,1020000
2001,270,Pat Garrity,PF,Orlando Magic,1019000
2001,271,Quincy Lewis,SG,Utah Jazz,1000000
2001,272,Ruben Patterson,PF,Seattle SuperSonics,990000
2001,273,Roshown McLeod,F,Philadelphia 76ers,978000
2001,274,Jamaal Magloire,C,Charlotte Hornets,975000
2001,275,Dion Glover,SG,Atlanta Hawks,960000
2001,276,Ricky Davis,SG,Miami Heat,939000
2001,277,Jeff Foster,PF,Indiana Pacers,922000
2001,278,Brian Skinner,PF,Los Angeles Clippers,901000
2001,279,Morris Peterson,SG,Toronto Raptors,898000
2001,280,Kenny Thomas,PF,Houston Rockets,885000
2001,281,Fred Hoiberg,SG,Chicago Bulls,880000
2001,282,Tyronn Lue,PG,Los Angeles Lakers,865000
2001,283,Devean George,SF,Los Angeles Lakers,849000
2001,284,Felipe Lopez,G,Minnesota Timberwolves,831000
2001,285,DeShawn Stevenson,SG,Utah Jazz,828000
2001,286,John Crotty,G,Utah Jazz,800000
2001,287,Don Maclean,F,Miami Heat,798000
2001,288,Al Harrington,PF,Indiana Pacers,797000
2001,289,Dalibor Bagaric,C,Chicago Bulls,795000
2001,290,Tim James,F,Charlotte Hornets,783000
2001,291,Jake Tsakalidis,C,Phoenix Suns,763000
2001,292,Vonteego Cummings,PG,Golden State Warriors,757000
2001,293,Hubert Davis,SG,Washington Wizards,752000
2001,294,Corey Benjamin,G,Chicago Bulls,744000
2001,295,Nazr Mohammed,C,Atlanta Hawks,739000
2001,296,Jumaine Jones,SF,Philadelphia 76ers,735000
2001,297,Bruce Bowen,SF,Miami Heat,733000
2001,298,Scott Padgett,PF,Utah Jazz,730000
2001,299,Damon Jones,PG,Vancouver Grizzlies,714000
2001,300,Erick Barkley,G,Portland Trail Blazers,712000
2001,301,Mark Madsen,PF,Los Angeles Lakers,707000
2001,302,Darrick Martin,PG,Sacramento Kings,673000
2001,303,Emanual Davis,G,Seattle SuperSonics,611000
2001,304,Eddie Robinson,SF,Charlotte Hornets,600000
2001,305,John Amaechi,PF,Orlando Magic,598000
2001,306,Shammond Williams,PG,Seattle SuperSonics,550000
2001,307,Kevin Edwards,G,Vancouver Grizzlies,548000
2001,308,Mahmoud Abdul-Rauf,G,Vancouver Grizzlies,548000
2001,309,David Benoit,F,Utah Jazz,548000
2001,310,David Wingate,G,Seattle SuperSonics,548000
2001,311,Mario Elie,G,Phoenix Suns,548000
2001,312,Felton Spencer,C,New York Knicks,548000
2001,313,Don Reid,F,Orlando Magic,548000
2001,314,Monty Williams,SF,Orlando Magic,548000
2001,315,Shawnelle Scott,C,San Antonio Spurs,548000
2001,316,Terry Davis,C,Denver Nuggets,548000
2001,317,Stacey Augmon,SF,Portland Trail Blazers,548000
2001,318,Dee Brown,G,Orlando Magic,548000
2001,319,Matt Maloney,G,Atlanta Hawks,548000
2001,320,Antonio Harvey,F,Portland Trail Blazers,548000
2001,321,Jeff McInnis,PG,Los Angeles Clippers,523000
2001,322,Tyus Edney,G,Indiana Pacers,523000
2001,323,Troy Hudson,PG,Orlando Magic,523000
2001,324,Moochie Norris,PG,Houston Rockets,523000
2001,325,Ryan Bowen,SF,Denver Nuggets,508000
2001,326,Laron Profit,SG,Washington Wizards,508000
2001,327,Rick Brunson,PG,New York Knicks,507000
2001,328,Bruno Sundov,C,Indiana Pacers,498000
2001,329,Kornel David,F,Detroit Pistons,498000
2001,330,Mark Pope,C,Milwaukee Bucks,498000
2001,331,Adrian Griffin,G,Boston Celtics,498000
2001,332,Mark Bryant,F,Dallas Mavericks,458000
2001,333,Calvin Booth,C,Dallas Mavericks,423000
2001,334,Todd MacCulloch,C,Philadelphia 76ers,423000
2001,335,Mark Blount,C,Boston Celtics,423000
2001,336,Rafer Alston,PG,Milwaukee Bucks,423000
2001,337,Evan Eschmeyer,C,New Jersey Nets,423000
2001,338,Chris Herren,G,Boston Celtics,423000
2001,339,Elliot Perry,G,Phoenix Suns,390000
2001,340,Kevin Ollie,PG,Philadelphia 76ers,363000
2001,341,Milt Palacio,PG,Boston Celtics,326000
2001,342,Eduardo Najera,PF,Dallas Mavericks,316000
2001,343,Mike Smith,F,Washington Wizards,316000
2001,344,Michael Redd,SG,Milwaukee Bucks,316000
2001,345,Zendon Hamilton,C,Los Angeles Clippers,316000
2001,346,Jason Hart,PG,Milwaukee Bucks,316000
2001,347,Daniel Santiago,C,Phoenix Suns,316000
2001,348,Dan Langhi,PF,Houston Rockets,316000
2001,349,Eddie House,SG,Miami Heat,316000
2001,350,Soumaila Samake,C,New Jersey Nets,316000
2001,351,Jake Voskuhl,C,Chicago Bulls,316000
2001,352,Stephen Jackson,SF,New Jersey Nets,316000
2001,353,Chris Porter,F,Golden State Warriors,316000
2001,354,Paul McPherson,G,Golden State Warriors,316000
2001,355,A.J. Guyton,G,Chicago Bulls,316000
2001,356,Brian Cardinal,PF,Detroit Pistons,316000
2001,357,Marc Jackson,PF,Golden State Warriors,316000
2001,358,Ruben Wolkowyski,F,Seattle SuperSonics,316000
2001,359,Olumide Oyedeji,C,Seattle SuperSonics,316000
2001,360,Hanno Mottola,C,Atlanta Hawks,316000
2001,361,Rodney Buford,SF,Philadelphia 76ers,288000
2001,362,Anthony Goldwire,PG,Denver Nuggets,243000
2001,363,Chucky Brown,F,Cleveland Cavaliers,241000
2001,364,Vernon Maxwell,G,Dallas Mavericks,161000
2001,365,Doug Overton,PG,New Jersey Nets,90000
2001,366,Sean Colson,G,Houston Rockets,83000
2001,367,David Vanterpool,G,Washington Wizards,80000
2001,368,Steve Goodrich,F,Chicago Bulls,37000
2001,369,Eddie Gill,PG,New Jersey Nets,34000
2001,370,Chris Garner,G,Golden State Warriors,32000
2001,371,Scott Burrell,G,Charlotte Hornets,29000
2001,372,Dan Mcclintock,C,Denver Nuggets,26000
2001,373,Raja Bell,SG,Philadelphia 76ers,24000
2001,374,Jamel Thomas,F,New Jersey Nets,24000
2002,1,Kevin Garnett,PF,Minnesota Timberwolves,22400000
2002,2,Shaquille O'Neal,C,Los Angeles Lakers,21428000
2002,3,Alonzo Mourning,C,Miami Heat,18756000
2002,4,Juwan Howard,PF,Denver Nuggets,18750000
2002,5,Scottie Pippen,SF,Portland Trail Blazers,18083000
2002,6,Karl Malone,PF,Utah Jazz,17500000
2002,7,Rasheed Wallace,PF,Portland Trail Blazers,14400000
2002,8,Dikembe Mutombo,C,Philadelphia 76ers,14315000
2002,9,Gary Payton,PG,Seattle SuperSonics,12926000
2002,10,Shawn Kemp,C,Portland Trail Blazers,12770000
2002,11,Chris Webber,C,Sacramento Kings,12750000
2002,12,Damon Stoudamire,PG,Portland Trail Blazers,12375000
2002,13,Reggie Miller,SG,Indiana Pacers,12045000
2002,14,Antonio McDyess,PF,Denver Nuggets,11700000
2002,15,Antoine Walker,PF,Boston Celtics,11250000
2002,16,Shareef Abdur-Rahim,PF,Atlanta Hawks,11250000
2002,17,Allen Iverson,SG,Philadelphia 76ers,11250000
2002,18,Latrell Sprewell,SG,New York Knicks,11250000
2002,19,Vin Baker,PF,Seattle SuperSonics,11250000
2002,20,Zydrunas Ilgauskas,C,Cleveland Cavaliers,11250000
2002,21,Anfernee Hardaway,SF,Phoenix Suns,11250000
2002,22,Ray Allen,SG,Milwaukee Bucks,11250000
2002,23,Kobe Bryant,SF,Los Angeles Lakers,11250000
2002,24,Stephon Marbury,PG,Phoenix Suns,11250000
2002,25,Antonio Davis,PF,Toronto Raptors,11000000
2002,26,Tracy McGrady,SG,Orlando Magic,10865000
2002,27,Tim Duncan,C,San Antonio Spurs,10865000
2002,28,Jalen Rose,SG,Chicago Bulls,10865000
2002,29,Keith Van Horn,PF,New Jersey Nets,10865000
2002,30,Grant Hill,SF,Orlando Magic,10865000
2002,31,Michael Finley,G,Dallas Mavericks,10625000
2002,32,Vlade Divac,C,Sacramento Kings,10444000
2002,33,Tom Gugliotta,PF,Phoenix Suns,10113000
2002,34,Eddie Jones,SG,Miami Heat,10080000
2002,35,Brian Grant,PF,Miami Heat,10009000
2002,36,Allan Houston,SG,New York Knicks,10000000
2002,37,Tim Thomas,PF,Milwaukee Bucks,9675000
2002,38,David Robinson,C,San Antonio Spurs,9500000
2002,39,Terrell Brandon,PG,Minnesota Timberwolves,9250000
2002,40,Nick Van Exel,PG,Dallas Mavericks,9093000
2002,41,Steve Smith,SG,San Antonio Spurs,9000000
2002,42,Glenn Robinson,SF,Milwaukee Bucks,8990000
2002,43,Glen Rice,SF,Houston Rockets,8800000
2002,44,Derrick Coleman,PF,Philadelphia 76ers,8710000
2002,45,Theo Ratliff,C,Atlanta Hawks,8593000
2002,46,Jason Kidd,G,New Jersey Nets,8440000
2002,47,Kenny Anderson,PG,Boston Celtics,8350000
2002,48,Matt Geiger,C,Philadelphia 76ers,8142000
2002,49,Toni Kukoc,SF,Atlanta Hawks,8050000
2002,50,John Stockton,G,Utah Jazz,8000000
2002,51,Elden Campbell,C,Charlotte Hornets,7975000
2002,52,Clifford Robinson,PF,Detroit Pistons,7656000
2002,53,Kerry Kittles,SG,New Jersey Nets,7167000
2002,54,Dale Davis,PF,Portland Trail Blazers,7010000
2002,55,Jamal Mashburn,SF,Charlotte Hornets,6975000
2002,56,Greg Ostertag,C,Utah Jazz,6933000
2002,57,Tyrone Hill,PF,Cleveland Cavaliers,6600000
2002,58,Bo Outlaw,PF,Phoenix Suns,6555000
2002,59,Charles Oakley,PF,Chicago Bulls,6545000
2002,60,Donyell Marshall,PF,Utah Jazz,6510000
2002,61,Alan Henderson,PF,Atlanta Hawks,6500000
2002,62,Derek Anderson,SG,Portland Trail Blazers,6495000
2002,63,P.J. Brown,PF,Charlotte Hornets,6404000
2002,64,Jermaine O'Neal,C,Indiana Pacers,6325000
2002,65,Austin Croshere,PF,Indiana Pacers,6310000
2002,66,Wesley Person,SF,Cleveland Cavaliers,6300000
2002,67,Marcus Camby,C,New York Knicks,6250000
2002,68,Erick Dampier,C,Golden State Warriors,6235000
2002,69,Ron Mercer,SG,Indiana Pacers,6066000
2002,70,Kelvin Cato,C,Houston Rockets,6048000
2002,71,Derrick McKey,F,Philadelphia 76ers,6000000
2002,72,Steve Nash,PG,Dallas Mavericks,5750000
2002,73,Isaac Austin,C,Memphis Grizzlies,5695000
2002,74,Jerry Stackhouse,SF,Detroit Pistons,5500000
2002,75,Shandon Anderson,SF,New York Knicks,5500000
2002,76,Lorenzen Wright,PF,Memphis Grizzlies,5500000
2002,77,Nick Anderson,F,Memphis Grizzlies,5401000
2002,78,Mookie Blaylock,G,Golden State Warriors,5400000
2002,79,Chris Mills,SF,Golden State Warriors,5400000
2002,80,Alvin Williams,PG,Toronto Raptors,5350000
2002,81,Robert Horry,PF,Los Angeles Lakers,5300000
2002,82,Eddie Robinson,SF,Chicago Bulls,5205000
2002,83,Chris Childs,G,Toronto Raptors,5200000
2002,84,Bryon Russell,SF,Utah Jazz,5142000
2002,85,Charlie Ward,PG,New York Knicks,5110000
2002,86,Tariq Abdul-Wahad,SF,Dallas Mavericks,5062000
2002,87,Hakeem Olajuwon,C,Toronto Raptors,5061000
2002,88,Jerome Williams,PF,Toronto Raptors,5000000
2002,89,Doug Christie,SG,Sacramento Kings,5000000
2002,90,Walt Williams,F,Houston Rockets,5000000
2002,91,Peja Stojakovic,SF,Sacramento Kings,5000000
2002,92,Bob Sura,PG,Golden State Warriors,4913000
2002,93,Jason Caffey,F,Milwaukee Bucks,4812000
2002,94,Howard Eisley,PG,New York Knicks,4781000
2002,95,Vitaly Potapenko,C,Boston Celtics,4762000
2002,96,Brent Barry,SG,Seattle SuperSonics,4680000
2002,97,Michael Olowokandi,C,LA Clippers,4662000
2002,98,Scott Williams,C,Denver Nuggets,4650000
2002,99,Calvin Booth,C,Seattle SuperSonics,4539000
2002,100,Anthony Mason,F,Milwaukee Bucks,4538000
2002,101,Joe Smith,PF,Minnesota Timberwolves,4538000
2002,102,Ruben Patterson,PF,Portland Trail Blazers,4538000
2002,103,Clarence Weatherspoon,PF,New York Knicks,4538000
2002,104,Avery Johnson,PG,Dallas Mavericks,4538000
2002,105,Brevin Knight,PG,Memphis Grizzlies,4500000
2002,106,Nazr Mohammed,C,Atlanta Hawks,4500000
2002,107,Ben Wallace,PF,Detroit Pistons,4500000
2002,108,Eric Williams,PF,Boston Celtics,4448000
2002,109,Danny Fortson,C,Golden State Warriors,4441000
2002,110,Christian Laettner,PF,Washington Wizards,4421000
2002,111,Jahidi White,C,Washington Wizards,4413000
2002,112,Kurt Thomas,PF,New York Knicks,4413000
2002,113,Rashard Lewis,PF,Seattle SuperSonics,4413000
2002,114,Cuttino Mobley,SG,Houston Rockets,4412000
2002,115,Brad Miller,C,Indiana Pacers,4400000
2002,116,Adonal Foyle,C,Golden State Warriors,4400000
2002,117,Scot Pollard,C,Sacramento Kings,4344000
2002,118,Voshon Lenard,SG,Denver Nuggets,4252000
2002,119,Mike Bibby,PG,Sacramento Kings,4174000
2002,120,Shawn Bradley,C,Dallas Mavericks,4155000
2002,121,Darrell Armstrong,PG,Orlando Magic,4130000
2002,122,Corliss Williamson,PF,Detroit Pistons,4000000
2002,123,Aaron McKie,SG,Philadelphia 76ers,4000000
2002,124,Sam Cassell,PG,Milwaukee Bucks,4000000
2002,125,Greg Anthony,G,Milwaukee Bucks,3940000
2002,126,Elton Brand,PF,LA Clippers,3882000
2002,127,Mark Jackson,PG,New York Knicks,3860000
2002,128,Michael Stewart,PF,Toronto Raptors,3840000
2002,129,Kenyon Martin,F,New Jersey Nets,3801000
2002,130,Rick Fox,SF,Los Angeles Lakers,3791000
2002,131,Raef LaFrentz,C,Dallas Mavericks,3755000
2002,132,Lamond Murray,SF,Cleveland Cavaliers,3750000
2002,133,Eric Snow,PG,Philadelphia 76ers,3750000
2002,134,Kwame Brown,C,Washington Wizards,3697000
2002,135,Brent Price,G,Sacramento Kings,3680000
2002,136,Ervin Johnson,C,Milwaukee Bucks,3670000
2002,137,Jud Buechler,G,Orlando Magic,3666000
2002,138,Tony Battie,C,Boston Celtics,3600000
2002,139,Travis Knight,C,New York Knicks,3600000
2002,140,Moochie Norris,PG,Houston Rockets,3600000
2002,141,Zeljko Rebraca,C,Detroit Pistons,3500000
2002,142,Steve Francis,PG,Houston Rockets,3473000
2002,143,Stromile Swift,PF,Memphis Grizzlies,3401000
2002,144,Tracy Murray,SF,Toronto Raptors,3400000
2002,145,Antawn Jamison,PF,Golden State Warriors,3388000
2002,146,Tim Hardaway,G,Denver Nuggets,3360000
2002,147,Chucky Atkins,PG,Detroit Pistons,3300000
2002,148,Tyrone Nesby,F,Washington Wizards,3260000
2002,149,Travis Best,PG,Chicago Bulls,3250000
2002,150,Anthony Carter,PG,Miami Heat,3250000
2002,151,Marc Jackson,PF,Minnesota Timberwolves,3250000
2002,152,David Wesley,SG,Charlotte Hornets,3240000
2002,153,Dean Garrett,C,Golden State Warriors,3240000
2002,154,Jon Barry,SG,Detroit Pistons,3175000
2002,155,Walter McCarty,PF,Boston Celtics,3125000
2002,156,Baron Davis,PG,Charlotte Hornets,3119000
2002,157,Vince Carter,G,Toronto Raptors,3073000
2002,158,Darius Miles,SF,LA Clippers,3054000
2002,159,Evan Eschmeyer,C,Dallas Mavericks,3038000
2002,160,Jaren Jackson,G,Orlando Magic,3020000
2002,161,Derek Fisher,PG,Los Angeles Lakers,3000000
2002,162,Eric Piatkowski,SG,LA Clippers,3000000
2002,163,Antonio Daniels,PG,San Antonio Spurs,3000000
2002,164,LaPhonso Ellis,F,Miami Heat,3000000
2002,165,Cedric Henderson,F,Golden State Warriors,3000000
2002,166,Kevin Willis,C,Houston Rockets,3000000
2002,167,Lawrence Funderburke,PF,Sacramento Kings,3000000
2002,168,Anthony Peeler,SG,Minnesota Timberwolves,2978000
2002,169,Pau Gasol,PF,Memphis Grizzlies,2970000
2002,170,Andrew DeClercq,C,Orlando Magic,2900000
2002,171,Lamar Odom,PF,LA Clippers,2812000
2002,172,Robert Traylor,PF,Charlotte Hornets,2793000
2002,173,Tyson Chandler,C,Chicago Bulls,2756000
2002,174,Marcus Fizer,F,Chicago Bulls,2754000
2002,175,Lindsey Hunter,SG,Los Angeles Lakers,2700000
2002,176,Chris Whitney,PG,Washington Wizards,2666000
2002,177,John Wallace,SF,Phoenix Suns,2630000
2002,178,Jason Williams,PG,Memphis Grizzlies,2554000
2002,179,Jonathan Bender,SF,Indiana Pacers,2546000
2002,180,Mikki Moore,C,Detroit Pistons,2531000
2002,181,Chris Gatling,C,Miami Heat,2504000
2002,182,Chris Crawford,SF,Atlanta Hawks,2500000
2002,183,Mike Miller,SG,Orlando Magic,2494000
2002,184,Eric Montross,C,Toronto Raptors,2480000
2002,185,Othella Harrington,PF,New York Knicks,2475000
2002,186,John Starks,G,Utah Jazz,2475000
2002,187,Randy Brown,G,Boston Celtics,2475000
2002,188,Bimbo Coles,PG,Cleveland Cavaliers,2475000
2002,189,Aaron Williams,C,New Jersey Nets,2475000
2002,190,Tony Delk,PG,Boston Celtics,2475000
2002,191,Chauncey Billups,PG,Minnesota Timberwolves,2475000
2002,192,Bobby Jackson,PG,Sacramento Kings,2475000
2002,193,Horace Grant,C,Orlando Magic,2419000
2002,194,Steve Kerr,G,Portland Trail Blazers,2406000
2002,195,Rodney Rogers,SF,Boston Celtics,2400000
2002,196,Sean Rooks,C,LA Clippers,2400000
2002,197,Terry Porter,G,San Antonio Spurs,2400000
2002,198,Calbert Cheaney,SG,Denver Nuggets,2400000
2002,199,Michael Curry,SF,Detroit Pistons,2400000
2002,200,George McCloud,F,Denver Nuggets,2400000
2002,201,Stacey Augmon,SF,Charlotte Hornets,2400000
2002,202,Lucious Harris,SG,New Jersey Nets,2400000
2002,203,George Lynch,SF,Charlotte Hornets,2400000
2002,204,Grant Long,F,Memphis Grizzlies,2400000
2002,205,Hubert Davis,SG,Washington Wizards,2368000
2002,206,Larry Hughes,SG,Golden State Warriors,2343000
2002,207,Wally Szczerbiak,SG,Minnesota Timberwolves,2313000
2002,208,Malik Rose,PF,San Antonio Spurs,2285000
2002,209,Vinny Del Negro,G,Phoenix Suns,2275000
2002,210,DerMarr Johnson,SF,Atlanta Hawks,2265000
2002,211,Eddy Curry,NA,Chicago Bulls,2232000
2002,212,Shane Battier,SF,Memphis Grizzlies,2203000
2002,213,John Amaechi,PF,Utah Jazz,2175000
2002,214,Dirk Nowitzki,F,Dallas Mavericks,2157000
2002,215,Patrick Ewing,C,Orlando Magic,2118000
2002,216,Richard Hamilton,SG,Washington Wizards,2111000
2002,217,Dell Curry,G,Toronto Raptors,2100000
2002,218,Chris Mihm,C,Cleveland Cavaliers,2067000
2002,219,Paul Pierce,SF,Boston Celtics,2051000
2002,220,Bonzi Wells,SG,Portland Trail Blazers,2028000
2002,221,Jason Richardson,SG,Golden State Warriors,2021000
2002,222,Eddie Griffin,PF,Houston Rockets,2011000
2002,223,Michael Doleac,C,Cleveland Cavaliers,2000000
2002,224,Bryant Stith,G,Cleveland Cavaliers,2000000
2002,225,Keon Clark,PF,Toronto Raptors,1971000
2002,226,Michael Dickerson,G,Memphis Grizzlies,1940000
2002,227,Andre Miller,PG,Cleveland Cavaliers,1934000
2002,228,Greg Foster,C,Milwaukee Bucks,1924000
2002,229,Matt Harpring,SF,Philadelphia 76ers,1908000
2002,230,Jamal Crawford,G,Chicago Bulls,1894000
2002,231,DeSagana Diop,C,Cleveland Cavaliers,1842000
2002,232,Shawn Marion,SG,Phoenix Suns,1778000
2002,233,Darvin Ham,SF,Milwaukee Bucks,1760000
2002,234,Shammond Williams,PG,Seattle SuperSonics,1750000
2002,235,Joel Przybilla,C,Milwaukee Bucks,1741000
2002,236,Rasho Nesterovic,C,Minnesota Timberwolves,1725000
2002,237,Tyronn Lue,PG,Washington Wizards,1714000
2002,238,Rodney White,SF,Detroit Pistons,1694000
2002,239,Jason Terry,G,Atlanta Hawks,1689000
2002,240,Keyon Dooling,PG,LA Clippers,1654000
2002,241,Joe Johnson,G,Phoenix Suns,1608000
2002,242,Trajan Langdon,SG,Cleveland Cavaliers,1604000
2002,243,Johnny Newman,F,Dallas Mavericks,1575000
2002,244,Jerome Moiso,C,Charlotte Hornets,1571000
2002,245,Pat Garrity,PF,Orlando Magic,1569000
2002,246,Kedrick Brown,SG,Boston Celtics,1528000
2002,247,Roshown McLeod,F,Boston Celtics,1509000
2002,248,Tony Massenburg,PF,Memphis Grizzlies,1500000
2002,249,Danny Manning,F,Dallas Mavericks,1500000
2002,250,Dana Barros,PG,Detroit Pistons,1500000
2002,251,Ricky Davis,SG,Cleveland Cavaliers,1496000
2002,252,Etan Thomas,C,Washington Wizards,1493000
2002,253,Brian Skinner,PF,Cleveland Cavaliers,1483000
2002,254,Corie Blount,PF,Philadelphia 76ers,1452000
2002,255,Vladimir Radmanovic,SF,Seattle SuperSonics,1452000
2002,256,Corey Maggette,SF,LA Clippers,1448000
2002,257,Al Harrington,PF,Indiana Pacers,1436000
2002,258,Courtney Alexander,SG,Washington Wizards,1418000
2002,259,Samaki Walker,PF,Los Angeles Lakers,1400000
2002,260,Richard Jefferson,F,New Jersey Nets,1379000
2002,261,William Avery,G,Minnesota Timberwolves,1375000
2002,262,Mateen Cleaves,PG,Sacramento Kings,1347000
2002,263,Troy Murphy,PF,Golden State Warriors,1310000
2002,264,Eldridge Recasner,G,LA Clippers,1300000
2002,265,Bryce Drew,PG,Charlotte Hornets,1300000
2002,266,Matt Bullard,F,Charlotte Hornets,1300000
2002,267,Popeye Jones,PF,Washington Wizards,1300000
2002,268,Jason Collier,C,Houston Rockets,1280000
2002,269,Metta World Peace,SF,Indiana Pacers,1241000
2002,270,Hedo Turkoglu,SF,Sacramento Kings,1216000
2002,271,Greg Buckner,SG,Dallas Mavericks,1210000
2002,272,Kirk Haston,F,Charlotte Hornets,1182000
2002,273,Cal Bowdler,F,Atlanta Hawks,1179000
2002,274,Desmond Mason,SF,Seattle SuperSonics,1155000
2002,275,Michael Bradley,PF,Toronto Raptors,1124000
2002,276,James Posey,SF,Denver Nuggets,1120000
2002,277,Quentin Richardson,SF,LA Clippers,1097000
2002,278,Quincy Lewis,SG,Utah Jazz,1070000
2002,279,Jason Collins,C,New Jersey Nets,1067000
2002,280,Jamaal Magloire,C,Charlotte Hornets,1048000
2002,281,Steven Hunter,C,Orlando Magic,1037000
2002,282,Dion Glover,SG,Atlanta Hawks,1027000
2002,283,Zach Randolph,F,Portland Trail Blazers,1019000
2002,284,Speedy Claxton,PG,Philadelphia 76ers,1006000
2002,285,Michael Jordan,G,Washington Wizards,1000000
2002,286,Danny Ferry,F,San Antonio Spurs,1000000
2002,287,Fred Hoiberg,SG,Chicago Bulls,1000000
2002,288,Don Reid,F,Orlando Magic,1000000
2002,289,John Crotty,G,Utah Jazz,1000000
2002,290,Mark Bryant,F,San Antonio Spurs,1000000
2002,291,Jeff Foster,PF,Indiana Pacers,986000
2002,292,Morris Peterson,SG,Toronto Raptors,966000
2002,293,Kenny Thomas,PF,Houston Rockets,946000
2002,294,Joseph Forte,G,Boston Celtics,939000
2002,295,Donnell Harvey,PF,Denver Nuggets,927000
2002,296,Jeryl Sasser,G,Orlando Magic,902000
2002,297,DeShawn Stevenson,SG,Utah Jazz,890000
2002,298,Brandon Armstrong,SG,New Jersey Nets,865000
2002,299,Dalibor Bagaric,C,Chicago Bulls,854000
2002,300,Tim James,F,Philadelphia 76ers,837000
2002,301,Devean George,SF,Los Angeles Lakers,834000
2002,302,Andrei Kirilenko,SF,Utah Jazz,831000
2002,303,Jake Tsakalidis,C,Phoenix Suns,820000
2002,304,Brendan Haywood,C,Washington Wizards,815000
2002,305,Vonteego Cummings,PG,Philadelphia 76ers,810000
2002,306,Mamadou N'diaye,C,Toronto Raptors,793000
2002,307,Jumaine Jones,SF,Cleveland Cavaliers,786000
2002,308,Scott Padgett,PF,Utah Jazz,781000
2002,309,Samuel Dalembert,C,Philadelphia 76ers,771000
2002,310,Erick Barkley,G,Portland Trail Blazers,765000
2002,311,Mark Madsen,PF,Los Angeles Lakers,760000
2002,312,Jamaal Tinsley,PG,Indiana Pacers,749000
2002,313,Primoz Brezec,C,Indiana Pacers,749000
2002,314,Tony Parker,G,San Antonio Spurs,744000
2002,315,Bruce Bowen,SF,San Antonio Spurs,715000
2002,316,Cherokee Parks,PF,San Antonio Spurs,715000
2002,317,Emanual Davis,G,Atlanta Hawks,715000
2002,318,Milt Palacio,PG,Phoenix Suns,690000
2002,319,Gerald Wallace,SF,Sacramento Kings,664000
2002,320,Earl Boykins,PG,LA Clippers,650000
2002,321,Adrian Griffin,G,Dallas Mavericks,648000
2002,322,Ryan Bowen,SF,Denver Nuggets,630000
2002,323,Rafer Alston,PG,Milwaukee Bucks,625000
2002,324,Harold Jamison,F,LA Clippers,600000
2002,325,Mitchell Butler,SG,Portland Trail Blazers,591000
2002,326,Kevin Ollie,PG,Indiana Pacers,591000
2002,327,Chris Dudley,C,Portland Trail Blazers,591000
2002,328,Rick Brunson,PG,Portland Trail Blazers,591000
2002,329,Brian Shaw,G,Los Angeles Lakers,591000
2002,330,Felton Spencer,C,New York Knicks,591000
2002,331,Larry Robinson,G,New York Knicks,591000
2002,332,Gary Trent,PF,Minnesota Timberwolves,591000
2002,333,Sam Mitchell,F,Minnesota Timberwolves,591000
2002,334,Erick Strickland,PG,Boston Celtics,591000
2002,335,Carlos Rogers,F,Indiana Pacers,591000
2002,336,Rod Strickland,PG,Miami Heat,591000
2002,337,Troy Hudson,PG,Orlando Magic,591000
2002,338,Victor Alexander,F,Detroit Pistons,591000
2002,339,Monty Williams,SF,Orlando Magic,591000
2002,340,Shawnelle Scott,C,Denver Nuggets,591000
2002,341,Mark Pope,C,Milwaukee Bucks,591000
2002,342,Antonio Harvey,F,Seattle SuperSonics,591000
2002,343,Jeff McInnis,PG,LA Clippers,590000
2002,344,Darrick Martin,PG,Dallas Mavericks,590000
2002,345,Jacque Vaughn,PG,Atlanta Hawks,590000
2002,346,Kendall Gill,SF,Miami Heat,590000
2002,347,Mitch Richmond,G,Los Angeles Lakers,590000
2002,348,Dan Majerle,G,Phoenix Suns,590000
2002,349,Sean Marks,PF,Miami Heat,566000
2002,350,Vladimir Stepania,C,Miami Heat,566000
2002,351,Damon Jones,PG,Detroit Pistons,566000
2002,352,Bruno Sundov,C,Indiana Pacers,565000
2002,353,Felipe Lopez,G,Minnesota Timberwolves,565000
2002,354,Todd MacCulloch,C,New Jersey Nets,550000
2002,355,Amal McCaskill,C,San Antonio Spurs,541000
2002,356,Derrick Dial,SG,Toronto Raptors,541000
2002,357,Charles Smith,SG,San Antonio Spurs,541000
2002,358,Jelani McCoy,PF,Los Angeles Lakers,541000
2002,359,Obinna Ekezie,C,LA Clippers,541000
2002,360,Michael Ruffin,PF,Philadelphia 76ers,540000
2002,361,Rodney Buford,SF,Memphis Grizzlies,540000
2002,362,Mark Blount,C,Boston Celtics,540000
2002,363,Mark Strickland,F,Atlanta Hawks,539000
2002,364,Terence Morris,F,Houston Rockets,490000
2002,365,Jim Jackson,SF,Miami Heat,480000
2002,366,Predrag Drobnjak,C,Seattle SuperSonics,479000
2002,367,Art Long,F,Seattle SuperSonics,466000
2002,368,Lee Nailon,SF,Charlotte Hornets,466000
2002,369,Zendon Hamilton,C,Denver Nuggets,466000
2002,370,Lavor Postell,G,New York Knicks,466000
2002,371,Jerome James,C,Seattle SuperSonics,466000
2002,372,Olumide Oyedeji,C,Seattle SuperSonics,466000
2002,373,Eduardo Najera,PF,Dallas Mavericks,465000
2002,374,Raja Bell,SG,Philadelphia 76ers,465000
2002,375,Michael Redd,SG,Milwaukee Bucks,465000
2002,376,Jason Hart,PG,San Antonio Spurs,465000
2002,377,Daniel Santiago,C,Phoenix Suns,465000
2002,378,Dan Langhi,PF,Houston Rockets,465000
2002,379,Eddie Gill,PG,Memphis Grizzlies,465000
2002,380,ZhiZhi Wang,C,Dallas Mavericks,465000
2002,381,Eddie House,SG,Miami Heat,465000
2002,382,Jake Voskuhl,C,Phoenix Suns,465000
2002,383,Stephen Jackson,SF,San Antonio Spurs,465000
2002,384,A.J. Guyton,G,Chicago Bulls,465000
2002,385,Brian Cardinal,PF,Detroit Pistons,465000
2002,386,Hanno Mottola,C,Atlanta Hawks,465000
2002,387,Slava Medvedenko,PF,Los Angeles Lakers,465000
2002,388,Reggie Slater,F,Atlanta Hawks,438000
2002,389,Steve Goodrich,F,New Jersey Nets,389000
2002,390,Gilbert Arenas,PG,Golden State Warriors,333000
2002,391,Ratko Varda,C,Detroit Pistons,333000
2002,392,Earl Watson,PG,Seattle SuperSonics,333000
2002,393,Jarron Collins,C,Utah Jazz,333000
2002,394,Kenny Satterfield,G,Denver Nuggets,333000
2002,395,Malik Allen,PF,Miami Heat,333000
2002,396,Jamison Brewer,PG,Indiana Pacers,333000
2002,397,Trenton Hassell,SF,Chicago Bulls,333000
2002,398,Tierre Brown,PG,Houston Rockets,333000
2002,399,Oscar Torres,G,Houston Rockets,333000
2002,400,Dean Oliver,G,Golden State Warriors,333000
2002,401,Ruben Boumtje-Boumtje,C,Portland Trail Blazers,333000
2002,402,Norman Richardson,G,Chicago Bulls,333000
2002,403,Brian Scalabrine,PF,New Jersey Nets,333000
2002,404,Carlos Arroyo,PG,Denver Nuggets,333000
2002,405,Ernest Brown,C,Miami Heat,333000
2002,406,Antonis Fotsis,F,Memphis Grizzlies,332000
2002,407,Maurice Evans,SG,Minnesota Timberwolves,332000
2002,408,Damone Brown,PF,Philadelphia 76ers,332000
2002,409,Will Solomon,PG,Memphis Grizzlies,332000
2002,410,Alvin Jones,C,Philadelphia 76ers,332000
2002,411,Bobby Simmons,SF,Washington Wizards,332000
2002,412,Alton Ford,SF,Phoenix Suns,332000
2002,413,Jeff Trepagnier,SG,Cleveland Cavaliers,332000
2002,414,Loren Woods,C,Minnesota Timberwolves,332000
2002,415,Jabari Smith,C,Philadelphia 76ers,304000
2002,416,Mike James,PG,Miami Heat,237000
2003,1,Kevin Garnett,PF,Minnesota Timberwolves,25200000
2003,2,Shaquille O'Neal,C,Los Angeles Lakers,23571000
2003,3,Shawn Kemp,C,Orlando Magic,21500000
2003,4,Juwan Howard,PF,Denver Nuggets,20625000
2003,5,Scottie Pippen,SF,Portland Trail Blazers,19727000
2003,6,Karl Malone,PF,Utah Jazz,19250000
2003,7,Rasheed Wallace,PF,Portland Trail Blazers,16200000
2003,8,Dikembe Mutombo,C,New Jersey Nets,16105000
2003,9,Chris Webber,C,Sacramento Kings,14343000
2003,10,Damon Stoudamire,PG,Portland Trail Blazers,13500000
2003,11,Gary Payton,PG,Milwaukee Bucks,13080000
2003,12,Antoine Walker,PF,Boston Celtics,12375000
2003,13,Shareef Abdur-Rahim,PF,Atlanta Hawks,12375000
2003,14,Allen Iverson,SG,Philadelphia 76ers,12375000
2003,15,Latrell Sprewell,SG,New York Knicks,12375000
2003,16,Vin Baker,PF,Boston Celtics,12375000
2003,17,Zydrunas Ilgauskas,C,Cleveland Cavaliers,12375000
2003,18,Anfernee Hardaway,SF,Phoenix Suns,12375000
2003,19,Ray Allen,SG,Seattle SuperSonics,12375000
2003,20,Kobe Bryant,SF,Los Angeles Lakers,12375000
2003,21,Stephon Marbury,PG,Phoenix Suns,12375000
2003,22,Tracy McGrady,SG,Orlando Magic,12072000
2003,23,Tim Duncan,C,San Antonio Spurs,12072000
2003,24,Jalen Rose,SG,Chicago Bulls,12072000
2003,25,Keith Van Horn,PF,Philadelphia 76ers,12072000
2003,26,Grant Hill,SF,Orlando Magic,12072000
2003,27,Reggie Miller,SG,Indiana Pacers,12046000
2003,28,Antonio Davis,PF,Toronto Raptors,12000000
2003,29,Michael Finley,G,Dallas Mavericks,11953000
2003,30,Vlade Divac,C,Sacramento Kings,11248000
2003,31,Eddie Jones,SG,Miami Heat,11200000
2003,32,Brian Grant,PF,Miami Heat,11121000
2003,33,Allan Houston,SG,New York Knicks,11000000
2003,34,Tom Gugliotta,PF,Phoenix Suns,10890000
2003,35,Tim Thomas,PF,Milwaukee Bucks,10750000
2003,36,Vince Carter,G,Toronto Raptors,10625000
2003,37,David Robinson,C,San Antonio Spurs,10500000
2003,38,Nick Van Exel,PG,Dallas Mavericks,10003000
2003,39,Steve Smith,SG,San Antonio Spurs,9900000
2003,40,Glenn Robinson,SF,Atlanta Hawks,9860000
2003,41,Derrick Coleman,PF,Philadelphia 76ers,9830000
2003,42,Theo Ratliff,C,Atlanta Hawks,9375000
2003,43,Jason Kidd,G,New Jersey Nets,9260000
2003,44,Glen Rice,SF,Houston Rockets,9200000
2003,45,Kenny Anderson,PG,New Orleans Hornets,9185000
2003,46,John Stockton,G,Utah Jazz,9000000
2003,47,Kerry Kittles,SG,New Jersey Nets,8717000
2003,48,Clifford Robinson,PF,Detroit Pistons,8421000
2003,49,Toni Kukoc,SF,Milwaukee Bucks,8050000
2003,50,Dale Davis,PF,Portland Trail Blazers,8000000
2003,51,Elden Campbell,C,Seattle SuperSonics,7975000
2003,52,Greg Ostertag,C,Utah Jazz,7799000
2003,53,Jamal Mashburn,SF,New Orleans Hornets,7750000
2003,54,Maurice Taylor,PF,Houston Rockets,7150000
2003,55,Derek Anderson,SG,Portland Trail Blazers,7145000
2003,56,Donyell Marshall,PF,Chicago Bulls,7140000
2003,57,Alan Henderson,PF,Atlanta Hawks,7091000
2003,58,P.J. Brown,PF,New Orleans Hornets,7044000
2003,59,Wesley Person,SF,Memphis Grizzlies,7000000
2003,60,Austin Croshere,PF,Indiana Pacers,6960000
2003,61,Jermaine O'Neal,C,Indiana Pacers,6950000
2003,62,Erick Dampier,C,Golden State Warriors,6858000
2003,63,Marcus Camby,C,Denver Nuggets,6750000
2003,64,Kelvin Cato,C,Houston Rockets,6696000
2003,65,Ron Mercer,SG,Indiana Pacers,6618000
2003,66,Tyrone Hill,PF,Philadelphia 76ers,6600000
2003,67,Bo Outlaw,PF,Phoenix Suns,6555000
2003,68,Shandon Anderson,SF,New York Knicks,6100000
2003,69,Michael Olowokandi,C,LA Clippers,6061000
2003,70,Lorenzen Wright,PF,Memphis Grizzlies,6050000
2003,71,Jerry Stackhouse,SF,Washington Wizards,6000000
2003,72,Chris Mills,SF,Golden State Warriors,6000000
2003,73,Steve Nash,PG,Dallas Mavericks,5750000
2003,74,Charlie Ward,PG,New York Knicks,5750000
2003,75,Eddie Robinson,SF,Chicago Bulls,5726000
2003,76,Doug Christie,SG,Sacramento Kings,5625000
2003,77,Peja Stojakovic,SF,Sacramento Kings,5625000
2003,78,Tariq Abdul-Wahad,SF,Dallas Mavericks,5625000
2003,79,Bob Sura,PG,Golden State Warriors,5540000
2003,80,Mike Bibby,PG,Sacramento Kings,5448000
2003,81,Alvin Williams,PG,Toronto Raptors,5350000
2003,82,Howard Eisley,PG,New York Knicks,5312000
2003,83,Robert Horry,PF,Los Angeles Lakers,5300000
2003,84,Jerome Williams,PF,Toronto Raptors,5250000
2003,85,Jason Caffey,F,Milwaukee Bucks,5250000
2003,86,Vitaly Potapenko,C,Seattle SuperSonics,5238000
2003,87,Nazr Mohammed,C,Atlanta Hawks,5130000
2003,88,Brevin Knight,PG,Memphis Grizzlies,5062000
2003,89,Brent Barry,SG,Seattle SuperSonics,5040000
2003,90,Eric Williams,PF,Boston Celtics,5004000
2003,91,Ben Wallace,PF,Detroit Pistons,5000000
2003,92,Calvin Booth,C,Seattle SuperSonics,4992000
2003,93,Anthony Mason,F,Milwaukee Bucks,4992000
2003,94,Ruben Patterson,PF,Portland Trail Blazers,4992000
2003,95,Todd MacCulloch,C,Philadelphia 76ers,4991000
2003,96,Joe Smith,PF,Minnesota Timberwolves,4991000
2003,97,Clarence Weatherspoon,PF,New York Knicks,4991000
2003,98,Avery Johnson,PG,Dallas Mavericks,4991000
2003,99,Christian Laettner,PF,Washington Wizards,4973000
2003,100,Danny Fortson,C,Golden State Warriors,4935000
2003,101,Raef LaFrentz,C,Dallas Mavericks,4926000
2003,102,Kurt Thomas,PF,New York Knicks,4904000
2003,103,Jahidi White,C,Washington Wizards,4903000
2003,104,Cuttino Mobley,SG,Houston Rockets,4903000
2003,105,Rashard Lewis,PF,Seattle SuperSonics,4903000
2003,106,Elton Brand,PF,LA Clippers,4895000
2003,107,Scot Pollard,C,Sacramento Kings,4827000
2003,108,Brad Miller,C,Indiana Pacers,4800000
2003,109,Shawn Bradley,C,Dallas Mavericks,4675000
2003,110,Darrell Armstrong,PG,Orlando Magic,4506000
2003,111,Corliss Williamson,PF,Detroit Pistons,4500000
2003,112,Aaron McKie,SG,Philadelphia 76ers,4500000
2003,113,Sam Cassell,PG,Milwaukee Bucks,4500000
2003,114,Antawn Jamison,PF,Golden State Warriors,4469000
2003,115,Adonal Foyle,C,Golden State Warriors,4400000
2003,116,Steve Francis,PG,Houston Rockets,4383000
2003,117,Mark Jackson,PG,Utah Jazz,4220000
2003,118,Rick Fox,SF,Los Angeles Lakers,4170000
2003,119,Michael Stewart,PF,Cleveland Cavaliers,4160000
2003,120,Eric Snow,PG,Philadelphia 76ers,4125000
2003,121,Kenyon Martin,F,New Jersey Nets,4067000
2003,122,Ervin Johnson,C,Milwaukee Bucks,4030000
2003,123,Tony Battie,C,Boston Celtics,4000000
2003,124,Travis Knight,C,New York Knicks,4000000
2003,125,Kwame Brown,C,Washington Wizards,3974000
2003,126,Baron Davis,PG,New Orleans Hornets,3942000
2003,127,Zeljko Rebraca,C,Detroit Pistons,3850000
2003,128,Tim Hardaway,G,Indiana Pacers,3780000
2003,129,Tracy Murray,SF,Los Angeles Lakers,3740000
2003,130,Robert Traylor,PF,New Orleans Hornets,3726000
2003,131,Stromile Swift,PF,Memphis Grizzlies,3656000
2003,132,Anthony Carter,PG,Miami Heat,3656000
2003,133,Chucky Atkins,PG,Detroit Pistons,3600000
2003,134,David Wesley,SG,New Orleans Hornets,3600000
2003,135,Moochie Norris,PG,Houston Rockets,3600000
2003,136,Marc Jackson,PF,Minnesota Timberwolves,3575000
2003,137,Lamar Odom,PF,LA Clippers,3557000
2003,138,Jason Williams,PG,Memphis Grizzlies,3425000
2003,139,Antonio Daniels,PG,Portland Trail Blazers,3375000
2003,140,LaPhonso Ellis,F,Miami Heat,3300000
2003,141,Lawrence Funderburke,PF,Sacramento Kings,3300000
2003,142,Darius Miles,SF,Cleveland Cavaliers,3267000
2003,143,Andrew DeClercq,C,Orlando Magic,3263000
2003,144,Jonathan Bender,SF,Indiana Pacers,3226000
2003,145,Anthony Peeler,SG,Minnesota Timberwolves,3220000
2003,146,Pau Gasol,PF,Memphis Grizzlies,3194000
2003,147,Jon Barry,SG,Detroit Pistons,3175000
2003,148,Larry Hughes,SG,Washington Wizards,3159000
2003,149,Evan Eschmeyer,C,Dallas Mavericks,3104000
2003,150,Derek Fisher,PG,Los Angeles Lakers,3000000
2003,151,Lindsey Hunter,SG,Toronto Raptors,3000000
2003,152,Chris Whitney,PG,Orlando Magic,2962000
2003,153,Marcus Fizer,F,Chicago Bulls,2946000
2003,154,Wally Szczerbiak,SG,Minnesota Timberwolves,2933000
2003,155,Dirk Nowitzki,F,Dallas Mavericks,2923000
2003,156,Mikki Moore,C,Atlanta Hawks,2813000
2003,157,Paul Pierce,SF,Boston Celtics,2793000
2003,158,Bonzi Wells,SG,Portland Trail Blazers,2777000
2003,159,Matt Maloney,G,Atlanta Hawks,2775000
2003,160,Michael Doleac,C,New York Knicks,2753000
2003,161,Chris Crawford,SF,Atlanta Hawks,2750000
2003,162,Keon Clark,PF,Sacramento Kings,2726000
2003,163,Othella Harrington,PF,New York Knicks,2700000
2003,164,Randy Brown,G,Phoenix Suns,2700000
2003,165,Bimbo Coles,PG,Boston Celtics,2700000
2003,166,Aaron Williams,C,New Jersey Nets,2700000
2003,167,Tony Delk,PG,Boston Celtics,2700000
2003,168,Chauncey Billups,PG,Detroit Pistons,2700000
2003,169,Bobby Jackson,PG,Sacramento Kings,2700000
2003,170,Michael Dickerson,G,Memphis Grizzlies,2699000
2003,171,Richard Hamilton,SG,Detroit Pistons,2681000
2003,172,Mike Miller,SG,Memphis Grizzlies,2668000
2003,173,Matt Harpring,SF,Utah Jazz,2667000
2003,174,Horace Grant,C,Orlando Magic,2662000
2003,175,Sean Rooks,C,LA Clippers,2640000
2003,176,Lucious Harris,SG,New Jersey Nets,2640000
2003,177,Hubert Davis,SG,Detroit Pistons,2631000
2003,178,Steve Kerr,G,San Antonio Spurs,2625000
2003,179,Michael Curry,SF,Detroit Pistons,2600000
2003,180,George Lynch,SF,New Orleans Hornets,2600000
2003,181,Andre Miller,PG,LA Clippers,2460000
2003,182,Rasho Nesterovic,C,Minnesota Timberwolves,2436000
2003,183,Stacey Augmon,SF,New Orleans Hornets,2400000
2003,184,John Amaechi,PF,Utah Jazz,2393000
2003,185,Shane Battier,SF,Memphis Grizzlies,2368000
2003,186,Shawn Marion,SG,Phoenix Suns,2265000
2003,187,Pat Garrity,PF,Orlando Magic,2238000
2003,188,Chris Mihm,C,Cleveland Cavaliers,2222000
2003,189,Eddie Griffin,PF,Houston Rockets,2162000
2003,190,Ricky Davis,SG,Cleveland Cavaliers,2156000
2003,191,Jason Terry,G,Atlanta Hawks,2153000
2003,192,Brian Skinner,PF,Philadelphia 76ers,2148000
2003,193,Al Harrington,PF,Indiana Pacers,2110000
2003,194,Corey Maggette,SF,LA Clippers,2069000
2003,195,Jamal Crawford,G,Chicago Bulls,2026000
2003,196,Shammond Williams,PG,Denver Nuggets,1987000
2003,197,DeSagana Diop,C,Cleveland Cavaliers,1980000
2003,198,Metta World Peace,SF,Indiana Pacers,1904000
2003,199,Tyronn Lue,PG,Washington Wizards,1885000
2003,200,Joel Przybilla,C,Milwaukee Bucks,1862000
2003,201,Rodney White,SF,Denver Nuggets,1821000
2003,202,Keyon Dooling,PG,LA Clippers,1769000
2003,203,Joe Johnson,G,Phoenix Suns,1729000
2003,204,James Posey,SF,Houston Rockets,1723000
2003,205,Jerome Moiso,C,New Orleans Hornets,1681000
2003,206,Danny Manning,F,Detroit Pistons,1650000
2003,207,Kedrick Brown,SG,Boston Celtics,1643000
2003,208,Tony Massenburg,PF,Utah Jazz,1636000
2003,209,Etan Thomas,C,Washington Wizards,1605000
2003,210,Dion Glover,SG,Atlanta Hawks,1584000
2003,211,Jeff Foster,PF,Indiana Pacers,1571000
2003,212,Vladimir Radmanovic,SF,Seattle SuperSonics,1561000
2003,213,Kenny Thomas,PF,Philadelphia 76ers,1557000
2003,214,Devean George,SF,Los Angeles Lakers,1542000
2003,215,Samaki Walker,PF,Los Angeles Lakers,1540000
2003,216,Courtney Alexander,SG,New Orleans Hornets,1524000
2003,217,Richard Jefferson,F,New Jersey Nets,1482000
2003,218,Mateen Cleaves,PG,Sacramento Kings,1441000
2003,219,Jumaine Jones,SF,Cleveland Cavaliers,1419000
2003,220,Scott Padgett,PF,Utah Jazz,1410000
2003,221,Troy Murphy,PF,Golden State Warriors,1409000
2003,222,Corie Blount,PF,Chicago Bulls,1400000
2003,223,Brian Shaw,G,Los Angeles Lakers,1400000
2003,224,Calbert Cheaney,SG,Utah Jazz,1400000
2003,225,Monty Williams,SF,Philadelphia 76ers,1400000
2003,226,Jason Collier,C,Houston Rockets,1376000
2003,227,Hedo Turkoglu,SF,Sacramento Kings,1300000
2003,228,Bryce Drew,PG,New Orleans Hornets,1300000
2003,229,Kirk Haston,F,New Orleans Hornets,1271000
2003,230,Desmond Mason,SF,Milwaukee Bucks,1235000
2003,231,Michael Bradley,PF,Toronto Raptors,1208000
2003,232,Quentin Richardson,SF,LA Clippers,1174000
2003,233,Jason Collins,C,New Jersey Nets,1147000
2003,234,Jamaal Magloire,C,New Orleans Hornets,1126000
2003,235,Danny Ferry,F,San Antonio Spurs,1100000
2003,236,Fred Hoiberg,SG,Chicago Bulls,1100000
2003,237,Don Reid,F,Detroit Pistons,1100000
2003,238,Mark Bryant,F,Boston Celtics,1100000
2003,239,Zach Randolph,F,Portland Trail Blazers,1096000
2003,240,Speedy Claxton,PG,San Antonio Spurs,1081000
2003,241,Morris Peterson,SG,Toronto Raptors,1033000
2003,242,Michael Jordan,G,Washington Wizards,1030000
2003,243,Joseph Forte,G,Seattle SuperSonics,1009000
2003,244,Kevin Willis,C,San Antonio Spurs,1000000
2003,245,Donnell Harvey,PF,Denver Nuggets,992000
2003,246,Jeryl Sasser,G,Orlando Magic,969000
2003,247,DeShawn Stevenson,SG,Utah Jazz,956000
2003,248,Brandon Armstrong,SG,New Jersey Nets,930000
2003,249,Dalibor Bagaric,C,Chicago Bulls,914000
2003,250,Andrei Kirilenko,SF,Utah Jazz,893000
2003,251,Jake Tsakalidis,C,Phoenix Suns,877000
2003,252,Mamadou N'diaye,C,Toronto Raptors,852000
2003,253,Bruce Bowen,SF,San Antonio Spurs,824000
2003,254,Cherokee Parks,PF,LA Clippers,824000
2003,255,Emanual Davis,G,Atlanta Hawks,824000
2003,256,Mark Madsen,PF,Los Angeles Lakers,817000
2003,257,Jamaal Tinsley,PG,Indiana Pacers,805000
2003,258,Primoz Brezec,C,Indiana Pacers,805000
2003,259,Tony Parker,G,San Antonio Spurs,800000
2003,260,Milt Palacio,PG,Cleveland Cavaliers,749000
2003,261,Gerald Wallace,SF,Sacramento Kings,714000
2003,262,Jacque Vaughn,PG,Orlando Magic,700000
2003,263,Earl Boykins,PG,Golden State Warriors,700000
2003,264,Vladimir Stepania,C,Miami Heat,637000
2003,265,Mark Blount,C,Boston Celtics,637000
2003,266,Amal McCaskill,C,Atlanta Hawks,612000
2003,267,Charles Smith,SG,Portland Trail Blazers,612000
2003,268,Ryan Bowen,SF,Denver Nuggets,587000
2003,269,Jake Voskuhl,C,Phoenix Suns,587000
2003,270,Stephen Jackson,SF,San Antonio Spurs,587000
2003,271,Olumide Oyedeji,C,Orlando Magic,587000
2003,272,Predrag Drobnjak,C,Seattle SuperSonics,526000
2003,273,Gilbert Arenas,PG,Golden State Warriors,512000
2003,274,Damone Brown,PF,Toronto Raptors,512000
2003,275,Terence Morris,F,Houston Rockets,512000
2003,276,Jamison Brewer,PG,Indiana Pacers,512000
2003,277,Trenton Hassell,SF,Chicago Bulls,512000
2003,278,Alton Ford,SF,Phoenix Suns,512000
2003,279,Jeff Trepagnier,SG,Denver Nuggets,512000
2003,280,Brian Scalabrine,PF,New Jersey Nets,512000
2004,1,Kevin Garnett,PF,Minnesota Timberwolves,28000000
2004,2,Shaquille O'Neal,C,Los Angeles Lakers,26571000
2004,3,Rasheed Wallace,PF,Detroit Pistons,18000000
2004,4,Dikembe Mutombo,C,New York Knicks,17895000
2004,5,Allan Houston,SG,New York Knicks,15937000
2004,6,Chris Webber,C,Sacramento Kings,15937000
2004,7,Damon Stoudamire,PG,Portland Trail Blazers,14625000
2004,8,Antoine Walker,PF,Dallas Mavericks,13500000
2004,9,Antonio McDyess,PF,Phoenix Suns,13500000
2004,10,Shareef Abdur-Rahim,PF,Portland Trail Blazers,13500000
2004,11,Allen Iverson,SG,Philadelphia 76ers,13500000
2004,12,Latrell Sprewell,SG,Minnesota Timberwolves,13500000
2004,13,Vin Baker,PF,New York Knicks,13500000
2004,14,Zydrunas Ilgauskas,C,Cleveland Cavaliers,13500000
2004,15,Anfernee Hardaway,SF,New York Knicks,13500000
2004,16,Ray Allen,SG,Seattle SuperSonics,13500000
2004,17,Kobe Bryant,SF,Los Angeles Lakers,13500000
2004,18,Stephon Marbury,PG,New York Knicks,13500000
2004,19,Michael Finley,G,Dallas Mavericks,13281000
2004,20,Keith Van Horn,PF,Milwaukee Bucks,13280000
2004,21,Tracy McGrady,SG,Orlando Magic,13279000
2004,22,Tim Duncan,C,San Antonio Spurs,13279000
2004,23,Jalen Rose,SG,Toronto Raptors,13279000
2004,24,Eddie Jones,SG,Miami Heat,12320000
2004,25,Brian Grant,PF,Miami Heat,12234000
2004,26,Vlade Divac,C,Sacramento Kings,12051000
2004,27,Antonio Davis,PF,Chicago Bulls,12000000
2004,28,Vince Carter,G,Toronto Raptors,11953000
2004,29,Tim Thomas,PF,New York Knicks,11825000
2004,30,Tom Gugliotta,PF,Utah Jazz,11668000
2004,31,Jason Kidd,G,New Jersey Nets,10950000
2004,32,Nick Van Exel,PG,Golden State Warriors,10912000
2004,33,Glenn Robinson,SF,Philadelphia 76ers,10730000
2004,34,Theo Ratliff,C,Portland Trail Blazers,10156000
2004,35,Glen Rice,SF,LA Clippers,9600000
2004,36,Kerry Kittles,SG,New Jersey Nets,9267000
2004,37,Greg Ostertag,C,Utah Jazz,8666000
2004,38,Jamal Mashburn,SF,New Orleans Hornets,8525000
2004,39,Toni Kukoc,SF,Milwaukee Bucks,8050000
2004,40,Maurice Taylor,PF,Houston Rockets,7800000
2004,41,Derek Anderson,SG,Portland Trail Blazers,7794000
2004,42,Wesley Person,SF,Atlanta Hawks,7700000
2004,43,Alan Henderson,PF,Atlanta Hawks,7682000
2004,44,Austin Croshere,PF,Indiana Pacers,7610000
2004,45,Erick Dampier,C,Golden State Warriors,7482000
2004,46,Kelvin Cato,C,Houston Rockets,7344000
2004,47,Marcus Camby,C,Denver Nuggets,7250000
2004,48,Ron Mercer,SG,San Antonio Spurs,7169000
2004,49,Shandon Anderson,SF,New York Knicks,6700000
2004,50,Lorenzen Wright,PF,Memphis Grizzlies,6600000
2004,51,Jerry Stackhouse,SF,Washington Wizards,6500000
2004,52,Elton Brand,PF,LA Clippers,6364000
2004,53,Doug Christie,SG,Sacramento Kings,6250000
2004,54,Peja Stojakovic,SF,Sacramento Kings,6250000
2004,55,Eddie Robinson,SF,Chicago Bulls,6246000
2004,56,Bob Sura,PG,Atlanta Hawks,6166000
2004,57,Charlie Ward,PG,San Antonio Spurs,6030000
2004,58,Bo Outlaw,PF,Memphis Grizzlies,5955000
2004,59,Howard Eisley,PG,Phoenix Suns,5843000
2004,60,Steve Nash,PG,Dallas Mavericks,5750000
2004,61,Steve Francis,PG,Houston Rockets,5720000
2004,62,Vitaly Potapenko,C,Seattle SuperSonics,5715000
2004,63,Nazr Mohammed,C,New York Knicks,5700000
2004,64,Eric Williams,PF,Cleveland Cavaliers,5560000
2004,65,Christian Laettner,PF,Washington Wizards,5526000
2004,66,Alvin Williams,PG,Toronto Raptors,5500000
2004,67,Ben Wallace,PF,Detroit Pistons,5500000
2004,68,Ruben Patterson,PF,Portland Trail Blazers,5447000
2004,69,Calvin Booth,C,Seattle SuperSonics,5446000
2004,70,Joe Smith,PF,Milwaukee Bucks,5445000
2004,71,Clarence Weatherspoon,PF,Houston Rockets,5445000
2004,72,Avery Johnson,PG,Golden State Warriors,5445000
2004,73,Danny Fortson,C,Dallas Mavericks,5428000
2004,74,Jerome Williams,PF,Chicago Bulls,5400000
2004,75,Brent Barry,SG,Seattle SuperSonics,5400000
2004,76,Jahidi White,C,Phoenix Suns,5394000
2004,77,Kurt Thomas,PF,New York Knicks,5394000
2004,78,Cuttino Mobley,SG,Houston Rockets,5393000
2004,79,Scot Pollard,C,Indiana Pacers,5310000
2004,80,Robert Horry,PF,San Antonio Spurs,5300000
2004,81,Shawn Bradley,C,Dallas Mavericks,5194000
2004,82,Baron Davis,PG,New Orleans Hornets,5173000
2004,83,Kenyon Martin,F,New Jersey Nets,5128000
2004,84,Brevin Knight,PG,Milwaukee Bucks,5062000
2004,85,Corliss Williamson,PF,Detroit Pistons,5000000
2004,86,Aaron McKie,SG,Philadelphia 76ers,5000000
2004,87,Lamar Odom,PF,Miami Heat,4692000
2004,88,Stromile Swift,PF,Memphis Grizzlies,4614000
2004,89,Mark Jackson,PG,Houston Rockets,4580000
2004,90,Rick Fox,SF,Los Angeles Lakers,4549000
2004,91,Lamond Murray,SF,Toronto Raptors,4500000
2004,92,Eric Snow,PG,Philadelphia 76ers,4500000
2004,93,Michael Stewart,PF,Boston Celtics,4480000
2004,94,Tony Battie,C,Cleveland Cavaliers,4400000
2004,95,Adonal Foyle,C,Golden State Warriors,4400000
2004,96,Jonathan Bender,SF,Indiana Pacers,4278000
2004,97,Kwame Brown,C,Washington Wizards,4252000
2004,98,Zeljko Rebraca,C,Atlanta Hawks,4200000
2004,99,Darius Miles,SF,Portland Trail Blazers,4130000
2004,100,Anthony Carter,PG,San Antonio Spurs,4063000
2004,101,David Wesley,SG,New Orleans Hornets,3960000
2004,102,Wally Szczerbiak,SG,Minnesota Timberwolves,3912000
2004,103,Chucky Atkins,PG,Boston Celtics,3900000
2004,104,Marc Jackson,PF,Philadelphia 76ers,3900000
2004,105,Marcus Fizer,F,Chicago Bulls,3726000
2004,106,Andrew DeClercq,C,Orlando Magic,3625000
2004,107,Lawrence Funderburke,PF,Sacramento Kings,3600000
2004,108,Moochie Norris,PG,New York Knicks,3600000
2004,109,Richard Hamilton,SG,Detroit Pistons,3596000
2004,110,Pau Gasol,PF,Memphis Grizzlies,3417000
2004,111,Mike Miller,SG,Memphis Grizzlies,3380000
2004,112,Andre Miller,PG,Denver Nuggets,3317000
2004,113,Lindsey Hunter,SG,Detroit Pistons,3300000
2004,114,Chris Whitney,PG,Washington Wizards,3259000
2004,115,DerMarr Johnson,SF,New York Knicks,3087000
2004,116,Shawn Marion,SG,Phoenix Suns,3069000
2004,117,Derek Fisher,PG,Los Angeles Lakers,3000000
2004,118,Chris Crawford,SF,Atlanta Hawks,3000000
2004,119,Jason Terry,G,Atlanta Hawks,2933000
2004,120,Othella Harrington,PF,New York Knicks,2925000
2004,121,Bimbo Coles,PG,Miami Heat,2925000
2004,122,Aaron Williams,C,New Jersey Nets,2925000
2004,123,Tony Delk,PG,Dallas Mavericks,2925000
2004,124,Bobby Jackson,PG,Sacramento Kings,2925000
2004,125,Horace Grant,C,Los Angeles Lakers,2903000
2004,126,Hubert Davis,SG,New Jersey Nets,2894000
2004,127,Corey Maggette,SF,LA Clippers,2862000
2004,128,Chris Mihm,C,Boston Celtics,2823000
2004,129,Michael Curry,SF,Toronto Raptors,2800000
2004,130,George Lynch,SF,New Orleans Hornets,2800000
2004,131,Metta World Peace,SF,Indiana Pacers,2676000
2004,132,John Amaechi,PF,New York Knicks,2610000
2004,133,Jamal Crawford,G,Chicago Bulls,2577000
2004,134,Shane Battier,SF,Memphis Grizzlies,2533000
2004,135,James Posey,SF,Memphis Grizzlies,2445000
2004,136,Stacey Augmon,SF,New Orleans Hornets,2400000
2004,137,Joel Przybilla,C,Atlanta Hawks,2373000
2004,138,Quincy Lewis,SG,Minnesota Timberwolves,2350000
2004,139,Dion Glover,SG,Toronto Raptors,2270000
2004,140,Jeff Foster,PF,Indiana Pacers,2264000
2004,141,Keyon Dooling,PG,LA Clippers,2256000
2004,142,Devean George,SF,Los Angeles Lakers,2244000
2004,143,Jerome Moiso,C,Toronto Raptors,2230000
2004,144,Kenny Thomas,PF,Philadelphia 76ers,2225000
2004,145,Etan Thomas,C,Washington Wizards,2211000
2004,146,Mateen Cleaves,PG,Cleveland Cavaliers,2134000
2004,147,DeSagana Diop,C,Cleveland Cavaliers,2118000
2004,148,Jason Collier,C,Atlanta Hawks,2109000
2004,149,Jumaine Jones,SF,Boston Celtics,2104000
2004,150,Scott Padgett,PF,Houston Rockets,2102000
2004,151,Hedo Turkoglu,SF,San Antonio Spurs,1995000
2004,152,Rodney White,SF,Denver Nuggets,1948000
2004,153,Desmond Mason,SF,Milwaukee Bucks,1898000
2004,154,Joe Johnson,G,Phoenix Suns,1850000
2004,155,Quentin Richardson,SF,LA Clippers,1805000
2004,156,Kedrick Brown,SG,Cleveland Cavaliers,1757000
2004,157,Jamaal Magloire,C,New Orleans Hornets,1735000
2004,158,Vladimir Radmanovic,SF,Seattle SuperSonics,1670000
2004,159,Speedy Claxton,PG,Golden State Warriors,1667000
2004,160,Morris Peterson,SG,Toronto Raptors,1646000
2004,161,Donnell Harvey,PF,Phoenix Suns,1631000
2004,162,DeShawn Stevenson,SG,Orlando Magic,1624000
2004,163,Richard Jefferson,F,New Jersey Nets,1586000
2004,164,Jake Tsakalidis,C,Memphis Grizzlies,1580000
2004,165,Mamadou N'diaye,C,Atlanta Hawks,1537000
2004,166,Troy Murphy,PF,Golden State Warriors,1507000
2004,167,Mark Madsen,PF,Minnesota Timberwolves,1474000
2004,168,Bryce Drew,PG,New Orleans Hornets,1300000
2004,169,Michael Bradley,PF,Atlanta Hawks,1292000
2004,170,Jason Collins,C,New Jersey Nets,1227000
2004,171,Zach Randolph,F,Portland Trail Blazers,1172000
2004,172,Brandon Armstrong,SG,New Jersey Nets,995000
2004,173,Andrei Kirilenko,SF,Utah Jazz,956000
2004,174,Samuel Dalembert,C,Philadelphia 76ers,887000
2004,175,Primoz Brezec,C,Indiana Pacers,862000
2004,176,Jamaal Tinsley,PG,Indiana Pacers,861000
2004,177,Tony Parker,G,San Antonio Spurs,856000
2004,178,Gerald Wallace,SF,Sacramento Kings,764000
2004,179,Predrag Drobnjak,C,LA Clippers,639000
2004,180,Trenton Hassell,SF,Minnesota Timberwolves,587000
2005,1,Shaquille O'Neal,C,Miami Heat,29464000
2005,2,Dikembe Mutombo,C,Houston Rockets,19684000
2005,3,Allan Houston,SG,New York Knicks,17531000
2005,4,Chris Webber,C,Philadelphia 76ers,17351000
2005,5,Damon Stoudamire,PG,Portland Trail Blazers,15750000
2005,6,Antoine Walker,PF,Boston Celtics,14625000
2005,7,Shareef Abdur-Rahim,PF,Portland Trail Blazers,14625000
2005,8,Allen Iverson,SG,Philadelphia 76ers,14625000
2005,9,Latrell Sprewell,SG,Minnesota Timberwolves,14625000
2005,10,Vin Baker,PF,Houston Rockets,14625000
2005,11,Zydrunas Ilgauskas,C,Cleveland Cavaliers,14625000
2005,12,Anfernee Hardaway,SF,New York Knicks,14625000
2005,13,Ray Allen,SG,Seattle SuperSonics,14625000
2005,14,Kobe Bryant,SF,Los Angeles Lakers,14625000
2005,15,Stephon Marbury,PG,New York Knicks,14625000
2005,16,Michael Finley,G,Dallas Mavericks,14609000
2005,17,Tracy McGrady,SG,Houston Rockets,14487000
2005,18,Jalen Rose,SG,Toronto Raptors,14487000
2005,19,Keith Van Horn,PF,Dallas Mavericks,14487000
2005,20,Grant Hill,SF,Orlando Magic,14487000
2005,21,Eddie Jones,SG,Miami Heat,13440000
2005,22,Brian Grant,PF,Los Angeles Lakers,13346000
2005,23,Vince Carter,G,New Jersey Nets,13281000
2005,24,Tim Thomas,PF,New York Knicks,12900000
2005,25,Antonio Davis,PF,Chicago Bulls,12000000
2005,26,Glenn Robinson,SF,San Antonio Spurs,12000000
2005,27,Nick Van Exel,PG,Portland Trail Blazers,11821000
2005,28,Theo Ratliff,C,Portland Trail Blazers,10937000
2005,29,Kerry Kittles,SG,LA Clippers,9817000
2005,30,Jamal Mashburn,SF,Philadelphia 76ers,9300000
2005,31,Maurice Taylor,PF,New York Knicks,8450000
2005,32,Derek Anderson,SG,Portland Trail Blazers,8444000
2005,33,Alan Henderson,PF,Dallas Mavericks,8273000
2005,34,Austin Croshere,PF,Indiana Pacers,8260000
2005,35,Erick Dampier,C,Dallas Mavericks,8105000
2005,36,Kelvin Cato,C,Orlando Magic,7992000
2005,37,Marcus Camby,C,Denver Nuggets,7750000
2005,38,Shandon Anderson,SF,Miami Heat,7300000
2005,39,Lorenzen Wright,PF,Memphis Grizzlies,7150000
2005,40,Jerry Stackhouse,SF,Dallas Mavericks,7000000
2005,41,Doug Christie,SG,Orlando Magic,6875000
2005,42,Peja Stojakovic,SF,Sacramento Kings,6875000
2005,43,Kenyon Martin,F,Denver Nuggets,6667000
2005,44,Howard Eisley,PG,Utah Jazz,6375000
2005,45,Nazr Mohammed,C,San Antonio Spurs,6270000
2005,46,Vitaly Potapenko,C,Seattle SuperSonics,6191000
2005,47,Christian Laettner,PF,Miami Heat,6078000
2005,48,Stromile Swift,PF,Memphis Grizzlies,6022000
2005,49,Ben Wallace,PF,Detroit Pistons,6000000
2005,50,Danny Fortson,C,Seattle SuperSonics,5922000
2005,51,Calvin Booth,C,Milwaukee Bucks,5900000
2005,52,Joe Smith,PF,Milwaukee Bucks,5899000
2005,53,Ruben Patterson,PF,Portland Trail Blazers,5899000
2005,54,Clarence Weatherspoon,PF,Houston Rockets,5899000
2005,55,Kurt Thomas,PF,New York Knicks,5885000
2005,56,Jahidi White,C,Charlotte Bobcats,5884000
2005,57,Cuttino Mobley,SG,Sacramento Kings,5883000
2005,58,Scot Pollard,C,Indiana Pacers,5792000
2005,59,Steve Nash,PG,Phoenix Suns,5750000
2005,60,Shawn Bradley,C,Dallas Mavericks,5714000
2005,61,Jerome Williams,PF,New York Knicks,5600000
2005,62,Corliss Williamson,PF,Sacramento Kings,5500000
2005,63,Aaron McKie,SG,Philadelphia 76ers,5500000
2005,64,Darius Miles,SF,Portland Trail Blazers,5419000
2005,65,Kwame Brown,C,Washington Wizards,5361000
2005,66,Bo Outlaw,PF,Phoenix Suns,5355000
2005,67,Marcus Fizer,F,Milwaukee Bucks,4915000
2005,68,Lamond Murray,SF,Toronto Raptors,4875000
2005,69,Eric Snow,PG,Cleveland Cavaliers,4875000
2005,70,Tony Battie,C,Orlando Magic,4800000
2005,71,Michael Stewart,PF,Atlanta Hawks,4800000
2005,72,Mike Miller,SG,Memphis Grizzlies,4482000
2005,73,Pau Gasol,PF,Memphis Grizzlies,4318000
2005,74,Marc Jackson,PF,Philadelphia 76ers,4225000
2005,75,Chucky Atkins,PG,Los Angeles Lakers,4200000
2005,76,DerMarr Johnson,SF,Denver Nuggets,4119000
2005,77,Chris Mihm,C,Los Angeles Lakers,3785000
2005,78,Moochie Norris,PG,Houston Rockets,3600000
2005,79,Jamal Crawford,G,New York Knicks,3475000
2005,80,Joel Przybilla,C,Portland Trail Blazers,3215000
2005,81,Shane Battier,SF,Memphis Grizzlies,3212000
2005,82,Othella Harrington,PF,Chicago Bulls,3150000
2005,83,Aaron Williams,C,Toronto Raptors,3150000
2005,84,Tony Delk,PG,Atlanta Hawks,3150000
2005,85,Bobby Jackson,PG,Sacramento Kings,3150000
2005,86,Keyon Dooling,PG,Miami Heat,3073000
2005,87,Jerome Moiso,C,Cleveland Cavaliers,3054000
2005,88,Etan Thomas,C,Washington Wizards,3043000
2005,89,Derek Fisher,PG,Golden State Warriors,3000000
2005,90,George Lynch,SF,New Orleans Hornets,3000000
2005,91,Mateen Cleaves,PG,Seattle SuperSonics,2969000
2005,92,Jason Collier,C,Atlanta Hawks,2949000
2005,93,Eddie Griffin,PF,Minnesota Timberwolves,2937000
2005,94,Hedo Turkoglu,SF,Orlando Magic,2803000
2005,95,DeSagana Diop,C,Cleveland Cavaliers,2695000
2005,96,Desmond Mason,SF,Milwaukee Bucks,2680000
2005,97,Quentin Richardson,SF,Phoenix Suns,2562000
2005,98,Rodney White,SF,Golden State Warriors,2481000
2005,99,Jamaal Magloire,C,New Orleans Hornets,2474000
2005,100,Speedy Claxton,PG,New Orleans Hornets,2390000
2005,101,Morris Peterson,SG,Toronto Raptors,2371000
2005,102,Donnell Harvey,PF,New Jersey Nets,2363000
2005,103,DeShawn Stevenson,SG,Orlando Magic,2362000
2005,104,Joe Johnson,G,Phoenix Suns,2358000
2005,105,Kedrick Brown,SG,Philadelphia 76ers,2332000
2005,106,Jake Tsakalidis,C,Memphis Grizzlies,2322000
2005,107,Vladimir Radmanovic,SF,Seattle SuperSonics,2301000
2005,108,Mamadou N'diaye,C,LA Clippers,2269000
2005,109,Richard Jefferson,F,New Jersey Nets,2266000
2005,110,Troy Murphy,PF,Golden State Warriors,2232000
2005,111,Mark Madsen,PF,Minnesota Timberwolves,2212000
2005,112,Michael Bradley,PF,Philadelphia 76ers,1985000
2005,113,Jason Collins,C,New Jersey Nets,1887000
2005,114,Zach Randolph,F,Portland Trail Blazers,1805000
2005,115,Andrei Kirilenko,SF,Utah Jazz,1672000
2005,116,Samuel Dalembert,C,Philadelphia 76ers,1600000
2005,117,Jamaal Tinsley,PG,Indiana Pacers,1554000
2005,118,Primoz Brezec,C,Charlotte Bobcats,1554000
2005,119,Tony Parker,G,San Antonio Spurs,1545000
2005,120,Gerald Wallace,SF,Charlotte Bobcats,1377000
2006,1,Shaquille O'Neal,C,Miami Heat,20000000
2006,2,Chris Webber,C,Philadelphia 76ers,19125000
2006,3,Kevin Garnett,PF,Minnesota Timberwolves,18000000
2006,4,Allen Iverson,SG,Philadelphia 76ers,16453125
2006,5,Stephon Marbury,PG,New York Knicks,16453125
2006,6,Jason Kidd,G,New Jersey Nets,16440000
2006,7,Jermaine O'Neal,C,Indiana Pacers,16440000
2006,8,Kobe Bryant,SF,Los Angeles Lakers,15946875
2006,9,Tim Duncan,C,San Antonio Spurs,15845157
2006,10,Vin Baker,PF,LA Clippers,15750000
2006,11,Anfernee Hardaway,SF,Orlando Magic,15750000
2006,12,Tracy McGrady,SG,Houston Rockets,15694250
2006,13,Jalen Rose,SG,New York Knicks,15694250
2006,14,Keith Van Horn,PF,Dallas Mavericks,15694250
2006,15,Grant Hill,SF,Orlando Magic,15694250
2006,16,Eddie Jones,SG,Memphis Grizzlies,14666250
2006,17,Tim Thomas,PF,Phoenix Suns,13975000
2006,18,Antonio Davis,PF,Toronto Raptors,13865000
2006,19,Paul Pierce,SF,Boston Celtics,13843156
2006,20,Dirk Nowitzki,F,Dallas Mavericks,13843156
2006,21,Antawn Jamison,PF,Washington Wizards,13843156
2006,22,Vince Carter,G,New Jersey Nets,13843156
2006,23,Steve Francis,PG,New York Knicks,13700000
2006,24,Baron Davis,PG,Golden State Warriors,13700000
2006,25,Shawn Marion,SG,Phoenix Suns,13700000
2006,26,Ray Allen,SG,Seattle SuperSonics,13223140
2006,27,Elton Brand,PF,LA Clippers,13152000
2006,28,Michael Redd,SG,Milwaukee Bucks,12000000
2006,29,Joe Johnson,G,Atlanta Hawks,12000000
2006,30,Theo Ratliff,C,Portland Trail Blazers,11666666
2006,31,Mike Bibby,PG,Sacramento Kings,11500000
2006,32,Lamar Odom,PF,Los Angeles Lakers,11448596
2006,33,Carlos Boozer,PF,Utah Jazz,11260483
2006,34,Pau Gasol,PF,Memphis Grizzlies,10993000
2006,35,Andrei Kirilenko,SF,Utah Jazz,10983000
2006,36,Kenyon Martin,F,Denver Nuggets,10886364
2006,37,Rasheed Wallace,PF,Detroit Pistons,10860000
2006,38,Zach Randolph,F,Portland Trail Blazers,10666667
2006,39,Raef LaFrentz,C,Boston Celtics,10623288
2006,40,Wally Szczerbiak,SG,Boston Celtics,10500000
2006,41,Larry Hughes,SG,Cleveland Cavaliers,10344900
2006,42,Gilbert Arenas,PG,Washington Wizards,10243200
2006,43,Richard Jefferson,F,New Jersey Nets,10200000
2006,44,Jamal Mashburn,SF,Philadelphia 76ers,10075000
2006,45,Steve Nash,PG,Phoenix Suns,9625000
2006,46,Rashard Lewis,PF,Seattle SuperSonics,9571429
2006,47,Marcus Camby,C,Denver Nuggets,9400000
2006,48,Maurice Taylor,PF,New York Knicks,9100000
2006,49,Jason Richardson,SG,Golden State Warriors,8888888
2006,50,Brad Miller,C,Sacramento Kings,8750000
2006,51,Zydrunas Ilgauskas,C,Cleveland Cavaliers,8743238
2006,52,Kelvin Cato,C,Detroit Pistons,8640000
2006,53,Samuel Dalembert,C,Philadelphia 76ers,8477178
2006,54,Tony Parker,G,San Antonio Spurs,8400000
2006,55,Jerry Stackhouse,SF,Dallas Mavericks,8367187
2006,56,Jamaal Magloire,C,Milwaukee Bucks,8333334
2006,57,Tyson Chandler,C,Chicago Bulls,8299670
2006,58,Mehmet Okur,C,Utah Jazz,8250000
2006,59,Kenny Thomas,PF,Sacramento Kings,8183769
2006,60,Richard Hamilton,SG,Detroit Pistons,8125000
2006,61,Andre Miller,PG,Denver Nuggets,8100000
2006,62,Bobby Simmons,SF,Milwaukee Bucks,8000000
2006,63,Bonzi Wells,SG,Sacramento Kings,8000000
2006,64,P.J. Brown,PF,NO/Oklahoma City  Hornets,8000000
2006,65,Austin Croshere,PF,Indiana Pacers,7900000
2006,66,Lorenzen Wright,PF,Memphis Grizzlies,7700000
2006,67,Erick Dampier,C,Dallas Mavericks,7662500
2006,68,Jason Williams,PG,Miami Heat,7562500
2006,69,Peja Stojakovic,SF,Indiana Pacers,7525000
2006,70,Kwame Brown,C,Los Angeles Lakers,7500000
2006,71,Doug Christie,SG,Dallas Mavericks,7500000
2006,72,Ben Wallace,PF,Detroit Pistons,7500000
2006,73,Manu Ginobili,G,San Antonio Spurs,7428937
2006,74,Eddy Curry,NA,New York Knicks,7394663
2006,75,Troy Murphy,PF,Golden State Warriors,7365079
2006,76,Adonal Foyle,C,Golden State Warriors,7312500
2006,77,Darius Miles,SF,Portland Trail Blazers,7250000
2006,78,Cuttino Mobley,SG,LA Clippers,7241379
2006,79,Desmond Mason,SF,NO/Oklahoma City  Hornets,7233333
2006,80,Jonathan Bender,SF,Indiana Pacers,7175000
2006,81,Kurt Thomas,PF,Phoenix Suns,7085919
2006,82,Corey Maggette,SF,LA Clippers,7000000
2006,83,Malik Rose,PF,New York Knicks,6979147
2006,84,Al Harrington,PF,Atlanta Hawks,6975500
2006,85,Quentin Richardson,SF,New York Knicks,6945500
2006,86,Howard Eisley,PG,Denver Nuggets,6906000
2006,87,Antoine Walker,PF,Miami Heat,6884000
2006,88,Mike Miller,SG,Memphis Grizzlies,6871431
2006,89,Metta World Peace,SF,Sacramento Kings,6842105
2006,90,Rasho Nesterovic,C,San Antonio Spurs,6720000
2006,91,Jason Terry,G,Dallas Mavericks,6666667
2006,92,Jamal Crawford,G,New York Knicks,6480000
2006,93,Joe Smith,PF,Milwaukee Bucks,6353200
2006,94,Ruben Patterson,PF,Denver Nuggets,6353200
2006,95,Alvin Williams,PG,Toronto Raptors,6300000
2006,96,Scot Pollard,C,Indiana Pacers,6274935
2006,97,Danny Fortson,C,Seattle SuperSonics,6207670
2006,98,Sam Cassell,PG,LA Clippers,6187500
2006,99,Corliss Williamson,PF,Sacramento Kings,6000000
2006,100,Ricky Davis,SG,Minnesota Timberwolves,5909800
2006,101,Chauncey Billups,PG,Detroit Pistons,5909800
2006,102,Juwan Howard,PF,Houston Rockets,5900400
2006,103,James Posey,SF,Miami Heat,5900400
2006,104,Michael Olowokandi,C,Boston Celtics,5900400
2006,105,Stephen Jackson,SF,Indiana Pacers,5610000
2006,106,Yao Ming,C,Houston Rockets,5594906
2006,107,Mark Blount,C,Minnesota Timberwolves,5515875
2006,108,Nazr Mohammed,C,San Antonio Spurs,5500000
2006,109,Jason Collins,C,New Jersey Nets,5500000
2006,110,Eric Snow,PG,Cleveland Cavaliers,5484375
2006,111,Jamaal Tinsley,PG,Indiana Pacers,5400000
2006,112,Derek Fisher,PG,Golden State Warriors,5393300
2006,113,Antonio McDyess,PF,Detroit Pistons,5393300
2006,114,Marquis Daniels,SG,Dallas Mavericks,5393300
2006,115,Hedo Turkoglu,SF,Orlando Magic,5393300
2006,116,Etan Thomas,C,Washington Wizards,5393300
2006,117,Marko Jaric,PG,Minnesota Timberwolves,5280528
2006,118,Troy Hudson,PG,Minnesota Timberwolves,5253000
2006,119,Tony Battie,C,Orlando Magic,5200000
2006,120,David Wesley,SG,Houston Rockets,5075000
2006,121,Matt Harpring,SF,Utah Jazz,5020000
2006,122,Devean George,SF,Los Angeles Lakers,5000600
2006,123,Shareef Abdur-Rahim,PF,Sacramento Kings,5000000
2006,124,Earl Watson,PG,Seattle SuperSonics,5000000
2006,125,Gerald Wallace,SF,Charlotte Bobcats,5000000
2006,126,Stromile Swift,PF,Houston Rockets,5000000
2006,127,Antonio Daniels,PG,Washington Wizards,5000000
2006,128,Udonis Haslem,PF,Miami Heat,5000000
2006,129,Jeff Foster,PF,Indiana Pacers,5000000
2006,130,Jerome James,C,New York Knicks,5000000
2006,131,Brian Skinner,PF,Portland Trail Blazers,4950000
2006,132,Brian Cardinal,PF,Memphis Grizzlies,4950000
2006,133,Shane Battier,SF,Memphis Grizzlies,4903000
2006,134,Donyell Marshall,PF,Cleveland Cavaliers,4799108
2006,135,Dan Gadzuric,C,Milwaukee Bucks,4750000
2006,136,Brent Barry,SG,San Antonio Spurs,4691390
2006,137,LeBron James,F,Cleveland Cavaliers,4621800
2006,138,Brevin Knight,PG,Charlotte Bobcats,4600000
2006,139,Morris Peterson,SG,Toronto Raptors,4550000
2006,140,Marc Jackson,PF,NO/Oklahoma City  Hornets,4550000
2006,141,Mike Dunleavy,SG,Golden State Warriors,4506261
2006,142,Andrea Bargnani,C,Brooklyn Nets,4501200
2006,143,Chucky Atkins,PG,Memphis Grizzlies,4500000
2006,144,Dwight Howard,C,Orlando Magic,4493160
2006,145,Greg Ostertag,C,Utah Jazz,4400000
2006,146,Trenton Hassell,SF,Minnesota Timberwolves,4350000
2006,147,Andrew Bogut,C,Milwaukee Bucks,4340520
2006,148,Raja Bell,SG,Phoenix Suns,4250000
2006,149,Damon Stoudamire,PG,Memphis Grizzlies,4250000
2006,150,Moochie Norris,PG,NO/Oklahoma City  Hornets,4200000
2006,151,Eduardo Najera,PF,Denver Nuggets,4190476
2006,152,Darko Milicic,C,Orlando Magic,4135200
2006,153,Drew Gooden,PF,Cleveland Cavaliers,4065811
2006,154,Emeka Okafor,C,Charlotte Bobcats,4020120
2006,155,Brendan Haywood,C,Washington Wizards,4000000
2006,156,Gordan Giricek,SG,Utah Jazz,4000000
2006,157,Sarunas Jasikevicius,PG,Indiana Pacers,4000000
2006,158,Zaza Pachulia,C,Atlanta Hawks,4000000
2006,159,Carlos Arroyo,PG,Orlando Magic,4000000
2006,160,Eric Williams,PF,Toronto Raptors,3938000
2006,161,Marvin Williams,F,Atlanta Hawks,3883000
2006,162,Rafer Alston,PG,Houston Rockets,3850000
2006,163,Chris Mihm,C,Los Angeles Lakers,3792817
2006,164,Carmelo Anthony,PF,Denver Nuggets,3713640
2006,165,Kyle Korver,G,Philadelphia 76ers,3636364
2006,166,Ben Gordon,SG,Chicago Bulls,3610200
2006,167,Speedy Claxton,PG,NO/Oklahoma City  Hornets,3600000
2006,168,Damon Jones,PG,Cleveland Cavaliers,3596924
2006,169,Voshon Lenard,SG,Portland Trail Blazers,3520000
2006,170,Bob Sura,PG,Houston Rockets,3520000
2006,171,Dale Davis,PF,Detroit Pistons,3500000
2006,172,Tyronn Lue,PG,Atlanta Hawks,3500000
2006,173,Deron Williams,PG,Utah Jazz,3487440
2006,174,Mike James,PG,Toronto Raptors,3410000
2006,175,Jeff McInnis,PG,New Jersey Nets,3400000
2006,176,Bruce Bowen,SF,San Antonio Spurs,3375000
2006,177,Aaron Williams,C,NO/Oklahoma City  Hornets,3375000
2006,178,Bobby Jackson,PG,Memphis Grizzlies,3375000
2006,179,Chris Bosh,PF,Toronto Raptors,3348000
2006,180,Vitaly Potapenko,C,Sacramento Kings,3325416
2006,181,Shaun Livingston,G,LA Clippers,3254880
2006,182,Pat Garrity,PF,Orlando Magic,3231250
2006,183,Othella Harrington,PF,Chicago Bulls,3200000
2006,184,Vladimir Radmanovic,SF,LA Clippers,3166154
2006,185,Chris Paul,G,NO/Oklahoma City  Hornets,3144240
2006,186,Keyon Dooling,PG,Orlando Magic,3100000
2006,187,Nene Hilario,C,Denver Nuggets,3039889
2006,188,Dwyane Wade,G,Miami Heat,3031920
2006,189,Robert Horry,PF,San Antonio Spurs,3000000
2006,190,Eric Piatkowski,SG,Chicago Bulls,3000000
2006,191,Kareem Rush,SG,Charlotte Bobcats,3000000
2006,192,Zeljko Rebraca,C,LA Clippers,3000000
2006,193,Slava Medvedenko,PF,Los Angeles Lakers,3000000
2006,194,Kevin Ollie,PG,Philadelphia 76ers,2950200
2006,195,Ira Newble,SF,Cleveland Cavaliers,2950200
2006,196,Devin Harris,G,Dallas Mavericks,2947440
2006,197,Tony Delk,PG,Detroit Pistons,2925000
2006,198,Jake Tsakalidis,C,Memphis Grizzlies,2900000
2006,199,Raymond Felton,G,Charlotte Bobcats,2847360
2006,200,Steven Hunter,C,NO/Oklahoma City  Hornets,2844828
2006,201,Chris Wilcox,PF,Seattle SuperSonics,2812239
2006,202,Chris Duhon,PG,Chicago Bulls,2800000
2006,203,Andres Nocioni,SF,Chicago Bulls,2775000
2006,204,Chris Kaman,C,LA Clippers,2753760
2006,205,Primoz Brezec,C,Charlotte Bobcats,2750000
2006,206,Earl Boykins,PG,Denver Nuggets,2750000
2006,207,DeShawn Stevenson,SG,Orlando Magic,2750000
2006,208,Josh Childress,F,Atlanta Hawks,2677200
2006,209,Michael Finley,G,San Antonio Spurs,2675000
2006,210,Michael Doleac,C,Miami Heat,2640000
2006,211,Jim Jackson,SF,Los Angeles Lakers,2640000
2006,212,Amar'e Stoudemire,C,Phoenix Suns,2589023
2006,213,Brian Scalabrine,PF,Boston Celtics,2586207
2006,214,Martell Webster,SF,Portland Trail Blazers,2586120
2006,215,Kirk Hinrich,SG,Chicago Bulls,2513880
2006,216,Bostjan Nachbar,SF,New Jersey Nets,2500000
2006,217,Clifford Robinson,PF,New Jersey Nets,2500000
2006,218,Eddie Griffin,PF,Minnesota Timberwolves,2500000
2006,219,Damien Wilkins,SG,Seattle SuperSonics,2500000
2006,220,Aaron McKie,SG,Los Angeles Lakers,2500000
2006,221,Arvydas Macijauskas,SG,NO/Oklahoma City  Hornets,2500000
2006,222,Juan Dixon,SG,Portland Trail Blazers,2500000
2006,223,Caron Butler,SF,Washington Wizards,2461617
2006,224,Luol Deng,F,Chicago Bulls,2443920
2006,225,Jared Jeffries,PF,Washington Wizards,2433824
2006,226,Anthony Johnson,PG,Indiana Pacers,2420000
2006,227,Melvin Ely,C,Charlotte Bobcats,2401027
2006,228,James Jones,SG,Phoenix Suns,2400000
2006,229,Charlie Villanueva,PF,Toronto Raptors,2360880
2006,230,Jose Calderon,G,Toronto Raptors,2333334
2006,231,Fred Jones,SG,Indiana Pacers,2328843
2006,232,Fabricio Oberto,C,San Antonio Spurs,2325000
2006,233,T.J. Ford,PG,Milwaukee Bucks,2303040
2006,234,Dan Dickau,PG,Boston Celtics,2255350
2006,235,Rafael Araujo,C,Toronto Raptors,2238960
2006,236,Darius Songaila,PF,Chicago Bulls,2200000
2006,237,Jiri Welsch,GF,Milwaukee Bucks,2177114
2006,238,Channing Frye,F,New York Knicks,2162880
2006,239,Michael Sweetney,PF,Chicago Bulls,2116920
2006,240,Andre Iguodala,F,Philadelphia 76ers,2058000
2006,241,Jake Voskuhl,C,Charlotte Bobcats,2015625
2006,242,Jarvis Hayes,SF,Washington Wizards,2011080
2006,243,Matt Bonner,C,Toronto Raptors,2000000
2006,244,Mark Madsen,PF,Minnesota Timberwolves,2000000
2006,245,Toni Kukoc,SF,Milwaukee Bucks,2000000
2006,246,Dikembe Mutombo,C,Houston Rockets,2000000
2006,247,DeSagana Diop,C,Dallas Mavericks,2000000
2006,248,Ike Diogu,PF,Golden State Warriors,1988160
2006,249,Luke Jackson,SF,Cleveland Cavaliers,1955160
2006,250,Mickael Pietrus,SF,Golden State Warriors,1910520
2006,251,Andrew Bynum,C,Los Angeles Lakers,1888680
2006,252,Jumaine Jones,SF,Charlotte Bobcats,1875000
2006,253,Andris Biedrins,C,Golden State Warriors,1857360
2006,254,Nick Collison,F,Seattle SuperSonics,1815000
2006,255,Jon Barry,SG,Houston Rockets,1800000
2006,256,Robert Swift,C,Seattle SuperSonics,1764480
2006,257,Tayshaun Prince,SF,Detroit Pistons,1763115
2006,258,Reggie Evans,C,Denver Nuggets,1760000
2006,259,Calbert Cheaney,SG,Golden State Warriors,1760000
2006,260,Mo Williams,PG,Milwaukee Bucks,1760000
2006,261,Lindsey Hunter,SG,Detroit Pistons,1760000
2006,262,Marcus Banks,PG,Minnesota Timberwolves,1724280
2006,263,Jarron Collins,C,Utah Jazz,1700000
2006,264,John Salmons,SF,Philadelphia 76ers,1699001
2006,265,Sebastian Telfair,PG,Portland Trail Blazers,1676280
2006,266,Derek Anderson,SG,Miami Heat,1670000
2006,267,Michael Ruffin,PF,Washington Wizards,1670000
2006,268,Brian Grant,PF,Phoenix Suns,1670000
2006,269,Malik Allen,PF,Chicago Bulls,1670000
2006,270,Yaroslav Korolev,SF,LA Clippers,1670000
2006,271,Greg Buckner,SG,Denver Nuggets,1670000
2006,272,Luke Ridnour,PG,Seattle SuperSonics,1638000
2006,273,Sean May,C,Charlotte Bobcats,1619280
2006,274,Scott Padgett,PF,New Jersey Nets,1600000
2006,275,Kris Humphries,PF,Utah Jazz,1592400
2006,276,Devin Brown,SG,Utah Jazz,1592400
2006,277,Joel Przybilla,C,Portland Trail Blazers,1560000
2006,278,Josh Smith,PF,Atlanta Hawks,1560000
2006,279,Reece Gaines,PG,Milwaukee Bucks,1556160
2006,280,Jason Hart,PG,Sacramento Kings,1540000
2006,281,Rashad McCants,SG,Minnesota Timberwolves,1538400
2006,282,Al Jefferson,C,Boston Celtics,1512840
2006,283,Maurice Evans,SG,Detroit Pistons,1500000
2006,284,Antoine Wright,SF,New Jersey Nets,1461360
2006,285,Kirk Snyder,SG,NO/Oklahoma City  Hornets,1437240
2006,286,Zarko Cabarkapa,SF,Golden State Warriors,1404360
2006,287,Milt Palacio,PG,Utah Jazz,1400000
2006,288,Joey Graham,SF,Toronto Raptors,1388400
2006,289,David West,F,NO/Oklahoma City  Hornets,1334160
2006,290,Danny Granger,SF,Indiana Pacers,1318920
2006,291,Rasual Butler,SF,NO/Oklahoma City  Hornets,1300000
2006,292,JR Smith,G,NO/Oklahoma City  Hornets,1297080
2006,293,Sasha Pavlovic,SG,Cleveland Cavaliers,1274160
2006,294,Gerald Green,G,Boston Celtics,1253040
2006,295,Dorell Wright,SF,Miami Heat,1238640
2006,296,Dahntay Jones,SG,Memphis Grizzlies,1223160
2006,297,Hakim Warrick,PF,Memphis Grizzlies,1196520
2006,298,Jameer Nelson,G,Orlando Magic,1189200
2006,299,Boris Diaw,C,Phoenix Suns,1174200
2006,300,Julius Hodge,SG,Denver Nuggets,1148760
2006,301,Pavel Podkolzin,C,Dallas Mavericks,1141560
2006,302,Bryon Russell,SF,Seattle SuperSonics,1138500
2006,303,Bo Outlaw,PF,Orlando Magic,1138500
2006,304,Alonzo Mourning,C,Miami Heat,1138500
2006,305,Stacey Augmon,SF,Orlando Magic,1138500
2006,306,Zoran Planinic,PG,New Jersey Nets,1127280
2006,307,Keith McLeod,PG,Utah Jazz,1125000
2006,308,Luke Walton,SF,Los Angeles Lakers,1125000
2006,309,Nate Robinson,PG,New York Knicks,1102680
2006,310,Jason Kapono,SG,Miami Heat,1100000
2006,311,Matt Carroll,SG,Charlotte Bobcats,1100000
2006,312,Victor Khryapa,PF,Portland Trail Blazers,1095960
2006,313,Travis Outlaw,SF,Portland Trail Blazers,1082160
2006,314,Darrick Martin,PG,Toronto Raptors,1081575
2006,315,Jarrett Jack,G,Portland Trail Blazers,1058640
2006,316,Brian Cook,PF,Los Angeles Lakers,1038960
2006,317,Walter McCarty,PF,LA Clippers,1035000
2006,318,Jacque Vaughn,PG,New Jersey Nets,1029873
2006,319,Mikki Moore,C,Seattle SuperSonics,1029873
2006,320,Sergei Monia,SF,Sacramento Kings,1016400
2006,321,Francisco Garcia,SG,Sacramento Kings,1016400
2006,322,Delonte West,SG,Boston Celtics,1010040
2006,323,Nenad Krstic,C,New Jersey Nets,1010040
2006,324,John Edwards,C,Atlanta Hawks,1000000
2006,325,Steve Blake,PG,Portland Trail Blazers,1000000
2006,326,Luther Head,PG,Houston Rockets,975600
2006,327,Carlos Delfino,SG,Detroit Pistons,969600
2006,328,Tony Allen,SG,Boston Celtics,969600
2006,329,Anthony Carter,PG,Minnesota Timberwolves,965185
2006,330,Kevin Martin,SG,Sacramento Kings,937440
2006,331,Johan Petro,C,Seattle SuperSonics,936600
2006,332,Kendrick Perkins,C,Boston Celtics,936480
2006,333,Leandro Barbosa,G,Phoenix Suns,930600
2006,334,Josh Howard,SF,Dallas Mavericks,923880
2006,335,Sasha Vujacic,SG,Los Angeles Lakers,910440
2006,336,Jason Maxiell,PF,Detroit Pistons,905640
2006,337,Beno Udrih,PG,San Antonio Spurs,904800
2006,338,Ryan Bowen,SF,Houston Rockets,900498
2006,339,Calvin Booth,C,Washington Wizards,900498
2006,340,David Harrison,C,Indiana Pacers,898200
2006,341,Jannero Pargo,PG,Chicago Bulls,895248
2006,342,Ronald Murray,SG,Cleveland Cavaliers,895248
2006,343,Didier Ilunga-Mbenga,C,Dallas Mavericks,880000
2006,344,Linas Kleiza,SF,Denver Nuggets,879360
2006,345,Keith Bogans,SG,Houston Rockets,869373
2006,346,Wayne Simien,PF,Miami Heat,867720
2006,347,Anderson Varejao,C,Cleveland Cavaliers,866800
2006,348,David Lee,PF,New York Knicks,861360
2006,349,Maciej Lampe,PF,Houston Rockets,858534
2006,350,Adrian Griffin,G,Dallas Mavericks,844537
2006,351,Lee Nailon,SF,Philadelphia 76ers,835810
2006,352,Zendon Hamilton,C,Philadelphia 76ers,835810
2006,353,Mateen Cleaves,PG,Seattle SuperSonics,835810
2006,354,Eddie Gill,PG,Indiana Pacers,835810
2006,355,Eddie House,SG,Phoenix Suns,835810
2006,356,Laron Profit,SG,Los Angeles Lakers,835810
2006,357,Loren Woods,C,Toronto Raptors,780000
2006,358,Mike Wilks,PG,Seattle SuperSonics,771123
2006,359,Michael Bradley,PF,Philadelphia 76ers,771123
2006,360,Pat Burke,C,Phoenix Suns,750000
2006,361,Lonny Baxter,PF,Charlotte Bobcats,745248
2006,362,Terence Morris,F,Orlando Magic,745248
2006,363,Qyntel Woods,SF,New York Knicks,745248
2006,364,Richie Frahm,SG,Houston Rockets,745248
2006,365,Smush Parker,PG,Los Angeles Lakers,745248
2006,366,Nikoloz Tskitishvili,SF,Phoenix Suns,745248
2006,367,Sean Marks,PF,San Antonio Spurs,719373
2006,368,Ronald Dupree,SF,Minnesota Timberwolves,719373
2006,369,Nick Van Exel,PG,San Antonio Spurs,719373
2006,370,DerMarr Johnson,SF,Denver Nuggets,719373
2006,371,Alan Henderson,PF,Cleveland Cavaliers,719373
2006,372,Francisco Elson,C,Denver Nuggets,719373
2006,373,Rick Brunson,PG,Houston Rockets,719373
2006,374,Linton Johnson,PF,NO/Oklahoma City  Hornets,719373
2006,375,Quinton Ross,SF,LA Clippers,719373
2006,376,Lamond Murray,SF,New Jersey Nets,719373
2006,377,Ervin Johnson,C,Milwaukee Bucks,719373
2006,378,Gary Payton,PG,Miami Heat,719373
2006,379,Shandon Anderson,SF,Miami Heat,719373
2006,380,Charles Smith,SG,Denver Nuggets,719373
2006,381,Jamal Sampson,C,Sacramento Kings,719373
2006,382,Darrell Armstrong,PG,Dallas Mavericks,719373
2006,383,Jermaine Jackson,PG,Milwaukee Bucks,696508
2006,384,Salim Stoudamire,SG,Atlanta Hawks,675000
2006,385,Peter John Ramos,C,Washington Wizards,660000
2006,386,Esteban Batista,PF,Atlanta Hawks,644209
2006,387,Antonio Burks,PG,Memphis Grizzlies,641748
2006,388,Pape Sow,PF,Toronto Raptors,641748
2006,389,Royal Ivey,PG,Atlanta Hawks,641748
2006,390,Ha Seung-Jin,C,Portland Trail Blazers,641748
2006,391,Mario Kasun,C,Orlando Magic,641748
2006,392,Awvee Storey,SF,Washington Wizards,641748
2006,393,Josh Powell,PF,Dallas Mavericks,641748
2006,394,Trevor Ariza,SF,Orlando Magic,641748
2006,395,Jackie Butler,C,New York Knicks,641748
2006,396,Justin Reed,SF,Minnesota Timberwolves,641748
2006,397,Charlie Bell,SG,Milwaukee Bucks,641748
2006,398,Jackson Vroman,PF,NO/Oklahoma City  Hornets,641748
2006,399,Earl Barron,C,Miami Heat,641748
2006,400,Donta Smith,SG,Atlanta Hawks,641748
2006,401,Bernard Robinson,SG,Charlotte Bobcats,641747
2006,402,Matt Barnes,SF,Philadelphia 76ers,627251
2006,403,James Singleton,F,LA Clippers,625000
2006,404,Daniel Ewing,PG,LA Clippers,450000
2006,405,Lou Williams,SG,Philadelphia 76ers,450000
2006,406,Monta Ellis,SG,Golden State Warriors,448762
2006,407,Ryan Gomes,SF,Boston Celtics,428762
2006,408,Chris Taft,PF,Golden State Warriors,423762
2006,409,Kevin Burleson,PG,Charlotte Bobcats,398762
2006,410,Dwayne Jones II,PF,Boston Celtics,398762
2006,411,Robert Whaley,C,Utah Jazz,398762
2006,412,Travis Diener,PG,Orlando Magic,398762
2006,413,Rawle Marshall,SF,Dallas Mavericks,398762
2006,414,Ronnie Price,PG,Sacramento Kings,398762
2006,415,Amir Johnson,F,Detroit Pistons,398762
2006,416,Von Wafer,SG,Los Angeles Lakers,398762
2006,417,Andray Blatche,C,Washington Wizards,398762
2006,418,Devin Green,SG,Los Angeles Lakers,398762
2006,419,Bracey Wright,SG,Minnesota Timberwolves,398762
2006,420,Orien Greene,PG,Boston Celtics,398762
2006,421,Alan Anderson,SG,Charlotte Bobcats,398762
2006,422,Boniface N'Dong,C,LA Clippers,398762
2006,423,Anthony Roberson,SG,Memphis Grizzlies,398762
2006,424,Alex Acker,G,Detroit Pistons,398762
2006,425,Brandon Bass,PF,NO/Oklahoma City  Hornets,398762
2006,426,Andre Owens,SG,Utah Jazz,398762
2006,427,Lawrence Roberts,PF,Memphis Grizzlies,398762
2006,428,Gerald Fitch,G,Houston Rockets,398762
2006,429,Shavlik Randolph,PF,Philadelphia 76ers,398762
2006,430,Eddie Basden,SG,Chicago Bulls,398762
2006,431,Ersan Ilyasova,PF,Milwaukee Bucks,398762
2006,432,Martynas Andriuskevicius,C,Cleveland Cavaliers,398762
2006,433,Dijon Thompson,SF,Phoenix Suns,398762
2006,434,CJ Miles,G,Utah Jazz,398761
2006,435,Donell Taylor,PG,Washington Wizards,398672
2006,436,Chuck Hayes,PF,Houston Rockets,248118
2007,1,Kevin Garnett,PF,Minnesota Timberwolves,21000000
2007,2,Shaquille O'Neal,C,Miami Heat,20000000
2007,3,Jason Kidd,G,New Jersey Nets,18084000
2007,4,Jermaine O'Neal,C,Indiana Pacers,18084000
2007,5,Kobe Bryant,SF,Los Angeles Lakers,17718750
2007,6,Tim Duncan,C,San Antonio Spurs,17429673
2007,7,Allen Iverson,SG,Denver Nuggets,17184375
2007,8,Stephon Marbury,PG,New York Knicks,17184375
2007,9,Tracy McGrady,SG,Houston Rockets,16901500
2007,10,Grant Hill,SF,Orlando Magic,16901500
2007,11,Ben Wallace,PF,Chicago Bulls,16000000
2007,12,Paul Pierce,SF,Boston Celtics,15101626
2007,13,Antawn Jamison,PF,Washington Wizards,15101626
2007,14,Vince Carter,G,New Jersey Nets,15101626
2007,15,Dirk Nowitzki,F,Dallas Mavericks,15101622
2007,16,Steve Francis,PG,New York Knicks,15070000
2007,17,Baron Davis,PG,Golden State Warriors,15070000
2007,18,Shawn Marion,SG,Phoenix Suns,15070000
2007,19,Ray Allen,SG,Seattle SuperSonics,14611570
2007,20,Elton Brand,PF,LA Clippers,14248000
2007,21,Larry Hughes,SG,Cleveland Cavaliers,13363012
2007,22,Michael Redd,SG,Milwaukee Bucks,13260000
2007,23,Joe Johnson,G,Atlanta Hawks,12744190
2007,24,Mike Bibby,PG,Sacramento Kings,12500000
2007,25,Amar'e Stoudemire,C,Phoenix Suns,12455000
2007,26,Yao Ming,C,Houston Rockets,12455000
2007,27,Pau Gasol,PF,Memphis Grizzlies,12364000
2007,28,Andrei Kirilenko,SF,Utah Jazz,12364000
2007,29,Lamar Odom,PF,Los Angeles Lakers,12348596
2007,30,Kenyon Martin,F,Denver Nuggets,12068182
2007,31,Zach Randolph,F,Portland Trail Blazers,12000000
2007,32,Wally Szczerbiak,SG,Boston Celtics,11775000
2007,33,Theo Ratliff,C,Boston Celtics,11666666
2007,34,Rasheed Wallace,PF,Detroit Pistons,11650000
2007,35,Raef LaFrentz,C,Portland Trail Blazers,11532037
2007,36,Carlos Boozer,PF,Utah Jazz,11260483
2007,37,Richard Jefferson,F,New Jersey Nets,11200000
2007,38,Gilbert Arenas,PG,Washington Wizards,11096800
2007,39,Peja Stojakovic,SF,NO/Oklahoma City Hornets,10800000
2007,40,Steve Nash,PG,Phoenix Suns,10500000
2007,41,Jason Richardson,SG,Golden State Warriors,9999999
2007,42,Erick Dampier,C,Dallas Mavericks,9628000
2007,43,Brad Miller,C,Sacramento Kings,9625000
2007,44,Samuel Dalembert,C,Philadelphia 76ers,9464307
2007,45,Tony Parker,G,San Antonio Spurs,9450000
2007,46,Zydrunas Ilgauskas,C,Cleveland Cavaliers,9442697
2007,47,Rashard Lewis,PF,Seattle SuperSonics,9350649
2007,48,Jerry Stackhouse,SF,Dallas Mavericks,9296874
2007,49,Richard Hamilton,SG,Detroit Pistons,9187500
2007,50,Tyson Chandler,C,NO/Oklahoma City Hornets,9150000
2007,51,Andre Miller,PG,Philadelphia 76ers,8966666
2007,52,Marcus Camby,C,Denver Nuggets,8800000
2007,53,Bobby Simmons,SF,Milwaukee Bucks,8640000
2007,54,P.J. Brown,PF,Chicago Bulls,8560000
2007,55,Jamaal Magloire,C,Portland Trail Blazers,8433334
2007,56,Kwame Brown,C,Los Angeles Lakers,8287500
2007,57,Troy Murphy,PF,Indiana Pacers,8285714
2007,58,Manu Ginobili,G,San Antonio Spurs,8254374
2007,59,Jason Williams,PG,Miami Heat,8250000
2007,60,Mehmet Okur,C,Utah Jazz,8250000
2007,61,Eddy Curry,NA,New York Knicks,8171103
2007,62,Adonal Foyle,C,Golden State Warriors,8125000
2007,63,Cuttino Mobley,SG,LA Clippers,8125000
2007,64,Doug Christie,SG,LA Clippers,8125000
2007,65,Jason Terry,G,Dallas Mavericks,8100000
2007,66,Desmond Mason,SF,NO/Oklahoma City Hornets,8037036
2007,67,Nene Hilario,C,Denver Nuggets,8000000
2007,68,Tayshaun Prince,SF,Detroit Pistons,7851240
2007,69,Kurt Thomas,PF,Phoenix Suns,7821482
2007,70,Darius Miles,SF,Portland Trail Blazers,7750000
2007,71,Al Harrington,PF,Golden State Warriors,7625000
2007,72,Mike Miller,SG,Memphis Grizzlies,7623813
2007,73,Antoine Walker,PF,Miami Heat,7606820
2007,74,Metta World Peace,SF,Sacramento Kings,7526316
2007,75,Quentin Richardson,SF,New York Knicks,7525500
2007,76,Malik Rose,PF,New York Knicks,7525397
2007,77,Mike Dunleavy,SG,Indiana Pacers,7438016
2007,78,Caron Butler,SF,Washington Wizards,7438000
2007,79,Austin Croshere,PF,Dallas Mavericks,7300000
2007,80,Mark Blount,C,Minnesota Timberwolves,7288165
2007,81,Rasho Nesterovic,C,Toronto Raptors,7280000
2007,82,Jamal Crawford,G,New York Knicks,7200000
2007,83,Kenny Thomas,PF,Sacramento Kings,7187500
2007,84,Corey Maggette,SF,LA Clippers,7000000
2007,85,Speedy Claxton,PG,Atlanta Hawks,6854546
2007,86,Sam Cassell,PG,LA Clippers,6850000
2007,87,Joe Smith,PF,Philadelphia 76ers,6807000
2007,88,Ruben Patterson,PF,Milwaukee Bucks,6807000
2007,89,Drew Gooden,PF,Cleveland Cavaliers,6645402
2007,90,Danny Fortson,C,Seattle SuperSonics,6596990
2007,91,Matt Harpring,SF,Utah Jazz,6500000
2007,92,Corliss Williamson,PF,Sacramento Kings,6500000
2007,93,Juwan Howard,PF,Houston Rockets,6392100
2007,94,James Posey,SF,Miami Heat,6392100
2007,95,Ricky Davis,SG,Minnesota Timberwolves,6364400
2007,96,Chauncey Billups,PG,Detroit Pistons,6364400
2007,97,Chris Wilcox,PF,Seattle SuperSonics,6250000
2007,98,Stephen Jackson,SF,Golden State Warriors,6120000
2007,99,Eric Snow,PG,Cleveland Cavaliers,6093750
2007,100,Derek Fisher,PG,Utah Jazz,5883600
2007,101,Antonio McDyess,PF,Detroit Pistons,5883600
2007,102,Marquis Daniels,SG,Indiana Pacers,5883600
2007,103,Hedo Turkoglu,SF,Orlando Magic,5883600
2007,104,Etan Thomas,C,Washington Wizards,5883600
2007,105,Jamaal Tinsley,PG,Indiana Pacers,5850000
2007,106,LeBron James,F,Cleveland Cavaliers,5828089
2007,107,Jason Collins,C,New Jersey Nets,5800000
2007,108,Tony Battie,C,Orlando Magic,5746000
2007,109,Donyell Marshall,PF,Cleveland Cavaliers,5633037
2007,110,Troy Hudson,PG,Minnesota Timberwolves,5603000
2007,111,Gerald Wallace,SF,Charlotte Bobcats,5525000
2007,112,Marko Jaric,PG,Minnesota Timberwolves,5525000
2007,113,Udonis Haslem,PF,Miami Heat,5525000
2007,114,Jeff Foster,PF,Indiana Pacers,5500000
2007,115,Brian Skinner,PF,Milwaukee Bucks,5400000
2007,116,Shareef Abdur-Rahim,PF,Sacramento Kings,5400000
2007,117,Earl Watson,PG,Seattle SuperSonics,5400000
2007,118,Stromile Swift,PF,Memphis Grizzlies,5400000
2007,119,Antonio Daniels,PG,Washington Wizards,5400000
2007,120,Brian Cardinal,PF,Memphis Grizzlies,5400000
2007,121,Jerome James,C,New York Knicks,5400000
2007,122,Shane Battier,SF,Houston Rockets,5393300
2007,123,Dan Gadzuric,C,Milwaukee Bucks,5252065
2007,124,Bobby Jackson,PG,NO/Oklahoma City Hornets,5250000
2007,125,Darko Milicic,C,Orlando Magic,5218622
2007,126,Nazr Mohammed,C,Detroit Pistons,5215000
2007,127,Jared Jeffries,PF,New York Knicks,5215000
2007,128,Joel Przybilla,C,Portland Trail Blazers,5215000
2007,129,Tim Thomas,PF,LA Clippers,5215000
2007,130,Mike James,PG,Minnesota Timberwolves,5215000
2007,131,Vladimir Radmanovic,SF,Los Angeles Lakers,5215000
2007,132,Brent Barry,SG,San Antonio Spurs,5117880
2007,133,Marc Jackson,PF,NO/Oklahoma City Hornets,4875000
2007,134,Dwight Howard,C,Orlando Magic,4806720
2007,135,Carmelo Anthony,PF,Denver Nuggets,4694041
2007,136,Andrew Bogut,C,Milwaukee Bucks,4665960
2007,137,Eduardo Najera,PF,Denver Nuggets,4571428
2007,138,Morris Peterson,SG,Toronto Raptors,4550000
2007,139,Andrea Bargnani,C,Toronto Raptors,4501200
2007,140,Raja Bell,SG,Phoenix Suns,4500000
2007,141,Brendan Haywood,C,Washington Wizards,4500000
2007,142,Brevin Knight,PG,Charlotte Bobcats,4400000
2007,143,John Salmons,SF,Sacramento Kings,4400000
2007,144,Trenton Hassell,SF,Minnesota Timberwolves,4350000
2007,145,Emeka Okafor,C,Charlotte Bobcats,4300560
2007,146,Eric Williams,PF,Charlotte Bobcats,4296000
2007,147,Chris Bosh,PF,Toronto Raptors,4235220
2007,148,Chris Mihm,C,Los Angeles Lakers,4214241
2007,149,Rafer Alston,PG,Houston Rockets,4200000
2007,150,Marvin Williams,F,Atlanta Hawks,4174800
2007,151,Kevin Durant,F,Houston Rockets,4171200
2007,152,Anthony Parker,SG,Toronto Raptors,4150000
2007,153,Carlos Arroyo,PG,Orlando Magic,4100000
2007,154,Damon Stoudamire,PG,Memphis Grizzlies,4050000
2007,155,LaMarcus Aldridge,C,Portland Trail Blazers,4027320
2007,156,Kyle Korver,G,Philadelphia 76ers,4018182
2007,157,Reggie Evans,C,Denver Nuggets,4000000
2007,158,Gordan Giricek,SG,Utah Jazz,4000000
2007,159,Sarunas Jasikevicius,PG,Golden State Warriors,4000000
2007,160,Zaza Pachulia,C,Atlanta Hawks,4000000
2007,161,Andres Nocioni,SF,Chicago Bulls,3950000
2007,162,Damon Jones,PG,Cleveland Cavaliers,3884678
2007,163,Ben Gordon,SG,Chicago Bulls,3862080
2007,164,Shaun Livingston,G,LA Clippers,3841920
2007,165,Dwyane Wade,G,Miami Heat,3841443
2007,166,Bob Sura,PG,Houston Rockets,3840000
2007,167,Jorge Garbajosa,PF,Toronto Raptors,3750000
2007,168,Bruce Bowen,SF,San Antonio Spurs,3750000
2007,169,Deron Williams,PG,Utah Jazz,3749040
2007,170,Vitaly Potapenko,C,Sacramento Kings,3674584
2007,171,Darius Songaila,PF,Washington Wizards,3650000
2007,172,Adam Morrison,SF,Charlotte Bobcats,3616680
2007,173,Jeff McInnis,PG,Charlotte Bobcats,3600000
2007,174,Marcus Banks,PG,Phoenix Suns,3600000
2007,175,Pat Garrity,PF,Orlando Magic,3525000
2007,176,Dale Davis,PF,Detroit Pistons,3500000
2007,177,Tyronn Lue,PG,Atlanta Hawks,3500000
2007,178,Chris Kaman,C,LA Clippers,3491767
2007,179,Chris Paul,G,NO/Oklahoma City Hornets,3380160
2007,180,Keyon Dooling,PG,Orlando Magic,3348000
2007,181,Robert Horry,PF,San Antonio Spurs,3315000
2007,182,Melvin Ely,C,San Antonio Spurs,3303813
2007,183,Tyrus Thomas,PF,Chicago Bulls,3260760
2007,184,Lorenzen Wright,PF,Atlanta Hawks,3250000
2007,185,Greg Buckner,SG,Dallas Mavericks,3240741
2007,186,Zeljko Rebraca,C,LA Clippers,3240000
2007,187,Kevin Ollie,PG,Philadelphia 76ers,3196050
2007,188,Ira Newble,SF,Cleveland Cavaliers,3196050
2007,189,Kirk Hinrich,SG,Chicago Bulls,3192628
2007,190,Devin Harris,G,Dallas Mavericks,3153120
2007,191,Trevor Ariza,SF,Orlando Magic,3100000
2007,192,Fred Jones,SG,Portland Trail Blazers,3100000
2007,193,Raymond Felton,G,Charlotte Bobcats,3060840
2007,194,Jeff Green,F,Houston Rockets,3058200
2007,195,Steven Hunter,C,Philadelphia 76ers,3024000
2007,196,Chris Duhon,PG,Chicago Bulls,3024000
2007,197,Chucky Atkins,PG,Memphis Grizzlies,3000000
2007,198,Francisco Elson,C,San Antonio Spurs,3000000
2007,199,Rasual Butler,SF,NO/Oklahoma City Hornets,3000000
2007,200,Shelden Williams,C,Atlanta Hawks,2952840
2007,201,Earl Boykins,PG,Milwaukee Bucks,2950000
2007,202,T.J. Ford,PG,Toronto Raptors,2929467
2007,203,Jake Tsakalidis,C,Houston Rockets,2900000
2007,204,Michael Finley,G,San Antonio Spurs,2889000
2007,205,Michael Doleac,C,Miami Heat,2880000
2007,206,Josh Childress,F,Atlanta Hawks,2863920
2007,207,Willie Green,SG,Philadelphia 76ers,2800000
2007,208,Brian Scalabrine,PF,Boston Celtics,2793103
2007,209,Martell Webster,SF,Portland Trail Blazers,2780160
2007,210,Dan Dickau,PG,Portland Trail Blazers,2753218
2007,211,Primoz Brezec,C,Charlotte Bobcats,2750000
2007,212,Eddie Griffin,PF,Minnesota Timberwolves,2700000
2007,213,Damien Wilkins,SG,Seattle SuperSonics,2700000
2007,214,Michael Sweetney,PF,Chicago Bulls,2696956
2007,215,Brandon Roy,SG,Portland Trail Blazers,2681880
2007,216,James Jones,SG,Phoenix Suns,2650000
2007,217,Anthony Johnson,PG,Atlanta Hawks,2640000
2007,218,Jarron Collins,C,Utah Jazz,2625698
2007,219,Luol Deng,F,Chicago Bulls,2614440
2007,220,Jarvis Hayes,SF,Washington Wizards,2564127
2007,221,Juan Dixon,SG,Toronto Raptors,2550000
2007,222,Charlie Villanueva,PF,Milwaukee Bucks,2537880
2007,223,Corey Brewer,F,Sacramento Kings,2535720
2007,224,Mickael Pietrus,SF,Golden State Warriors,2535260
2007,225,Keith Bogans,SG,Orlando Magic,2510000
2007,226,Nick Collison,F,Seattle SuperSonics,2501070
2007,227,Fabricio Oberto,C,San Antonio Spurs,2500000
2007,228,Bostjan Nachbar,SF,New Jersey Nets,2500000
2007,229,Alonzo Mourning,C,Miami Heat,2500000
2007,230,Aaron McKie,SG,Los Angeles Lakers,2500000
2007,231,Randy Foye,SG,Minnesota Timberwolves,2448240
2007,232,Luke Ridnour,PG,Seattle SuperSonics,2425878
2007,233,Rafael Araujo,C,Utah Jazz,2395200
2007,234,Jose Calderon,G,Toronto Raptors,2333334
2007,235,Channing Frye,F,New York Knicks,2325000
2007,236,Lindsey Hunter,SG,Detroit Pistons,2250000
2007,237,Rudy Gay,SF,Memphis Grizzlies,2242920
2007,238,Mark Madsen,PF,Minnesota Timberwolves,2210000
2007,239,Dikembe Mutombo,C,Houston Rockets,2210000
2007,240,Andre Iguodala,F,Philadelphia 76ers,2201640
2007,241,Othella Harrington,PF,Charlotte Bobcats,2200000
2007,242,Jackie Butler,C,San Antonio Spurs,2200000
2007,243,Scot Pollard,C,Cleveland Cavaliers,2200000
2007,244,Zarko Cabarkapa,SF,Golden State Warriors,2157097
2007,245,Ike Diogu,PF,Indiana Pacers,2137200
2007,246,Bonzi Wells,SG,Houston Rockets,2115000
2007,247,Patrick O'Bryant,C,Golden State Warriors,2061720
2007,248,David West,F,NO/Oklahoma City Hornets,2051938
2007,249,Andrew Bynum,C,Los Angeles Lakers,2030280
2007,250,Matt Bonner,C,San Antonio Spurs,2000000
2007,251,Jake Voskuhl,C,Charlotte Bobcats,2000000
2007,252,DeSagana Diop,C,Dallas Mavericks,1998000
2007,253,Andris Biedrins,C,Golden State Warriors,1986960
2007,254,Devean George,SF,Dallas Mavericks,1974259
2007,255,Sasha Pavlovic,SG,Cleveland Cavaliers,1962206
2007,256,Mouhamed Sene,C,Seattle SuperSonics,1958640
2007,257,Mo Williams,PG,Milwaukee Bucks,1920000
2007,258,Robert Swift,C,Seattle SuperSonics,1887600
2007,259,Dahntay Jones,SG,Memphis Grizzlies,1886113
2007,260,Boris Diaw,C,Phoenix Suns,1870501
2007,261,JJ Redick,SG,Orlando Magic,1860720
2007,262,Zoran Planinic,PG,Brooklyn Nets,1854376
2007,263,Travis Outlaw,SF,Portland Trail Blazers,1836426
2007,264,Thaddeus Young,F,Phoenix Suns,1830720
2007,265,Brian Cook,PF,Los Angeles Lakers,1817141
2007,266,Michael Ruffin,PF,Washington Wizards,1803600
2007,267,Malik Allen,PF,Chicago Bulls,1803600
2007,268,Vasileios Spanoulis,PG,Houston Rockets,1800000
2007,269,Walter Herrmann Heinrich,PF,Charlotte Bobcats,1800000
2007,270,Sebastian Telfair,PG,Boston Celtics,1793160
2007,271,Hilton Armstrong,PF,NO/Oklahoma City Hornets,1767600
2007,272,Ronald Murray,SG,Detroit Pistons,1750000
2007,273,David Wesley,SG,Cleveland Cavaliers,1750000
2007,274,Shammond Williams,PG,Los Angeles Lakers,1750000
2007,275,Aaron Williams,C,LA Clippers,1750000
2007,276,Sean May,C,Charlotte Bobcats,1740720
2007,277,Kris Humphries,PF,Toronto Raptors,1703520
2007,278,Kendrick Perkins,C,Boston Celtics,1689410
2007,279,Leandro Barbosa,G,Phoenix Suns,1679733
2007,280,Thabo Sefolosha,F,Chicago Bulls,1679280
2007,281,Josh Howard,SF,Dallas Mavericks,1667603
2007,282,Rashad McCants,SG,Minnesota Timberwolves,1653720
2007,283,Didier Ilunga-Mbenga,C,Dallas Mavericks,1628959
2007,284,Maurice Evans,SG,Los Angeles Lakers,1620000
2007,285,Al Jefferson,C,Boston Celtics,1618320
2007,286,Clifford Robinson,PF,New Jersey Nets,1600000
2007,287,Ronnie Brewer,SF,Utah Jazz,1595400
2007,288,Antoine Wright,SF,New Jersey Nets,1570920
2007,289,Rodney Stuckey,PG,Indiana Pacers,1569600
2007,290,Jalen Rose,SG,Phoenix Suns,1540000
2007,291,Kirk Snyder,SG,Houston Rockets,1537440
2007,292,Justin Reed,SF,Minnesota Timberwolves,1529873
2007,293,Cedric Simmons,SF,NO/Oklahoma City Hornets,1515480
2007,294,Joey Graham,SF,Toronto Raptors,1492440
2007,295,Adrian Griffin,G,Chicago Bulls,1475000
2007,296,Yaroslav Korolev,SF,LA Clippers,1470000
2007,297,Josh Smith,PF,Atlanta Hawks,1460640
2007,298,Rodney Carney,SG,Philadelphia 76ers,1439760
2007,299,Danny Granger,SF,Indiana Pacers,1417800
2007,300,Eddie House,SG,New Jersey Nets,1400000
2007,301,JR Smith,G,Denver Nuggets,1387560
2007,302,Luke Walton,SF,Los Angeles Lakers,1375000
2007,303,Shawne Williams,SF,Indiana Pacers,1367760
2007,304,Keith McLeod,PG,Indiana Pacers,1350000
2007,305,Gerald Green,G,Boston Celtics,1347000
2007,306,Steve Blake,PG,Denver Nuggets,1330000
2007,307,Dorell Wright,SF,Miami Heat,1325160
2007,308,Hakim Warrick,PF,Memphis Grizzlies,1286280
2007,309,Jameer Nelson,G,Orlando Magic,1272120
2007,310,Quincy Douby,SG,Sacramento Kings,1240920
2007,311,Julius Hodge,SG,Milwaukee Bucks,1234800
2007,312,Jason Smith,F,New Orleans Pelicans,1233840
2007,313,Pavel Podkolzin,C,Dallas Mavericks,1221240
2007,314,Renaldo Balkman,SF,New York Knicks,1191240
2007,315,Jason Kapono,SG,Miami Heat,1188000
2007,316,Matt Carroll,SG,Charlotte Bobcats,1188000
2007,317,Nate Robinson,PG,New York Knicks,1185480
2007,318,Eric Piatkowski,SG,Phoenix Suns,1178348
2007,319,Darrell Armstrong,PG,Indiana Pacers,1178348
2007,320,Victor Khryapa,PF,Chicago Bulls,1172400
2007,321,Rajon Rondo,PG,Boston Celtics,1143600
2007,322,Jarrett Jack,G,Portland Trail Blazers,1137960
2007,323,Marcus Williams,PG,New Jersey Nets,1097880
2007,324,Francisco Garcia,SG,Sacramento Kings,1092600
2007,325,Delonte West,SG,Boston Celtics,1080480
2007,326,Nenad Krstic,C,New Jersey Nets,1080480
2007,327,Mikki Moore,C,New Jersey Nets,1071225
2007,328,Josh Boone,C,New Jersey Nets,1053960
2007,329,Luther Head,PG,Houston Rockets,1048800
2007,330,Carlos Delfino,SG,Detroit Pistons,1037280
2007,331,Tony Allen,SG,Boston Celtics,1037280
2007,332,Kyle Lowry,G,Memphis Grizzlies,1011720
2007,333,Johan Petro,C,Seattle SuperSonics,1006800
2007,334,Kevin Martin,SG,Sacramento Kings,1002840
2007,335,Jannero Pargo,PG,NO/Oklahoma City Hornets,1000000
2007,336,Bernard Robinson,SG,New Jersey Nets,1000000
2007,337,Shavlik Randolph,PF,Philadelphia 76ers,1000000
2007,338,Calvin Booth,C,Washington Wizards,998967
2007,339,Sasha Vujacic,SG,Los Angeles Lakers,973920
2007,340,Jason Maxiell,PF,Detroit Pistons,973440
2007,341,Shannon Brown,PG,Cleveland Cavaliers,971280
2007,342,Beno Udrih,PG,San Antonio Spurs,967920
2007,343,David Harrison,C,Indiana Pacers,960840
2007,344,Anderson Varejao,C,Cleveland Cavaliers,945600
2007,345,Arron Afflalo,G,Orlando Magic,944520
2007,346,Jordan Farmar,PG,Los Angeles Lakers,939120
2007,347,Wayne Simien,PF,Miami Heat,932760
2007,348,DeShawn Stevenson,SG,Washington Wizards,932015
2007,349,David Lee,PF,New York Knicks,926040
2007,350,Maurice Ager,SF,Dallas Mavericks,906480
2007,351,Mardy Collins,PG,New York Knicks,899880
2007,352,Linas Kleiza,SF,Denver Nuggets,845360
2007,353,Pat Burke,C,Phoenix Suns,810000
2007,354,Mickael Gelabale,SF,Seattle SuperSonics,802000
2007,355,Mile Ilic,C,New Jersey Nets,800000
2007,356,Smush Parker,PG,Los Angeles Lakers,798112
2007,357,Dajuan Wagner,SG,Golden State Warriors,798112
2007,358,Jamal Sampson,C,Denver Nuggets,774551
2007,359,Ronald Dupree,SF,Detroit Pistons,771331
2007,360,Linton Johnson,PF,NO/Oklahoma City Hornets,771331
2007,361,Quinton Ross,SF,LA Clippers,771331
2007,362,Randolph Morris,C,New York Knicks,750000
2007,363,Sean Marks,PF,Phoenix Suns,744551
2007,364,Andre Barrett,SG,Chicago Bulls,744551
2007,365,Scott Padgett,PF,Memphis Grizzlies,744551
2007,366,Pape Sow,PF,Toronto Raptors,744551
2007,367,Darrick Martin,PG,Toronto Raptors,744551
2007,368,Peter John Ramos,C,Washington Wizards,744551
2007,369,James Lang,C,Washington Wizards,744551
2007,370,Jacque Vaughn,PG,San Antonio Spurs,744551
2007,371,Royal Ivey,PG,Atlanta Hawks,744551
2007,372,Mike Wilks,PG,Seattle SuperSonics,744551
2007,373,Ime Udoka,F,Portland Trail Blazers,744551
2007,374,DerMarr Johnson,SF,Denver Nuggets,744551
2007,375,Roger Mason Jr.,SG,Washington Wizards,744551
2007,376,Maurice Taylor,PF,Sacramento Kings,744551
2007,377,Bo Outlaw,PF,Orlando Magic,744551
2007,378,Kelvin Cato,C,New York Knicks,744551
2007,379,Jumaine Jones,SF,Phoenix Suns,744551
2007,380,Vin Baker,PF,Minnesota Timberwolves,744551
2007,381,Josh Powell,PF,Golden State Warriors,744551
2007,382,Gary Payton,PG,Miami Heat,744551
2007,383,Kareem Rush,SG,Seattle SuperSonics,744551
2007,384,Matt Barnes,SF,Golden State Warriors,744551
2007,385,Charlie Bell,SG,Milwaukee Bucks,744551
2007,386,Maceo Baston,SF,Indiana Pacers,744551
2007,387,Michael Olowokandi,C,Boston Celtics,744551
2007,388,Earl Barron,C,Miami Heat,744551
2007,389,Salim Stoudamire,SG,Atlanta Hawks,729000
2007,390,John Lucas III,PG,Houston Rockets,700000
2007,391,James Singleton,F,LA Clippers,675000
2007,392,Solomon Jones,PF,Atlanta Hawks,675000
2007,393,Donell Taylor,PG,Washington Wizards,664209
2007,394,Dwayne Jones II,PF,Cleveland Cavaliers,664209
2007,395,Travis Diener,PG,Orlando Magic,664209
2007,396,Rawle Marshall,SF,Indiana Pacers,664209
2007,397,Ronnie Price,PG,Sacramento Kings,664209
2007,398,Ronny Turiaf,C,Los Angeles Lakers,664209
2007,399,Amir Johnson,F,Detroit Pistons,664209
2007,400,Andray Blatche,C,Washington Wizards,664209
2007,401,Bracey Wright,SG,Minnesota Timberwolves,664209
2007,402,Stephen Graham,SF,Portland Trail Blazers,664209
2007,403,Orien Greene,PG,Indiana Pacers,664209
2007,404,Lynn Greer,PG,Milwaukee Bucks,664209
2007,405,Daniel Ewing,PG,LA Clippers,664209
2007,406,Brandon Bass,PF,NO/Oklahoma City Hornets,664209
2007,407,Lawrence Roberts,PF,Memphis Grizzlies,664209
2007,408,Monta Ellis,SG,Golden State Warriors,664209
2007,409,Chuck Hayes,PF,Houston Rockets,664209
2007,410,Noel Felix,F,Oklahoma City Thunder,664209
2007,411,Eddie Basden,SG,Chicago Bulls,664209
2007,412,Ersan Ilyasova,PF,Milwaukee Bucks,664209
2007,413,Martynas Andriuskevicius,C,Chicago Bulls,664209
2007,414,CJ Miles,G,Utah Jazz,664209
2007,415,Ryan Gomes,SF,Boston Celtics,664209
2007,416,Lou Williams,SG,Philadelphia 76ers,664209
2007,417,Esteban Batista,PF,Atlanta Hawks,644209
2007,418,Paul Millsap,PF,Utah Jazz,625000
2007,419,Derek Anderson,SG,Charlotte Bobcats,617539
2007,420,Steve Novak,SF,Houston Rockets,600000
2007,421,Devin Brown,SG,NO/Oklahoma City Hornets,516806
2007,422,Slava Medvedenko,PF,Atlanta Hawks,490528
2007,423,Leon Powe,PF,Boston Celtics,432000
2007,424,Taurean Green,PG,Denver Nuggets,427163
2007,425,Josh McRoberts,PF,Dallas Mavericks,427163
2007,426,Yakhouba Diawara,SG,Denver Nuggets,412718
2007,427,Marquinhos Vieira,F,NO/Oklahoma City Hornets,412718
2007,428,Ryan Hollins,C,Charlotte Bobcats,412718
2007,429,Hassan Adams,SF,New Jersey Nets,412718
2007,430,Uros Slokar,PF,Toronto Raptors,412718
2007,431,Paul Davis,C,LA Clippers,412718
2007,432,Craig Smith,PF,Minnesota Timberwolves,412718
2007,433,James Augustine,PF,Orlando Magic,412718
2007,434,Robert Hite,SG,Miami Heat,412718
2007,435,Will Blalock,SG,Detroit Pistons,412718
2007,436,Chris McCray,SG,Milwaukee Bucks,412718
2007,437,David Noel,SF,Milwaukee Bucks,412718
2007,438,Damir Markota,PF,Milwaukee Bucks,412718
2007,439,Brian Chase,NA,Utah Jazz,412718
2007,440,Mike Gansey,NA,null Unknown,412718
2007,441,P.J. Tucker,PF,Toronto Raptors,412718
2007,442,Alexander Johnson,SF,Memphis Grizzlies,412718
2007,443,Tarence Kinsey,SG,Memphis Grizzlies,412718
2007,444,Pops Mensah-Bonsu,PF,Dallas Mavericks,412718
2007,445,Bobby Jones,SF,Philadelphia 76ers,412718
2007,446,Pat Carroll,NA,null Unknown,412718
2007,447,J.J. Barea,G,Dallas Mavericks,412718
2007,448,Dee Brown,PG,Utah Jazz,412718
2007,449,Chris Quinn,PG,Miami Heat,412718
2007,450,Daniel Gibson,SG,Cleveland Cavaliers,412718
2007,451,Allan Ray,G,Boston Celtics,412718
2007,452,Steven Smith,SF,Philadelphia 76ers,412718
2007,453,Chris Webber,C,Detroit Pistons,407313
2007,454,Andre Brown,PF,Seattle SuperSonics,406340
2007,455,James White,SG,San Antonio Spurs,405435
2007,456,Eddie Jones,SG,Miami Heat,337238
2007,457,Junior Harrington,PG,Memphis Grizzlies,302200
2007,458,Jared Reiner,C,Milwaukee Bucks,302200
2007,459,Kelenna Azubuike,SF,Golden State Warriors,259770
2007,460,Justin Williams,PF,Sacramento Kings,252486
2007,461,Jason Hart,PG,LA Clippers,197087
2007,462,Alan Anderson,SG,Charlotte Bobcats,128935
2007,463,Mike Hall,F,Washington Wizards,121388
2007,464,Luke Jackson,SF,Toronto Raptors,109493
2007,465,Lou Amundson,PF,Philadelphia 76ers,101966
2007,466,Alan Henderson,PF,Utah Jazz,70075
2007,467,Will Conroy,PG,LA Clippers,55839
2007,468,Anthony Carter,PG,Denver Nuggets,37620
2007,469,Von Wafer,SG,Denver Nuggets,23443
2008,1,Kevin Garnett,PF,Boston Celtics,23751934
2008,2,Shaquille O'Neal,C,Phoenix Suns,21000000
2008,3,Jason Kidd,G,Dallas Mavericks,19728000
2008,4,Jermaine O'Neal,C,Indiana Pacers,19728000
2008,5,Kobe Bryant,SF,Los Angeles Lakers,19490625
2008,6,Tim Duncan,C,San Antonio Spurs,19014188
2008,7,Allen Iverson,SG,Denver Nuggets,19012500
2008,8,Stephon Marbury,PG,New York Knicks,19012500
2008,9,Tracy McGrady,SG,Houston Rockets,18257750
2008,10,Baron Davis,PG,Golden State Warriors,16440000
2008,11,Shawn Marion,SG,Miami Heat,16440000
2008,12,Paul Pierce,SF,Boston Celtics,16360094
2008,13,Dirk Nowitzki,F,Dallas Mavericks,16360094
2008,14,Antawn Jamison,PF,Washington Wizards,16360094
2008,15,Ray Allen,SG,Boston Celtics,16000000
2008,16,Ben Wallace,PF,Cleveland Cavaliers,15500000
2008,17,Elton Brand,PF,LA Clippers,15344000
2008,18,Mike Bibby,PG,Atlanta Hawks,14983603
2008,19,Rashard Lewis,PF,Orlando Magic,14884951
2008,20,Michael Redd,SG,Milwaukee Bucks,14520000
2008,21,Amar'e Stoudemire,C,Phoenix Suns,13762775
2008,22,Yao Ming,C,Houston Rockets,13762775
2008,23,Pau Gasol,PF,Los Angeles Lakers,13735000
2008,24,Andrei Kirilenko,SF,Utah Jazz,13735000
2008,25,Joe Johnson,G,Atlanta Hawks,13488378
2008,26,Zach Randolph,F,New York Knicks,13333333
2008,27,Vince Carter,G,New Jersey Nets,13325000
2008,28,Kenyon Martin,F,Denver Nuggets,13250000
2008,29,Lamar Odom,PF,Los Angeles Lakers,13248596
2008,30,Dwyane Wade,G,Miami Heat,13041250
2008,31,Chris Bosh,PF,Toronto Raptors,13041250
2008,32,Carmelo Anthony,PF,Denver Nuggets,13041250
2008,33,LeBron James,F,Cleveland Cavaliers,13041250
2008,34,Rasheed Wallace,PF,Detroit Pistons,12540000
2008,35,Raef LaFrentz,C,Portland Trail Blazers,12440787
2008,36,Wally Szczerbiak,SG,Cleveland Cavaliers,12275000
2008,37,Richard Jefferson,F,New Jersey Nets,12200000
2008,38,Larry Hughes,SG,Chicago Bulls,12000084
2008,39,Gilbert Arenas,PG,Washington Wizards,11950400
2008,40,Peja Stojakovic,SF,New Orleans Hornets,11664000
2008,41,Carlos Boozer,PF,Utah Jazz,11593816
2008,42,Steve Nash,PG,Phoenix Suns,11375000
2008,43,Kirk Hinrich,SG,Chicago Bulls,11250000
2008,44,Jason Richardson,SG,Charlotte Bobcats,11111110
2008,45,David West,F,New Orleans Hornets,10650000
2008,46,Erick Dampier,C,Dallas Mavericks,10590500
2008,47,Tony Parker,G,San Antonio Spurs,10500000
2008,48,Brad Miller,C,Sacramento Kings,10500000
2008,49,Tyson Chandler,C,New Orleans Hornets,10500000
2008,50,Samuel Dalembert,C,Philadelphia 76ers,10251435
2008,51,Zydrunas Ilgauskas,C,Cleveland Cavaliers,10142156
2008,52,Marcus Camby,C,Denver Nuggets,10000000
2008,53,Chauncey Billups,PG,Detroit Pistons,10000000
2008,54,Richard Hamilton,SG,Detroit Pistons,10000000
2008,55,Andre Miller,PG,Philadelphia 76ers,9600000
2008,56,Josh Howard,SF,Dallas Mavericks,9500000
2008,57,Gerald Wallace,SF,Charlotte Bobcats,9500000
2008,58,Kwame Brown,C,Memphis Grizzlies,9379279
2008,59,Bobby Simmons,SF,Milwaukee Bucks,9280000
2008,60,Troy Murphy,PF,Indiana Pacers,9206349
2008,61,Manu Ginobili,G,San Antonio Spurs,9079811
2008,62,Boris Diaw,C,Phoenix Suns,9000000
2008,63,Mehmet Okur,C,Utah Jazz,9000000
2008,64,Eddy Curry,NA,New York Knicks,8947543
2008,65,Jason Williams,PG,Miami Heat,8937500
2008,66,Jason Terry,G,Dallas Mavericks,8898000
2008,67,Nene Hilario,C,Denver Nuggets,8840000
2008,68,Tayshaun Prince,SF,Detroit Pistons,8675620
2008,69,Chris Kaman,C,LA Clippers,8600000
2008,70,Andres Nocioni,SF,Chicago Bulls,8500000
2008,71,Caron Butler,SF,Washington Wizards,8468990
2008,72,Al Harrington,PF,Golden State Warriors,8425625
2008,73,Mike Miller,SG,Memphis Grizzlies,8376194
2008,74,Cuttino Mobley,SG,LA Clippers,8350000
2008,75,Antoine Walker,PF,Minnesota Timberwolves,8329640
2008,76,T.J. Ford,PG,Toronto Raptors,8275000
2008,77,Darius Miles,SF,Portland Trail Blazers,8250000
2008,78,Mike Dunleavy,SG,Indiana Pacers,8219008
2008,79,Quentin Richardson,SF,New York Knicks,8105500
2008,80,Kurt Thomas,PF,San Antonio Spurs,8091188
2008,81,Jamal Crawford,G,New York Knicks,7920000
2008,82,Mark Blount,C,Miami Heat,7901040
2008,83,Kenny Thomas,PF,Sacramento Kings,7875000
2008,84,Rasho Nesterovic,C,Toronto Raptors,7840000
2008,85,Mo Williams,PG,Milwaukee Bucks,7750000
2008,86,Metta World Peace,SF,Sacramento Kings,7400000
2008,87,Malik Rose,PF,New York Knicks,7101250
2008,88,Corey Maggette,SF,LA Clippers,7000000
2008,89,Aaron McKie,SG,Memphis Grizzlies,7000000
2008,90,Ricky Davis,SG,Miami Heat,6819000
2008,91,Jerry Stackhouse,SF,Dallas Mavericks,6750000
2008,92,Eric Snow,PG,Cleveland Cavaliers,6703125
2008,93,Stephen Jackson,SF,Golden State Warriors,6630000
2008,94,Luke Ridnour,PG,Seattle SuperSonics,6500000
2008,95,Darko Milicic,C,Memphis Grizzlies,6500000
2008,96,Chris Wilcox,PF,Seattle SuperSonics,6500000
2008,97,Drew Gooden,PF,Chicago Bulls,6453416
2008,98,Antonio McDyess,PF,Detroit Pistons,6373900
2008,99,Marquis Daniels,SG,Indiana Pacers,6373900
2008,100,Hedo Turkoglu,SF,Orlando Magic,6373900
2008,101,Etan Thomas,C,Washington Wizards,6373900
2008,102,Speedy Claxton,PG,Atlanta Hawks,6306182
2008,103,Jamaal Tinsley,PG,Indiana Pacers,6300000
2008,104,Jason Collins,C,Memphis Grizzlies,6100000
2008,105,Dwight Howard,C,Orlando Magic,6061274
2008,106,Marko Jaric,PG,Minnesota Timberwolves,6050000
2008,107,Udonis Haslem,PF,Miami Heat,6050000
2008,108,Matt Harpring,SF,Utah Jazz,6000000
2008,109,Shane Battier,SF,Houston Rockets,5883600
2008,110,Brian Cardinal,PF,Memphis Grizzlies,5850000
2008,111,Mike James,PG,New Orleans Hornets,5826893
2008,112,Shareef Abdur-Rahim,PF,Sacramento Kings,5800000
2008,113,Earl Watson,PG,Seattle SuperSonics,5800000
2008,114,Stromile Swift,PF,New Jersey Nets,5800000
2008,115,Antonio Daniels,PG,Washington Wizards,5800000
2008,116,Jerome James,C,New York Knicks,5800000
2008,117,Joel Przybilla,C,Portland Trail Blazers,5762575
2008,118,Dan Gadzuric,C,Milwaukee Bucks,5751130
2008,119,Nick Collison,F,Seattle SuperSonics,5750000
2008,120,Bobby Jackson,PG,Houston Rockets,5670000
2008,121,Nazr Mohammed,C,Charlotte Bobcats,5632200
2008,122,Jared Jeffries,PF,New York Knicks,5632200
2008,123,Tim Thomas,PF,LA Clippers,5632200
2008,124,Vladimir Radmanovic,SF,Los Angeles Lakers,5632200
2008,125,Leandro Barbosa,G,Phoenix Suns,5600000
2008,126,Donyell Marshall,PF,Seattle SuperSonics,5566965
2008,127,Jeff Foster,PF,Indiana Pacers,5500000
2008,128,Matt Carroll,SG,Charlotte Bobcats,5450000
2008,129,Emeka Okafor,C,Charlotte Bobcats,5427307
2008,130,Mikki Moore,C,Sacramento Kings,5356000
2008,131,Jason Kapono,SG,Toronto Raptors,5356000
2008,132,Anderson Varejao,C,Cleveland Cavaliers,5356000
2008,133,Joe Smith,PF,Cleveland Cavaliers,5205000
2008,134,Tony Battie,C,Orlando Magic,5200000
2008,135,Morris Peterson,SG,New Orleans Hornets,5000000
2008,136,Desmond Mason,SF,Milwaukee Bucks,5000000
2008,137,Brendan Haywood,C,Washington Wizards,5000000
2008,138,Andrew Bogut,C,Milwaukee Bucks,4991520
2008,139,Eduardo Najera,PF,Denver Nuggets,4952380
2008,140,Ben Gordon,SG,Chicago Bulls,4881669
2008,141,Andrea Bargnani,C,Toronto Raptors,4838880
2008,142,John Salmons,SF,Sacramento Kings,4752000
2008,143,Raja Bell,SG,Phoenix Suns,4750000
2008,144,Greg Oden,C,Portland Trail Blazers,4662000
2008,145,Rafer Alston,PG,Houston Rockets,4550000
2008,146,Kyle Korver,G,Utah Jazz,4500000
2008,147,Kendrick Perkins,C,Boston Celtics,4480912
2008,148,Marvin Williams,F,Atlanta Hawks,4466040
2008,149,Shaun Livingston,G,LA Clippers,4404629
2008,150,Derek Fisher,PG,Los Angeles Lakers,4352000
2008,151,Trenton Hassell,SF,New Jersey Nets,4350000
2008,152,Anthony Parker,SG,Toronto Raptors,4350000
2008,153,LaMarcus Aldridge,C,Portland Trail Blazers,4329360
2008,154,Reggie Evans,C,Philadelphia 76ers,4320000
2008,155,Sasha Pavlovic,SG,Cleveland Cavaliers,4250000
2008,156,Steve Blake,PG,Portland Trail Blazers,4250000
2008,157,Keith Van Horn,PF,New Jersey Nets,4236997
2008,158,Damon Jones,PG,Cleveland Cavaliers,4172432
2008,159,Kevin Durant,F,Seattle SuperSonics,4171200
2008,160,Bruce Bowen,SF,San Antonio Spurs,4125000
2008,161,Deron Williams,PG,Utah Jazz,4010640
2008,162,Jorge Garbajosa,PF,Toronto Raptors,4000000
2008,163,Travis Outlaw,SF,Portland Trail Blazers,4000000
2008,164,Sarunas Jasikevicius,PG,Golden State Warriors,4000000
2008,165,Zaza Pachulia,C,Atlanta Hawks,4000000
2008,166,Luke Walton,SF,Los Angeles Lakers,4000000
2008,167,Carlos Arroyo,PG,Orlando Magic,4000000
2008,168,Devin Harris,G,New Jersey Nets,3995003
2008,169,Marcus Banks,PG,Miami Heat,3966207
2008,170,Darius Songaila,PF,Washington Wizards,3942000
2008,171,Adam Morrison,SF,Charlotte Bobcats,3887880
2008,172,Bob Sura,PG,Houston Rockets,3840000
2008,173,Pat Garrity,PF,Orlando Magic,3818750
2008,174,Greg Buckner,SG,Minnesota Timberwolves,3750746
2008,175,Al Horford,C,Atlanta Hawks,3745800
2008,176,Amir Johnson,F,Detroit Pistons,3666667
2008,177,Steven Hunter,C,Denver Nuggets,3638600
2008,178,Robert Horry,PF,San Antonio Spurs,3630000
2008,179,Chris Paul,G,New Orleans Hornets,3615960
2008,180,Keyon Dooling,PG,Orlando Magic,3596000
2008,181,Tyrus Thomas,PF,Chicago Bulls,3505320
2008,182,Fabricio Oberto,C,San Antonio Spurs,3500000
2008,183,Brian Cook,PF,Orlando Magic,3500000
2008,184,Mickael Pietrus,SF,Golden State Warriors,3470771
2008,185,Kevin Ollie,PG,Philadelphia 76ers,3441900
2008,186,Mike Conley,G,Memphis Grizzlies,3377160
2008,187,DeShawn Stevenson,SG,Washington Wizards,3348215
2008,188,Luol Deng,F,Chicago Bulls,3320339
2008,189,Rasual Butler,SF,New Orleans Hornets,3315000
2008,190,Fred Jones,SG,New York Knicks,3300000
2008,191,Raymond Felton,G,Charlotte Bobcats,3274440
2008,192,Lorenzen Wright,PF,Sacramento Kings,3250000
2008,193,Chris Duhon,PG,Chicago Bulls,3248000
2008,194,James Posey,SF,Boston Celtics,3206000
2008,195,Shelden Williams,C,Sacramento Kings,3174240
2008,196,Michael Doleac,C,Minnesota Timberwolves,3120000
2008,197,Charlie Bell,SG,Milwaukee Bucks,3106000
2008,198,Michael Finley,G,San Antonio Spurs,3103000
2008,199,Trevor Ariza,SF,Los Angeles Lakers,3100000
2008,200,Willie Green,SG,Philadelphia 76ers,3094000
2008,201,Jeff Green,F,Seattle SuperSonics,3058200
2008,202,Chucky Atkins,PG,Denver Nuggets,3000000
2008,203,Francisco Elson,C,Seattle SuperSonics,3000000
2008,204,Jake Voskuhl,C,Milwaukee Bucks,3000000
2008,205,Matt Barnes,SF,Golden State Warriors,3000000
2008,206,Brian Scalabrine,PF,Boston Celtics,3000000
2008,207,Martell Webster,SF,Portland Trail Blazers,2974080
2008,208,Luis Scola,F,Houston Rockets,2916667
2008,209,Damien Wilkins,SG,Seattle SuperSonics,2900000
2008,210,James Jones,SG,Portland Trail Blazers,2900000
2008,211,Brandon Roy,SG,Portland Trail Blazers,2883120
2008,212,Anthony Johnson,PG,Sacramento Kings,2860000
2008,213,Andre Iguodala,F,Philadelphia 76ers,2804889
2008,214,Yi Jianlian,SF,Milwaukee Bucks,2777760
2008,215,Alonzo Mourning,C,Miami Heat,2762500
2008,216,Primoz Brezec,C,Toronto Raptors,2750000
2008,217,Charlie Villanueva,PF,Milwaukee Bucks,2715000
2008,218,Matt Bonner,C,San Antonio Spurs,2700000
2008,219,Andris Biedrins,C,Golden State Warriors,2636696
2008,220,Randy Foye,SG,Minnesota Timberwolves,2631840
2008,221,Robert Swift,C,Seattle SuperSonics,2601113
2008,222,Sebastian Telfair,PG,Minnesota Timberwolves,2562426
2008,223,Juan Dixon,SG,Detroit Pistons,2550000
2008,224,Corey Brewer,F,Minnesota Timberwolves,2535720
2008,225,Kris Humphries,PF,Toronto Raptors,2522913
2008,226,Chris Mihm,C,Los Angeles Lakers,2500000
2008,227,Bostjan Nachbar,SF,New Jersey Nets,2500000
2008,228,Channing Frye,F,Portland Trail Blazers,2487240
2008,229,Al Jefferson,C,Minnesota Timberwolves,2480885
2008,230,Andray Blatche,C,Washington Wizards,2479339
2008,231,Jose Calderon,G,Toronto Raptors,2471604
2008,232,Keith Bogans,SG,Orlando Magic,2440000
2008,233,Steve Francis,PG,Houston Rockets,2439333
2008,234,Mark Madsen,PF,Minnesota Timberwolves,2420000
2008,235,Rudy Gay,SF,Memphis Grizzlies,2411160
2008,236,Othella Harrington,PF,Charlotte Bobcats,2376000
2008,237,Devean George,SF,Dallas Mavericks,2369111
2008,238,Kirk Snyder,SG,Minnesota Timberwolves,2358433
2008,239,Jarron Collins,C,Utah Jazz,2350000
2008,240,Jackie Butler,C,San Antonio Spurs,2350000
2008,241,Brandan Wright,F,Golden State Warriors,2323080
2008,242,Jason Hart,PG,Utah Jazz,2300000
2008,243,Ike Diogu,PF,Indiana Pacers,2286360
2008,244,Bonzi Wells,SG,New Orleans Hornets,2284200
2008,245,Lindsey Hunter,SG,Detroit Pistons,2250000
2008,246,Josh Smith,PF,Atlanta Hawks,2243543
2008,247,Patrick O'Bryant,C,Golden State Warriors,2216400
2008,248,D.J. Augustin,G,Houston Rockets,2208960
2008,249,Andrew Bynum,C,Los Angeles Lakers,2172000
2008,250,DeSagana Diop,C,New Jersey Nets,2146000
2008,251,Joakim Noah,C,Chicago Bulls,2135400
2008,252,JR Smith,G,Denver Nuggets,2134067
2008,253,Mouhamed Sene,C,Seattle SuperSonics,2105520
2008,254,Dorell Wright,SF,Miami Heat,2040746
2008,255,Spencer Hawes,PF,Sacramento Kings,2028600
2008,256,JJ Redick,SG,Orlando Magic,2000160
2008,257,Jameer Nelson,G,Orlando Magic,1961609
2008,258,Vasileios Spanoulis,PG,Houston Rockets,1944000
2008,259,Walter Herrmann Heinrich,PF,Detroit Pistons,1944000
2008,260,Victor Khryapa,PF,Chicago Bulls,1928598
2008,261,Acie Law,PG,Atlanta Hawks,1927080
2008,262,Hilton Armstrong,PF,New Orleans Hornets,1900200
2008,263,Aaron Williams,C,LA Clippers,1890000
2008,264,Delonte West,SG,Cleveland Cavaliers,1889760
2008,265,Nenad Krstic,C,New Jersey Nets,1889760
2008,266,Carlos Delfino,SG,Toronto Raptors,1868141
2008,267,Tony Allen,SG,Boston Celtics,1868141
2008,268,Sean May,C,Charlotte Bobcats,1862160
2008,269,Thaddeus Young,F,Philadelphia 76ers,1830720
2008,270,Jannero Pargo,PG,New Orleans Hornets,1830000
2008,271,Grant Hill,SF,Phoenix Suns,1830000
2008,272,Maceo Baston,SF,Toronto Raptors,1830000
2008,273,Eddie Jones,SG,Dallas Mavericks,1830000
2008,274,Kevin Martin,SG,Sacramento Kings,1808121
2008,275,Thabo Sefolosha,F,Chicago Bulls,1805160
2008,276,Kosta Perovic,C,Golden State Warriors,1800000
2008,277,Rashad McCants,SG,Minnesota Timberwolves,1769160
2008,278,Sasha Vujacic,SG,Los Angeles Lakers,1756951
2008,279,David Wesley,SG,New Jersey Nets,1750000
2008,280,Chuck Hayes,PF,Houston Rockets,1750000
2008,281,Maurice Evans,SG,Orlando Magic,1740000
2008,282,Julian Wright,SF,New Orleans Hornets,1739160
2008,283,David Harrison,C,Indiana Pacers,1734316
2008,284,Ronnie Brewer,SF,Utah Jazz,1715040
2008,285,Antoine Wright,SF,Dallas Mavericks,1680600
2008,286,Al Thornton,SF,LA Clippers,1652280
2008,287,Cedric Simmons,SF,Chicago Bulls,1629120
2008,288,Brevin Knight,PG,LA Clippers,1600000
2008,289,Clifford Robinson,PF,Brooklyn Nets,1600000
2008,290,Joey Graham,SF,Toronto Raptors,1596600
2008,291,Adrian Griffin,G,Seattle SuperSonics,1593000
2008,292,Rodney Stuckey,PG,Detroit Pistons,1569600
2008,293,Rodney Carney,SG,Philadelphia 76ers,1547760
2008,294,Justin Reed,SF,Minnesota Timberwolves,1529873
2008,295,Danny Granger,SF,Indiana Pacers,1516800
2008,296,Travis Diener,PG,Indiana Pacers,1500000
2008,297,Eddie House,SG,Boston Celtics,1500000
2008,298,Nick Young,G,Washington Wizards,1491240
2008,299,Shawne Williams,SF,Indiana Pacers,1470360
2008,300,Gerald Green,G,Houston Rockets,1440960
2008,301,Sean Williams,PF,New Jersey Nets,1416600
2008,302,Hakim Warrick,PF,Memphis Grizzlies,1376040
2008,303,Marco Belinelli,G,Golden State Warriors,1345800
2008,304,Oleksiy Pecherov,C,Washington Wizards,1345800
2008,305,Quincy Douby,SG,Sacramento Kings,1333920
2008,306,Javaris Crittenton,PG,Memphis Grizzlies,1285200
2008,307,Renaldo Balkman,SF,New York Knicks,1280640
2008,308,Alexis Ajinca,C,LA Clippers,1276320
2008,309,Nate Robinson,PG,New York Knicks,1268160
2008,310,Jason Smith,F,Philadelphia 76ers,1233840
2008,311,Rajon Rondo,PG,Boston Celtics,1229280
2008,312,Jacque Vaughn,PG,San Antonio Spurs,1219590
2008,313,Eric Piatkowski,SG,Phoenix Suns,1219590
2008,314,Adonal Foyle,C,Orlando Magic,1219590
2008,315,Jarrett Jack,G,Portland Trail Blazers,1217400
2008,316,Jarvis Hayes,SF,Detroit Pistons,1200000
2008,317,Devin Brown,SG,Cleveland Cavaliers,1200000
2008,318,Daequan Cook,SG,Miami Heat,1184400
2008,319,Marcus Williams,PG,New Jersey Nets,1180200
2008,320,Francisco Garcia,SG,Sacramento Kings,1168800
2008,321,Jared Dudley,SF,Charlotte Bobcats,1137000
2008,322,Josh Boone,C,New Jersey Nets,1133040
2008,323,Shavlik Randolph,PF,Philadelphia 76ers,1130000
2008,324,Luther Head,PG,Houston Rockets,1122000
2008,325,Calvin Booth,C,Philadelphia 76ers,1103225
2008,326,Ronnie Price,PG,Utah Jazz,1100000
2008,327,Wilson Chandler,F,New York Knicks,1091640
2008,328,Kyle Lowry,G,Memphis Grizzlies,1087680
2008,329,Bernard Robinson,SG,Brooklyn Nets,1080000
2008,330,Johan Petro,C,Seattle SuperSonics,1077120
2008,331,Shannon Brown,PG,Chicago Bulls,1044120
2008,332,Jason Maxiell,PF,Detroit Pistons,1041360
2008,333,Linas Kleiza,SF,Denver Nuggets,1011360
2008,334,Jordan Farmar,PG,Los Angeles Lakers,1009560
2008,335,Morris Almond,SG,Utah Jazz,1005960
2008,336,Ime Udoka,F,San Antonio Spurs,1000000
2008,337,Wayne Simien,PF,Miami Heat,997800
2008,338,David Lee,PF,New York Knicks,990600
2008,339,Maurice Ager,SF,New Jersey Nets,974400
2008,340,Earl Barron,C,Miami Heat,973328
2008,341,Aaron Brooks,G,Houston Rockets,972720
2008,342,Mardy Collins,PG,New York Knicks,967320
2008,343,Donell Taylor,PG,Washington Wizards,945610
2008,344,CJ Miles,G,Utah Jazz,945610
2008,345,Arron Afflalo,G,Detroit Pistons,944520
2008,346,Alando Tucker,SF,Phoenix Suns,931920
2008,347,Melvin Ely,C,New Orleans Hornets,895341
2008,348,Chris Andersen,PF,New Orleans Hornets,885294
2008,349,Mike Hall,F,Washington Wizards,862456
2008,350,Justin Williams,PF,Houston Rockets,862456
2008,351,Mile Ilic,C,Brooklyn Nets,850000
2008,352,Quinton Ross,SF,LA Clippers,826046
2008,353,Randolph Morris,C,New York Knicks,810000
2008,354,Mickael Gelabale,SF,Seattle SuperSonics,802000
2008,355,Josh Powell,PF,LA Clippers,800000
2008,356,Salim Stoudamire,SG,Atlanta Hawks,783000
2008,357,Jeff McInnis,PG,Charlotte Bobcats,770610
2008,358,Sean Marks,PF,Phoenix Suns,770610
2008,359,Derek Anderson,SG,Charlotte Bobcats,770610
2008,360,Casey Jacobsen,SG,Memphis Grizzlies,770610
2008,361,Brian Skinner,PF,Phoenix Suns,770610
2008,362,Darrick Martin,PG,Toronto Raptors,770610
2008,363,James Singleton,F,Washington Wizards,770610
2008,364,Dwayne Jones II,PF,Cleveland Cavaliers,770610
2008,365,Royal Ivey,PG,Milwaukee Bucks,770610
2008,366,Michael Ruffin,PF,Milwaukee Bucks,770610
2008,367,Ryan Bowen,SF,New Orleans Hornets,770610
2008,368,Austin Croshere,PF,Golden State Warriors,770610
2008,369,Roger Mason Jr.,SG,Washington Wizards,770610
2008,370,Dan Dickau,PG,LA Clippers,770610
2008,371,Ronny Turiaf,C,Los Angeles Lakers,770610
2008,372,Von Wafer,SG,Portland Trail Blazers,770610
2008,373,Malik Allen,PF,Dallas Mavericks,770610
2008,374,Robert Hite,SG,Miami Heat,770610
2008,375,Darvin Ham,SF,Denver Nuggets,770610
2008,376,John Lucas III,PG,Minnesota Timberwolves,770610
2008,377,Stephen Graham,SF,Indiana Pacers,770610
2008,378,Orien Greene,PG,Sacramento Kings,770610
2008,379,Awvee Storey,SF,Milwaukee Bucks,770610
2008,380,Lynn Greer,PG,Milwaukee Bucks,770610
2008,381,Andre Brown,PF,Memphis Grizzlies,770610
2008,382,Anfernee Hardaway,SF,Miami Heat,770610
2008,383,Daniel Ewing,PG,LA Clippers,770610
2008,384,Brandon Bass,PF,Dallas Mavericks,770610
2008,385,Kareem Rush,SG,Indiana Pacers,770610
2008,386,Ruben Patterson,PF,LA Clippers,770610
2008,387,Monta Ellis,SG,Golden State Warriors,770610
2008,388,Dikembe Mutombo,C,Houston Rockets,770610
2008,389,Anthony Carter,PG,Denver Nuggets,770610
2008,390,Jamal Sampson,C,Denver Nuggets,770610
2008,391,Darrell Armstrong,PG,New Jersey Nets,770610
2008,392,Ryan Gomes,SF,Minnesota Timberwolves,770610
2008,393,Scot Pollard,C,Boston Celtics,770610
2008,394,Lou Williams,SG,Philadelphia 76ers,770610
2008,395,Juwan Howard,PF,Dallas Mavericks,761544
2008,396,Kyrylo Fesenko,C,Utah Jazz,750000
2008,397,Solomon Jones,PF,Atlanta Hawks,729000
2008,398,Eddie Gill,PG,Seattle SuperSonics,693549
2008,399,Yakhouba Diawara,SG,Denver Nuggets,687456
2008,400,Leon Powe,PF,Boston Celtics,687456
2008,401,Ryan Hollins,C,Charlotte Bobcats,687456
2008,402,Hassan Adams,SF,Toronto Raptors,687456
2008,403,Paul Davis,C,LA Clippers,687456
2008,404,Craig Smith,PF,Minnesota Timberwolves,687456
2008,405,Paul Millsap,PF,Utah Jazz,687456
2008,406,James Augustine,PF,Orlando Magic,687456
2008,407,Lou Amundson,PF,Philadelphia 76ers,687456
2008,408,James White,SG,New York Knicks,687456
2008,409,Devin Green,SG,Los Angeles Lakers,687456
2008,410,Will Conroy,PG,Minnesota Timberwolves,687456
2008,411,Steve Novak,SF,Houston Rockets,687456
2008,412,David Noel,SF,Milwaukee Bucks,687456
2008,413,Andre Owens,SG,Indiana Pacers,687456
2008,414,Tarence Kinsey,SG,Memphis Grizzlies,687456
2008,415,Pops Mensah-Bonsu,PF,Denver Nuggets,687456
2008,416,J.J. Barea,G,Dallas Mavericks,687456
2008,417,Chris Quinn,PG,Miami Heat,687456
2008,418,Daniel Gibson,SG,Cleveland Cavaliers,687456
2008,419,Kelenna Azubuike,SF,Golden State Warriors,687456
2008,420,Gabe Pruitt,PG,Boston Celtics,650000
2008,421,Jelani McCoy,PF,Denver Nuggets,634620
2008,422,Ian Mahinmi,C,San Antonio Spurs,625840
2008,423,Dahntay Jones,SG,Sacramento Kings,584757
2008,424,Richie Frahm,SG,LA Clippers,566625
2008,425,Beno Udrih,PG,Sacramento Kings,561544
2008,426,Juan Carlos Navarro,PG,Memphis Grizzlies,538090
2008,427,Jamario Moon,SF,Toronto Raptors,427163
2008,428,Thomas Gardner,SG,Chicago Bulls,427163
2008,429,Ramon Sessions,G,Milwaukee Bucks,427163
2008,430,Kevin Lyde,NA,null Unknown,427163
2008,431,Dominic McGuire,PF,Washington Wizards,427163
2008,432,Demetris Nichols,SF,Chicago Bulls,427163
2008,433,Mustafa Shakur,PG,Sacramento Kings,427163
2008,434,Darryl Watkins,C,Sacramento Kings,427163
2008,435,Coby Karl,PG,Los Angeles Lakers,427163
2008,436,Carl Landry,PF,Houston Rockets,427163
2008,437,Herbert Hill,NA,Philadelphia 76ers,427163
2008,438,Cheikh Samb,C,Detroit Pistons,427163
2008,439,Mario West,SG,Atlanta Hawks,427163
2008,440,Marcus Slaughter,C,Madrid Real Madrid,427163
2008,441,Larry Turner,NA,null Unknown,427163
2008,442,Elton Brown,NA,null Unknown,427163
2008,443,Glen Davis,PF,Boston Celtics,427163
2008,444,JamesOn Curry,PG,Chicago Bulls,427163
2008,445,Marcin Gortat,C,Orlando Magic,427163
2008,446,Jermareo Davidson,PF,Charlotte Bobcats,427163
2008,447,Sammy Mejia,NA,null Unknown,427163
2008,448,Aaron Gray,C,Chicago Bulls,427163
2008,449,Taurean Green,PG,Denver Nuggets,427163
2008,450,Jared Newson,NA,null Unknown,427163
2008,451,Josh McRoberts,PF,Portland Trail Blazers,427163
2008,452,Adam Haluska,NA,Houston Rockets,427163
2008,453,Chris Richard,PF,Minnesota Timberwolves,427163
2008,454,Anthony Tolliver,PF,New Orleans Pelicans,427163
2008,455,D.J. Strawberry,SG,Phoenix Suns,427163
2008,456,Brandon Wallace,NA,Boston Celtics,427163
2008,457,Jackie Manuel,NA,null Unknown,427163
2008,458,Chris Webber,C,Golden State Warriors,358107
2008,459,Earl Boykins,PG,Charlotte Bobcats,349041
2008,460,Damon Stoudamire,PG,San Antonio Spurs,335442
2008,461,Courtney Sims,C,Indiana Pacers,319116
2008,462,Keith Langford,SG,San Antonio Spurs,278912
2008,463,C.J. Watson,PG,Golden State Warriors,251272
2008,464,Jeremy Richardson,SG,San Antonio Spurs,238588
2008,465,Jamaal Magloire,C,Dallas Mavericks,231183
2008,466,P.J. Brown,PF,Boston Celtics,226650
2008,467,Ronald Murray,SG,Indiana Pacers,213051
2008,468,Gordan Giricek,SG,Phoenix Suns,199452
2008,469,Theo Ratliff,C,Detroit Pistons,199452
2008,470,Sam Cassell,PG,Boston Celtics,199452
2008,471,Tyronn Lue,PG,Dallas Mavericks,199452
2008,472,Smush Parker,PG,LA Clippers,181320
2008,473,Brent Barry,SG,San Antonio Spurs,172177
2008,474,Loren Woods,C,Houston Rockets,142201
2008,475,Nick Fazekas,PF,LA Clippers,125636
2008,476,Ira Newble,SF,Los Angeles Lakers,122391
2008,477,Mike Harris,SF,Houston Rockets,100509
2008,478,Didier Ilunga-Mbenga,C,Los Angeles Lakers,90660
2008,479,Lance Allred,C,Cleveland Cavaliers,87945
2008,480,Blake Ahearn,G,Miami Heat,67844
2008,481,Stephane Lasme,PF,Miami Heat,67844
2008,482,Ronald Dupree,SF,Seattle SuperSonics,63462
2008,484,Kasib Powell,SF,Miami Heat,36395
2008,485,DerMarr Johnson,SF,San Antonio Spurs,27198
2008,486,Bobby Jones,SF,San Antonio Spurs,24263
2008,487,Linton Johnson,PF,Toronto Raptors,4533
2008,488,Billy Thomas,SG,Cleveland Cavaliers,4533
2009,1,Kevin Garnett,PF,Boston Celtics,24751934
2009,2,Jason Kidd,G,Dallas Mavericks,21372000
2009,3,Jermaine O'Neal,C,Miami Heat,21372000
2009,4,Kobe Bryant,SF,Los Angeles Lakers,21262500
2009,5,Shaquille O'Neal,C,Phoenix Suns,21000000
2009,6,Allen Iverson,SG,Detroit Pistons,20840625
2009,7,Stephon Marbury,PG,Boston Celtics,20840625
2009,8,Tim Duncan,C,San Antonio Spurs,20598704
2009,9,Tracy McGrady,SG,Houston Rockets,20370437
2009,10,Ray Allen,SG,Boston Celtics,18388430
2009,11,Dirk Nowitzki,F,Dallas Mavericks,18077904
2009,12,Paul Pierce,SF,Boston Celtics,18077903
2009,13,Shawn Marion,SG,Toronto Raptors,17810000
2009,14,Rashard Lewis,PF,Orlando Magic,16447871
2009,15,Michael Redd,SG,Milwaukee Bucks,15780000
2009,16,Pau Gasol,PF,Los Angeles Lakers,15106000
2009,17,Andrei Kirilenko,SF,Utah Jazz,15106000
2009,18,Amar'e Stoudemire,C,Phoenix Suns,15070550
2009,19,Yao Ming,C,Houston Rockets,15070550
2009,20,Mike Bibby,PG,Atlanta Hawks,14983603
2009,21,Vince Carter,G,New Jersey Nets,14724125
2009,22,Zach Randolph,F,LA Clippers,14666667
2009,23,Gilbert Arenas,PG,Washington Wizards,14653466
2009,24,Ben Wallace,PF,Cleveland Cavaliers,14500000
2009,25,Kenyon Martin,F,Denver Nuggets,14431816
2009,26,Dwyane Wade,G,Miami Heat,14410581
2009,27,Chris Bosh,PF,Toronto Raptors,14410581
2009,28,Carmelo Anthony,PF,Denver Nuggets,14410581
2009,29,LeBron James,F,Cleveland Cavaliers,14410581
2009,30,Joe Johnson,G,Atlanta Hawks,14232567
2009,31,Lamar Odom,PF,Los Angeles Lakers,14148596
2009,32,Rasheed Wallace,PF,Detroit Pistons,13930000
2009,33,Wally Szczerbiak,SG,Cleveland Cavaliers,13775000
2009,34,Dwight Howard,C,Orlando Magic,13758000
2009,35,Elton Brand,PF,Philadelphia 76ers,13757844
2009,36,Richard Jefferson,F,Milwaukee Bucks,13200000
2009,37,Larry Hughes,SG,New York Knicks,12827676
2009,38,Raef LaFrentz,C,Portland Trail Blazers,12722500
2009,39,Peja Stojakovic,SF,New Orleans Hornets,12528000
2009,40,Steve Nash,PG,Phoenix Suns,12250000
2009,41,Jason Richardson,SG,Phoenix Suns,12222221
2009,42,Carlos Boozer,PF,Utah Jazz,11593817
2009,43,Erick Dampier,C,Dallas Mavericks,11553000
2009,44,Tony Parker,G,San Antonio Spurs,11550000
2009,45,Brad Miller,C,Chicago Bulls,11375000
2009,46,Tyson Chandler,C,New Orleans Hornets,11350000
2009,47,Andre Iguodala,F,Philadelphia 76ers,11300000
2009,48,Baron Davis,PG,LA Clippers,11250000
2009,49,Samuel Dalembert,C,Philadelphia 76ers,11238564
2009,50,Chauncey Billups,PG,Denver Nuggets,11050000
2009,51,Monta Ellis,SG,Golden State Warriors,11000000
2009,52,Al Jefferson,C,Minnesota Timberwolves,11000000
2009,53,Zydrunas Ilgauskas,C,Cleveland Cavaliers,10841615
2009,54,Richard Hamilton,SG,Detroit Pistons,10812500
2009,55,Bobby Simmons,SF,New Jersey Nets,10602667
2009,56,Andre Miller,PG,Philadelphia 76ers,10333334
2009,57,Troy Murphy,PF,Indiana Pacers,10126984
2009,58,Marcus Camby,C,LA Clippers,10000000
2009,59,Josh Smith,PF,Atlanta Hawks,10000000
2009,60,Kirk Hinrich,SG,Chicago Bulls,10000000
2009,61,Josh Howard,SF,Dallas Mavericks,9945000
2009,62,Antawn Jamison,PF,Washington Wizards,9923285
2009,63,Manu Ginobili,G,San Antonio Spurs,9905248
2009,64,David West,F,New Orleans Hornets,9862500
2009,65,Eddy Curry,NA,New York Knicks,9723983
2009,66,Nene Hilario,C,Denver Nuggets,9680000
2009,67,Emeka Okafor,C,Charlotte Bobcats,9537500
2009,68,Chris Kaman,C,LA Clippers,9500000
2009,69,Gerald Wallace,SF,Charlotte Bobcats,9500000
2009,70,Tayshaun Prince,SF,Detroit Pistons,9500000
2009,71,Luol Deng,F,Chicago Bulls,9385000
2009,72,Caron Butler,SF,Washington Wizards,9249980
2009,73,Al Harrington,PF,New York Knicks,9226250
2009,74,Jason Terry,G,Dallas Mavericks,9196000
2009,75,Antoine Walker,PF,Minnesota Timberwolves,9052460
2009,76,Mike Miller,SG,Minnesota Timberwolves,9028575
2009,77,Andris Biedrins,C,Golden State Warriors,9000000
2009,78,Boris Diaw,C,Charlotte Bobcats,9000000
2009,79,Mike Dunleavy,SG,Indiana Pacers,9000000
2009,80,Cuttino Mobley,SG,LA Clippers,8925000
2009,81,Kevin Martin,SG,Sacramento Kings,8760335
2009,82,Quentin Richardson,SF,New York Knicks,8685500
2009,83,Jamal Crawford,G,Golden State Warriors,8640000
2009,84,Kenny Thomas,PF,Sacramento Kings,8562500
2009,85,Mark Blount,C,Miami Heat,8513916
2009,86,Mehmet Okur,C,Utah Jazz,8500000
2009,87,Rasho Nesterovic,C,Indiana Pacers,8400000
2009,88,Mo Williams,PG,Cleveland Cavaliers,8353000
2009,89,Corey Maggette,SF,Golden State Warriors,8275862
2009,90,Andres Nocioni,SF,Sacramento Kings,8000000
2009,91,T.J. Ford,PG,Indiana Pacers,8000000
2009,92,Devin Harris,G,New Jersey Nets,7800000
2009,93,Jameer Nelson,G,Orlando Magic,7700000
2009,94,Malik Rose,PF,Oklahoma City Thunder,7647500
2009,95,Jose Calderon,G,Toronto Raptors,7438018
2009,96,Metta World Peace,SF,Houston Rockets,7400000
2009,97,Eric Snow,PG,Cleveland Cavaliers,7312500
2009,98,Stephen Jackson,SF,Golden State Warriors,7140000
2009,99,Darko Milicic,C,Memphis Grizzlies,7020000
2009,100,Jerry Stackhouse,SF,Dallas Mavericks,7000000
2009,101,Marquis Daniels,SG,Indiana Pacers,6864200
2009,102,Hedo Turkoglu,SF,Orlando Magic,6864200
2009,103,Etan Thomas,C,Washington Wizards,6864200
2009,104,Jamaal Tinsley,PG,Utah Jazz,6750000
2009,105,Chris Wilcox,PF,New York Knicks,6750000
2009,106,Marko Jaric,PG,Memphis Grizzlies,6575000
2009,107,Udonis Haslem,PF,Miami Heat,6575000
2009,108,Luke Ridnour,PG,Milwaukee Bucks,6500000
2009,109,Bobby Jackson,PG,Sacramento Kings,6487888
2009,110,Shane Battier,SF,Houston Rockets,6448900
2009,111,Ben Gordon,SG,Chicago Bulls,6404750
2009,112,Nick Collison,F,Oklahoma City Thunder,6350000
2009,113,Joel Przybilla,C,Portland Trail Blazers,6310150
2009,114,Brian Cardinal,PF,Minnesota Timberwolves,6300000
2009,115,Andrew Bogut,C,Milwaukee Bucks,6294195
2009,116,Dan Gadzuric,C,Milwaukee Bucks,6250195
2009,117,Mike James,PG,Washington Wizards,6244093
2009,118,Shareef Abdur-Rahim,PF,Sacramento Kings,6200000
2009,119,Earl Watson,PG,Oklahoma City Thunder,6200000
2009,120,Antonio Daniels,PG,New Orleans Hornets,6200000
2009,121,Jason Collins,C,Minnesota Timberwolves,6200000
2009,122,Jerome James,C,New York Knicks,6200000
2009,123,Leandro Barbosa,G,Phoenix Suns,6100000
2009,124,John Salmons,SF,Chicago Bulls,6077151
2009,125,Nazr Mohammed,C,Charlotte Bobcats,6049400
2009,126,Jared Jeffries,PF,New York Knicks,6049400
2009,127,Tim Thomas,PF,Chicago Bulls,6049400
2009,128,Vladimir Radmanovic,SF,Charlotte Bobcats,6049400
2009,129,Matt Harpring,SF,Utah Jazz,6000000
2009,130,Jason Kapono,SG,Toronto Raptors,5784480
2009,131,Anderson Varejao,C,Cleveland Cavaliers,5784480
2009,132,Speedy Claxton,PG,Atlanta Hawks,5757818
2009,133,Tony Battie,C,Orlando Magic,5746000
2009,134,Marvin Williams,F,Atlanta Hawks,5636142
2009,135,Mikki Moore,C,Boston Celtics,5632200
2009,136,Morris Peterson,SG,New Orleans Hornets,5592240
2009,137,Chris Duhon,PG,New York Knicks,5585000
2009,138,James Posey,SF,New Orleans Hornets,5585000
2009,139,Beno Udrih,PG,Sacramento Kings,5585000
2009,140,DeSagana Diop,C,Charlotte Bobcats,5585000
2009,141,Brendan Haywood,C,Washington Wizards,5500000
2009,142,Jeff Foster,PF,Indiana Pacers,5500000
2009,143,Mickael Pietrus,SF,Orlando Magic,5300000
2009,144,Desmond Mason,SF,Oklahoma City Thunder,5300000
2009,145,Andrea Bargnani,C,Toronto Raptors,5176440
2009,146,Deron Williams,PG,Utah Jazz,5069449
2009,147,Matt Carroll,SG,Dallas Mavericks,5050000
2009,148,Greg Oden,C,Portland Trail Blazers,5011680
2009,149,Raja Bell,SG,Charlotte Bobcats,5000000
2009,150,JR Smith,G,Denver Nuggets,4985001
2009,151,Kyle Korver,G,Utah Jazz,4956818
2009,152,Rafer Alston,PG,Orlando Magic,4900000
2009,153,Derrick Rose,PG,Chicago Bulls,4822800
2009,154,Nenad Krstic,C,Oklahoma City Thunder,4778548
2009,155,Derek Fisher,PG,Los Angeles Lakers,4700000
2009,156,Reggie Evans,C,Philadelphia 76ers,4640000
2009,157,LaMarcus Aldridge,C,Portland Trail Blazers,4631400
2009,158,Kendrick Perkins,C,Boston Celtics,4578880
2009,159,Chris Paul,G,New Orleans Hornets,4574189
2009,160,Anthony Parker,SG,Toronto Raptors,4550000
2009,161,Sasha Vujacic,SG,Los Angeles Lakers,4524887
2009,162,Sasha Pavlovic,SG,Cleveland Cavaliers,4500000
2009,163,Ronny Turiaf,C,Golden State Warriors,4500000
2009,164,Lou Williams,SG,Philadelphia 76ers,4500000
2009,165,Kevin Durant,F,Oklahoma City Thunder,4484040
2009,166,Damon Jones,PG,Milwaukee Bucks,4460186
2009,167,Luke Walton,SF,Los Angeles Lakers,4420000
2009,168,Trenton Hassell,SF,New Jersey Nets,4350000
2009,169,Michael Beasley,F,Miami Heat,4314960
2009,170,Marcus Banks,PG,Toronto Raptors,4260000
2009,171,Steve Blake,PG,Portland Trail Blazers,4250000
2009,172,Darius Songaila,PF,Washington Wizards,4235000
2009,173,Kurt Thomas,PF,San Antonio Spurs,4200000
2009,174,Adam Morrison,SF,Los Angeles Lakers,4159200
2009,175,Raymond Felton,G,Charlotte Bobcats,4148715
2009,176,Al Horford,C,Atlanta Hawks,4023720
2009,177,Greg Buckner,SG,Memphis Grizzlies,4010005
2009,178,James Jones,SG,Miami Heat,4010000
2009,179,Bruce Bowen,SF,San Antonio Spurs,4000000
2009,180,Kwame Brown,C,Detroit Pistons,4000000
2009,181,Travis Outlaw,SF,Portland Trail Blazers,4000000
2009,182,Zaza Pachulia,C,Atlanta Hawks,4000000
2009,183,O.J. Mayo,SG,Memphis Grizzlies,3875040
2009,184,Steven Hunter,C,Memphis Grizzlies,3862600
2009,185,Delonte West,SG,Cleveland Cavaliers,3850000
2009,186,Keith Van Horn,PF,Dallas Mavericks,3792112
2009,187,Martell Webster,SF,Portland Trail Blazers,3771133
2009,188,Tyrus Thomas,PF,Chicago Bulls,3749880
2009,189,Daniel Gibson,SG,Cleveland Cavaliers,3700000
2009,190,CJ Miles,G,Utah Jazz,3700000
2009,191,Amir Johnson,F,Detroit Pistons,3666667
2009,192,Ryan Gomes,SF,Minnesota Timberwolves,3650000
2009,193,Mike Conley,G,Memphis Grizzlies,3630480
2009,194,Rasual Butler,SF,New Orleans Hornets,3630000
2009,195,DeShawn Stevenson,SG,Washington Wizards,3616072
2009,196,Fabricio Oberto,C,San Antonio Spurs,3600000
2009,197,Robert Swift,C,Oklahoma City Thunder,3579131
2009,198,Roger Mason Jr.,SG,San Antonio Spurs,3500000
2009,199,Brian Cook,PF,Houston Rockets,3500000
2009,200,Russell Westbrook,G,Oklahoma City Thunder,3493680
2009,201,Charlie Villanueva,PF,Milwaukee Bucks,3448050
2009,202,Shelden Williams,C,Minnesota Timberwolves,3395760
2009,203,Willie Green,SG,Philadelphia 76ers,3388000
2009,204,Charlie Bell,SG,Milwaukee Bucks,3354480
2009,205,Keyon Dooling,PG,New Jersey Nets,3300000
2009,206,Jeff Green,F,Oklahoma City Thunder,3287640
2009,207,Eduardo Najera,PF,New Jersey Nets,3250000
2009,208,Chucky Atkins,PG,Oklahoma City Thunder,3240000
2009,209,Brian Scalabrine,PF,Boston Celtics,3206897
2009,210,Kris Humphries,PF,Toronto Raptors,3200000
2009,211,Channing Frye,F,Portland Trail Blazers,3163769
2009,212,Kevin Love,F,Minnesota Timberwolves,3163680
2009,213,Luis Scola,F,Houston Rockets,3100667
2009,214,Trevor Ariza,SF,Los Angeles Lakers,3100000
2009,215,Damien Wilkins,SG,Oklahoma City Thunder,3100000
2009,216,Marc Gasol,C,Memphis Grizzlies,3093333
2009,217,Brandon Roy,SG,Portland Trail Blazers,3084240
2009,218,Carl Landry,PF,Houston Rockets,3000000
2009,219,Yi Jianlian,SF,New Jersey Nets,2986080
2009,220,Matt Bonner,C,San Antonio Spurs,2978000
2009,221,Ike Diogu,PF,Sacramento Kings,2912823
2009,222,Kelenna Azubuike,SF,Golden State Warriors,2900000
2009,223,Danilo Gallinari,PF,New York Knicks,2873520
2009,224,Randy Foye,SG,Minnesota Timberwolves,2815560
2009,225,Andrew Bynum,C,Los Angeles Lakers,2769300
2009,226,Andray Blatche,C,Washington Wizards,2739669
2009,227,Corey Brewer,F,Minnesota Timberwolves,2725920
2009,228,Sean May,C,Charlotte Bobcats,2661027
2009,229,Eddie House,SG,Boston Celtics,2650000
2009,230,Steve Francis,PG,Houston Rockets,2634480
2009,231,Mark Madsen,PF,Minnesota Timberwolves,2630000
2009,232,Eric Gordon,G,LA Clippers,2623200
2009,233,Rashad McCants,SG,Sacramento Kings,2620126
2009,234,Dorell Wright,SF,Miami Heat,2612835
2009,235,Rudy Gay,SF,Memphis Grizzlies,2579400
2009,236,Keith Bogans,SG,Milwaukee Bucks,2565000
2009,237,Chris Mihm,C,Los Angeles Lakers,2500000
2009,238,Maurice Evans,SG,Atlanta Hawks,2500000
2009,239,Craig Smith,PF,Minnesota Timberwolves,2500000
2009,240,Tony Allen,SG,Boston Celtics,2500000
2009,241,Michael Finley,G,San Antonio Spurs,2500000
2009,242,Brandan Wright,F,Golden State Warriors,2497320
2009,243,Jason Hart,PG,Denver Nuggets,2484000
2009,244,Joey Graham,SF,Toronto Raptors,2449184
2009,245,Joe Alexander,SF,Milwaukee Bucks,2403120
2009,246,Danny Granger,SF,Indiana Pacers,2329805
2009,247,Sebastian Telfair,PG,Minnesota Timberwolves,2300000
2009,248,Ricky Davis,SG,LA Clippers,2300000
2009,249,Joakim Noah,C,Chicago Bulls,2295480
2009,250,Maceo Baston,SF,Indiana Pacers,2272860
2009,251,Mouhamed Sene,C,New York Knicks,2252400
2009,252,Tyronn Lue,PG,Orlando Magic,2250000
2009,253,D.J. Augustin,G,Charlotte Bobcats,2208960
2009,254,Spencer Hawes,PF,Sacramento Kings,2180760
2009,255,JJ Redick,SG,Orlando Magic,2139720
2009,256,Hakim Warrick,PF,Memphis Grizzlies,2119102
2009,257,Brook Lopez,C,New Jersey Nets,2098560
2009,258,Jarron Collins,C,Utah Jazz,2074302
2009,259,Acie Law,PG,Atlanta Hawks,2071680
2009,260,Hilton Armstrong,PF,New Orleans Hornets,2032800
2009,261,Nate Robinson,PG,New York Knicks,2020179
2009,262,Jarrett Jack,G,Indiana Pacers,2002623
2009,263,Brevin Knight,PG,Utah Jazz,2000000
2009,264,Walter Herrmann Heinrich,PF,Detroit Pistons,2000000
2009,265,Jerryd Bayless,G,Portland Trail Blazers,1993560
2009,266,Francisco Garcia,SG,Sacramento Kings,1983454
2009,267,Grant Hill,SF,Phoenix Suns,1976400
2009,268,Eddie Jones,SG,New Orleans Pelicans,1976400
2009,269,Thaddeus Young,F,Philadelphia 76ers,1968120
2009,270,Luther Head,PG,Miami Heat,1962378
2009,271,Johan Petro,C,Denver Nuggets,1939893
2009,272,Thabo Sefolosha,F,Oklahoma City Thunder,1931160
2009,273,Anthony Johnson,PG,Orlando Magic,1910000
2009,274,Jarvis Hayes,SF,New Jersey Nets,1910000
2009,275,Brent Barry,SG,Houston Rockets,1910000
2009,276,Jason Thompson,PF,Sacramento Kings,1893840
2009,277,Jason Maxiell,PF,Detroit Pistons,1877572
2009,278,Julian Wright,SF,New Orleans Hornets,1869600
2009,279,Ronnie Brewer,SF,Utah Jazz,1834680
2009,280,Linas Kleiza,SF,Denver Nuggets,1824493
2009,281,Antoine Wright,SF,Dallas Mavericks,1800000
2009,282,David Lee,PF,New York Knicks,1788033
2009,283,Al Thornton,SF,LA Clippers,1776240
2009,284,Chuck Hayes,PF,Houston Rockets,1768000
2009,285,Cedric Simmons,SF,Sacramento Kings,1742760
2009,286,Anthony Randolph,SF,Golden State Warriors,1709280
2009,287,Francisco Elson,C,Milwaukee Bucks,1700000
2009,288,Goran Dragic,PG,Phoenix Suns,1700000
2009,289,Rodney Stuckey,PG,Detroit Pistons,1687320
2009,290,Rodney Carney,SG,Minnesota Timberwolves,1655760
2009,291,Kosta Perovic,C,Golden State Warriors,1634000
2009,292,Robin Lopez,C,Phoenix Suns,1623720
2009,293,Travis Diener,PG,Indiana Pacers,1620000
2009,294,Nick Young,G,Washington Wizards,1602960
2009,295,Devean George,SF,Dallas Mavericks,1600000
2009,296,Shawne Williams,SF,Dallas Mavericks,1572960
2009,297,Hamed Ehaddadi,C,Memphis Grizzlies,1572221
2009,298,Marreese Speights,F,Philadelphia 76ers,1542600
2009,299,Sean Williams,PF,New Jersey Nets,1522920
2009,300,Ronald Murray,SG,Atlanta Hawks,1500000
2009,301,J.J. Barea,G,Dallas Mavericks,1500000
2009,302,Roy Hibbert,C,Indiana Pacers,1465440
2009,303,Marco Belinelli,G,Golden State Warriors,1446720
2009,304,Oleksiy Pecherov,C,Washington Wizards,1446720
2009,305,Quincy Douby,SG,Toronto Raptors,1427040
2009,306,Drew Gooden,PF,San Antonio Spurs,1410441
2009,307,JaVale McGee,C,Washington Wizards,1392240
2009,308,Javaris Crittenton,PG,Washington Wizards,1381560
2009,309,Renaldo Balkman,SF,Denver Nuggets,1369920
2009,310,JJ Hickson,C,Cleveland Cavaliers,1329480
2009,311,Jason Smith,F,New Orleans Pelicans,1326360
2009,312,Calvin Booth,C,Sacramento Kings,1319651
2009,313,Rajon Rondo,PG,Boston Celtics,1315080
2009,314,Malik Allen,PF,Milwaukee Bucks,1300000
2009,315,Alexis Ajinca,C,Charlotte Bobcats,1276320
2009,316,Daequan Cook,SG,Miami Heat,1273200
2009,317,Marcus Williams,PG,Golden State Warriors,1262520
2009,318,Brian Skinner,PF,LA Clippers,1262275
2009,319,Jacque Vaughn,PG,San Antonio Spurs,1262275
2009,320,Roko-Leni Ukic,PG,Toronto Raptors,1250000
2009,321,Ryan Anderson,PF,New Jersey Nets,1225200
2009,322,Jared Dudley,SF,Phoenix Suns,1222320
2009,323,Josh Boone,C,New Jersey Nets,1212120
2009,324,Joe Smith,PF,Cleveland Cavaliers,1200000
2009,325,Ronnie Price,PG,Utah Jazz,1188000
2009,326,Kosta Koufos,C,Utah Jazz,1176240
2009,327,Courtney Lee,G,Orlando Magic,1176240
2009,328,Wilson Chandler,F,New York Knicks,1173480
2009,329,Kyle Lowry,G,Houston Rockets,1163520
2009,330,Morris Almond,SG,Utah Jazz,1081440
2009,331,Ime Udoka,F,San Antonio Spurs,1080000
2009,332,Jordan Farmar,PG,Los Angeles Lakers,1080000
2009,333,Aaron Brooks,G,Houston Rockets,1045560
2009,334,Maurice Ager,SF,New Jersey Nets,1042440
2009,335,Nicolas Batum,F,Portland Trail Blazers,1040640
2009,336,Mardy Collins,PG,LA Clippers,1034760
2009,337,Arron Afflalo,G,Detroit Pistons,1015440
2009,338,George Hill,PG,San Antonio Spurs,1006200
2009,339,Alando Tucker,SF,Phoenix Suns,1001880
2009,340,Loren Woods,C,Houston Rockets,998581
2009,341,Melvin Ely,C,New Orleans Hornets,998398
2009,342,Devin Brown,SG,New Orleans Hornets,998398
2009,343,Darrell Arthur,F,Memphis Grizzlies,977160
2009,344,Ryan Hollins,C,Dallas Mavericks,972581
2009,345,Chris Quinn,PG,Miami Heat,972581
2009,346,D.J. White,PF,Oklahoma City Thunder,964080
2009,347,J.R. Giddens,SG,Boston Celtics,957120
2009,348,Chris Richard,PF,Chicago Bulls,886517
2009,349,Didier Ilunga-Mbenga,C,Los Angeles Lakers,880658
2009,350,Yakhouba Diawara,SG,Miami Heat,875000
2009,351,Royal Ivey,PG,Philadelphia 76ers,854957
2009,352,Josh Powell,PF,Los Angeles Lakers,854957
2009,353,Shaun Livingston,G,Oklahoma City Thunder,854957
2009,354,Ian Mahinmi,C,Washington Wizards,841000
2009,355,Stephen Graham,SF,Indiana Pacers,826269
2009,356,Salim Stoudamire,SG,Atlanta Hawks,826269
2009,357,Brandon Bass,PF,Dallas Mavericks,826269
2009,358,Joey Dorsey,PF,Houston Rockets,816500
2009,359,Kyrylo Fesenko,C,Utah Jazz,810000
2009,360,Donte Greene,SF,Sacramento Kings,809300
2009,361,Kyle Weaver,SG,Oklahoma City Thunder,806452
2009,362,Patrick O'Bryant,C,Toronto Raptors,797581
2009,363,Sean Marks,PF,New Orleans Hornets,797581
2009,364,Leon Powe,PF,Boston Celtics,797581
2009,365,Luke Jackson,SF,Miami Heat,797581
2009,366,Jason Williams,PG,Orlando Magic,797581
2009,367,Jamaal Magloire,C,Miami Heat,797581
2009,368,Paul Davis,C,LA Clippers,797581
2009,369,James Singleton,F,Dallas Mavericks,797581
2009,370,Mike Wilks,PG,Oklahoma City Thunder,797581
2009,371,Michael Ruffin,PF,Portland Trail Blazers,797581
2009,372,Kevin Ollie,PG,Minnesota Timberwolves,797581
2009,373,Ryan Bowen,SF,New Orleans Hornets,797581
2009,374,Desmon Farmer,SG,San Antonio Spurs,797581
2009,375,DerMarr Johnson,SF,San Antonio Spurs,797581
2009,376,Austin Croshere,PF,San Antonio Spurs,797581
2009,377,Dan Dickau,PG,LA Clippers,797581
2009,378,Paul Millsap,PF,Utah Jazz,797581
2009,379,Donyell Marshall,PF,Philadelphia 76ers,797581
2009,380,Von Wafer,SG,Houston Rockets,797581
2009,381,Linton Johnson,PF,Chicago Bulls,797581
2009,382,Adonal Foyle,C,Memphis Grizzlies,797581
2009,383,Lou Amundson,PF,Phoenix Suns,797581
2009,384,Quinton Ross,SF,Memphis Grizzlies,797581
2009,385,Devin Green,SG,Los Angeles Lakers,797581
2009,386,John Lucas III,PG,Minnesota Timberwolves,797581
2009,387,Steve Novak,SF,LA Clippers,797581
2009,388,Shannon Brown,PG,Los Angeles Lakers,797581
2009,389,Andre Brown,PF,Charlotte Bobcats,797581
2009,390,Theo Ratliff,C,Philadelphia 76ers,797581
2009,391,Anthony Roberson,SG,Chicago Bulls,797581
2009,392,Kareem Rush,SG,Philadelphia 76ers,797581
2009,393,Keith McLeod,PG,Golden State Warriors,797581
2009,394,David Harrison,C,Indiana Pacers,797581
2009,395,Gerald Green,G,Dallas Mavericks,797581
2009,396,Tarence Kinsey,SG,Cleveland Cavaliers,797581
2009,397,Matt Barnes,SF,Phoenix Suns,797581
2009,398,Bobby Jones,SF,Denver Nuggets,797581
2009,399,Shavlik Randolph,PF,Portland Trail Blazers,797581
2009,400,Anthony Carter,PG,Denver Nuggets,797581
2009,401,Dahntay Jones,SG,Denver Nuggets,797581
2009,402,Chris Andersen,PF,Denver Nuggets,797581
2009,403,Lorenzen Wright,PF,Cleveland Cavaliers,797581
2009,404,Solomon Jones,PF,Atlanta Hawks,797581
2009,405,Sam Cassell,PG,Boston Celtics,797581
2009,406,Randolph Morris,C,Atlanta Hawks,797581
2009,407,Juan Dixon,SG,Washington Wizards,797581
2009,408,Luc Mbah a Moute,F,Milwaukee Bucks,757000
2009,409,Ramon Sessions,G,Milwaukee Bucks,722517
2009,410,Lindsey Hunter,SG,Chicago Bulls,722515
2009,411,Jamario Moon,SF,Miami Heat,711517
2009,412,Thomas Gardner,SG,Atlanta Hawks,711517
2009,413,Hassan Adams,SF,Toronto Raptors,711517
2009,414,Dominic McGuire,PF,Washington Wizards,711517
2009,415,Demetris Nichols,SF,New York Knicks,711517
2009,416,Mike Harris,SF,Utah Jazz,711517
2009,417,Darryl Watkins,C,New Orleans Pelicans,711517
2009,418,Will Solomon,PG,Sacramento Kings,711517
2009,419,Coby Karl,PG,Denver Nuggets,711517
2009,420,C.J. Watson,PG,Golden State Warriors,711517
2009,421,Cheikh Samb,C,New York Knicks,711517
2009,422,Mario West,SG,Atlanta Hawks,711517
2009,423,Glen Davis,PF,Boston Celtics,711517
2009,424,JamesOn Curry,PG,LA Clippers,711517
2009,425,Alex Acker,G,LA Clippers,711517
2009,426,Marcin Gortat,C,Orlando Magic,711517
2009,427,Lance Allred,C,Cleveland Cavaliers,711517
2009,428,Aaron Gray,C,Chicago Bulls,711517
2009,429,Taurean Green,PG,Denver Nuggets,711517
2009,430,Josh McRoberts,PF,Indiana Pacers,711517
2009,431,Dee Brown,PG,Phoenix Suns,711517
2009,432,Anthony Tolliver,PF,San Antonio Spurs,711517
2009,433,D.J. Strawberry,SG,Phoenix Suns,711517
2009,434,Gabe Pruitt,PG,Boston Celtics,711517
2009,435,Stephane Lasme,PF,Golden State Warriors,711517
2009,436,Will Bynum,PG,Detroit Pistons,711517
2009,437,Mario Chalmers,G,Miami Heat,700000
2009,438,Dwayne Jones II,PF,Charlotte Bobcats,670906
2009,439,Blake Ahearn,G,San Antonio Spurs,631995
2009,440,Antonio McDyess,PF,Detroit Pistons,600532
2009,441,Jeremy Richardson,SG,Orlando Magic,591148
2009,442,Juwan Howard,PF,Charlotte Bobcats,586457
2009,443,Jake Voskuhl,C,Toronto Raptors,577073
2009,444,DeAndre Jordan,C,LA Clippers,550000
2009,445,Henry Walker,SF,Boston Celtics,542114
2009,446,Dikembe Mutombo,C,Houston Rockets,502007
2009,447,Mike Taylor,PG,LA Clippers,500000
2009,448,Fred Jones,SG,LA Clippers,459782
2009,449,Darius Miles,SF,Memphis Grizzlies,450399
2009,450,Darnell Jackson,PF,Cleveland Cavaliers,450000
2009,451,Taj McCullough,NA,null Unknown,442114
2009,452,Brandon Heath,SG,Sacramento Kings,442114
2009,453,Joe Crawford,SG,New York Knicks,442114
2009,454,Steven Hill,C,Oklahoma City Thunder,442114
2009,455,Anthony Morrow,SG,Golden State Warriors,442114
2009,456,Sonny Weems,SG,Denver Nuggets,442114
2009,457,Sean Singletary,PG,Charlotte Bobcats,442114
2009,458,Sun Yue,SG,Los Angeles Lakers,442114
2009,459,Nathan Jawai,C,Toronto Raptors,442114
2009,460,Walter Sharpe,PF,Detroit Pistons,442114
2009,461,Jason Richards,NA,null Unknown,442114
2009,462,David Padgett,NA,null Unknown,442114
2009,463,C.J. Giles,NA,null Unknown,442114
2009,464,Dwayne Mitchell,NA,null Unknown,442114
2009,465,Bobby Brown,PG,Minnesota Timberwolves,442114
2009,466,Dion Dowell,NA,null Unknown,442114
2009,467,Richard Hendrix,NA,null Unknown,442114
2009,468,DeMarcus Nelson,SG,Golden State Warriors,442114
2009,469,Patrick Ewing Jr.,SF,New Orleans Pelicans,442114
2009,470,Chris Douglas-Roberts,SG,New Jersey Nets,442114
2009,471,Rob Kurz,SF,Golden State Warriors,442114
2009,472,Othello Hunter,SF,Atlanta Hawks,442114
2009,473,Jamaal Tatum,NA,null Unknown,442114
2009,474,Jermareo Davidson,PF,Golden State Warriors,422725
2009,475,Malik Hairston,SG,San Antonio Spurs,299077
2009,476,Stromile Swift,PF,Phoenix Suns,201741
2009,477,James White,SG,Houston Rockets,184157
2009,478,Dontell Jefferson,SG,Charlotte Bobcats,93624
2009,479,Cartier Martin,PF,Charlotte Bobcats,52014
2009,480,Trey Johnson,SG,Cleveland Cavaliers,46917
2009,481,Eddie Gill,PG,Milwaukee Bucks,46917
2010,1,Kobe Bryant,SF,Los Angeles Lakers,23034375
2010,2,Jermaine O'Neal,C,Miami Heat,23016000
2010,3,Tracy McGrady,SG,New York Knicks,22843124
2010,4,Tim Duncan,C,San Antonio Spurs,22183220
2010,5,Shaquille O'Neal,C,Cleveland Cavaliers,21000000
2010,6,Dirk Nowitzki,F,Dallas Mavericks,19795714
2010,7,Paul Pierce,SF,Boston Celtics,19795712
2010,8,Ray Allen,SG,Boston Celtics,18776860
2010,9,Rashard Lewis,PF,Orlando Magic,18010791
2010,10,Michael Redd,SG,Milwaukee Bucks,17040000
2010,11,Pau Gasol,PF,Los Angeles Lakers,16452000
2010,12,Andrei Kirilenko,SF,Utah Jazz,16452000
2010,13,Kevin Garnett,PF,Boston Celtics,16417044
2010,14,Amar'e Stoudemire,C,Phoenix Suns,16378325
2010,15,Yao Ming,C,Houston Rockets,16378325
2010,16,Gilbert Arenas,PG,Washington Wizards,16192080
2010,17,Vince Carter,G,Orlando Magic,16123250
2010,18,Zach Randolph,F,Memphis Grizzlies,16000000
2010,19,Kenyon Martin,F,Denver Nuggets,15852511
2010,20,Dwyane Wade,G,Miami Heat,15779912
2010,21,Chris Bosh,PF,Toronto Raptors,15779912
2010,22,Carmelo Anthony,PF,Denver Nuggets,15779912
2010,23,LeBron James,F,Cleveland Cavaliers,15779912
2010,24,Dwight Howard,C,Orlando Magic,15202590
2010,25,Joe Johnson,G,Atlanta Hawks,14976754
2010,26,Elton Brand,PF,Philadelphia 76ers,14858472
2010,27,Richard Jefferson,F,San Antonio Spurs,14200000
2010,28,Chris Paul,G,New Orleans Hornets,13520500
2010,29,Deron Williams,PG,Utah Jazz,13520500
2010,30,Peja Stojakovic,SF,New Orleans Hornets,13392000
2010,31,Jason Richardson,SG,Phoenix Suns,13333332
2010,32,Steve Nash,PG,Phoenix Suns,13125000
2010,33,Tony Parker,G,San Antonio Spurs,12600000
2010,34,Andrew Bynum,C,Los Angeles Lakers,12500000
2010,35,Carlos Boozer,PF,Utah Jazz,12323900
2010,36,Brad Miller,C,Chicago Bulls,12250000
2010,37,Andre Iguodala,F,Philadelphia 76ers,12200000
2010,38,Erick Dampier,C,Dallas Mavericks,12115500
2010,39,Baron Davis,PG,LA Clippers,12100000
2010,40,Chauncey Billups,PG,Denver Nuggets,12100000
2010,41,Samuel Dalembert,C,Philadelphia 76ers,12025694
2010,42,Al Jefferson,C,Minnesota Timberwolves,12000000
2010,43,Tyson Chandler,C,Charlotte Bobcats,11700000
2010,44,Antawn Jamison,PF,Cleveland Cavaliers,11641095
2010,45,Richard Hamilton,SG,Detroit Pistons,11375000
2010,46,Bobby Simmons,SF,New Jersey Nets,11242666
2010,47,Troy Murphy,PF,Indiana Pacers,11047619
2010,48,Monta Ellis,SG,Golden State Warriors,11000000
2010,49,Josh Howard,SF,Washington Wizards,10890000
2010,50,Josh Smith,PF,Atlanta Hawks,10800000
2010,51,Emeka Okafor,C,New Orleans Hornets,10797500
2010,52,Manu Ginobili,G,San Antonio Spurs,10728130
2010,53,Nene Hilario,C,Denver Nuggets,10520000
2010,54,Eddy Curry,NA,New York Knicks,10500423
2010,55,Chris Kaman,C,LA Clippers,10400000
2010,56,Luol Deng,F,Chicago Bulls,10365000
2010,57,Tayshaun Prince,SF,Detroit Pistons,10324380
2010,58,Danny Granger,SF,Indiana Pacers,10130500
2010,59,Al Harrington,PF,New York Knicks,10026875
2010,60,Andrew Bogut,C,Milwaukee Bucks,10000000
2010,61,Ben Gordon,SG,Detroit Pistons,10000000
2010,62,Mike Dunleavy,SG,Indiana Pacers,9780992
2010,63,Caron Butler,SF,Dallas Mavericks,9780970
2010,64,Mike Miller,SG,Washington Wizards,9780937
2010,65,Kevin Martin,SG,Houston Rockets,9680170
2010,66,Gerald Wallace,SF,Charlotte Bobcats,9500000
2010,67,Cuttino Mobley,SG,LA Clippers,9500000
2010,68,Kirk Hinrich,SG,Chicago Bulls,9500000
2010,69,Jamal Crawford,G,Atlanta Hawks,9360000
2010,70,Marcus Camby,C,Portland Trail Blazers,9150000
2010,71,Jason Terry,G,Dallas Mavericks,9075000
2010,72,David West,F,New Orleans Hornets,9075000
2010,73,Andris Biedrins,C,Golden State Warriors,9000000
2010,74,Boris Diaw,C,Charlotte Bobcats,9000000
2010,75,Mehmet Okur,C,Utah Jazz,9000000
2010,76,Hedo Turkoglu,SF,Toronto Raptors,9000000
2010,77,Corey Maggette,SF,Golden State Warriors,8937931
2010,78,Mo Williams,PG,Cleveland Cavaliers,8860000
2010,79,Kenny Thomas,PF,Sacramento Kings,8775000
2010,80,Quentin Richardson,SF,Miami Heat,8700000
2010,81,T.J. Ford,PG,Indiana Pacers,8500000
2010,82,Devin Harris,G,New Jersey Nets,8400000
2010,83,Jose Calderon,G,Toronto Raptors,8219009
2010,84,Jason Kidd,G,Dallas Mavericks,8100000
2010,85,Jameer Nelson,G,Orlando Magic,8100000
2010,86,Mark Blount,C,Miami Heat,7967375
2010,87,Etan Thomas,C,Oklahoma City Thunder,7906088
2010,88,Paul Millsap,PF,Utah Jazz,7692932
2010,89,Stephen Jackson,SF,Charlotte Bobcats,7650000
2010,90,Darko Milicic,C,Minnesota Timberwolves,7540000
2010,91,Andres Nocioni,SF,Sacramento Kings,7500000
2010,92,Lamar Odom,PF,Los Angeles Lakers,7500000
2010,93,Marvin Williams,F,Atlanta Hawks,7500000
2010,94,Marko Jaric,PG,Brooklyn Nets,7100000
2010,95,Udonis Haslem,PF,Miami Heat,7100000
2010,96,David Lee,PF,New York Knicks,7000000
2010,97,Shane Battier,SF,Houston Rockets,6939200
2010,98,Joel Przybilla,C,Portland Trail Blazers,6857725
2010,99,Dan Gadzuric,C,Milwaukee Bucks,6749260
2010,100,Andre Miller,PG,Portland Trail Blazers,6730800
2010,101,Shawn Marion,SG,Dallas Mavericks,6635068
2010,102,Tony Battie,C,New Jersey Nets,6606600
2010,103,Leandro Barbosa,G,Phoenix Suns,6600000
2010,104,Antonio Daniels,PG,Philadelphia 76ers,6600000
2010,105,Jerome James,C,Chicago Bulls,6600000
2010,106,Andrea Bargnani,C,Toronto Raptors,6527491
2010,107,Luke Ridnour,PG,Milwaukee Bucks,6500000
2010,108,Charlie Villanueva,PF,Detroit Pistons,6500000
2010,109,Nazr Mohammed,C,Charlotte Bobcats,6466600
2010,110,Jared Jeffries,PF,Houston Rockets,6466600
2010,111,Mike James,PG,Washington Wizards,6466600
2010,112,Vladimir Radmanovic,SF,Golden State Warriors,6466600
2010,113,John Salmons,SF,Milwaukee Bucks,6429151
2010,114,Anderson Varejao,C,Cleveland Cavaliers,6363636
2010,115,Nick Collison,F,Oklahoma City Thunder,6250000
2010,116,Mike Bibby,PG,Atlanta Hawks,6217617
2010,117,Jason Kapono,SG,Philadelphia 76ers,6212960
2010,118,JR Smith,G,Denver Nuggets,6171426
2010,119,Jeff Foster,PF,Indiana Pacers,6077500
2010,120,Chris Duhon,PG,New York Knicks,6031800
2010,121,James Posey,SF,New Orleans Hornets,6031800
2010,122,Beno Udrih,PG,Sacramento Kings,6031800
2010,123,DeSagana Diop,C,Charlotte Bobcats,6031800
2010,124,Brendan Haywood,C,Dallas Mavericks,6000000
2010,125,Rasheed Wallace,PF,Boston Celtics,5854000
2010,126,Trevor Ariza,SF,Houston Rockets,5854000
2010,127,Metta World Peace,SF,Los Angeles Lakers,5854000
2010,128,Marcin Gortat,C,Orlando Magic,5854000
2010,129,LaMarcus Aldridge,C,Portland Trail Blazers,5844827
2010,130,Morris Peterson,SG,New Orleans Hornets,5800000
2010,131,Francisco Garcia,SG,Sacramento Kings,5800000
2010,132,Raymond Felton,G,Charlotte Bobcats,5501196
2010,133,Greg Oden,C,Portland Trail Blazers,5361240
2010,134,Mickael Pietrus,SF,Orlando Magic,5300000
2010,135,Adam Morrison,SF,Los Angeles Lakers,5257229
2010,136,Raja Bell,SG,Golden State Warriors,5250000
2010,137,Speedy Claxton,PG,Atlanta Hawks,5209454
2010,138,Derrick Rose,PG,Chicago Bulls,5184480
2010,139,Kyle Korver,G,Utah Jazz,5163636
2010,140,Nenad Krstic,C,Oklahoma City Thunder,5160832
2010,141,Derek Fisher,PG,Los Angeles Lakers,5048000
2010,142,Jason Maxiell,PF,Detroit Pistons,5000000
2010,143,Sasha Vujacic,SG,Los Angeles Lakers,5000000
2010,144,Nate Robinson,PG,Boston Celtics,5000000
2010,145,Jarrett Jack,G,Toronto Raptors,5000000
2010,146,Blake Griffin,PF,Boston Celtics,4983480
2010,147,Lou Williams,SG,Philadelphia 76ers,4972500
2010,148,Reggie Evans,C,Toronto Raptors,4960000
2010,149,Luke Walton,SF,Los Angeles Lakers,4840000
2010,150,Kevin Durant,F,Oklahoma City Thunder,4796880
2010,151,Zaza Pachulia,C,Atlanta Hawks,4750000
2010,152,Tyrus Thomas,PF,Charlotte Bobcats,4743598
2010,153,Matt Carroll,SG,Dallas Mavericks,4700000
2010,154,Michael Beasley,F,Miami Heat,4638600
2010,155,Drew Gooden,PF,LA Clippers,4580735
2010,156,Marcus Banks,PG,Toronto Raptors,4553793
2010,157,Darius Songaila,PF,New Orleans Hornets,4526000
2010,158,Antonio McDyess,PF,San Antonio Spurs,4500000
2010,159,Kendrick Perkins,C,Boston Celtics,4500000
2010,160,Hasheem Thabeet,C,Memphis Grizzlies,4458840
2010,161,Trenton Hassell,SF,New Jersey Nets,4350000
2010,162,Martell Webster,SF,Portland Trail Blazers,4344000
2010,163,James Jones,SG,Miami Heat,4330000
2010,164,Al Horford,C,Atlanta Hawks,4307640
2010,165,Delonte West,SG,Cleveland Cavaliers,4254250
2010,166,O.J. Mayo,SG,Memphis Grizzlies,4165560
2010,167,Ronny Turiaf,C,Golden State Warriors,4140000
2010,168,Bruce Bowen,SF,San Antonio Spurs,4100000
2010,169,Daniel Gibson,SG,Cleveland Cavaliers,4088500
2010,170,Greg Buckner,SG,Memphis Grizzlies,4080915
2010,171,James Harden,G,Oklahoma City Thunder,4004160
2010,172,Kwame Brown,C,Detroit Pistons,4000000
2010,173,Brandon Bass,PF,Orlando Magic,4000000
2010,174,Steve Blake,PG,LA Clippers,4000000
2010,175,Rasual Butler,SF,LA Clippers,3945000
2010,176,Amir Johnson,F,Toronto Raptors,3941667
2010,177,Brandon Roy,SG,Portland Trail Blazers,3910816
2010,178,Ryan Gomes,SF,Minnesota Timberwolves,3892500
2010,179,DeShawn Stevenson,SG,Dallas Mavericks,3883929
2010,180,Mike Conley,G,Memphis Grizzlies,3883800
2010,181,Kurt Thomas,PF,Milwaukee Bucks,3800000
2010,182,Roger Mason Jr.,SG,San Antonio Spurs,3780000
2010,183,Russell Westbrook,G,Oklahoma City Thunder,3755640
2010,184,CJ Miles,G,Utah Jazz,3700000
2010,185,Steven Hunter,C,Memphis Grizzlies,3696000
2010,186,Willie Green,SG,Philadelphia 76ers,3682000
2010,187,Ramon Sessions,G,Minnesota Timberwolves,3670667
2010,188,Chris Andersen,PF,Denver Nuggets,3650000
2010,189,Damien Wilkins,SG,Minnesota Timberwolves,3630000
2010,190,Tyreke Evans,G,Sacramento Kings,3610080
2010,191,Charlie Bell,SG,Milwaukee Bucks,3602960
2010,192,Travis Outlaw,SF,LA Clippers,3600000
2010,193,Randy Foye,SG,Washington Wizards,3575761
2010,194,Keyon Dooling,PG,New Jersey Nets,3564000
2010,195,Jeff Green,F,Oklahoma City Thunder,3516960
2010,196,Carlos Delfino,SG,Milwaukee Bucks,3500000
2010,197,Brian Cook,PF,Houston Rockets,3500000
2010,198,Brian Scalabrine,PF,Boston Celtics,3413793
2010,199,Kevin Love,F,Minnesota Timberwolves,3401040
2010,200,Marc Gasol,C,Memphis Grizzlies,3333333
2010,201,Luis Scola,F,Houston Rockets,3284667
2010,202,Rudy Gay,SF,Memphis Grizzlies,3280997
2010,203,Matt Bonner,C,San Antonio Spurs,3256500
2010,204,Yi Jianlian,SF,New Jersey Nets,3194400
2010,205,Kelenna Azubuike,SF,Golden State Warriors,3100000
2010,206,Danilo Gallinari,PF,New York Knicks,3089040
2010,207,Glen Davis,PF,Boston Celtics,3000004
2010,208,Jamario Moon,SF,Cleveland Cavaliers,3000000
2010,209,Eduardo Najera,PF,Dallas Mavericks,3000000
2010,210,Carl Landry,PF,Sacramento Kings,3000000
2010,211,Hakim Warrick,PF,Chicago Bulls,3000000
2010,212,Andray Blatche,C,Washington Wizards,3000000
2010,213,Grant Hill,SF,Phoenix Suns,3000000
2010,214,Chris Wilcox,PF,Detroit Pistons,3000000
2010,215,Jonny Flynn,PG,Minnesota Timberwolves,2969280
2010,216,Corey Brewer,F,Minnesota Timberwolves,2916120
2010,217,Kris Humphries,PF,New Jersey Nets,2900000
2010,218,Dorell Wright,SF,Miami Heat,2887165
2010,219,Eddie House,SG,New York Knicks,2862000
2010,220,Mark Madsen,PF,Minnesota Timberwolves,2840000
2010,221,JJ Redick,SG,Orlando Magic,2839408
2010,222,Eric Gordon,G,LA Clippers,2819880
2010,223,Hilton Armstrong,PF,Houston Rockets,2801198
2010,224,Earl Watson,PG,Indiana Pacers,2800000
2010,225,Thabo Sefolosha,F,Oklahoma City Thunder,2759628
2010,226,Ronnie Brewer,SF,Memphis Grizzlies,2717161
2010,227,Stephen Curry,G,Golden State Warriors,2710560
2010,228,Brandan Wright,F,Houston Rockets,2671440
2010,229,Anthony Parker,SG,Cleveland Cavaliers,2644231
2010,230,Joe Alexander,SF,Chicago Bulls,2583360
2010,231,Maurice Evans,SG,Atlanta Hawks,2500000
2010,232,Sebastian Telfair,PG,Cleveland Cavaliers,2500000
2010,233,Dahntay Jones,SG,Indiana Pacers,2500000
2010,234,Tony Allen,SG,Boston Celtics,2500000
2010,235,Michael Finley,G,Boston Celtics,2500000
2010,236,Jordan Hill,C,Houston Rockets,2483280
2010,237,Joakim Noah,C,Chicago Bulls,2455680
2010,238,Shawne Williams,SF,Minnesota Timberwolves,2416067
2010,239,Ricky Davis,SG,LA Clippers,2400000
2010,240,D.J. Augustin,G,Charlotte Bobcats,2374680
2010,241,Spencer Hawes,PF,Sacramento Kings,2332800
2010,242,David Andersen,C,Houston Rockets,2314815
2010,243,Craig Smith,PF,LA Clippers,2300000
2010,244,DeMar DeRozan,G,Toronto Raptors,2282640
2010,245,Brook Lopez,C,New Jersey Nets,2255880
2010,246,Acie Law,PG,Chicago Bulls,2216160
2010,247,Ryan Hollins,C,Minnesota Timberwolves,2183333
2010,248,Brandon Jennings,G,Milwaukee Bucks,2168520
2010,249,Chuck Hayes,PF,Houston Rockets,2147750
2010,250,Jerryd Bayless,G,Portland Trail Blazers,2143080
2010,251,Renaldo Balkman,SF,Denver Nuggets,2112417
2010,252,Thaddeus Young,F,Philadelphia 76ers,2105400
2010,253,Ersan Ilyasova,PF,Milwaukee Bucks,2100000
2010,254,Rajon Rondo,PG,Boston Celtics,2094923
2010,255,Anthony Johnson,PG,Orlando Magic,2062800
2010,256,Jarvis Hayes,SF,New Jersey Nets,2062800
2010,257,Brent Barry,SG,Houston Rockets,2062800
2010,258,Terrence Williams,SG,New Jersey Nets,2060040
2010,259,Josh Boone,C,New Jersey Nets,2056968
2010,260,Jason Thompson,PF,Sacramento Kings,2035920
2010,261,Kyle Lowry,G,Houston Rockets,2034996
2010,262,Julian Wright,SF,New Orleans Hornets,2000040
2010,263,Jannero Pargo,PG,Chicago Bulls,1990000
2010,264,Ronald Murray,SG,Chicago Bulls,1990000
2010,265,Rasho Nesterovic,C,Toronto Raptors,1990000
2010,266,Fabricio Oberto,C,Washington Wizards,1990000
2010,267,Marquis Daniels,SG,Boston Celtics,1990000
2010,268,Shannon Brown,PG,Los Angeles Lakers,1990000
2010,269,Channing Frye,F,Phoenix Suns,1990000
2010,270,Gerald Henderson,SG,Charlotte Bobcats,1957080
2010,271,Jordan Farmar,PG,Los Angeles Lakers,1947240
2010,272,Al Thornton,SF,Washington Wizards,1900200
2010,273,Mardy Collins,PG,LA Clippers,1867742
2010,274,Tyler Hansbrough,PF,Indiana Pacers,1859160
2010,275,Anthony Randolph,SF,Golden State Warriors,1837560
2010,276,Goran Dragic,PG,Phoenix Suns,1836000
2010,277,Rodney Stuckey,PG,Detroit Pistons,1805040
2010,278,Antoine Wright,SF,Toronto Raptors,1800000
2010,279,Earl Clark,SF,Phoenix Suns,1766280
2010,280,Robin Lopez,C,Phoenix Suns,1745520
2010,281,Nick Young,G,Washington Wizards,1714800
2010,282,Francisco Elson,C,Philadelphia 76ers,1700000
2010,283,Austin Daye,SF,Detroit Pistons,1677840
2010,284,Marreese Speights,F,Philadelphia 76ers,1658280
2010,285,J.J. Barea,G,Dallas Mavericks,1657500
2010,286,Sean Williams,PF,New Jersey Nets,1629120
2010,287,Hamed Ehaddadi,C,Memphis Grizzlies,1627779
2010,288,Solomon Jones,PF,Indiana Pacers,1620000
2010,289,Matt Barnes,SF,Orlando Magic,1600000
2010,290,Devean George,SF,Golden State Warriors,1600000
2010,291,James Johnson,PF,Chicago Bulls,1594080
2010,292,Roy Hibbert,C,Indiana Pacers,1575360
2010,293,Marco Belinelli,G,Toronto Raptors,1547640
2010,294,Oleksiy Pecherov,C,Minnesota Timberwolves,1547640
2010,295,Jrue Holiday,G,Philadelphia 76ers,1514280
2010,296,Sasha Pavlovic,SG,Minnesota Timberwolves,1500000
2010,297,JaVale McGee,C,Washington Wizards,1496640
2010,298,Javaris Crittenton,PG,Washington Wizards,1477920
2010,299,Ty Lawson,G,Denver Nuggets,1438680
2010,300,JJ Hickson,C,Cleveland Cavaliers,1429200
2010,301,Jason Smith,F,Philadelphia 76ers,1418880
2010,302,Jeff Teague,PG,Atlanta Hawks,1373880
2010,303,Alexis Ajinca,C,Charlotte Bobcats,1372080
2010,304,Daequan Cook,SG,Miami Heat,1362120
2010,305,Roko-Leni Ukic,PG,Milwaukee Bucks,1350000
2010,306,Eric Maynor,PG,Oklahoma City Thunder,1318920
2010,307,Ryan Anderson,PF,Orlando Magic,1317120
2010,308,Jared Dudley,SF,Phoenix Suns,1307640
2010,309,Malik Allen,PF,Denver Nuggets,1300000
2010,310,Darren Collison,PG,New Orleans Hornets,1266120
2010,311,Courtney Lee,G,New Jersey Nets,1264440
2010,312,Wilson Chandler,F,New York Knicks,1255440
2010,313,Ronnie Price,PG,Utah Jazz,1250000
2010,314,Kosta Koufos,C,Utah Jazz,1214040
2010,315,Omri Casspi,F,Sacramento Kings,1167000
2010,316,Byron Mullens,C,Oklahoma City Thunder,1120200
2010,317,Serge Ibaka,F,Oklahoma City Thunder,1120200
2010,318,Nicolas Batum,F,Portland Trail Blazers,1118760
2010,319,Aaron Brooks,G,Houston Rockets,1118520
2010,320,Devin Brown,SG,Chicago Bulls,1107572
2010,321,Arron Afflalo,G,Denver Nuggets,1086240
2010,322,George Hill,PG,San Antonio Spurs,1081680
2010,323,Rodrigue Beaubois,PG,Dallas Mavericks,1075440
2010,324,Alando Tucker,SF,Minnesota Timberwolves,1071720
2010,325,Darrell Arthur,F,Memphis Grizzlies,1050480
2010,326,Chris Quinn,PG,New Jersey Nets,1050387
2010,327,Royal Ivey,PG,Milwaukee Bucks,1050000
2010,328,Taj Gibson,F,Chicago Bulls,1039800
2010,329,D.J. White,PF,Oklahoma City Thunder,1036440
2010,330,Quinton Ross,SF,Washington Wizards,1033342
2010,331,Steve Novak,SF,LA Clippers,1031000
2010,332,James Singleton,F,Washington Wizards,1030189
2010,333,J.R. Giddens,SG,New York Knicks,1028880
2010,334,DeMarre Carroll,F,Memphis Grizzlies,1009680
2010,335,Wayne Ellington,SG,Minnesota Timberwolves,1003560
2010,336,C.J. Watson,PG,Golden State Warriors,1000497
2010,337,Aaron Gray,C,New Orleans Hornets,1000497
2010,338,Toney Douglas,PG,New York Knicks,996240
2010,339,Ian Mahinmi,C,San Antonio Spurs,989670
2010,340,Didier Ilunga-Mbenga,C,Los Angeles Lakers,959111
2010,341,Josh Powell,PF,Los Angeles Lakers,959111
2010,342,Yakhouba Diawara,SG,Miami Heat,945000
2010,343,Zydrunas Ilgauskas,C,Cleveland Cavaliers,925000
2010,344,Salim Stoudamire,SG,Atlanta Hawks,884881
2010,345,Kyle Weaver,SG,Oklahoma City Thunder,870968
2010,346,Kyrylo Fesenko,C,Utah Jazz,870000
2010,347,Donte Greene,SF,Sacramento Kings,870000
2010,348,Patrick O'Bryant,C,Toronto Raptors,855189
2010,349,Leon Powe,PF,Cleveland Cavaliers,855189
2010,350,Quincy Douby,SG,Sacramento Kings,855189
2010,351,Marcus Haislip,F,San Antonio Spurs,855189
2010,352,Lou Amundson,PF,Phoenix Suns,855189
2010,353,Mouhamed Sene,C,New York Knicks,855189
2010,354,Anthony Roberson,SG,Chicago Bulls,855189
2010,355,Tarence Kinsey,SG,Golden State Warriors,855189
2010,356,Randolph Morris,C,Atlanta Hawks,855189
2010,357,DeJuan Blair,C,San Antonio Spurs,850000
2010,358,Sean Marks,PF,New Orleans Hornets,825497
2010,359,Jason Williams,PG,Orlando Magic,825497
2010,360,Brian Skinner,PF,LA Clippers,825497
2010,361,Jamaal Magloire,C,Miami Heat,825497
2010,362,Paul Davis,C,Washington Wizards,825497
2010,363,Dominic McGuire,PF,Sacramento Kings,825497
2010,364,Kevin Ollie,PG,Oklahoma City Thunder,825497
2010,365,Ryan Bowen,SF,Oklahoma City Thunder,825497
2010,366,Marcus Williams,PG,Memphis Grizzlies,825497
2010,367,Luther Head,PG,Indiana Pacers,825497
2010,368,Desmond Mason,SF,Sacramento Kings,825497
2010,369,Jarron Collins,C,Phoenix Suns,825497
2010,370,Chucky Atkins,PG,Detroit Pistons,825497
2010,371,Keith Bogans,SG,San Antonio Spurs,825497
2010,372,Mikki Moore,C,Golden State Warriors,825497
2010,373,Linton Johnson,PF,Chicago Bulls,825497
2010,374,Adonal Foyle,C,Orlando Magic,825497
2010,375,James White,SG,New York Knicks,825497
2010,376,Ike Diogu,PF,New York Knicks,825497
2010,377,Jason Collins,C,Atlanta Hawks,825497
2010,378,Shelden Williams,C,Boston Celtics,825497
2010,379,Jason Hart,PG,New Orleans Hornets,825497
2010,380,Stephen Graham,SF,Charlotte Bobcats,825497
2010,381,Primoz Brezec,C,Milwaukee Bucks,825497
2010,382,Juwan Howard,PF,Portland Trail Blazers,825497
2010,383,Joe Smith,PF,Atlanta Hawks,825497
2010,384,Theo Ratliff,C,Charlotte Bobcats,825497
2010,385,Kareem Rush,SG,LA Clippers,825497
2010,386,Jermareo Davidson,PF,Golden State Warriors,825497
2010,387,Ben Wallace,PF,Detroit Pistons,825497
2010,389,Pops Mensah-Bonsu,PF,Toronto Raptors,825497
2010,390,Anthony Carter,PG,Denver Nuggets,825497
2010,391,Josh McRoberts,PF,Indiana Pacers,825497
2010,392,Tim Thomas,PF,Dallas Mavericks,825497
2010,393,Joey Graham,SF,Denver Nuggets,825497
2010,394,Lindsey Hunter,SG,Chicago Bulls,825497
2010,395,Rodney Carney,SG,Philadelphia 76ers,825497
2010,396,Gabe Pruitt,PG,Boston Celtics,825497
2010,397,Carlos Arroyo,PG,Miami Heat,825497
2010,398,Will Bynum,PG,Detroit Pistons,825497
2010,399,Johan Petro,C,Denver Nuggets,825497
2010,400,Sean May,C,Sacramento Kings,825479
2010,401,Sam Young,SF,Memphis Grizzlies,824200
2010,402,Ime Udoka,F,Sacramento Kings,786650
2010,403,Mario Chalmers,G,Miami Heat,756000
2010,404,Earl Boykins,PG,Washington Wizards,752659
2010,405,Jamaal Tinsley,PG,Memphis Grizzlies,738091
2010,406,Dontell Jefferson,SG,Charlotte Hornets,736420
2010,407,Mike Taylor,PG,LA Clippers,736420
2010,408,Malik Hairston,SG,San Antonio Spurs,736420
2010,409,Joe Crawford,SG,New York Knicks,736420
2010,410,Anthony Morrow,SG,Golden State Warriors,736420
2010,411,Sonny Weems,SG,Toronto Raptors,736420
2010,412,Sun Yue,SG,Los Angeles Lakers,736420
2010,413,Nathan Jawai,C,Minnesota Timberwolves,736420
2010,414,Walter Sharpe,PF,Detroit Pistons,736420
2010,415,Henry Walker,SF,New York Knicks,736420
2010,416,Darnell Jackson,PF,Milwaukee Bucks,736420
2010,417,Bobby Brown,PG,LA Clippers,736420
2010,418,Luc Mbah a Moute,F,Milwaukee Bucks,736420
2010,419,DeAndre Jordan,C,LA Clippers,736420
2010,420,Jawad Williams,SF,Cleveland Cavaliers,736420
2010,421,DeMarcus Nelson,SG,Chicago Bulls,736420
2010,422,Chris Douglas-Roberts,SG,New Jersey Nets,736420
2010,423,Othello Hunter,SF,Atlanta Hawks,736420
2010,424,Chase Budinger,SF,Houston Rockets,725000
2010,425,Jermaine Taylor,SG,Houston Rockets,725000
2010,426,Mike Wilks,PG,Oklahoma City Thunder,679821
2010,427,Allen Iverson,SG,Philadelphia 76ers,650686
2010,428,Jodie Meeks,G,Philadelphia 76ers,650000
2010,429,Chris Hunter,C,Golden State Warriors,632455
2010,430,Jonathan Bender,SF,New York Knicks,597271
2010,431,Rafer Alston,PG,Miami Heat,475875
2010,432,Derrick Byars,SF,Memphis Grizzlies,457588
2010,433,Trey Gilder,SF,Memphis Grizzlies,457588
2010,434,Dante Cunningham,F,Portland Trail Blazers,457588
2010,435,Derrick Brown,SF,Charlotte Bobcats,457588
2010,436,A.J. Price,PG,Indiana Pacers,457588
2010,437,Taylor Griffin,PF,Phoenix Suns,457588
2010,438,Danny Green,F,Cleveland Cavaliers,457588
2010,439,DaJuan Summers,SF,Detroit Pistons,457588
2010,440,Marcus Thornton,SG,New Orleans Hornets,457588
2010,441,Marcus Landry,SF,Boston Celtics,457588
2010,442,Patty Mills,PG,Portland Trail Blazers,457588
2010,443,Jeff Ayres,F,Portland Trail Blazers,457588
2010,444,Lester Hudson,SG,Memphis Grizzlies,457588
2010,445,Jon Brockman,PF,Sacramento Kings,457588
2010,446,Jonas Jerebko,F,Detroit Pistons,457588
2010,447,Deron Washington,NA,null Unknown,457588
2010,448,Wesley Matthews,SG,Utah Jazz,457588
2010,449,Mario West,SG,Atlanta Hawks,451595
2010,450,Anthony Tolliver,PF,Golden State Warriors,427316
2010,451,Jerry Stackhouse,SF,Milwaukee Bucks,422460
2010,452,Sundiata Gaines,PG,Utah Jazz,269169
2010,453,Shaun Livingston,G,Washington Wizards,228226
2010,454,Travis Diener,PG,Portland Trail Blazers,208802
2010,455,Chris Richard,PF,Chicago Bulls,186271
2010,456,Larry Hughes,SG,Charlotte Bobcats,160244
2010,457,Reggie Williams,SF,Golden State Warriors,118435
2010,458,Othyus Jeffers,SG,Utah Jazz,113051
2010,459,Brian Cardinal,PF,Minnesota Timberwolves,111685
2010,460,Mike Harris,SF,Washington Wizards,95301
2010,461,Garrett Temple,G,San Antonio Spurs,88826
2010,462,Kenny Hasbrouck,NA,null Unknown,75476
2010,463,Cartier Martin,PF,Washington Wizards,69310
2010,464,Earl Barron,C,New York Knicks,63127
2010,465,Curtis Jerrells,NA,null Unknown,59217
2010,466,Dwayne Jones II,PF,Phoenix Suns,48559
2010,467,Joey Dorsey,PF,Sacramento Kings,47651
2010,468,Alonzo Gee,SF,Washington Wizards,45759
2010,469,Shavlik Randolph,PF,Portland Trail Blazers,43703
2010,470,Mustafa Shakur,PG,Oklahoma City Thunder,40375
2010,471,Cedric Jackson,G,Washington Wizards,40375
2010,472,Alexander Johnson,SF,Miami Heat,29135
2010,473,Rob Kurz,SF,Boston Celtics,25991
2010,474,Coby Karl,PG,Golden State Warriors,17328
2010,475,Brian Butch,C,Utah Jazz,10767
2010,476,Greg Stiemsma,C,Portland Trail Blazers,5383
2010,477,Tony Gaffney,SF,Memphis Grizzlies,2692
2010,478,Oliver Lafayette,G,Boston Celtics,2692
2011,1,Kobe Bryant,SF,Los Angeles Lakers,24806250
2011,2,Rashard Lewis,PF,Washington Wizards,19573711
2011,3,Tim Duncan,C,San Antonio Spurs,18835381
2011,4,Kevin Garnett,PF,Boston Celtics,18832044
2011,5,Michael Redd,SG,Milwaukee Bucks,18300000
2011,6,Pau Gasol,PF,Los Angeles Lakers,17823000
2011,7,Andrei Kirilenko,SF,Utah Jazz,17823000
2011,8,Gilbert Arenas,PG,Orlando Magic,17730694
2011,9,Yao Ming,C,Houston Rockets,17686100
2011,10,Zach Randolph,F,Memphis Grizzlies,17666666
2011,11,Vince Carter,G,Phoenix Suns,17522375
2011,12,Dirk Nowitzki,F,Dallas Mavericks,17278618
2011,13,Carmelo Anthony,PF,New York Knicks,17149243
2011,14,Dwight Howard,C,Orlando Magic,16647180
2011,15,Kenyon Martin,F,Denver Nuggets,16545454
2011,16,Amar'e Stoudemire,C,New York Knicks,16486611
2011,17,Joe Johnson,G,Atlanta Hawks,16324500
2011,18,Elton Brand,PF,Philadelphia 76ers,15959099
2011,19,Chris Paul,G,New Orleans Hornets,14940153
2011,20,Deron Williams,PG,New Jersey Nets,14940153
2011,21,Chris Bosh,PF,Miami Heat,14500000
2011,22,LeBron James,F,Miami Heat,14500000
2011,23,Jason Richardson,SG,Orlando Magic,14444443
2011,24,Carlos Boozer,PF,Chicago Bulls,14400000
2011,25,Dwyane Wade,G,Miami Heat,14200000
2011,26,Baron Davis,PG,Cleveland Cavaliers,14000000
2011,27,Paul Pierce,SF,Boston Celtics,13876321
2011,28,Andrew Bynum,C,Los Angeles Lakers,13700000
2011,29,Brandon Roy,SG,Portland Trail Blazers,13603750
2011,30,Rudy Gay,SF,Memphis Grizzlies,13603750
2011,31,Tony Parker,G,San Antonio Spurs,13500000
2011,32,Samuel Dalembert,C,Sacramento Kings,13428129
2011,33,Antawn Jamison,PF,Cleveland Cavaliers,13358905
2011,34,Nick Collison,F,Oklahoma City Thunder,13270000
2011,35,Chauncey Billups,PG,New York Knicks,13150000
2011,36,Al Jefferson,C,Utah Jazz,13000000
2011,37,Tyson Chandler,C,Dallas Mavericks,12600000
2011,38,Richard Hamilton,SG,Detroit Pistons,12500000
2011,39,Andre Iguodala,F,Philadelphia 76ers,12345250
2011,40,Manu Ginobili,G,San Antonio Spurs,11854584
2011,41,Chris Kaman,C,LA Clippers,11800000
2011,42,Marcus Camby,C,Portland Trail Blazers,11749832
2011,43,Josh Smith,PF,Atlanta Hawks,11700000
2011,44,Eddy Curry,NA,Dallas Mavericks,11530592
2011,45,Emeka Okafor,C,New Orleans Hornets,11495000
2011,46,Nene Hilario,C,Denver Nuggets,11360000
2011,47,Luol Deng,F,Chicago Bulls,11345000
2011,48,LaMarcus Aldridge,C,Portland Trail Blazers,11244000
2011,49,Tayshaun Prince,SF,Detroit Pistons,11148760
2011,50,Monta Ellis,SG,Golden State Warriors,11000000
2011,51,Andrew Bogut,C,Milwaukee Bucks,11000000
2011,52,Danny Granger,SF,Indiana Pacers,10973202
2011,53,David Lee,PF,Golden State Warriors,10800000
2011,54,Jamal Crawford,G,Atlanta Hawks,10800000
2011,55,Ben Gordon,SG,Detroit Pistons,10800000
2011,56,Kevin Martin,SG,Houston Rockets,10600005
2011,57,Mike Dunleavy,SG,Indiana Pacers,10561984
2011,58,Caron Butler,SF,Dallas Mavericks,10561960
2011,59,Gerald Wallace,SF,Portland Trail Blazers,10500000
2011,60,Steve Nash,PG,Phoenix Suns,10310938
2011,61,Hedo Turkoglu,SF,Orlando Magic,10215850
2011,62,Ray Allen,SG,Boston Celtics,10000000
2011,63,Mehmet Okur,C,Utah Jazz,9945000
2011,64,Jason Terry,G,Dallas Mavericks,9873000
2011,65,Corey Maggette,SF,Milwaukee Bucks,9600000
2011,66,Cuttino Mobley,SG,LA Clippers,9500000
2011,67,Mo Williams,PG,LA Clippers,9300000
2011,68,Kirk Hinrich,SG,Atlanta Hawks,9100000
2011,69,Rajon Rondo,PG,Boston Celtics,9090911
2011,70,Andris Biedrins,C,Golden State Warriors,9000000
2011,71,Boris Diaw,C,Charlotte Bobcats,9000000
2011,72,Jose Calderon,G,Toronto Raptors,9000000
2011,73,Devin Harris,G,Utah Jazz,8981000
2011,74,Jason Kidd,G,Dallas Mavericks,8610500
2011,75,Andrea Bargnani,C,Toronto Raptors,8500000
2011,76,T.J. Ford,PG,Indiana Pacers,8500000
2011,77,Stephen Jackson,SF,Charlotte Bobcats,8453250
2011,78,Richard Jefferson,F,San Antonio Spurs,8400000
2011,79,David West,F,New Orleans Hornets,8287500
2011,80,Lamar Odom,PF,Los Angeles Lakers,8200000
2011,81,John Salmons,SF,Milwaukee Bucks,8000000
2011,82,Mark Blount,C,Miami Heat,7967375
2011,83,Jameer Nelson,G,Orlando Magic,7800000
2011,84,Luis Scola,F,Houston Rockets,7775378
2011,85,Joel Przybilla,C,Charlotte Bobcats,7725470
2011,86,Paul Millsap,PF,Utah Jazz,7600000
2011,87,Shane Battier,SF,Memphis Grizzlies,7354500
2011,88,Anderson Varejao,C,Cleveland Cavaliers,7281818
2011,89,Andre Miller,PG,Portland Trail Blazers,7269264
2011,90,Marvin Williams,F,Atlanta Hawks,7262500
2011,91,JJ Redick,SG,Orlando Magic,7250000
2011,92,Dan Gadzuric,C,New Jersey Nets,7248325
2011,93,James Posey,SF,Indiana Pacers,7148800
2011,94,Leandro Barbosa,G,Toronto Raptors,7100000
2011,95,Marko Jaric,PG,Brooklyn Nets,7100000
2011,96,Shawn Marion,SG,Dallas Mavericks,7055500
2011,97,Charlie Villanueva,PF,Detroit Pistons,7020000
2011,98,Raymond Felton,G,Denver Nuggets,7000000
2011,99,Travis Outlaw,SF,New Jersey Nets,7000000
2011,100,Brendan Haywood,C,Dallas Mavericks,6900000
2011,101,Nazr Mohammed,C,Oklahoma City Thunder,6883800
2011,102,Vladimir Radmanovic,SF,Golden State Warriors,6883800
2011,103,Andres Nocioni,SF,Philadelphia 76ers,6850000
2011,104,Greg Oden,C,Miami Heat,6760524
2011,105,JR Smith,G,Denver Nuggets,6757851
2011,106,Kendrick Perkins,C,Oklahoma City Thunder,6696720
2011,107,Morris Peterson,SG,Oklahoma City Thunder,6665000
2011,108,Jeff Foster,PF,Indiana Pacers,6655000
2011,109,Jason Kapono,SG,Philadelphia 76ers,6641440
2011,110,Tyrus Thomas,PF,Charlotte Bobcats,6611570
2011,111,Jerome James,C,Chicago Bulls,6600000
2011,112,Josh Childress,F,Phoenix Suns,6500000
2011,113,Beno Udrih,PG,Sacramento Kings,6478600
2011,114,DeSagana Diop,C,Charlotte Bobcats,6478600
2011,115,Mike James,PG,Chicago Bulls,6466600
2011,116,Rasheed Wallace,PF,New York Knicks,6322320
2011,117,Trevor Ariza,SF,New Orleans Hornets,6322320
2011,118,Metta World Peace,SF,Los Angeles Lakers,6322320
2011,119,Marcin Gortat,C,Phoenix Suns,6322320
2011,120,Kevin Durant,F,Oklahoma City Thunder,6053663
2011,121,Andray Blatche,C,Washington Wizards,5904152
2011,122,Drew Gooden,PF,Milwaukee Bucks,5765000
2011,123,Al Harrington,PF,Denver Nuggets,5765000
2011,124,Jermaine O'Neal,C,Boston Celtics,5765000
2011,125,Wesley Matthews,SG,Portland Trail Blazers,5765000
2011,126,Kyle Lowry,G,Houston Rockets,5750000
2011,127,Derrick Rose,PG,Chicago Bulls,5546160
2011,128,Nenad Krstic,C,Boston Celtics,5543116
2011,129,Francisco Garcia,SG,Sacramento Kings,5500000
2011,130,Sasha Vujacic,SG,New Jersey Nets,5475113
2011,131,Al Horford,C,Atlanta Hawks,5444857
2011,132,Blake Griffin,PF,LA Clippers,5357280
2011,133,Mickael Pietrus,SF,Phoenix Suns,5300000
2011,134,Luke Walton,SF,Los Angeles Lakers,5260000
2011,135,Speedy Claxton,PG,Atlanta Hawks,5209454
2011,136,Channing Frye,F,Phoenix Suns,5200000
2011,137,John Wall,PG,Washington Wizards,5144280
2011,138,Reggie Evans,C,Toronto Raptors,5080000
2011,139,Jason Maxiell,PF,Detroit Pistons,5000000
2011,140,Amir Johnson,F,Toronto Raptors,5000000
2011,141,Kyle Korver,G,Chicago Bulls,5000000
2011,142,Mike Miller,SG,Miami Heat,5000000
2011,143,Lou Williams,SG,Philadelphia 76ers,5000000
2011,144,Linas Kleiza,SF,Toronto Raptors,4995000
2011,145,Michael Beasley,F,Minnesota Timberwolves,4962240
2011,146,Mike Conley,G,Memphis Grizzlies,4913077
2011,147,Antonio McDyess,PF,San Antonio Spurs,4860000
2011,148,Marcus Banks,PG,Toronto Raptors,4847586
2011,149,Darius Songaila,PF,Philadelphia 76ers,4818000
2011,150,Martell Webster,SF,Minnesota Timberwolves,4800000
2011,151,Hasheem Thabeet,C,Houston Rockets,4793280
2011,152,Ronnie Brewer,SF,Chicago Bulls,4790000
2011,153,Evan Turner,G,Philadelphia 76ers,4602720
2011,154,Jarrett Jack,G,New Orleans Hornets,4600000
2011,155,Chris Andersen,PF,Denver Nuggets,4533300
2011,156,O.J. Mayo,SG,Memphis Grizzlies,4456200
2011,157,Jeff Green,F,Boston Celtics,4455988
2011,158,Charlie Bell,SG,Golden State Warriors,4447792
2011,159,Brad Miller,C,Houston Rockets,4400000
2011,160,Darko Milicic,C,Minnesota Timberwolves,4325000
2011,161,James Harden,G,Oklahoma City Thunder,4304520
2011,162,Matt Carroll,SG,Charlotte Bobcats,4300000
2011,163,Nikola Pekovic,C,Minnesota Timberwolves,4275000
2011,164,Zaza Pachulia,C,Atlanta Hawks,4251250
2011,165,Hakim Warrick,PF,Phoenix Suns,4250000
2011,166,Randy Foye,SG,LA Clippers,4250000
2011,167,Nate Robinson,PG,Oklahoma City Thunder,4200000
2011,168,DeShawn Stevenson,SG,Dallas Mavericks,4151786
2011,169,Derrick Favors,F,Utah Jazz,4133280
2011,170,Bruce Bowen,SF,San Antonio Spurs,4100000
2011,171,Greg Buckner,SG,Memphis Grizzlies,4080915
2011,172,Yi Jianlian,SF,Washington Wizards,4050499
2011,173,Russell Westbrook,G,Oklahoma City Thunder,4017720
2011,174,Daniel Gibson,SG,Cleveland Cavaliers,4015334
2011,175,Luke Ridnour,PG,Minnesota Timberwolves,4000000
2011,176,Anthony Morrow,SG,New Jersey Nets,4000000
2011,177,Ronny Turiaf,C,New York Knicks,4000000
2011,178,Brandon Bass,PF,Orlando Magic,4000000
2011,179,Steve Blake,PG,Los Angeles Lakers,4000000
2011,180,Ryan Gomes,SF,LA Clippers,4000000
2011,181,Willie Green,SG,New Orleans Hornets,3976000
2011,182,Ramon Sessions,G,Cleveland Cavaliers,3964320
2011,183,Tyreke Evans,G,Sacramento Kings,3880920
2011,184,Corey Brewer,F,Dallas Mavericks,3875000
2011,185,Jordan Farmar,PG,New Jersey Nets,3750000
2011,186,Wesley Johnson,F,Minnesota Timberwolves,3726600
2011,187,Derek Fisher,PG,Los Angeles Lakers,3700000
2011,188,CJ Miles,G,Utah Jazz,3700000
2011,189,Kevin Love,F,Minnesota Timberwolves,3638280
2011,190,C.J. Watson,PG,Chicago Bulls,3600000
2011,191,Marc Gasol,C,Memphis Grizzlies,3573333
2011,192,Timofey Mozgov,C,Denver Nuggets,3567096
2011,193,Dorell Wright,SF,Golden State Warriors,3540000
2011,194,Udonis Haslem,PF,Miami Heat,3500000
2011,195,Chris Duhon,PG,Orlando Magic,3500000
2011,196,Carlos Delfino,SG,Milwaukee Bucks,3500000
2011,197,Shaun Livingston,G,Charlotte Bobcats,3500000
2011,198,Tiago Splitter,C,San Antonio Spurs,3400000
2011,199,Brandan Wright,F,New Jersey Nets,3398072
2011,200,DeMarcus Cousins,C,Sacramento Kings,3374640
2011,201,Danilo Gallinari,PF,Denver Nuggets,3304560
2011,202,Kelenna Azubuike,SF,Cleveland Cavaliers,3300000
2011,203,Thabo Sefolosha,F,Oklahoma City Thunder,3250000
2011,204,Will Bynum,PG,Detroit Pistons,3250000
2011,205,Johan Petro,C,New Jersey Nets,3250000
2011,206,Grant Hill,SF,Phoenix Suns,3240000
2011,207,Kris Humphries,PF,New Jersey Nets,3200000
2011,208,Jonny Flynn,PG,Minnesota Timberwolves,3192000
2011,209,Joakim Noah,C,Chicago Bulls,3128536
2011,210,Ekpe Udoh,F,Golden State Warriors,3065040
2011,211,Matt Bonner,C,San Antonio Spurs,3050000
2011,212,Eric Gordon,G,LA Clippers,3016680
2011,213,Glen Davis,PF,Boston Celtics,3000004
2011,214,Jamario Moon,SF,LA Clippers,3000000
2011,215,Eduardo Najera,PF,Charlotte Bobcats,3000000
2011,216,Raja Bell,SG,Utah Jazz,3000000
2011,217,Josh Howard,SF,Washington Wizards,3000000
2011,218,Carl Landry,PF,New Orleans Hornets,3000000
2011,219,Tony Allen,SG,Memphis Grizzlies,3000000
2011,220,Chris Wilcox,PF,Detroit Pistons,3000000
2011,221,Spencer Hawes,PF,Philadelphia 76ers,2974320
2011,222,Stephen Curry,G,Golden State Warriors,2913840
2011,223,Thaddeus Young,F,Philadelphia 76ers,2901241
2011,224,Julian Wright,SF,Toronto Raptors,2858057
2011,225,Anthony Parker,SG,Cleveland Cavaliers,2855769
2011,226,Mark Madsen,PF,Minnesota Timberwolves,2840000
2011,227,Greg Monroe,C,Detroit Pistons,2798040
2011,228,Rodney Stuckey,PG,Detroit Pistons,2767126
2011,229,Sebastian Telfair,PG,Minnesota Timberwolves,2700000
2011,230,Jordan Hill,C,Houston Rockets,2669520
2011,231,Nick Young,G,Washington Wizards,2630503
2011,232,Al-Farouq Aminu,SF,LA Clippers,2563320
2011,233,D.J. Augustin,G,Charlotte Bobcats,2540000
2011,234,Maurice Evans,SG,Washington Wizards,2500000
2011,235,Dahntay Jones,SG,Indiana Pacers,2500000
2011,236,David Andersen,C,New Orleans Hornets,2500000
2011,237,DeMar DeRozan,G,Toronto Raptors,2453880
2011,238,Brook Lopez,C,New Jersey Nets,2413320
2011,239,Ricky Davis,SG,LA Clippers,2400000
2011,240,Marquis Daniels,SG,Boston Celtics,2388000
2011,241,Marco Belinelli,G,New Orleans Hornets,2380270
2011,242,Gordon Hayward,SF,Utah Jazz,2356320
2011,243,Ryan Hollins,C,Cleveland Cavaliers,2333333
2011,244,Brandon Jennings,G,Milwaukee Bucks,2331120
2011,245,Ersan Ilyasova,PF,Milwaukee Bucks,2320500
2011,246,Craig Smith,PF,LA Clippers,2300000
2011,247,Jerryd Bayless,G,Toronto Raptors,2292600
2011,248,Quentin Richardson,SF,Orlando Magic,2265000
2011,249,Paul George,F,Indiana Pacers,2238360
2011,250,Lou Amundson,PF,Golden State Warriors,2225000
2011,251,Terrence Williams,SG,Houston Rockets,2214480
2011,252,Anthony Tolliver,PF,Minnesota Timberwolves,2200000
2011,253,Jason Smith,F,New Orleans Hornets,2187913
2011,254,Jason Thompson,PF,Sacramento Kings,2178000
2011,255,Daequan Cook,SG,Oklahoma City Thunder,2169857
2011,256,Jared Dudley,SF,Phoenix Suns,2151068
2011,257,Shannon Brown,PG,Los Angeles Lakers,2149200
2011,258,Wilson Chandler,F,Denver Nuggets,2130482
2011,259,Cole Aldrich,C,Oklahoma City Thunder,2126520
2011,260,Gerald Henderson,SG,Charlotte Bobcats,2103840
2011,261,Keyon Dooling,PG,Milwaukee Bucks,2080000
2011,262,Ben Wallace,PF,Detroit Pistons,2080000
2011,263,Anthony Johnson,PG,Orlando Magic,2062800
2011,264,Brent Barry,SG,Houston Rockets,2062800
2011,265,Xavier Henry,SG,Memphis Grizzlies,2020200
2011,266,Aaron Brooks,G,Phoenix Suns,2016692
2011,267,Tyler Hansbrough,PF,Indiana Pacers,1998600
2011,268,Rasho Nesterovic,C,Toronto Raptors,1990000
2011,269,Chuck Hayes,PF,Houston Rockets,1972500
2011,270,Goran Dragic,PG,Houston Rockets,1972000
2011,271,Anthony Randolph,SF,Minnesota Timberwolves,1965720
2011,272,Arron Afflalo,G,Denver Nuggets,1959577
2011,273,Ed Davis,C,Toronto Raptors,1919160
2011,274,Earl Clark,SF,Orlando Magic,1898760
2011,275,Robin Lopez,C,Phoenix Suns,1867320
2011,276,Patrick Patterson,PF,Houston Rockets,1823280
2011,277,Dikembe Mutombo,C,Houston Rockets,1823280
2011,278,J.J. Barea,G,Dallas Mavericks,1815000
2011,279,Austin Daye,SF,Detroit Pistons,1803720
2011,280,Kurt Thomas,PF,Chicago Bulls,1800000
2011,281,Marreese Speights,F,Philadelphia 76ers,1773960
2011,282,Matt Barnes,SF,Los Angeles Lakers,1765000
2011,283,Larry Sanders,PF,Milwaukee Bucks,1731960
2011,284,Omer Asik,C,Chicago Bulls,1721000
2011,285,James Johnson,PF,Toronto Raptors,1713600
2011,286,Roy Hibbert,C,Indiana Pacers,1685280
2011,287,Renaldo Balkman,SF,New York Knicks,1675000
2011,288,Luke Babbitt,F,Portland Trail Blazers,1645440
2011,289,Sean Williams,PF,Boston Celtics,1629120
2011,290,Jrue Holiday,G,Philadelphia 76ers,1627920
2011,291,JaVale McGee,C,Washington Wizards,1601040
2011,292,Hamed Ehaddadi,C,Memphis Grizzlies,1600000
2011,293,Keith Bogans,SG,Chicago Bulls,1600000
2011,294,Kevin Seraphin,C,Washington Wizards,1563120
2011,295,Ty Lawson,G,Denver Nuggets,1546560
2011,296,JJ Hickson,C,Cleveland Cavaliers,1528920
2011,297,Solomon Jones,PF,Indiana Pacers,1500000
2011,298,Eric Bledsoe,SG,LA Clippers,1485000
2011,299,Jeff Teague,PG,Atlanta Hawks,1476840
2011,300,Alexis Ajinca,C,Toronto Raptors,1467840
2011,301,Avery Bradley,PG,Boston Celtics,1418160
2011,302,Eric Maynor,PG,Oklahoma City Thunder,1417800
2011,303,Ryan Anderson,PF,Orlando Magic,1409040
2011,304,Roger Mason Jr.,SG,New York Knicks,1400000
2011,305,Ronnie Price,PG,Utah Jazz,1381250
2011,306,James Anderson,SG,San Antonio Spurs,1361400
2011,307,Darren Collison,PG,Indiana Pacers,1361040
2011,308,Courtney Lee,G,Houston Rockets,1352640
2011,309,Zydrunas Ilgauskas,C,Miami Heat,1352181
2011,310,Eddie House,SG,Miami Heat,1352181
2011,311,Shaquille O'Neal,C,Boston Celtics,1352181
2011,312,Roko-Leni Ukic,PG,Milwaukee Bucks,1350000
2011,313,Craig Brackins,PF,Philadelphia 76ers,1306920
2011,314,Kosta Koufos,C,Denver Nuggets,1298640
2011,315,Elliot Williams,SG,Golden State Warriors,1254720
2011,316,Omri Casspi,F,Sacramento Kings,1254480
2011,317,Trevor Booker,F,Washington Wizards,1204560
2011,318,Byron Mullens,C,Oklahoma City Thunder,1204200
2011,319,Serge Ibaka,F,Oklahoma City Thunder,1204200
2011,320,Royal Ivey,PG,Oklahoma City Thunder,1200000
2011,321,Nicolas Batum,F,Portland Trail Blazers,1196760
2011,322,Damion James,SF,New Jersey Nets,1156320
2011,323,Rodrigue Beaubois,PG,Dallas Mavericks,1156080
2011,324,Brian Cook,PF,LA Clippers,1146337
2011,325,James Jones,SG,Miami Heat,1146337
2011,326,Darrell Arthur,F,Memphis Grizzlies,1123680
2011,327,Taj Gibson,F,Chicago Bulls,1117680
2011,328,Dominique Jones,SG,Dallas Mavericks,1110120
2011,329,D.J. White,PF,Charlotte Bobcats,1108680
2011,330,Kyrylo Fesenko,C,Utah Jazz,1087500
2011,331,DeMarre Carroll,F,Houston Rockets,1085400
2011,332,Wayne Ellington,SG,Minnesota Timberwolves,1078800
2011,333,Quincy Pondexter,F,New Orleans Hornets,1073280
2011,334,Alando Tucker,SF,Minnesota Timberwolves,1071720
2011,335,Toney Douglas,PG,New York Knicks,1071000
2011,336,Jordan Crawford,G,Washington Wizards,1042320
2011,337,Greivis Vasquez,PG,Memphis Grizzlies,1035960
2011,338,Quinton Ross,SF,New Jersey Nets,1033342
2011,339,James Singleton,F,Washington Wizards,1030189
2011,340,Jawad Williams,SF,Cleveland Cavaliers,1029389
2011,341,Aaron Gray,C,New Orleans Hornets,1028840
2011,342,Daniel Orton,C,Washington Wizards,1028400
2011,343,Christian Eyenga,SF,Cleveland Cavaliers,1020960
2011,344,Lazar Hayward,SF,Minnesota Timberwolves,1020960
2011,345,Jon Brockman,PF,Milwaukee Bucks,1000000
2011,346,Stephen Graham,SF,New Jersey Nets,992680
2011,347,Shavlik Randolph,PF,Denver Nuggets,992680
2011,348,Joey Graham,SF,Cleveland Cavaliers,992680
2011,349,Patty Mills,PG,Portland Trail Blazers,937195
2011,350,Donte Greene,SF,Sacramento Kings,930700
2011,351,DeJuan Blair,C,San Antonio Spurs,918000
2011,352,Sam Young,SF,Memphis Grizzlies,886000
2011,353,Ian Mahinmi,C,Dallas Mavericks,885120
2011,354,Alexander Johnson,SF,Miami Heat,885120
2011,355,Pops Mensah-Bonsu,PF,New Orleans Hornets,885120
2011,356,Josh McRoberts,PF,Indiana Pacers,885120
2011,357,Salim Stoudamire,SG,Atlanta Hawks,884881
2011,358,Quincy Douby,SG,Sacramento Kings,855189
2011,359,Marcus Haislip,F,San Antonio Spurs,855189
2011,360,Mouhamed Sene,C,New York Knicks,855189
2011,361,Anthony Roberson,SG,Chicago Bulls,855189
2011,362,Tarence Kinsey,SG,Golden State Warriors,855189
2011,363,Javaris Crittenton,PG,Washington Wizards,854389
2011,364,Darius Miles,SF,Memphis Grizzlies,854389
2011,365,Kyle Weaver,SG,Utah Jazz,854389
2011,366,Luke Jackson,SF,Miami Heat,854389
2011,367,Kenny Thomas,PF,Sacramento Kings,854389
2011,368,Jamaal Magloire,C,Miami Heat,854389
2011,369,Melvin Ely,C,Denver Nuggets,854389
2011,370,Mike Harris,SF,Houston Rockets,854389
2011,371,Dwayne Jones II,PF,Utah Jazz,854389
2011,372,Malik Hairston,SG,San Antonio Spurs,854389
2011,373,Tracy McGrady,SG,Detroit Pistons,854389
2011,374,Antoine Wright,SF,Sacramento Kings,854389
2011,375,Sean May,C,Sacramento Kings,854389
2011,376,Luther Head,PG,Sacramento Kings,854389
2011,377,Coby Karl,PG,Denver Nuggets,854389
2011,378,Fabricio Oberto,C,Portland Trail Blazers,854389
2011,379,Earl Watson,PG,Utah Jazz,854389
2011,380,Sonny Weems,SG,Toronto Raptors,854389
2011,381,Kwame Brown,C,Charlotte Bobcats,854389
2011,382,Francisco Elson,C,Utah Jazz,854389
2011,383,Tony Battie,C,Philadelphia 76ers,854389
2011,384,Von Wafer,SG,Boston Celtics,854389
2011,385,Malik Allen,PF,Orlando Magic,854389
2011,386,Didier Ilunga-Mbenga,C,New Orleans Hornets,854389
2011,387,Jason Collins,C,Atlanta Hawks,854389
2011,388,Jerry Stackhouse,SF,Miami Heat,854389
2011,389,Shelden Williams,C,New York Knicks,854389
2011,390,Shawne Williams,SF,New York Knicks,854389
2011,391,Maurice Ager,SF,Minnesota Timberwolves,854389
2011,392,Josh Powell,PF,Atlanta Hawks,854389
2011,393,Henry Walker,SF,New York Knicks,854389
2011,394,Mario Chalmers,G,Miami Heat,854389
2011,395,Juwan Howard,PF,Miami Heat,854389
2011,396,Joe Smith,PF,Los Angeles Lakers,854389
2011,397,Theo Ratliff,C,Los Angeles Lakers,854389
2011,398,Bobby Simmons,SF,San Antonio Spurs,854389
2011,399,Darnell Jackson,PF,Sacramento Kings,854389
2011,400,George Hill,PG,San Antonio Spurs,854389
2011,401,Luc Mbah a Moute,F,Milwaukee Bucks,854389
2011,402,Earl Boykins,PG,Milwaukee Bucks,854389
2011,403,Joe Alexander,SF,Golden State Warriors,854389
2011,404,Hilton Armstrong,PF,Atlanta Hawks,854389
2011,405,Cartier Martin,PF,Washington Wizards,854389
2011,406,DeAndre Jordan,C,LA Clippers,854389
2011,407,Joey Dorsey,PF,Toronto Raptors,854389
2011,408,Anthony Carter,PG,New York Knicks,854389
2011,409,Delonte West,SG,Boston Celtics,854389
2011,410,Tim Thomas,PF,Dallas Mavericks,854389
2011,411,Brian Cardinal,PF,Dallas Mavericks,854389
2011,412,Chris Richard,PF,Chicago Bulls,854389
2011,413,Brian Scalabrine,PF,Chicago Bulls,854389
2011,414,Chris Douglas-Roberts,SG,Milwaukee Bucks,854389
2011,415,D.J. Strawberry,SG,Phoenix Suns,854389
2011,416,Etan Thomas,C,Atlanta Hawks,854389
2011,417,Paul Davis,C,Washington Wizards,825497
2011,418,Kevin Ollie,PG,Oklahoma City Thunder,825497
2011,419,Ryan Bowen,SF,Oklahoma City Thunder,825497
2011,420,Desmond Mason,SF,Sacramento Kings,825497
2011,421,Mikki Moore,C,Golden State Warriors,825497
2011,422,Linton Johnson,PF,Chicago Bulls,825497
2011,423,James White,SG,New York Knicks,825497
2011,424,Jason Hart,PG,New Orleans Pelicans,825497
2011,425,Kareem Rush,SG,LA Clippers,825497
2011,426,Jermareo Davidson,PF,Golden State Warriors,825497
2011,427,Marcus Williams,SG,Denver Nuggets,825497
2011,428,Lindsey Hunter,SG,Phoenix Suns,825497
2011,429,Gabe Pruitt,PG,Boston Celtics,825497
2011,430,Chris Quinn,PG,San Antonio Spurs,804131
2011,431,Sean Marks,PF,Portland Trail Blazers,799105
2011,432,Chase Budinger,SF,Houston Rockets,780871
2011,433,Jermaine Taylor,SG,Sacramento Kings,780871
2011,434,Tony Gaffney,SF,Memphis Grizzlies,762195
2011,435,Jodie Meeks,G,Philadelphia 76ers,762195
2011,436,Brian Butch,C,Utah Jazz,762195
2011,437,Dante Cunningham,F,Charlotte Bobcats,762195
2011,438,Derrick Brown,SF,New York Knicks,762195
2011,439,Darryl Watkins,C,New Orleans Pelicans,762195
2011,440,Greg Stiemsma,C,Portland Trail Blazers,762195
2011,441,A.J. Price,PG,Indiana Pacers,762195
2011,442,Taylor Griffin,PF,Phoenix Suns,762195
2011,443,DaJuan Summers,SF,Detroit Pistons,762195
2011,444,Marcus Thornton,SG,Sacramento Kings,762195
2011,445,Kenny Hasbrouck,NA,null Unknown,762195
2011,446,Jeff Ayres,F,LA Clippers,762195
2011,447,Jonas Jerebko,F,Golden State Warriors,762195
2011,448,Reggie Williams,SF,Golden State Warriors,762195
2011,449,Curtis Jerrells,NA,null Unknown,762195
2011,450,Oliver Lafayette,G,Milan Olimpia,762195
2011,451,Lance Stephenson,G,Indiana Pacers,750000
2011,452,Dontell Jefferson,SG,Charlotte Hornets,736420
2011,453,Mike Taylor,PG,LA Clippers,736420
2011,454,Joe Crawford,SG,New York Knicks,736420
2011,455,Sun Yue,SG,Los Angeles Lakers,736420
2011,456,Walter Sharpe,PF,Detroit Pistons,736420
2011,457,DeMarcus Nelson,SG,Chicago Bulls,736420
2011,458,Othello Hunter,SF,Madrid Real Madrid,736420
2011,459,Hassan Whiteside,C,Sacramento Kings,730437
2011,460,Erick Dampier,C,Miami Heat,713666
2011,461,Ime Udoka,F,San Antonio Spurs,708640
2011,462,Mike Wilks,PG,Oklahoma City Thunder,679821
2011,463,Solomon Alabi,C,Toronto Raptors,670000
2011,464,Brian Skinner,PF,Milwaukee Bucks,668434
2011,465,Allen Iverson,SG,Philadelphia 76ers,650686
2011,466,Alonzo Gee,SF,Cleveland Cavaliers,641141
2011,467,Acie Law,PG,Golden State Warriors,633253
2011,468,Andy Rautins,SG,New York Knicks,600000
2011,469,Ike Diogu,PF,LA Clippers,567917
2011,470,Gary Neal,PG,San Antonio Spurs,525000
2011,471,Jason Williams,PG,Memphis Grizzlies,524964
2011,472,Lester Hudson,SG,Washington Wizards,515603
2011,473,Willie Warren,SG,LA Clippers,500000
2011,474,Samardo Samuels,PF,Cleveland Cavaliers,500000
2011,475,Damien Wilkins,SG,Atlanta Hawks,482478
2011,476,Ish Smith,PG,Memphis Grizzlies,473604
2011,477,Jeremy Lin,G,Golden State Warriors,473604
2011,478,Landry Fields,SG,New York Knicks,473604
2011,479,Sherron Collins,PG,Charlotte Bobcats,473604
2011,480,Hamady Ndiaye,C,Washington Wizards,473604
2011,481,Pooh Jeter,PG,Sacramento Kings,473604
2011,482,Terrico White,G,Perth Perth,473604
2011,483,Garret Siler,C,Phoenix Suns,473604
2011,484,Armon Johnson,PG,Portland Trail Blazers,473604
2011,485,Stanley Robinson,NA,null Unknown,473604
2011,486,Brian Zoubek,NA,null Unknown,473604
2011,487,Darington Hobson,SG,Milwaukee Bucks,473604
2011,488,Tiny Gallon,NA,null Unknown,473604
2011,489,Patrick Beverley,PG,Milwaukee Bucks,473604
2011,490,Derrick Caracter,PF,Los Angeles Lakers,473604
2011,491,Gary Forbes,F,Denver Nuggets,473604
2011,492,Donald Sloan,G,Denver Nuggets,473604
2011,493,Matt Janning,SG,Denver Nuggets,473604
2011,494,Ben Uzoh,PG,New Jersey Nets,473604
2011,495,Manny Harris,PG,Cleveland Cavaliers,473604
2011,496,Devin Ebanks,SF,Los Angeles Lakers,473604
2011,497,Luke Harangody,PF,Cleveland Cavaliers,473604
2011,498,Semih Erden,C,Cleveland Cavaliers,473604
2011,499,Jeremy Evans,F,Utah Jazz,473604
2011,500,Pape Sy,SF,Atlanta Hawks,473604
2011,501,Dexter Pittman,C,Miami Heat,473604
2011,502,Derrick Byars,SF,Memphis Grizzlies,457588
2011,503,Trey Gilder,SF,Utah Jazz,457588
2011,504,Marcus Landry,SF,Milwaukee Bucks,457588
2011,505,Deron Washington,NA,null Unknown,457588
2011,506,Peja Stojakovic,SF,Dallas Mavericks,402065
2011,507,Steve Novak,SF,San Antonio Spurs,306575
2011,508,Mustafa Shakur,PG,Washington Wizards,226162
2011,509,Jared Jeffries,PF,New York Knicks,221136
2011,510,Mike Bibby,PG,Miami Heat,216110
2011,511,Troy Murphy,PF,Boston Celtics,216110
2011,512,Dominic McGuire,PF,Charlotte Bobcats,211084
2011,513,Sasha Pavlovic,SG,Boston Celtics,211084
2011,514,Rasual Butler,SF,Chicago Bulls,211084
2011,515,Al Thornton,SF,Golden State Warriors,211084
2011,516,Travis Diener,PG,Portland Trail Blazers,208802
2011,517,Leon Powe,PF,Memphis Grizzlies,201033
2011,518,Carlos Arroyo,PG,Boston Celtics,196007
2011,519,Zabian Dowdell,PG,Phoenix Suns,186656
2011,520,Jannero Pargo,PG,Charlotte Hornets,168579
2011,521,John Lucas III,PG,Chicago Bulls,130165
2011,522,Danny Green,F,San Antonio Spurs,130022
2011,523,Da'Sean Butler,NA,null Unknown,125000
2011,524,Sundiata Gaines,PG,New Jersey Nets,112088
2011,525,Chris Johnson,C,Boston Celtics,88363
2011,526,Garrett Temple,G,Charlotte Bobcats,80703
2011,527,Cedric Jackson,G,Cleveland Cavaliers,40375
2011,528,Othyus Jeffers,SG,Washington Wizards,35868
2011,529,Patrick Ewing Jr.,SF,New Orleans Hornets,25073
2011,530,Marcus Cousin,C,Utah Jazz,25000
2011,531,Larry Owens,SF,Washington Wizards,22287
2011,532,Mario West,SG,New Jersey Nets,20103
2011,533,Marqus Blakely,SF,Houston Rockets,15000
2011,534,Robert Vaden,SG,San Antonio Spurs,13930
2011,535,Earl Barron,C,Portland Trail Blazers,11679
2011,536,Trey Johnson,SG,Toronto Raptors,8967
2011,537,Magnum Rolle,NA,null Unknown,8358
2012,1,Kobe Bryant,SF,Los Angeles Lakers,25244493
2012,2,Kevin Garnett,PF,Boston Celtics,21247044
2012,3,Tim Duncan,C,San Antonio Spurs,21164619
2012,4,Rashard Lewis,PF,Washington Wizards,21136631
2012,5,Dirk Nowitzki,F,Dallas Mavericks,19092873
2012,6,Pau Gasol,PF,Los Angeles Lakers,18714150
2012,7,Carmelo Anthony,PF,New York Knicks,18518574
2012,8,Amar'e Stoudemire,C,New York Knicks,18217705
2012,9,Elton Brand,PF,Philadelphia 76ers,18160355
2012,10,Dwight Howard,C,Orlando Magic,18091770
2012,11,Joe Johnson,G,Atlanta Hawks,18038573
2012,12,Andrei Kirilenko,SF,Philadelphia 76ers,17823000
2012,13,Chris Bosh,PF,Miami Heat,17545000
2012,14,LeBron James,F,Miami Heat,17545000
2012,15,Chris Paul,G,LA Clippers,16359805
2012,16,Deron Williams,PG,New Jersey Nets,16359805
2012,17,Dwyane Wade,G,Miami Heat,15691000
2012,18,Kevin Durant,F,Oklahoma City Thunder,15506632
2012,19,Paul Pierce,SF,Boston Celtics,15333334
2012,20,Zach Randolph,F,Memphis Grizzlies,15200000
2012,21,Antawn Jamison,PF,Cleveland Cavaliers,15076715
2012,22,Brandon Roy,SG,Minnesota Timberwolves,15032144
2012,23,Rudy Gay,SF,Memphis Grizzlies,15032144
2012,24,Al Jefferson,C,Utah Jazz,15000000
2012,25,Andrew Bynum,C,Los Angeles Lakers,14900000
2012,26,Andre Iguodala,F,Philadelphia 76ers,14718250
2012,27,Manu Ginobili,G,San Antonio Spurs,14107492
2012,28,Chris Kaman,C,New Orleans Hornets,14030000
2012,29,LaMarcus Aldridge,C,Portland Trail Blazers,14000000
2012,30,Carlos Boozer,PF,Chicago Bulls,13500000
2012,31,Tyson Chandler,C,New York Knicks,13107837
2012,32,Nene Hilario,C,Washington Wizards,13000000
2012,33,Marc Gasol,C,Memphis Grizzlies,12922194
2012,34,Emeka Okafor,C,New Orleans Hornets,12642500
2012,35,Tony Parker,G,San Antonio Spurs,12500000
2012,36,Al Horford,C,Atlanta Hawks,12498483
2012,37,Josh Smith,PF,Atlanta Hawks,12400000
2012,38,Luol Deng,F,Chicago Bulls,12325000
2012,39,Danny Granger,SF,Indiana Pacers,12015904
2012,40,Joakim Noah,C,Chicago Bulls,12000000
2012,41,Andrew Bogut,C,Milwaukee Bucks,12000000
2012,42,Steve Nash,PG,Phoenix Suns,11689062
2012,43,David Lee,PF,Golden State Warriors,11610000
2012,44,Ben Gordon,SG,Detroit Pistons,11600000
2012,45,Kevin Martin,SG,Houston Rockets,11519840
2012,46,Marcus Camby,C,Houston Rockets,11227250
2012,47,Jason Terry,G,Dallas Mavericks,11158000
2012,48,Hedo Turkoglu,SF,Orlando Magic,11015850
2012,49,Monta Ellis,SG,Milwaukee Bucks,11000000
2012,50,Mehmet Okur,C,New Jersey Nets,10890000
2012,51,Jose Calderon,G,Toronto Raptors,10561982
2012,52,Corey Maggette,SF,Charlotte Bobcats,10262069
2012,53,Jason Kidd,G,Dallas Mavericks,10121000
2012,54,DeAndre Jordan,C,LA Clippers,10079404
2012,55,Rajon Rondo,PG,Boston Celtics,10045454
2012,56,Andrea Bargnani,C,Toronto Raptors,10000000
2012,57,Ray Allen,SG,Boston Celtics,10000000
2012,58,David West,F,Indiana Pacers,10000000
2012,59,Gerald Wallace,SF,New Jersey Nets,9500000
2012,60,Cuttino Mobley,SG,LA Clippers,9500000
2012,61,Devin Harris,G,Utah Jazz,9319000
2012,62,Richard Jefferson,F,Golden State Warriors,9282000
2012,63,Andris Biedrins,C,Golden State Warriors,9000000
2012,64,Lamar Odom,PF,Dallas Mavericks,8900000
2012,65,Paul Millsap,PF,Utah Jazz,8603633
2012,66,Jameer Nelson,G,Orlando Magic,8600000
2012,67,Luis Scola,F,Houston Rockets,8591793
2012,68,Carl Landry,PF,New Orleans Hornets,8500000
2012,69,Rodney Stuckey,PG,Detroit Pistons,8500000
2012,70,Mo Williams,PG,LA Clippers,8500000
2012,71,John Salmons,SF,Sacramento Kings,8083000
2012,72,Thaddeus Young,F,Philadelphia 76ers,8039130
2012,73,Shawn Marion,SG,Dallas Mavericks,8022449
2012,74,Caron Butler,SF,LA Clippers,8000000
2012,75,Kris Humphries,PF,New Jersey Nets,8000000
2012,76,Kirk Hinrich,SG,Atlanta Hawks,8000000
2012,77,Mark Blount,C,Miami Heat,7967375
2012,78,Andre Miller,PG,Denver Nuggets,7807728
2012,79,Arron Afflalo,G,Denver Nuggets,7750000
2012,80,Anderson Varejao,C,Cleveland Cavaliers,7700000
2012,81,Brendan Haywood,C,Dallas Mavericks,7624500
2012,82,Leandro Barbosa,G,Indiana Pacers,7600000
2012,83,James Posey,SF,Indiana Pacers,7595600
2012,84,Raymond Felton,G,Portland Trail Blazers,7560000
2012,85,Charlie Villanueva,PF,Detroit Pistons,7540000
2012,86,Marcus Thornton,SG,Sacramento Kings,7525000
2012,87,Marvin Williams,F,Atlanta Hawks,7500000
2012,88,Tyrus Thomas,PF,Charlotte Bobcats,7305785
2012,89,Marcin Gortat,C,Phoenix Suns,7258960
2012,90,Kendrick Perkins,C,Oklahoma City Thunder,7123626
2012,91,Marko Jaric,PG,Brooklyn Nets,7100000
2012,92,Samuel Dalembert,C,Houston Rockets,7000000
2012,93,Derrick Rose,PG,Chicago Bulls,6993708
2012,94,Beno Udrih,PG,Milwaukee Bucks,6925400
2012,95,DeSagana Diop,C,Charlotte Bobcats,6925400
2012,96,Trevor Ariza,SF,New Orleans Hornets,6790640
2012,97,Metta World Peace,SF,Los Angeles Lakers,6790640
2012,98,Kwame Brown,C,Golden State Warriors,6750000
2012,99,JJ Redick,SG,Orlando Magic,6750000
2012,100,Morris Peterson,SG,Oklahoma City Thunder,6665000
2012,101,Andres Nocioni,SF,Philadelphia 76ers,6650000
2012,102,Mike Conley,G,Memphis Grizzlies,6611571
2012,103,Jerome James,C,Chicago Bulls,6600000
2012,104,Wesley Matthews,SG,Portland Trail Blazers,6505320
2012,105,Grant Hill,SF,Phoenix Suns,6500000
2012,106,Josh Childress,F,Phoenix Suns,6500000
2012,107,Andray Blatche,C,Washington Wizards,6442083
2012,108,Rasheed Wallace,PF,New York Knicks,6322320
2012,109,Glen Davis,PF,Orlando Magic,6300000
2012,110,Tayshaun Prince,SF,Detroit Pistons,6292135
2012,111,Michael Beasley,F,Minnesota Timberwolves,6262347
2012,112,Drew Gooden,PF,Milwaukee Bucks,6226200
2012,113,Al Harrington,PF,Denver Nuggets,6226200
2012,114,Jermaine O'Neal,C,Boston Celtics,6226200
2012,115,Francisco Garcia,SG,Sacramento Kings,6100000
2012,116,Amir Johnson,F,Toronto Raptors,6000000
2012,117,Channing Frye,F,Phoenix Suns,6000000
2012,118,Luke Walton,SF,Cleveland Cavaliers,5971363
2012,119,Kyle Lowry,G,Houston Rockets,5750000
2012,120,Blake Griffin,PF,LA Clippers,5731080
2012,121,O.J. Mayo,SG,Memphis Grizzlies,5632637
2012,122,Nenad Krstic,C,Bilbao Basket Bilbao Basket,5543116
2012,123,John Wall,PG,Washington Wizards,5530080
2012,124,Wilson Chandler,F,Denver Nuggets,5516664
2012,125,Chuck Hayes,PF,Sacramento Kings,5486250
2012,126,Sasha Vujacic,SG,New York Knicks,5475113
2012,127,Mike Miller,SG,Miami Heat,5400000
2012,128,Jason Richardson,SG,Orlando Magic,5395000
2012,129,Evan Turner,G,Philadelphia 76ers,5293080
2012,130,Martell Webster,SF,Minnesota Timberwolves,5256000
2012,131,Tyreke Evans,G,Sacramento Kings,5251825
2012,132,Antonio McDyess,PF,San Antonio Spurs,5220000
2012,133,Speedy Claxton,PG,Atlanta Hawks,5209454
2012,134,Lou Williams,SG,Philadelphia 76ers,5176000
2012,135,Kyrie Irving,G,Cleveland Cavaliers,5144280
2012,136,Hasheem Thabeet,C,Portland Trail Blazers,5127720
2012,137,Russell Westbrook,G,Oklahoma City Thunder,5082416
2012,138,Jason Maxiell,PF,Detroit Pistons,5000000
2012,139,Jamal Crawford,G,Portland Trail Blazers,5000000
2012,140,Kyle Korver,G,Chicago Bulls,5000000
2012,141,Luc Mbah a Moute,F,Milwaukee Bucks,5000000
2012,142,Richard Hamilton,SG,Chicago Bulls,5000000
2012,143,Jarrett Jack,G,New Orleans Hornets,5000000
2012,144,Marcus Banks,PG,New Orleans Pelicans,4847586
2012,145,Darius Songaila,PF,Philadelphia 76ers,4818000
2012,146,Darko Milicic,C,Minnesota Timberwolves,4776500
2012,147,Derrick Favors,F,Utah Jazz,4753320
2012,148,Brad Miller,C,Minnesota Timberwolves,4752000
2012,149,Zaza Pachulia,C,Atlanta Hawks,4750000
2012,150,Ronnie Brewer,SF,Chicago Bulls,4710000
2012,151,Kevin Love,F,Minnesota Timberwolves,4609701
2012,152,James Harden,G,Oklahoma City Thunder,4604760
2012,153,Derrick Williams,PF,Minnesota Timberwolves,4602720
2012,154,Linas Kleiza,SF,Toronto Raptors,4600000
2012,155,Nikola Pekovic,C,Minnesota Timberwolves,4503600
2012,156,Jonas Jerebko,F,Detroit Pistons,4500000
2012,157,Jeff Green,F,Houston Rockets,4455988
2012,158,Daniel Gibson,SG,Cleveland Cavaliers,4403834
2012,159,Enes Freedom,C,Utah Jazz,4319280
2012,160,J.J. Barea,G,Minnesota Timberwolves,4300000
2012,161,Ramon Sessions,G,Los Angeles Lakers,4257973
2012,162,Randy Foye,SG,LA Clippers,4250000
2012,163,Jared Dudley,SF,Phoenix Suns,4250000
2012,164,Brandon Bass,PF,Boston Celtics,4250000
2012,165,Chris Andersen,PF,Denver Nuggets,4234000
2012,166,Danilo Gallinari,PF,Denver Nuggets,4190182
2012,167,Bruce Bowen,SF,San Antonio Spurs,4100000
2012,168,Charlie Bell,SG,Golden State Warriors,4099920
2012,169,Greg Buckner,SG,Memphis Grizzlies,4080915
2012,170,Udonis Haslem,PF,Miami Heat,4060000
2012,171,Spencer Hawes,PF,Philadelphia 76ers,4051024
2012,172,Wesley Johnson,F,Minnesota Timberwolves,4006080
2012,173,Jordan Farmar,PG,New Jersey Nets,4000000
2012,174,Anthony Morrow,SG,New Jersey Nets,4000000
2012,175,Hakim Warrick,PF,Phoenix Suns,4000000
2012,176,Mario Chalmers,G,Miami Heat,4000000
2012,177,Steve Blake,PG,Los Angeles Lakers,4000000
2012,178,Ryan Gomes,SF,LA Clippers,4000000
2012,179,Tiago Splitter,C,San Antonio Spurs,3944000
2012,180,Matt Carroll,SG,Charlotte Bobcats,3900000
2012,181,DeMarcus Cousins,C,Sacramento Kings,3880800
2012,182,Eric Gordon,G,New Orleans Hornets,3831184
2012,183,Dorell Wright,SF,Golden State Warriors,3823000
2012,184,Nazr Mohammed,C,Oklahoma City Thunder,3750000
2012,185,Mike Dunleavy,SG,Milwaukee Bucks,3750000
2012,186,Tristan Thompson,C,Cleveland Cavaliers,3726600
2012,187,CJ Miles,G,Utah Jazz,3700000
2012,188,Nick Young,G,LA Clippers,3695857
2012,189,Luke Ridnour,PG,Minnesota Timberwolves,3680000
2012,190,Matt Bonner,C,San Antonio Spurs,3630000
2012,191,Shannon Brown,PG,Phoenix Suns,3500000
2012,192,Carlos Delfino,SG,Milwaukee Bucks,3500000
2012,193,Shaun Livingston,G,Milwaukee Bucks,3500000
2012,194,Ricky Rubio,PG,Minnesota Timberwolves,3480120
2012,195,Raja Bell,SG,Utah Jazz,3480000
2012,196,Jonny Flynn,PG,Portland Trail Blazers,3414720
2012,197,C.J. Watson,PG,Chicago Bulls,3400000
2012,198,Marco Belinelli,G,New Orleans Hornets,3377604
2012,199,DeMar DeRozan,G,Toronto Raptors,3344250
2012,200,Timofey Mozgov,C,Denver Nuggets,3343896
2012,201,Daequan Cook,SG,Oklahoma City Thunder,3341558
2012,202,Thabo Sefolosha,F,Oklahoma City Thunder,3300000
2012,203,Ekpe Udoh,F,Milwaukee Bucks,3294960
2012,204,Nick Collison,F,Oklahoma City Thunder,3272997
2012,205,Chris Duhon,PG,Orlando Magic,3250000
2012,206,Will Bynum,PG,Detroit Pistons,3250000
2012,207,Johan Petro,C,New Jersey Nets,3250000
2012,208,D.J. Augustin,G,Charlotte Bobcats,3236470
2012,209,Tony Allen,SG,Memphis Grizzlies,3150000
2012,210,Shawne Williams,SF,New Jersey Nets,3135000
2012,211,Shane Battier,SF,Miami Heat,3135000
2012,212,Stephen Curry,G,Golden State Warriors,3117120
2012,213,Brook Lopez,C,New Jersey Nets,3076983
2012,214,Jan Vesely,PF,Washington Wizards,3065040
2012,215,Corey Brewer,F,Denver Nuggets,3059000
2012,216,Jerryd Bayless,G,Toronto Raptors,3042280
2012,217,Greg Monroe,C,Detroit Pistons,3007920
2012,218,Jason Thompson,PF,Sacramento Kings,3001284
2012,219,Travis Outlaw,SF,Sacramento Kings,3000000
2012,220,Jeff Foster,PF,Indiana Pacers,3000000
2012,221,Josh McRoberts,PF,Los Angeles Lakers,3000000
2012,222,Chris Wilcox,PF,Boston Celtics,3000000
2012,223,Vince Carter,G,Dallas Mavericks,3000000
2012,224,Anthony Randolph,SF,Minnesota Timberwolves,2911231
2012,225,Robin Lopez,C,Phoenix Suns,2862602
2012,226,Julian Wright,SF,Toronto Raptors,2858057
2012,227,Jordan Hill,C,Los Angeles Lakers,2855760
2012,228,Mark Madsen,PF,Minnesota Timberwolves,2840000
2012,229,James Johnson,PF,Toronto Raptors,2812006
2012,230,Bismack Biyombo,C,Charlotte Bobcats,2798040
2012,231,Lou Amundson,PF,Indiana Pacers,2763450
2012,232,Al-Farouq Aminu,SF,New Orleans Hornets,2755560
2012,233,Eduardo Najera,PF,Charlotte Bobcats,2750000
2012,234,Marreese Speights,F,Memphis Grizzlies,2721255
2012,235,Gordon Hayward,SF,Utah Jazz,2709720
2012,236,Dahntay Jones,SG,Indiana Pacers,2700000
2012,237,David Andersen,C,Fenerbahce Ulker Fenerbahce Ulker,2685185
2012,238,Jrue Holiday,G,Philadelphia 76ers,2674852
2012,239,Roy Hibbert,C,Indiana Pacers,2588590
2012,240,Brandon Knight,PG,Detroit Pistons,2563320
2012,241,Ersan Ilyasova,PF,Milwaukee Bucks,2541000
2012,242,Kenyon Martin,F,LA Clippers,2500000
2012,243,Aaron Gray,C,Toronto Raptors,2500000
2012,244,Reggie Williams,SF,Charlotte Bobcats,2500000
2012,245,Jason Smith,F,New Orleans Hornets,2500000
2012,246,DeShawn Stevenson,SG,New Jersey Nets,2500000
2012,247,Brandon Jennings,G,Milwaukee Bucks,2493720
2012,248,JaVale McGee,C,Denver Nuggets,2462400
2012,249,Quentin Richardson,SF,Orlando Magic,2446200
2012,250,Paul George,F,Indiana Pacers,2406240
2012,251,Ricky Davis,SG,LA Clippers,2400000
2012,252,Kemba Walker,PG,Charlotte Bobcats,2356320
2012,253,JJ Hickson,C,Portland Trail Blazers,2354537
2012,254,Jimmer Fredette,G,Sacramento Kings,2339040
2012,255,JR Smith,G,New York Knicks,2338709
2012,256,Derek Fisher,PG,Oklahoma City Thunder,2329545
2012,257,Cole Aldrich,C,Oklahoma City Thunder,2286000
2012,258,Gerald Henderson,SG,Charlotte Bobcats,2250600
2012,259,Anthony Parker,SG,Cleveland Cavaliers,2250000
2012,260,Keyon Dooling,PG,Boston Celtics,2246400
2012,261,Ben Wallace,PF,Detroit Pistons,2246400
2012,262,Ryan Anderson,PF,Orlando Magic,2244601
2012,263,Courtney Lee,G,Houston Rockets,2225093
2012,264,Ed Davis,C,Toronto Raptors,2207040
2012,265,Kosta Koufos,C,Denver Nuggets,2203792
2012,266,Xavier Henry,SG,New Orleans Hornets,2171640
2012,267,Nicolas Batum,F,Portland Trail Blazers,2155365
2012,268,Josh Howard,SF,Utah Jazz,2150000
2012,269,Tyler Hansbrough,PF,Indiana Pacers,2138040
2012,270,Klay Thompson,G,Golden State Warriors,2126520
2012,271,Alec Burks,SG,Utah Jazz,2111160
2012,272,Goran Dragic,PG,Houston Rockets,2108000
2012,273,Anthony Johnson,PG,Orlando Magic,2062800
2012,274,Brent Barry,SG,Houston Rockets,2062800
2012,275,Anthony Tolliver,PF,Minnesota Timberwolves,2050000
2012,276,Darrell Arthur,F,Phoenix Suns,2027119
2012,277,Aaron Brooks,G,Minnesota Timberwolves,2016692
2012,278,Markieff Morris,PF,Phoenix Suns,2005560
2012,279,D.J. White,PF,Charlotte Bobcats,2001167
2012,280,Chauncey Billups,PG,LA Clippers,2000032
2012,281,Dante Cunningham,F,Memphis Grizzlies,2000000
2012,282,Earl Watson,PG,Utah Jazz,2000000
2012,283,Rasho Nesterovic,C,Toronto Raptors,1990000
2012,284,Patrick Patterson,PF,Houston Rockets,1959960
2012,285,Austin Daye,SF,Detroit Pistons,1929600
2012,286,Matt Barnes,SF,Los Angeles Lakers,1906200
2012,287,Luke Babbitt,F,Portland Trail Blazers,1892280
2012,288,Larry Sanders,PF,Milwaukee Bucks,1861920
2012,289,Omer Asik,C,Chicago Bulls,1857500
2012,290,Dikembe Mutombo,C,Houston Rockets,1823280
2012,291,Marcus Morris Sr.,F,Houston Rockets,1823280
2012,292,Kawhi Leonard,F,San Antonio Spurs,1809840
2012,293,Keith Bogans,SG,New Jersey Nets,1728000
2012,294,Nikola Vucevic,C,Philadelphia 76ers,1719480
2012,295,Kevin Seraphin,C,Washington Wizards,1680360
2012,296,Donte Greene,SF,Sacramento Kings,1679914
2012,297,Renaldo Balkman,SF,New York Knicks,1675000
2012,298,Ty Lawson,G,Denver Nuggets,1654440
2012,299,Eric Bledsoe,SG,LA Clippers,1596360
2012,300,Jeff Teague,PG,Atlanta Hawks,1579920
2012,301,Sebastian Telfair,PG,Phoenix Suns,1567500
2012,302,Gustavo Ayon,PF,New Orleans Hornets,1567500
2012,303,Iman Shumpert,G,New York Knicks,1563120
2012,304,George Hill,PG,Indiana Pacers,1540493
2012,305,Avery Bradley,PG,Boston Celtics,1524480
2012,306,Eric Maynor,PG,Oklahoma City Thunder,1516680
2012,307,Greg Oden,C,Miami Heat,1500000
2012,308,Jeff Ayres,F,Indiana Pacers,1500000
2012,309,Gary Forbes,F,Toronto Raptors,1500000
2012,310,James Jones,SG,Miami Heat,1500000
2012,311,Chris Singleton,SF,Washington Wizards,1485000
2012,312,Alexis Ajinca,C,LA Clippers,1467840
2012,313,Darren Collison,PG,Indiana Pacers,1455960
2012,314,Elliot Williams,SG,Portland Trail Blazers,1442880
2012,315,Tobias Harris,F,Milwaukee Bucks,1418160
2012,316,Craig Brackins,PF,Philadelphia 76ers,1404960
2012,317,James Anderson,SG,San Antonio Spurs,1402540
2012,318,Zydrunas Ilgauskas,C,Miami Heat,1399507
2012,319,Eddie House,SG,Miami Heat,1399507
2012,320,Nolan Smith,PG,Portland Trail Blazers,1365720
2012,321,Jamaal Tinsley,PG,Utah Jazz,1352181
2012,322,Kurt Thomas,PF,Portland Trail Blazers,1352181
2012,323,Shaquille O'Neal,C,Boston Celtics,1352181
2012,324,Roko-Leni Ukic,PG,Milwaukee Bucks,1350000
2012,325,Omri Casspi,F,Cleveland Cavaliers,1341960
2012,326,Hamed Ehaddadi,C,Memphis Grizzlies,1300000
2012,327,Trevor Booker,F,Washington Wizards,1294920
2012,328,Byron Mullens,C,Charlotte Bobcats,1288200
2012,329,Serge Ibaka,F,Oklahoma City Thunder,1288200
2012,330,Kenneth Faried,F,Denver Nuggets,1254720
2012,331,Damion James,SF,New Jersey Nets,1243080
2012,332,Rodrigue Beaubois,PG,Dallas Mavericks,1236720
2012,333,Brian Cook,PF,Washington Wizards,1223166
2012,334,Royal Ivey,PG,Oklahoma City Thunder,1200000
2012,335,Taj Gibson,F,Chicago Bulls,1195680
2012,336,Dominique Jones,SG,Dallas Mavericks,1193280
2012,337,Sam Young,SF,Philadelphia 76ers,1184750
2012,338,Earl Clark,SF,Orlando Magic,1160000
2012,339,Reggie Jackson,PG,Oklahoma City Thunder,1156320
2012,340,Wayne Ellington,SG,Minnesota Timberwolves,1154040
2012,341,Quincy Pondexter,F,Memphis Grizzlies,1153800
2012,342,Toney Douglas,PG,New York Knicks,1145640
2012,343,Jordan Hamilton,SG,Denver Nuggets,1121520
2012,344,Jordan Crawford,G,Washington Wizards,1120440
2012,345,Greivis Vasquez,PG,New Orleans Hornets,1113600
2012,346,Stephen Graham,SF,Milwaukee Bucks,1106941
2012,347,Joey Graham,SF,Cleveland Cavaliers,1106941
2012,348,Daniel Orton,C,Orlando Magic,1105560
2012,349,Christian Eyenga,SF,Los Angeles Lakers,1097520
2012,350,Lazar Hayward,SF,Oklahoma City Thunder,1097520
2012,351,Cory Joseph,PG,San Antonio Spurs,1074720
2012,352,Alando Tucker,SF,Minnesota Timberwolves,1071720
2012,353,Von Wafer,SG,Orlando Magic,1069509
2012,354,MarShon Brooks,G,New Jersey Nets,1063865
2012,355,Stephen Jackson,SF,San Antonio Spurs,1059750
2012,356,DeJuan Blair,C,San Antonio Spurs,1054000
2012,357,JaJuan Johnson,PF,Boston Celtics,1042320
2012,358,Quinton Ross,SF,Brooklyn Nets,1033342
2012,359,Jawad Williams,SF,Cleveland Cavaliers,1029389
2012,360,Earl Barron,C,Golden State Warriors,1027424
2012,361,Jimmy Butler III,F,Chicago Bulls,1020960
2012,362,Jon Brockman,PF,Milwaukee Bucks,1000000
2012,363,Jeremy Pargo,PG,Memphis Grizzlies,1000000
2012,364,Shavlik Randolph,PF,Denver Nuggets,992680
2012,365,Ian Mahinmi,C,Dallas Mavericks,915852
2012,366,John Lucas III,PG,Chicago Bulls,915852
2012,367,Brandan Wright,F,Dallas Mavericks,915852
2012,368,Henry Walker,SF,New York Knicks,885120
2012,369,DeMarre Carroll,F,Utah Jazz,885120
2012,370,Alexander Johnson,SF,Miami Heat,885120
2012,371,Pops Mensah-Bonsu,PF,Denver Nuggets,885120
2012,372,Salim Stoudamire,SG,Atlanta Hawks,884881
2012,373,Patrick Ewing Jr.,SF,New Orleans Pelicans,884293
2012,374,Quincy Douby,SG,Sacramento Kings,855189
2012,375,Marcus Haislip,F,San Antonio Spurs,855189
2012,376,Mouhamed Sene,C,New York Knicks,855189
2012,377,Anthony Roberson,SG,Chicago Bulls,855189
2012,378,Tarence Kinsey,SG,Golden State Warriors,855189
2012,379,Javaris Crittenton,PG,Washington Wizards,854389
2012,380,Jannero Pargo,PG,Atlanta Hawks,854389
2012,381,Darius Miles,SF,Memphis Grizzlies,854389
2012,382,Kyle Weaver,SG,Memphis Grizzlies,854389
2012,383,Derrick Byars,SF,San Antonio Spurs,854389
2012,384,Luke Jackson,SF,Miami Heat,854389
2012,385,Josh Davis,SF,Memphis Grizzlies,854389
2012,386,Kenny Thomas,PF,Sacramento Kings,854389
2012,387,Jodie Meeks,G,Philadelphia 76ers,854389
2012,388,Mickael Pietrus,SF,Boston Celtics,854389
2012,389,Jamaal Magloire,C,Toronto Raptors,854389
2012,390,Melvin Ely,C,Washington Wizards,854389
2012,391,Maurice Evans,SG,Washington Wizards,854389
2012,392,Hassan Whiteside,C,Sacramento Kings,854389
2012,393,Dominic McGuire,PF,Golden State Warriors,854389
2012,394,Mike Harris,SF,Utah Jazz,854389
2012,395,Dwayne Jones II,PF,Utah Jazz,854389
2012,396,Derrick Brown,SF,Charlotte Bobcats,854389
2012,397,Malik Hairston,SG,San Antonio Spurs,854389
2012,398,Tracy McGrady,SG,Atlanta Hawks,854389
2012,399,Trey Johnson,SG,New Orleans Hornets,854389
2012,400,Antoine Wright,SF,Sacramento Kings,854389
2012,401,Sean May,C,Sacramento Kings,854389
2012,402,Luther Head,PG,Sacramento Kings,854389
2012,403,Reggie Evans,C,LA Clippers,854389
2012,404,Roger Mason Jr.,SG,Washington Wizards,854389
2012,405,Coby Karl,PG,Denver Nuggets,854389
2012,406,Craig Smith,PF,Portland Trail Blazers,854389
2012,407,Fabricio Oberto,C,Portland Trail Blazers,854389
2012,408,Sasha Pavlovic,SG,Boston Celtics,854389
2012,409,Jared Jeffries,PF,New York Knicks,854389
2012,410,A.J. Price,PG,Indiana Pacers,854389
2012,411,Ronnie Price,PG,Phoenix Suns,854389
2012,412,Danny Green,F,San Antonio Spurs,854389
2012,413,Sonny Weems,SG,Philadelphia 76ers,854389
2012,414,Francisco Elson,C,Philadelphia 76ers,854389
2012,415,Tony Battie,C,Philadelphia 76ers,854389
2012,416,Willie Green,SG,Atlanta Hawks,854389
2012,417,Larry Hughes,SG,Orlando Magic,854389
2012,418,Malik Allen,PF,Orlando Magic,854389
2012,419,DaJuan Summers,SF,New Orleans Hornets,854389
2012,420,Didier Ilunga-Mbenga,C,New York Knicks,854389
2012,421,Baron Davis,PG,New York Knicks,854389
2012,422,Mike Bibby,PG,New York Knicks,854389
2012,423,Chase Budinger,SF,Houston Rockets,854389
2012,424,Jason Collins,C,Atlanta Hawks,854389
2012,425,Jerry Stackhouse,SF,Atlanta Hawks,854389
2012,426,Shelden Williams,C,New Jersey Nets,854389
2012,427,Maurice Ager,SF,Minnesota Timberwolves,854389
2012,428,Rasual Butler,SF,Toronto Raptors,854389
2012,429,Steve Novak,SF,New York Knicks,854389
2012,430,Marquis Daniels,SG,Boston Celtics,854389
2012,431,Josh Powell,PF,Milwaukee Bucks,854389
2012,432,Juwan Howard,PF,Miami Heat,854389
2012,433,Joe Smith,PF,Los Angeles Lakers,854389
2012,434,Theo Ratliff,C,Los Angeles Lakers,854389
2012,435,Sundiata Gaines,PG,New Jersey Nets,854389
2012,436,Darnell Jackson,PF,Indiana Pacers,854389
2012,437,Damien Wilkins,SG,Detroit Pistons,854389
2012,438,Joe Alexander,SF,Golden State Warriors,854389
2012,439,Hilton Armstrong,PF,Golden State Warriors,854389
2012,440,Jason Kapono,SG,Los Angeles Lakers,854389
2012,441,T.J. Ford,PG,San Antonio Spurs,854389
2012,442,Alonzo Gee,SF,Cleveland Cavaliers,854389
2012,443,Joey Dorsey,PF,Barcelona FC Barcelona,854389
2012,444,Anthony Carter,PG,Toronto Raptors,854389
2012,445,Delonte West,SG,Dallas Mavericks,854389
2012,446,Troy Murphy,PF,Los Angeles Lakers,854389
2012,447,Eddy Curry,NA,Miami Heat,854389
2012,448,Tim Thomas,PF,Dallas Mavericks,854389
2012,449,Brian Cardinal,PF,Dallas Mavericks,854389
2012,450,Chris Richard,PF,Chicago Bulls,854389
2012,451,Brian Scalabrine,PF,Chicago Bulls,854389
2012,452,Vladimir Radmanovic,SF,Atlanta Hawks,854389
2012,453,Chris Douglas-Roberts,SG,New Orleans Pelicans,854389
2012,454,D.J. Strawberry,SG,Phoenix Suns,854389
2012,455,Gary Neal,PG,San Antonio Spurs,854389
2012,456,Etan Thomas,C,Atlanta Hawks,854389
2012,457,Chandler Parsons,SF,Houston Rockets,850000
2012,458,Solomon Alabi,C,Toronto Raptors,830000
2012,459,Michael Redd,SG,Phoenix Suns,826828
2012,460,Paul Davis,C,Washington Wizards,825497
2012,461,Kevin Ollie,PG,Oklahoma City Thunder,825497
2012,462,Ryan Bowen,SF,Oklahoma City Thunder,825497
2012,463,Desmond Mason,SF,Sacramento Kings,825497
2012,464,Linton Johnson,PF,Chicago Bulls,825497
2012,465,James White,SG,New York Knicks,825497
2012,466,Jason Hart,PG,New Orleans Pelicans,825497
2012,467,Kareem Rush,SG,LA Clippers,825497
2012,468,Jermareo Davidson,PF,Golden State Warriors,825497
2012,469,Marcus Williams,SG,Denver Nuggets,825497
2012,470,Lindsey Hunter,SG,Phoenix Suns,825497
2012,471,Gabe Pruitt,PG,Boston Celtics,825497
2012,472,Lance Stephenson,G,Indiana Pacers,810000
2012,473,Tyler Honeycutt,SF,Sacramento Kings,809875
2012,474,Chris Quinn,PG,Cleveland Cavaliers,804131
2012,475,Sean Marks,PF,Portland Trail Blazers,799105
2012,476,Ike Diogu,PF,San Antonio Spurs,792377
2012,477,Solomon Jones,PF,New Orleans Hornets,792377
2012,478,Andy Rautins,SG,Toronto Raptors,788872
2012,479,Marcus Cousin,C,San Antonio Spurs,788872
2012,480,Da'Sean Butler,NA,null Unknown,788872
2012,481,Robert Vaden,SG,San Antonio Spurs,788872
2012,482,Zabian Dowdell,PG,Phoenix Suns,788872
2012,483,Terrico White,G,Perth Perth,788872
2012,484,Marqus Blakely,SF,Houston Rockets,788872
2012,485,Willie Warren,SG,LA Clippers,788872
2012,486,Pape Sy,SF,Atlanta Hawks,788872
2012,487,Magnum Rolle,NA,null Unknown,788872
2012,488,Nate Robinson,PG,Golden State Warriors,785487
2012,489,Jermaine Taylor,SG,Cleveland Cavaliers,780871
2012,490,Yi Jianlian,SF,Dallas Mavericks,771706
2012,491,Tony Gaffney,SF,Memphis Grizzlies,762195
2012,492,Jeremy Lin,G,New York Knicks,762195
2012,493,Landry Fields,SG,New York Knicks,762195
2012,494,Brian Butch,C,Utah Jazz,762195
2012,495,Hamady Ndiaye,C,Washington Wizards,762195
2012,496,Greg Stiemsma,C,Boston Celtics,762195
2012,497,Isaiah Thomas,G,Sacramento Kings,762195
2012,498,Garret Siler,C,Phoenix Suns,762195
2012,499,Taylor Griffin,PF,Phoenix Suns,762195
2012,500,Darington Hobson,SG,Milwaukee Bucks,762195
2012,501,Kenny Hasbrouck,NA,null Unknown,762195
2012,502,Derrick Caracter,PF,Flamengo Flamengo,762195
2012,503,Devin Ebanks,SF,Los Angeles Lakers,762195
2012,504,Chris Johnson,C,New Orleans Hornets,762195
2012,505,Samardo Samuels,PF,Cleveland Cavaliers,762195
2012,506,Luke Harangody,PF,Cleveland Cavaliers,762195
2012,507,Semih Erden,C,Cleveland Cavaliers,762195
2012,508,Curtis Jerrells,NA,null Unknown,762195
2012,509,Oliver Lafayette,G,Milan Olimpia,762195
2012,510,Jeremy Evans,F,Utah Jazz,762195
2012,511,Dexter Pittman,C,Miami Heat,762195
2012,512,Dontell Jefferson,SG,Charlotte Hornets,736420
2012,513,Mike Taylor,PG,LA Clippers,736420
2012,514,Joe Crawford,SG,New York Knicks,736420
2012,515,Sun Yue,SG,Los Angeles Lakers,736420
2012,516,Walter Sharpe,PF,Detroit Pistons,736420
2012,517,DeMarcus Nelson,SG,Chicago Bulls,736420
2012,518,Othello Hunter,SF,Madrid Real Madrid,736420
2012,519,Ime Udoka,F,Brooklyn Nets,708640
2012,520,Mike Wilks,PG,Oklahoma City Thunder,679821
2012,521,Brian Skinner,PF,Memphis Grizzlies,668434
2012,522,Allen Iverson,SG,Philadelphia 76ers,650686
2012,523,Jeremy Tyler,C,Golden State Warriors,650000
2012,524,Acie Law,PG,Golden State Warriors,633253
2012,525,Josh Selby,PG,Memphis Grizzlies,550000
2012,526,Trey Thompkins,PF,LA Clippers,535000
2012,527,Erick Dampier,C,Atlanta Hawks,530547
2012,528,Jason Williams,PG,Orlando Magic,524964
2012,529,Ish Smith,PG,Orlando Magic,522472
2012,530,Travis Leslie,PG,LA Clippers,500000
2012,531,Malcolm Lee,SG,Minnesota Timberwolves,500000
2012,532,Ryan Reid,PF,Oklahoma City Thunder,475000
2012,533,Cory Higgins,PG,Charlotte Bobcats,473604
2012,534,Shelvin Mack,G,Washington Wizards,473604
2012,535,Josh Harrellson,C,New York Knicks,473604
2012,536,Lavoy Allen,F,Philadelphia 76ers,473604
2012,537,Chris Wright,SF,Golden State Warriors,473604
2012,538,Sherron Collins,PG,Charlotte Hornets,473604
2012,539,Pooh Jeter,PG,Sacramento Kings,473604
2012,540,Terrel Harris,SG,Miami Heat,473604
2012,541,Charles Jenkins,PG,Golden State Warriors,473604
2012,542,Justin Harper,PF,Orlando Magic,473604
2012,543,E'Twaun Moore,G,Boston Celtics,473604
2012,544,Stanley Robinson,NA,null Unknown,473604
2012,545,Mychel Thompson,SF,Cleveland Cavaliers,473604
2012,546,Dennis Horner,PF,New Jersey Nets,473604
2012,547,Jordan Williams,C,New Jersey Nets,473604
2012,548,Brian Zoubek,NA,null Unknown,473604
2012,549,Greg Smith,PF,Houston Rockets,473604
2012,550,Jon Leuer,F,Milwaukee Bucks,473604
2012,551,Tiny Gallon,NA,null Unknown,473604
2012,552,Patrick Beverley,PG,Milwaukee Bucks,473604
2012,553,DeAndre Liggins,G,Orlando Magic,473604
2012,554,Andrew Goudelock,PG,Los Angeles Lakers,473604
2012,555,Matt Janning,SG,Denver Nuggets,473604
2012,556,Ivan Johnson,PF,Atlanta Hawks,473604
2012,557,Julyan Stone,G,Denver Nuggets,473604
2012,558,Tyshawn Taylor,PG,New Orleans Pelicans,473604
2012,559,Darius Morris,G,Los Angeles Lakers,473604
2012,560,Vernon Macklin,PF,Detroit Pistons,473604
2012,561,Jerome Jordan,C,New York Knicks,473604
2012,562,Carldell Johnson,PG,New Orleans Hornets,473604
2012,563,Trey Gilder,SF,Utah Jazz,457588
2012,564,Marcus Landry,SF,Milwaukee Bucks,457588
2012,565,Deron Washington,NA,null Unknown,457588
2012,566,Kyrylo Fesenko,C,Indiana Pacers,435000
2012,567,Joel Przybilla,C,Portland Trail Blazers,420304
2012,568,Gerald Green,G,New Jersey Nets,413413
2012,569,Peja Stojakovic,SF,Dallas Mavericks,402065
2012,570,Walker Russell Jr.,PG,Detroit Pistons,374300
2012,571,Ronny Turiaf,C,Miami Heat,319128
2012,572,Lance Thomas,F,New Orleans Hornets,305551
2012,573,Kelenna Azubuike,SF,Dallas Mavericks,280192
2012,574,Gilbert Arenas,PG,Memphis Grizzlies,261829
2012,575,Terrence Williams,SG,Sacramento Kings,254938
2012,576,Manny Harris,PG,Cleveland Cavaliers,252016
2012,577,Ryan Hollins,C,Boston Celtics,248048
2012,578,Boris Diaw,C,San Antonio Spurs,241158
2012,579,Bobby Simmons,SF,LA Clippers,234268
2012,580,Mustafa Shakur,PG,Oklahoma City Thunder,226162
2012,581,Earl Boykins,PG,Houston Rockets,220487
2012,582,Mike James,PG,Chicago Bulls,220487
2012,583,Alan Anderson,SG,Toronto Raptors,213597
2012,584,Patty Mills,PG,San Antonio Spurs,213517
2012,585,Al Thornton,SF,Golden State Warriors,211084
2012,586,Travis Diener,PG,Portland Trail Blazers,208802
2012,587,Leon Powe,PF,Memphis Grizzlies,201033
2012,588,Cartier Martin,PF,Washington Wizards,199816
2012,589,Carlos Arroyo,PG,Boston Celtics,196007
2012,590,Ben Uzoh,PG,Toronto Raptors,190548
2012,591,Donald Sloan,G,Cleveland Cavaliers,160414
2012,592,Courtney Fortson,PG,Houston Rockets,156595
2012,593,James Singleton,F,Washington Wizards,151585
2012,594,Mickell Gladness,C,Golden State Warriors,137498
2012,595,Blake Ahearn,G,Utah Jazz,117134
2012,596,Armon Johnson,PG,New Jersey Nets,104494
2012,597,Jamario Moon,SF,Charlotte Bobcats,96017
2012,598,Garrett Temple,G,Toronto Raptors,80703
2012,599,Morris Almond,SG,Washington Wizards,75793
2012,600,Mikki Moore,C,Golden State Warriors,75793
2012,601,Dan Gadzuric,C,New York Knicks,69393
2012,602,Jerome Dyson,PG,New Orleans Hornets,64930
2012,603,Diamon Simpson,SF,Houston Rockets,57291
2012,604,Darryl Watkins,C,New Orleans Hornets,55321
2012,605,Sean Williams,PF,Boston Celtics,49966
2012,606,Lester Hudson,SG,Memphis Grizzlies,48232
2012,607,Cedric Jackson,G,Cleveland Cavaliers,40375
2012,608,Jeff Foote,C,New Orleans Hornets,38194
2012,609,Othyus Jeffers,SG,Minnesota Timberwolves,35868
2012,610,D.J. Kennedy,SG,Cleveland Cavaliers,22916
2012,611,Larry Owens,SF,New Jersey Nets,22287
2012,612,Mario West,SG,Brooklyn Nets,20103
2012,613,Xavier Silas,G,Philadelphia 76ers,11458
2013,1,Kobe Bryant,SF,Los Angeles Lakers,30453805
2013,2,Dirk Nowitzki,F,Dallas Mavericks,20907128
2013,3,Amar'e Stoudemire,C,New York Knicks,19948799
2013,4,Joe Johnson,G,Brooklyn Nets,19752645
2013,5,Carmelo Anthony,PF,New York Knicks,19444503
2013,6,Pau Gasol,PF,Los Angeles Lakers,19285850
2013,7,Chris Bosh,PF,Miami Heat,19067500
2013,8,LeBron James,F,Miami Heat,19067500
2013,9,Dwyane Wade,G,Miami Heat,18673000
2013,10,Chris Paul,G,LA Clippers,18668431
2013,11,Kevin Durant,F,Oklahoma City Thunder,17832626
2013,12,Derrick Rose,PG,Chicago Bulls,17632688
2013,13,Deron Williams,PG,Brooklyn Nets,17177795
2013,14,Andrew Bynum,C,Philadelphia 76ers,16889000
2013,15,Paul Pierce,SF,Boston Celtics,16790345
2013,16,Zach Randolph,F,Memphis Grizzlies,16500000
2013,17,Rudy Gay,SF,Toronto Raptors,16460538
2013,18,Carlos Boozer,PF,Chicago Bulls,15300000
2013,19,Andre Iguodala,F,Denver Nuggets,14968250
2013,20,Russell Westbrook,G,Oklahoma City Thunder,14693906
2013,21,Emeka Okafor,C,Washington Wizards,14487500
2013,22,Luol Deng,F,Chicago Bulls,14275000
2013,23,Manu Ginobili,G,San Antonio Spurs,14107492
2013,24,Marc Gasol,C,Memphis Grizzlies,13891359
2013,25,Blake Griffin,PF,LA Clippers,13701250
2013,26,Eric Gordon,G,New Orleans Hornets,13668750
2013,27,Brook Lopez,C,Brooklyn Nets,13668750
2013,28,Kevin Love,F,Minnesota Timberwolves,13668750
2013,29,Roy Hibbert,C,Indiana Pacers,13668750
2013,30,Tyson Chandler,C,New York Knicks,13604188
2013,31,LaMarcus Aldridge,C,Portland Trail Blazers,13500000
2013,32,Al Jefferson,C,Utah Jazz,13500000
2013,33,Ben Gordon,SG,Charlotte Bobcats,13200000
2013,34,Josh Smith,PF,Atlanta Hawks,13200000
2013,35,Danny Granger,SF,Indiana Pacers,13058606
2013,36,Andrew Bogut,C,Golden State Warriors,13000000
2013,37,Nene Hilario,C,Washington Wizards,13000000
2013,38,David Lee,PF,Golden State Warriors,12744000
2013,39,Tony Parker,G,San Antonio Spurs,12500000
2013,40,Kevin Martin,SG,Oklahoma City Thunder,12439675
2013,41,Serge Ibaka,F,Oklahoma City Thunder,12350000
2013,42,Kris Humphries,PF,Brooklyn Nets,12000000
2013,43,Hedo Turkoglu,SF,Orlando Magic,12000000
2013,44,Al Horford,C,Atlanta Hawks,12000000
2013,45,Kevin Garnett,PF,Boston Celtics,11566265
2013,46,Joakim Noah,C,Chicago Bulls,11100000
2013,47,Jose Calderon,G,Detroit Pistons,11046591
2013,48,Monta Ellis,SG,Milwaukee Bucks,11000000
2013,49,Rajon Rondo,PG,Boston Celtics,11000000
2013,50,DeAndre Jordan,C,LA Clippers,10986550
2013,51,Corey Maggette,SF,Detroit Pistons,10924138
2013,52,Mehmet Okur,C,Brooklyn Nets,10890000
2013,53,Nicolas Batum,F,Portland Trail Blazers,10850000
2013,54,Richard Jefferson,F,Golden State Warriors,10164000
2013,55,Stephen Jackson,SF,San Antonio Spurs,10059750
2013,56,JaVale McGee,C,Denver Nuggets,10000000
2013,57,Andrea Bargnani,C,Toronto Raptors,10000000
2013,58,David West,F,Indiana Pacers,10000000
2013,59,Andrei Kirilenko,SF,Minnesota Timberwolves,9779349
2013,60,Gerald Wallace,SF,Brooklyn Nets,9682435
2013,61,Tim Duncan,C,San Antonio Spurs,9638554
2013,62,Cuttino Mobley,SG,LA Clippers,9500000
2013,63,Danilo Gallinari,PF,Denver Nuggets,9439000
2013,64,Steve Nash,PG,Los Angeles Lakers,9300500
2013,65,Andris Biedrins,C,Golden State Warriors,9000000
2013,66,Ryan Anderson,PF,New Orleans Hornets,8700000
2013,67,Shawn Marion,SG,Dallas Mavericks,8646364
2013,68,Paul Millsap,PF,Utah Jazz,8603633
2013,69,Jameer Nelson,G,Orlando Magic,8600000
2013,70,Rodney Stuckey,PG,Detroit Pistons,8500000
2013,71,Mo Williams,PG,Utah Jazz,8500000
2013,72,Devin Harris,G,Atlanta Hawks,8500000
2013,73,Kendrick Perkins,C,Oklahoma City Thunder,8477437
2013,74,Jeff Green,F,Boston Celtics,8385000
2013,75,Jeremy Lin,G,Houston Rockets,8374646
2013,76,Omer Asik,C,Houston Rockets,8374646
2013,77,Anderson Varejao,C,Cleveland Cavaliers,8368182
2013,78,Thaddeus Young,F,Philadelphia 76ers,8289130
2013,79,Marvin Williams,F,Utah Jazz,8287500
2013,80,John Salmons,SF,Sacramento Kings,8083000
2013,81,Charlie Villanueva,PF,Detroit Pistons,8060000
2013,82,Tyrus Thomas,PF,Charlotte Bobcats,8000000
2013,83,Caron Butler,SF,LA Clippers,8000000
2013,84,Chris Kaman,C,Dallas Mavericks,8000000
2013,85,George Hill,PG,Indiana Pacers,8000000
2013,86,Mark Blount,C,Miami Heat,7967375
2013,87,Ersan Ilyasova,PF,Milwaukee Bucks,7900000
2013,88,Arron Afflalo,G,Orlando Magic,7750000
2013,89,Metta World Peace,SF,Los Angeles Lakers,7727500
2013,90,Trevor Ariza,SF,Washington Wizards,7727280
2013,91,Marcin Gortat,C,Phoenix Suns,7727280
2013,92,James Posey,SF,Indiana Pacers,7595600
2013,93,Marcus Thornton,SG,Sacramento Kings,7525000
2013,94,Mike Conley,G,Memphis Grizzlies,7505786
2013,95,Goran Dragic,PG,Phoenix Suns,7500000
2013,96,John Wall,PG,Washington Wizards,7459925
2013,97,Taj Gibson,F,Chicago Bulls,7415730
2013,98,Beno Udrih,PG,Orlando Magic,7372000
2013,99,Al Harrington,PF,Orlando Magic,7148600
2013,100,Tayshaun Prince,SF,Memphis Grizzlies,6764045
2013,101,JJ Redick,SG,Milwaukee Bucks,6750000
2013,102,Samuel Dalembert,C,Milwaukee Bucks,6698565
2013,103,Drew Gooden,PF,Milwaukee Bucks,6687400
2013,104,Morris Peterson,SG,Oklahoma City Thunder,6665000
2013,105,Andres Nocioni,SF,Madrid Real Madrid,6650000
2013,106,Jerome James,C,Chicago Bulls,6600000
2013,107,Wesley Matthews,SG,Portland Trail Blazers,6505320
2013,108,Spencer Hawes,PF,Philadelphia 76ers,6500000
2013,109,Glen Davis,PF,Orlando Magic,6400000
2013,110,Channing Frye,F,Phoenix Suns,6400000
2013,111,Landry Fields,SG,Toronto Raptors,6250000
2013,112,Mike Miller,SG,Miami Heat,6200000
2013,113,Francisco Garcia,SG,Houston Rockets,6100000
2013,114,Luke Walton,SF,Cleveland Cavaliers,6091363
2013,115,Amir Johnson,F,Toronto Raptors,6050000
2013,116,Michael Beasley,F,Phoenix Suns,6000000
2013,117,Brandon Bass,PF,Boston Celtics,6000000
2013,118,Wilson Chandler,F,Denver Nuggets,5930414
2013,119,James Harden,G,Houston Rockets,5820417
2013,120,Jason Richardson,SG,Philadelphia 76ers,5799625
2013,121,Kyle Lowry,G,Toronto Raptors,5750000
2013,122,Nick Young,G,Philadelphia 76ers,5600000
2013,123,Chuck Hayes,PF,Sacramento Kings,5486250
2013,124,Sasha Vujacic,SG,New York Knicks,5475113
2013,125,Jarrett Jack,G,Golden State Warriors,5400000
2013,126,Kyrie Irving,G,Cleveland Cavaliers,5375760
2013,127,Evan Turner,G,Philadelphia 76ers,5293080
2013,128,Tyreke Evans,G,Sacramento Kings,5250825
2013,129,Jason Thompson,PF,Sacramento Kings,5250000
2013,130,Zaza Pachulia,C,Atlanta Hawks,5248750
2013,131,Jamal Crawford,G,LA Clippers,5225000
2013,132,Antonio McDyess,PF,San Antonio Spurs,5220000
2013,133,Speedy Claxton,PG,Atlanta Hawks,5209454
2013,134,Martell Webster,SF,Washington Wizards,5150000
2013,135,Anthony Davis,F,New Orleans Hornets,5144280
2013,136,Brad Miller,C,New Orleans Pelicans,5104000
2013,137,Brandon Roy,SG,Minnesota Timberwolves,5100000
2013,138,Jason Maxiell,PF,Detroit Pistons,5000000
2013,139,Ramon Sessions,G,Charlotte Bobcats,5000000
2013,140,Andre Miller,PG,Denver Nuggets,5000000
2013,141,Kyle Korver,G,Atlanta Hawks,5000000
2013,142,Jason Terry,G,Boston Celtics,5000000
2013,143,Courtney Lee,G,Boston Celtics,5000000
2013,144,Richard Hamilton,SG,Chicago Bulls,5000000
2013,145,Lou Williams,SG,Atlanta Hawks,5000000
2013,146,Robin Lopez,C,New Orleans Hornets,4899293
2013,147,Marcus Banks,PG,New Orleans Pelicans,4847586
2013,148,Nikola Pekovic,C,Minnesota Timberwolves,4837200
2013,149,Darius Songaila,PF,Philadelphia 76ers,4818000
2013,150,Michael Kidd-Gilchrist,F,Charlotte Bobcats,4809840
2013,151,Derrick Williams,PF,Minnesota Timberwolves,4809840
2013,152,Luc Mbah a Moute,F,Milwaukee Bucks,4794192
2013,153,Daniel Gibson,SG,Cleveland Cavaliers,4792332
2013,154,Victor Oladipo,SG,Guangzhou Loong-Lions,4763760
2013,155,Derrick Favors,F,Utah Jazz,4753320
2013,156,Linas Kleiza,SF,Toronto Raptors,4600000
2013,157,Marcus Camby,C,New York Knicks,4590338
2013,158,Luis Scola,F,Phoenix Suns,4508504
2013,159,Boris Diaw,C,San Antonio Spurs,4500000
2013,160,Jonas Jerebko,F,Detroit Pistons,4500000
2013,161,J.J. Barea,G,Minnesota Timberwolves,4493500
2013,162,Udonis Haslem,PF,Miami Heat,4340000
2013,163,Bradley Beal,G,Washington Wizards,4319280
2013,164,Enes Freedom,C,Utah Jazz,4319280
2013,165,Wesley Johnson,F,Phoenix Suns,4285560
2013,166,Otto Porter Jr.,SF,Utah Jazz,4278000
2013,167,Jordan Farmar,PG,Sacramento Kings,4250000
2013,168,Jared Dudley,SF,Phoenix Suns,4250000
2013,169,Marreese Speights,F,Cleveland Cavaliers,4200000
2013,170,Dorell Wright,SF,Philadelphia 76ers,4106000
2013,171,Bruce Bowen,SF,San Antonio Spurs,4100000
2013,172,Charlie Bell,SG,Golden State Warriors,4099920
2013,173,Greg Buckner,SG,Memphis Grizzlies,4080915
2013,174,Kirk Hinrich,SG,Chicago Bulls,4059000
2013,175,Steve Novak,SF,New York Knicks,4054055
2013,176,O.J. Mayo,SG,Dallas Mavericks,4020000
2013,177,Luke Ridnour,PG,Minnesota Timberwolves,4000000
2013,178,JJ Hickson,C,Portland Trail Blazers,4000000
2013,179,Ian Mahinmi,C,Indiana Pacers,4000000
2013,180,Anthony Morrow,SG,Dallas Mavericks,4000000
2013,181,Carl Landry,PF,Golden State Warriors,4000000
2013,182,Hakim Warrick,PF,Charlotte Bobcats,4000000
2013,183,Mario Chalmers,G,Miami Heat,4000000
2013,184,Steve Blake,PG,Los Angeles Lakers,4000000
2013,185,Ryan Gomes,SF,Boston Celtics,4000000
2013,186,Stephen Curry,G,Golden State Warriors,3958742
2013,187,Tiago Splitter,C,San Antonio Spurs,3944000
2013,188,Thabo Sefolosha,F,Oklahoma City Thunder,3900000
2013,189,Tristan Thompson,C,Cleveland Cavaliers,3894240
2013,190,DeMarcus Cousins,C,Sacramento Kings,3880800
2013,191,Cody Zeller,C,Houston Rockets,3857040
2013,192,Ricky Rubio,PG,Minnesota Timberwolves,3741120
2013,193,Dion Waiters,G,Cleveland Cavaliers,3726600
2013,194,Matt Bonner,C,San Antonio Spurs,3630000
2013,195,Jordan Hill,C,Los Angeles Lakers,3563600
2013,196,Ekpe Udoh,F,Milwaukee Bucks,3524880
2013,197,Danny Green,F,San Antonio Spurs,3500000
2013,198,Shannon Brown,PG,Phoenix Suns,3500000
2013,199,Chris Duhon,PG,Los Angeles Lakers,3500000
2013,200,D.J. Augustin,G,Indiana Pacers,3500000
2013,201,Gerald Green,G,Indiana Pacers,3500000
2013,202,Alonzo Gee,SF,Cleveland Cavaliers,3500000
2013,203,Matt Carroll,SG,New Orleans Hornets,3500000
2013,204,Johan Petro,C,Atlanta Hawks,3500000
2013,205,Raymond Felton,G,New York Knicks,3480453
2013,206,Raja Bell,SG,Utah Jazz,3480000
2013,207,Jonas Valanciunas,C,Toronto Raptors,3374640
2013,208,Thomas Robinson,F,Houston Rockets,3374640
2013,209,DeMar DeRozan,G,Toronto Raptors,3344250
2013,210,Jan Vesely,PF,Washington Wizards,3340920
2013,211,Tony Allen,SG,Memphis Grizzlies,3300000
2013,212,Shane Battier,SF,Miami Heat,3270000
2013,213,Matt Barnes,SF,LA Clippers,3250000
2013,214,Will Bynum,PG,Detroit Pistons,3250000
2013,215,Corey Brewer,F,Denver Nuggets,3243000
2013,216,Ray Allen,SG,Miami Heat,3229050
2013,217,Greg Monroe,C,Detroit Pistons,3217680
2013,218,Mike Dunleavy,SG,Milwaukee Bucks,3183000
2013,219,Brandon Jennings,G,Milwaukee Bucks,3179493
2013,220,Timofey Mozgov,C,Denver Nuggets,3140429
2013,221,Shawne Williams,SF,Minnesota Timberwolves,3135000
2013,222,Jason Kidd,G,New York Knicks,3090000
2013,223,Mirza Teletovic,PF,Brooklyn Nets,3090000
2013,224,Vince Carter,G,Dallas Mavericks,3090000
2013,225,Damian Lillard,G,Portland Trail Blazers,3065040
2013,226,Tyler Hansbrough,PF,Indiana Pacers,3055259
2013,227,Bismack Biyombo,C,Charlotte Bobcats,3049920
2013,228,Joel Freeland,C,Portland Trail Blazers,3013512
2013,229,Darrell Arthur,F,Memphis Grizzlies,3006217
2013,230,Lavoy Allen,F,Philadelphia 76ers,3000000
2013,231,Kosta Koufos,C,Denver Nuggets,3000000
2013,232,Travis Outlaw,SF,Sacramento Kings,3000000
2013,233,Jerryd Bayless,G,Memphis Grizzlies,3000000
2013,234,Carlos Delfino,SG,Houston Rockets,3000000
2013,235,Jeff Foster,PF,Indiana Pacers,3000000
2013,236,Austin Daye,SF,Memphis Grizzlies,2958077
2013,237,Al-Farouq Aminu,SF,New Orleans Hornets,2947800
2013,238,Alexey Shved,PG,Minnesota Timberwolves,2934610
2013,239,Dahntay Jones,SG,Atlanta Hawks,2900000
2013,240,Julian Wright,SF,Toronto Raptors,2858057
2013,241,Mark Madsen,PF,Minnesota Timberwolves,2840000
2013,242,Kwame Brown,C,Philadelphia 76ers,2819044
2013,243,James Johnson,PF,Sacramento Kings,2812006
2013,244,JR Smith,G,New York Knicks,2806452
2013,245,Harrison Barnes,F,Golden State Warriors,2798040
2013,246,Kevin Seraphin,C,Washington Wizards,2761114
2013,247,Eduardo Najera,PF,Charlotte Hornets,2750000
2013,248,Gordon Hayward,SF,Utah Jazz,2709720
2013,249,David Andersen,C,Fenerbahce Ulker Fenerbahce Ulker,2685185
2013,250,Brandon Knight,PG,Detroit Pistons,2678640
2013,251,Jrue Holiday,G,Philadelphia 76ers,2674852
2013,252,Josh McRoberts,PF,Charlotte Bobcats,2652000
2013,253,Quentin Richardson,SF,New York Knicks,2627400
2013,254,Eric Bledsoe,SG,LA Clippers,2626473
2013,255,Nick Collison,F,Oklahoma City Thunder,2585668
2013,256,Greg Stiemsma,C,Minnesota Timberwolves,2575000
2013,257,Aaron Gray,C,Toronto Raptors,2575000
2013,258,Paul George,F,Indiana Pacers,2574120
2013,259,Kemba Walker,PG,Charlotte Bobcats,2568360
2013,260,Terrence Ross,G,Toronto Raptors,2563320
2013,261,Ty Lawson,G,Denver Nuggets,2544529
2013,262,Randy Foye,SG,Utah Jazz,2500000
2013,263,Jason Smith,F,New Orleans Hornets,2500000
2013,264,Cole Aldrich,C,Sacramento Kings,2445480
2013,265,Jeff Teague,PG,Atlanta Hawks,2433077
2013,266,Aaron Brooks,G,Houston Rockets,2400000
2013,267,Ricky Davis,SG,LA Clippers,2400000
2013,268,Andre Drummond,C,Detroit Pistons,2356320
2013,269,Trevor Booker,F,Washington Wizards,2350820
2013,270,Jimmer Fredette,G,Sacramento Kings,2339040
2013,271,Xavier Henry,SG,New Orleans Hornets,2323200
2013,272,Earl Watson,PG,Utah Jazz,2300000
2013,273,Omri Casspi,F,Cleveland Cavaliers,2277306
2013,274,Anthony Parker,SG,Cleveland Cavaliers,2250000
2013,275,Ben Wallace,PF,Detroit Pistons,2246400
2013,276,DeShawn Stevenson,SG,Atlanta Hawks,2240450
2013,277,Austin Rivers,SG,New Orleans Hornets,2238360
2013,278,Rodrigue Beaubois,PG,Dallas Mavericks,2227333
2013,279,CJ Miles,G,Cleveland Cavaliers,2225000
2013,280,Klay Thompson,G,Golden State Warriors,2222160
2013,281,Ed Davis,C,Memphis Grizzlies,2207040
2013,282,Meyers Leonard,C,Portland Trail Blazers,2126520
2013,283,Jeremy Lamb,SG,Oklahoma City Thunder,2111160
2013,284,Alec Burks,SG,Utah Jazz,2111160
2013,285,Elton Brand,PF,Dallas Mavericks,2100500
2013,286,Patrick Patterson,PF,Sacramento Kings,2096760
2013,287,Markieff Morris,PF,Phoenix Suns,2091840
2013,288,Dante Cunningham,F,Minnesota Timberwolves,2090000
2013,289,Wayne Ellington,SG,Cleveland Cavaliers,2083042
2013,290,Toney Douglas,PG,Sacramento Kings,2067880
2013,291,Anthony Johnson,PG,Orlando Magic,2062800
2013,292,Brent Barry,SG,Houston Rockets,2062800
2013,293,Brendan Haywood,C,Charlotte Bobcats,2050000
2013,294,Eric Maynor,PG,Portland Trail Blazers,2016000
2013,295,Kendall Marshall,PG,Phoenix Suns,2005560
2013,296,Larry Sanders,PF,Milwaukee Bucks,1991760
2013,297,Rasho Nesterovic,C,Toronto Raptors,1990000
2013,298,Marcus Morris Sr.,F,Phoenix Suns,1987320
2013,299,Grant Hill,SF,LA Clippers,1975000
2013,300,Marco Belinelli,G,Chicago Bulls,1957000
2013,301,Darren Collison,PG,Dallas Mavericks,1900000
2013,302,Luke Babbitt,F,Portland Trail Blazers,1892280
2013,303,John Henson,F,Milwaukee Bucks,1823280
2013,304,Dikembe Mutombo,C,Houston Rockets,1823280
2013,305,Kawhi Leonard,F,San Antonio Spurs,1809840
2013,306,Maurice Harkless,SF,Orlando Magic,1809840
2013,307,Jeremy Evans,F,Utah Jazz,1794872
2013,308,Nikola Vucevic,C,Orlando Magic,1793520
2013,309,Donte Greene,SF,Memphis Grizzlies,1679914
2013,310,Chris Andersen,PF,Miami Heat,1679408
2013,311,Renaldo Balkman,SF,Dallas Mavericks,1675000
2013,312,Anthony Randolph,SF,Denver Nuggets,1674641
2013,313,Royce White,PF,Houston Rockets,1645440
2013,314,Iman Shumpert,G,New York Knicks,1633440
2013,315,Avery Bradley,PG,Boston Celtics,1630800
2013,316,Reggie Evans,C,Brooklyn Nets,1622617
2013,317,Chris Singleton,SF,Washington Wizards,1618680
2013,318,Sebastian Telfair,PG,Toronto Raptors,1567500
2013,319,Tyler Zeller,C,Cleveland Cavaliers,1563120
2013,320,Jodie Meeks,G,Los Angeles Lakers,1550000
2013,321,Tobias Harris,F,Orlando Magic,1545840
2013,322,Slava Kravtsov,C,Detroit Pistons,1500000
2013,323,John Lucas III,PG,Toronto Raptors,1500000
2013,324,Greg Oden,C,Miami Heat,1500000
2013,325,Jeff Ayres,F,Indiana Pacers,1500000
2013,326,Gary Forbes,F,Brooklyn Nets,1500000
2013,327,James Jones,SG,Miami Heat,1500000
2013,328,Gustavo Ayon,PF,Milwaukee Bucks,1500000
2013,329,Jared Jeffries,PF,Portland Trail Blazers,1475106
2013,330,Alexis Ajinca,C,LA Clippers,1467840
2013,331,Elliot Williams,SG,Portland Trail Blazers,1442880
2013,332,Tony Snell,SF,New Orleans Pelicans,1409040
2013,333,Craig Brackins,PF,Philadelphia 76ers,1404960
2013,334,Nando De Colo,G,San Antonio Spurs,1400000
2013,335,Willie Green,SG,LA Clippers,1399507
2013,336,Zydrunas Ilgauskas,C,Miami Heat,1399507
2013,337,Eddie House,SG,Miami Heat,1399507
2013,338,Rashard Lewis,PF,Miami Heat,1399507
2013,339,Nolan Smith,PG,Portland Trail Blazers,1365720
2013,340,Evan Fournier,SG,Denver Nuggets,1361400
2013,341,Jamaal Tinsley,PG,Utah Jazz,1352181
2013,342,Kurt Thomas,PF,New York Knicks,1352181
2013,343,Roko-Leni Ukic,PG,Milwaukee Bucks,1350000
2013,344,Kenneth Faried,F,Denver Nuggets,1311240
2013,345,Jared Sullinger,C,Boston Celtics,1306920
2013,346,Hamed Ehaddadi,C,Phoenix Suns,1300000
2013,347,Victor Claver,PF,Portland Trail Blazers,1300000
2013,348,Dominique Jones,SG,Dallas Mavericks,1276560
2013,349,Reggie Jackson,PG,Oklahoma City Thunder,1260360
2013,350,Fab Melo,C,Boston Celtics,1254720
2013,351,Quincy Pondexter,F,Memphis Grizzlies,1234320
2013,352,Sasha Pavlovic,SG,Portland Trail Blazers,1232713
2013,353,John Jenkins,G,Atlanta Hawks,1204560
2013,354,Hasheem Thabeet,C,Oklahoma City Thunder,1200000
2013,355,Jordan Crawford,G,Boston Celtics,1198680
2013,356,Greivis Vasquez,PG,New Orleans Hornets,1191240
2013,357,Christian Eyenga,SF,Orlando Magic,1174080
2013,358,MarShon Brooks,G,Brooklyn Nets,1160040
2013,359,Jared Cunningham,G,Dallas Mavericks,1156320
2013,360,Reggie Bullock Jr.,SF,Houston Rockets,1149000
2013,361,Ronnie Price,PG,Portland Trail Blazers,1146337
2013,362,Jordan Hamilton,SG,Denver Nuggets,1121520
2013,363,Jimmy Butler III,F,Chicago Bulls,1112880
2013,364,Andre Roberson,F,Brooklyn Nets,1110840
2013,365,Tony Wroten,SG,Memphis Grizzlies,1110120
2013,366,Stephen Graham,SF,Milwaukee Bucks,1106941
2013,367,Joey Graham,SF,Cleveland Cavaliers,1106941
2013,368,JaJuan Johnson,PF,Houston Rockets,1089240
2013,369,Patty Mills,PG,San Antonio Spurs,1085120
2013,370,Perry Jones,SF,Oklahoma City Thunder,1082520
2013,371,Marquis Teague,G,Chicago Bulls,1074720
2013,372,Cory Joseph,PG,San Antonio Spurs,1074720
2013,373,Miles Plumlee,C,Indiana Pacers,1073280
2013,374,Alando Tucker,SF,Minnesota Timberwolves,1071720
2013,375,Von Wafer,SG,Orlando Magic,1069509
2013,376,Kelenna Azubuike,SF,Cleveland Cavaliers,1069509
2013,377,Luke Harangody,PF,Cleveland Cavaliers,1054389
2013,378,DeJuan Blair,C,San Antonio Spurs,1054000
2013,379,Arnett Moultrie,PF,Philadelphia 76ers,1042320
2013,380,Quinton Ross,SF,Brooklyn Nets,1033342
2013,381,Jawad Williams,SF,Cleveland Cavaliers,1029389
2013,382,Festus Ezeli,C,Golden State Warriors,1020960
2013,383,Kyle Singler,F,Detroit Pistons,1000000
2013,384,Jon Brockman,PF,Houston Rockets,1000000
2013,385,C.J. Watson,PG,Brooklyn Nets,992680
2013,386,Brandan Wright,F,Dallas Mavericks,992680
2013,387,Ivan Johnson,PF,Atlanta Hawks,962195
2013,388,Daniel Orton,C,Oklahoma City Thunder,916099
2013,389,Ish Smith,PG,Milwaukee Bucks,910941
2013,390,Chandler Parsons,SF,Houston Rockets,888250
2013,391,Chase Budinger,SF,Minnesota Timberwolves,885120
2013,392,Henry Walker,SF,Miami Heat,885120
2013,393,DeMarre Carroll,F,Utah Jazz,885120
2013,394,Alexander Johnson,SF,Miami Heat,885120
2013,395,Pops Mensah-Bonsu,PF,Denver Nuggets,885120
2013,396,Salim Stoudamire,SG,Atlanta Hawks,884881
2013,397,Ryan Hollins,C,LA Clippers,884293
2013,398,Garrett Temple,G,Washington Wizards,884293
2013,399,Nazr Mohammed,C,Chicago Bulls,884293
2013,400,Malcolm Thomas,PF,Chicago Bulls,884293
2013,401,Malcolm Lee,SG,Minnesota Timberwolves,884293
2013,402,E'Twaun Moore,G,Orlando Magic,884293
2013,403,DeAndre Liggins,G,Oklahoma City Thunder,884293
2013,404,P.J. Tucker,PF,Phoenix Suns,884293
2013,405,Patrick Ewing Jr.,SF,New Orleans Pelicans,884293
2013,406,Lance Stephenson,G,Indiana Pacers,870000
2013,407,Quincy Douby,SG,Sacramento Kings,855189
2013,408,Marcus Haislip,F,San Antonio Spurs,855189
2013,409,Mouhamed Sene,C,New York Knicks,855189
2013,410,Anthony Roberson,SG,Chicago Bulls,855189
2013,411,Javaris Crittenton,PG,Washington Wizards,854389
2013,412,Darius Miles,SF,Memphis Grizzlies,854389
2013,413,Kyle Weaver,SG,Memphis Grizzlies,854389
2013,414,Luke Jackson,SF,Miami Heat,854389
2013,415,Josh Davis,SF,Memphis Grizzlies,854389
2013,416,Kenny Thomas,PF,Sacramento Kings,854389
2013,417,Jamaal Magloire,C,Toronto Raptors,854389
2013,418,Melvin Ely,C,Washington Wizards,854389
2013,419,Maurice Evans,SG,Washington Wizards,854389
2013,420,Hassan Whiteside,C,Utah Jazz,854389
2013,421,Trey Gilder,SF,Utah Jazz,854389
2013,422,Mike Harris,SF,Utah Jazz,854389
2013,423,Dwayne Jones II,PF,Utah Jazz,854389
2013,424,Royal Ivey,PG,Philadelphia 76ers,854389
2013,425,Derrick Brown,SF,San Antonio Spurs,854389
2013,426,Malik Hairston,SG,San Antonio Spurs,854389
2013,427,Darryl Watkins,C,New Orleans Pelicans,854389
2013,428,Trey Johnson,SG,Sacramento Kings,854389
2013,429,Antoine Wright,SF,Sacramento Kings,854389
2013,430,Sean May,C,Sacramento Kings,854389
2013,431,Luther Head,PG,Sacramento Kings,854389
2013,432,Roger Mason Jr.,SG,New Orleans Hornets,854389
2013,433,Coby Karl,PG,Denver Nuggets,854389
2013,434,Craig Smith,PF,Portland Trail Blazers,854389
2013,435,Fabricio Oberto,C,Portland Trail Blazers,854389
2013,436,A.J. Price,PG,Washington Wizards,854389
2013,437,Leandro Barbosa,G,Boston Celtics,854389
2013,438,Sonny Weems,SG,Philadelphia 76ers,854389
2013,439,Keith Bogans,SG,Brooklyn Nets,854389
2013,440,Francisco Elson,C,Philadelphia 76ers,854389
2013,441,Tony Battie,C,Philadelphia 76ers,854389
2013,442,Larry Hughes,SG,Orlando Magic,854389
2013,443,Malik Allen,PF,Orlando Magic,854389
2013,444,James White,SG,New York Knicks,854389
2013,445,Didier Ilunga-Mbenga,C,New York Knicks,854389
2013,446,Rasheed Wallace,PF,New York Knicks,854389
2013,447,Baron Davis,PG,New York Knicks,854389
2013,448,Mike Bibby,PG,Memphis Grizzlies,854389
2013,449,Andray Blatche,C,Brooklyn Nets,854389
2013,450,Jason Collins,C,Washington Wizards,854389
2013,451,Jerry Stackhouse,SF,Brooklyn Nets,854389
2013,452,Marko Jaric,PG,Brooklyn Nets,854389
2013,453,Kyrylo Fesenko,C,Minnesota Timberwolves,854389
2013,454,Shelden Williams,C,Brooklyn Nets,854389
2013,455,Maurice Ager,SF,Minnesota Timberwolves,854389
2013,456,Rasual Butler,SF,Minnesota Timberwolves,854389
2013,457,Marquis Daniels,SG,Milwaukee Bucks,854389
2013,458,Josh Powell,PF,Milwaukee Bucks,854389
2013,459,Joel Przybilla,C,Milwaukee Bucks,854389
2013,460,Dan Gadzuric,C,Los Angeles Lakers,854389
2013,461,Joe Smith,PF,Los Angeles Lakers,854389
2013,462,Theo Ratliff,C,Los Angeles Lakers,854389
2013,463,Alan Anderson,SG,Toronto Raptors,854389
2013,464,Sundiata Gaines,PG,Indiana Pacers,854389
2013,465,Darnell Jackson,PF,Indiana Pacers,854389
2013,466,Blake Ahearn,G,Indiana Pacers,854389
2013,467,Damien Wilkins,SG,Philadelphia 76ers,854389
2013,468,Joe Alexander,SF,Golden State Warriors,854389
2013,469,Jason Kapono,SG,Golden State Warriors,854389
2013,470,T.J. Ford,PG,Golden State Warriors,854389
2013,471,Jermaine O'Neal,C,Phoenix Suns,854389
2013,472,Jonny Flynn,PG,Portland Trail Blazers,854389
2013,473,Cartier Martin,PF,Washington Wizards,854389
2013,474,Brian Cook,PF,Detroit Pistons,854389
2013,475,Joey Dorsey,PF,Barcelona FC Barcelona,854389
2013,476,Josh Childress,F,Brooklyn Nets,854389
2013,477,Anthony Carter,PG,Denver Nuggets,854389
2013,478,Delonte West,SG,Dallas Mavericks,854389
2013,479,Eddy Curry,NA,Dallas Mavericks,854389
2013,480,Tim Thomas,PF,Dallas Mavericks,854389
2013,481,Brian Cardinal,PF,Dallas Mavericks,854389
2013,482,Samardo Samuels,PF,Cleveland Cavaliers,854389
2013,483,Chris Richard,PF,Chicago Bulls,854389
2013,484,Ronnie Brewer,SF,Oklahoma City Thunder,854389
2013,485,Brian Scalabrine,PF,Chicago Bulls,854389
2013,486,Vladimir Radmanovic,SF,Chicago Bulls,854389
2013,487,Anthony Tolliver,PF,Atlanta Hawks,854389
2013,488,D.J. Strawberry,SG,Phoenix Suns,854389
2013,489,Rodney Carney,SG,New Orleans Pelicans,854389
2013,490,Nate Robinson,PG,Chicago Bulls,854389
2013,491,Darko Milicic,C,Boston Celtics,854389
2013,492,Chris Wilcox,PF,Boston Celtics,854389
2013,493,Gary Neal,PG,San Antonio Spurs,854389
2013,494,Dexter Pittman,C,Memphis Grizzlies,854389
2013,495,Earl Barron,C,New York Knicks,854389
2013,496,Etan Thomas,C,Atlanta Hawks,854389
2013,497,Draymond Green,F,Golden State Warriors,850000
2013,498,Troy Murphy,PF,Dallas Mavericks,839312
2013,499,Solomon Alabi,C,Philadelphia 76ers,830000
2013,500,Michael Redd,SG,Phoenix Suns,826828
2013,501,Paul Davis,C,Washington Wizards,825497
2013,502,Kevin Ollie,PG,Oklahoma City Thunder,825497
2013,503,Ryan Bowen,SF,Oklahoma City Thunder,825497
2013,504,Desmond Mason,SF,Sacramento Kings,825497
2013,505,Linton Johnson,PF,Chicago Bulls,825497
2013,506,Jason Hart,PG,New Orleans Pelicans,825497
2013,507,Kareem Rush,SG,LA Clippers,825497
2013,508,Jermareo Davidson,PF,Golden State Warriors,825497
2013,509,Marcus Williams,SG,Denver Nuggets,825497
2013,510,Lindsey Hunter,SG,Phoenix Suns,825497
2013,511,Tyler Honeycutt,SF,Sacramento Kings,809875
2013,512,Sean Marks,PF,Portland Trail Blazers,799105
2013,513,Ike Diogu,PF,New York Knicks,792377
2013,514,Solomon Jones,PF,New York Knicks,792377
2013,515,Jeffery Taylor,SF,Charlotte Bobcats,788872
2013,516,Andy Rautins,SG,Toronto Raptors,788872
2013,517,Marcus Cousin,C,San Antonio Spurs,788872
2013,518,Da'Sean Butler,NA,null Unknown,788872
2013,519,Robert Vaden,SG,San Antonio Spurs,788872
2013,520,Zabian Dowdell,PG,Phoenix Suns,788872
2013,521,Terrico White,G,Perth Perth,788872
2013,522,Kyle O'Quinn,C,Orlando Magic,788872
2013,523,Jarvis Varnado,PF,Boston Celtics,788872
2013,524,Marqus Blakely,SF,Houston Rockets,788872
2013,525,Willie Warren,SG,LA Clippers,788872
2013,526,Maalik Wayns,PG,LA Clippers,788872
2013,527,Doron Lamb,SG,Orlando Magic,788872
2013,528,Robert Sacre,C,Los Angeles Lakers,788872
2013,529,Pape Sy,SF,Atlanta Hawks,788872
2013,530,Magnum Rolle,NA,null Unknown,788872
2013,531,Jermaine Taylor,SG,Cleveland Cavaliers,780871
2013,532,Josh Howard,SF,Minnesota Timberwolves,773976
2013,533,Shaun Livingston,G,Cleveland Cavaliers,773976
2013,534,Yi Jianlian,SF,Los Angeles Lakers,771706
2013,535,Cory Higgins,PG,Charlotte Bobcats,762195
2013,536,D.J. Kennedy,SG,Memphis Grizzlies,762195
2013,537,Travis Leslie,PG,Utah Jazz,762195
2013,538,Brian Butch,C,Utah Jazz,762195
2013,539,Hamady Ndiaye,C,Sacramento Kings,762195
2013,540,Isaiah Thomas,G,Sacramento Kings,762195
2013,541,Jerome Dyson,PG,Phoenix Suns,762195
2013,542,Garret Siler,C,Phoenix Suns,762195
2013,543,Taylor Griffin,PF,Phoenix Suns,762195
2013,544,Charles Jenkins,PG,Philadelphia 76ers,762195
2013,545,Justin Harper,PF,Philadelphia 76ers,762195
2013,546,Mickell Gladness,C,Orlando Magic,762195
2013,547,Mychel Thompson,SF,New York Knicks,762195
2013,548,Lance Thomas,F,New Orleans Hornets,762195
2013,549,Jordan Williams,C,Bilbao Basket,762195
2013,550,Greg Smith,PF,Houston Rockets,762195
2013,551,Jon Leuer,F,Memphis Grizzlies,762195
2013,552,Darington Hobson,SG,Milwaukee Bucks,762195
2013,553,Kenny Hasbrouck,NA,null Unknown,762195
2013,554,Derrick Caracter,PF,Flamengo Flamengo,762195
2013,555,Trey Thompkins,PF,LA Clippers,762195
2013,556,Courtney Fortson,PG,Houston Rockets,762195
2013,557,Jeremy Tyler,C,Atlanta Hawks,762195
2013,558,Diamon Simpson,SF,Houston Rockets,762195
2013,559,Xavier Silas,G,Denver Nuggets,762195
2013,560,Josh Selby,PG,Memphis Grizzlies,762195
2013,561,Semih Erden,C,Fenerbahce Ulker Fenerbahce Ulker,762195
2013,562,Julyan Stone,G,Denver Nuggets,762195
2013,563,Jerome Jordan,C,New Orleans Pelicans,762195
2013,564,Curtis Jerrells,NA,null Unknown,762195
2013,565,Dontell Jefferson,SG,Charlotte Hornets,736420
2013,566,Mike Taylor,PG,LA Clippers,736420
2013,567,Joe Crawford,SG,New York Knicks,736420
2013,568,Sun Yue,SG,Los Angeles Lakers,736420
2013,569,Walter Sharpe,PF,Detroit Pistons,736420
2013,570,DeMarcus Nelson,SG,Chicago Bulls,736420
2013,571,Ime Udoka,F,Brooklyn Nets,708640
2013,572,Mickael Pietrus,SF,Toronto Raptors,698589
2013,573,Mike Wilks,PG,Oklahoma City Thunder,679821
2013,574,Brian Skinner,PF,Memphis Grizzlies,668434
2013,575,Quincy Acy,F,Toronto Raptors,665000
2013,576,Allen Iverson,SG,Philadelphia 76ers,650686
2013,577,Acie Law,PG,Golden State Warriors,633253
2013,578,Jae Crowder,PF,Dallas Mavericks,600491
2013,579,Chris Douglas-Roberts,SG,Dallas Mavericks,582995
2013,580,Will Barton,G,Portland Trail Blazers,550000
2013,581,Orlando Johnson,SG,Indiana Pacers,550000
2013,582,Lazar Hayward,SF,Minnesota Timberwolves,542788
2013,583,James Anderson,SG,Houston Rockets,532737
2013,584,Jason Williams,PG,Orlando Magic,524964
2013,585,Daequan Cook,SG,Chicago Bulls,512633
2013,586,Mike James,PG,Dallas Mavericks,502581
2013,587,Glen Rice Jr.,SG,Washington Wizards,490180
2013,588,Erik Jay Murphy,PF,Boston Celtics,490180
2013,589,Ryan Reid,PF,Oklahoma City Thunder,475000
2013,590,Brian Roberts,PG,New Orleans Hornets,473604
2013,591,Josh Akognon,PG,Dallas Mavericks,473604
2013,592,Steven Gray,G,Washington Wizards,473604
2013,593,Darius Miller,SF,New Orleans Hornets,473604
2013,594,Chris Wright,SF,Oklahoma City Thunder,473604
2013,595,Sherron Collins,PG,Charlotte Hornets,473604
2013,596,Kent Bazemore,SF,Golden State Warriors,473604
2013,597,Hollis Thompson,F,Sacramento Kings,473604
2013,598,Pooh Jeter,PG,Sacramento Kings,473604
2013,599,Diante Garrett,PG,Phoenix Suns,473604
2013,600,Luke Zeller,PF,Phoenix Suns,473604
2013,601,Devin Searcy,PF,Philadelphia 76ers,473604
2013,602,Mike Scott,PF,Atlanta Hawks,473604
2013,603,Kevin Murphy,SG,Utah Jazz,473604
2013,604,Stanley Robinson,NA,null Unknown,473604
2013,605,John Shurna,SF,New York Knicks,473604
2013,606,Oscar Bellfield,PG,New York Knicks,473604
2013,607,Chris Smith,PG,New York Knicks,473604
2013,608,Carleton Scott,SF,Brooklyn Nets,473604
2013,609,Dennis Horner,PF,Brooklyn Nets,473604
2013,610,Stephen Dennis,PG,Brooklyn Nets,473604
2013,611,Brian Zoubek,NA,null Unknown,473604
2013,612,James Mays,PF,Brooklyn Nets,473604
2013,613,Darius Johnson-Odom,G,Los Angeles Lakers,473604
2013,614,Micheal Eric,PF,Milwaukee Bucks,473604
2013,615,Khris Middleton,F,Detroit Pistons,473604
2013,616,Tiny Gallon,NA,null Unknown,473604
2013,617,Robert Dozier,PF,Miami Heat,473604
2013,618,Greg Somogyi,C,Los Angeles Lakers,473604
2013,619,Reeves Nelson,SF,Los Angeles Lakers,473604
2013,620,DeQuan Jones,SF,Orlando Magic,473604
2013,621,Luke Nevill,C,Indiana Pacers,473604
2013,622,Pablo Prigioni,PG,New York Knicks,473604
2013,623,Matt Janning,SG,Denver Nuggets,473604
2013,624,Tu Holloway,NA,null Unknown,473604
2013,625,Bernard James,C,Dallas Mavericks,473604
2013,626,Dionte Christmas,SG,Philadelphia 76ers,473604
2013,627,Ben Hansbrough,PG,Indiana Pacers,473604
2013,628,Tornike Shengelia,SF,Brooklyn Nets,473604
2013,629,Kim English,SG,Detroit Pistons,473604
2013,630,Chris Copeland,SF,New York Knicks,473604
2013,631,Tyshawn Taylor,PG,Brooklyn Nets,473604
2013,632,Vernon Macklin,PF,New Orleans Pelicans,473604
2013,633,Jamar Smith,SG,Boston Celtics,473604
2013,634,Ismail Muhammad,SG,Atlanta Hawks,473604
2013,635,Carldell Johnson,PG,Atlanta Hawks,473604
2013,636,Marcus Landry,SF,Milwaukee Bucks,457588
2013,637,Deron Washington,NA,null Unknown,457588
2013,638,Sam Young,SF,Indiana Pacers,402065
2013,639,Peja Stojakovic,SF,Dallas Mavericks,402065
2013,640,Kevin Jones,PF,Cleveland Cavaliers,390027
2013,641,Walker Russell Jr.,PG,Oklahoma City Thunder,374300
2013,642,Mickael Gelabale,SF,Minnesota Timberwolves,346781
2013,643,Chris Johnson,C,Minnesota Timberwolves,346781
2013,644,Patrick Beverley,PG,Houston Rockets,281376
2013,645,Jeremy Pargo,PG,Philadelphia 76ers,264527
2013,646,Gilbert Arenas,PG,Memphis Grizzlies,261829
2013,647,Derek Fisher,PG,Oklahoma City Thunder,261343
2013,648,Manny Harris,PG,Dallas Mavericks,252016
2013,649,Terrence Williams,SG,Boston Celtics,244710
2013,650,Aron Baynes,C,San Antonio Spurs,239588
2013,651,Bobby Simmons,SF,LA Clippers,234268
2013,652,Mustafa Shakur,PG,Oklahoma City Thunder,226162
2013,653,Earl Boykins,PG,Houston Rockets,220487
2013,654,Al Thornton,SF,Golden State Warriors,211084
2013,655,Travis Diener,PG,Portland Trail Blazers,208802
2013,656,Leon Powe,PF,Memphis Grizzlies,201033
2013,657,Ben Uzoh,PG,Denver Nuggets,190548
2013,658,Lou Amundson,PF,New Orleans Hornets,185955
2013,659,Kenyon Martin,F,New York Knicks,170878
2013,660,Chris Quinn,PG,Cleveland Cavaliers,169340
2013,661,Shavlik Randolph,PF,Boston Celtics,163500
2013,662,D.J. White,PF,Boston Celtics,156234
2013,663,James Singleton,F,Washington Wizards,151585
2013,664,Tim Ohlbrecht,PF,Houston Rockets,144867
2013,665,Juwan Howard,PF,Miami Heat,135697
2013,666,Armon Johnson,PG,Brooklyn Nets,104494
2013,667,Shelvin Mack,G,Atlanta Hawks,103121
2013,668,Terrel Harris,SG,New Orleans Hornets,94154
2013,669,Morris Almond,SG,Washington Wizards,75793
2013,670,Mikki Moore,C,Golden State Warriors,75793
2013,671,Keyon Dooling,PG,Memphis Grizzlies,75387
2013,672,DaJuan Summers,SF,LA Clippers,72892
2013,673,Damion James,SF,Brooklyn Nets,68902
2013,674,Dominic McGuire,PF,Indiana Pacers,68902
2013,675,Josh Harrellson,C,Miami Heat,61467
2013,676,Donald Sloan,G,New Orleans Hornets,61467
2013,678,Lester Hudson,SG,LA Clippers,48232
2013,679,Justin Holiday,F,Philadelphia 76ers,47360
2013,680,Jerel McNeal,SG,Utah Jazz,44835
2013,681,Cedric Jackson,G,Cleveland Cavaliers,40375
2013,682,Jeff Foote,C,New Orleans Pelicans,38194
2013,683,Othyus Jeffers,SG,Minnesota Timberwolves,35868
2013,684,Henry Sims,C,New Orleans Hornets,27859
2013,685,Kris Joseph,SF,Brooklyn Nets,27859
2013,687,Larry Owens,SF,Brooklyn Nets,22287
2013,688,Mario West,SG,Brooklyn Nets,20103
2014,1,Kobe Bryant,SF,Los Angeles Lakers,30453805
2014,2,Dirk Nowitzki,F,Dallas Mavericks,22721381
2014,3,Amar'e Stoudemire,C,New York Knicks,21679893
2014,4,Joe Johnson,G,Brooklyn Nets,21466718
2014,5,Carmelo Anthony,PF,New York Knicks,21388953
2014,6,Dwight Howard,C,Houston Rockets,20513178
2014,7,Pau Gasol,PF,Los Angeles Lakers,19285850
2014,8,Chris Bosh,PF,Miami Heat,19067500
2014,9,LeBron James,F,Miami Heat,19067500
2014,10,Dwyane Wade,G,Miami Heat,18673000
2014,11,Chris Paul,G,LA Clippers,18668431
2014,12,Deron Williams,PG,Brooklyn Nets,18466130
2014,13,Zach Randolph,F,Memphis Grizzlies,18238333
2014,14,Rudy Gay,SF,Sacramento Kings,17888932
2014,15,Kevin Durant,F,Oklahoma City Thunder,17832627
2014,16,Derrick Rose,PG,Chicago Bulls,17632688
2014,17,Blake Griffin,PF,LA Clippers,16441500
2014,18,Paul Pierce,SF,Brooklyn Nets,15333334
2014,19,Carlos Boozer,PF,Chicago Bulls,15300000
2014,20,LaMarcus Aldridge,C,Portland Trail Blazers,14878000
2014,21,Marc Gasol,C,Memphis Grizzlies,14860523
2014,22,Brook Lopez,C,Brooklyn Nets,14693906
2014,23,Kevin Love,F,Minnesota Timberwolves,14693906
2014,24,Russell Westbrook,G,Oklahoma City Thunder,14693906
2014,25,Emeka Okafor,C,Philadelphia 76ers,14487500
2014,26,Eric Gordon,G,New Orleans Pelicans,14283844
2014,27,Roy Hibbert,C,Indiana Pacers,14283844
2014,28,Luol Deng,F,Cleveland Cavaliers,14275000
2014,29,Tyson Chandler,C,New York Knicks,14100538
2014,30,Andrew Bogut,C,Golden State Warriors,14000000
2014,31,David Lee,PF,Golden State Warriors,13878000
2014,32,James Harden,G,Houston Rockets,13701250
2014,33,Al Jefferson,C,Charlotte Bobcats,13500000
2014,34,Josh Smith,PF,Detroit Pistons,13500000
2014,35,Nene Hilario,C,Washington Wizards,13000000
2014,36,Andre Iguodala,F,Golden State Warriors,12868632
2014,37,Tony Parker,G,San Antonio Spurs,12500000
2014,38,Kevin Garnett,PF,Brooklyn Nets,12433735
2014,39,Serge Ibaka,F,Oklahoma City Thunder,12350000
2014,40,Nikola Pekovic,C,Minnesota Timberwolves,12100000
2014,41,Kris Humphries,PF,Boston Celtics,12000000
2014,42,David West,F,Indiana Pacers,12000000
2014,43,Al Horford,C,Atlanta Hawks,12000000
2014,44,Rajon Rondo,PG,Boston Celtics,11954545
2014,45,Andrea Bargnani,C,New York Knicks,11862500
2014,46,Tyreke Evans,G,New Orleans Pelicans,11796247
2014,47,Nicolas Batum,F,Portland Trail Blazers,11295250
2014,48,Joakim Noah,C,Chicago Bulls,11100000
2014,49,Richard Jefferson,F,Utah Jazz,11046000
2014,50,DeAndre Jordan,C,LA Clippers,10986550
2014,51,Ty Lawson,G,Denver Nuggets,10786517
2014,52,JaVale McGee,C,Denver Nuggets,10750000
2014,53,Tim Duncan,C,San Antonio Spurs,10361446
2014,54,Danilo Gallinari,PF,Milwaukee Bucks,10146925
2014,55,Gerald Wallace,SF,Boston Celtics,10105855
2014,56,Tiago Splitter,C,San Antonio Spurs,10000000
2014,57,Stephen Curry,G,Golden State Warriors,9887642
2014,58,Jrue Holiday,G,New Orleans Pelicans,9713484
2014,59,Paul Millsap,PF,Atlanta Hawks,9500000
2014,60,DeMar DeRozan,G,Toronto Raptors,9500000
2014,61,Shawn Marion,SG,Dallas Mavericks,9316796
2014,62,Steve Nash,PG,Los Angeles Lakers,9300500
2014,63,Anderson Varejao,C,Cleveland Cavaliers,9036364
2014,64,Thaddeus Young,F,Philadelphia 76ers,8850000
2014,65,Kendrick Perkins,C,Oklahoma City Thunder,8727437
2014,66,Jeff Green,F,Boston Celtics,8700000
2014,67,Mike Conley,G,Memphis Grizzlies,8600001
2014,68,Charlie Villanueva,PF,Detroit Pistons,8580000
2014,69,Rodney Stuckey,PG,Detroit Pistons,8500000
2014,70,Jeremy Lin,G,Houston Rockets,8374646
2014,71,Omer Asik,C,Houston Rockets,8374646
2014,72,Ryan Anderson,PF,New Orleans Pelicans,8308500
2014,73,Marcus Thornton,SG,Brooklyn Nets,8050000
2014,74,Jeff Teague,PG,Atlanta Hawks,8000000
2014,75,O.J. Mayo,SG,Milwaukee Bucks,8000000
2014,76,George Hill,PG,Indiana Pacers,8000000
2014,77,Monta Ellis,SG,Dallas Mavericks,8000000
2014,78,Ersan Ilyasova,PF,Milwaukee Bucks,7900000
2014,79,Trevor Ariza,SF,Washington Wizards,7727280
2014,80,Marcin Gortat,C,Washington Wizards,7727280
2014,81,Brandon Jennings,G,Detroit Pistons,7655503
2014,82,John Salmons,SF,Toronto Raptors,7583000
2014,83,Taj Gibson,F,Chicago Bulls,7550000
2014,84,Manu Ginobili,G,San Antonio Spurs,7500000
2014,85,Arron Afflalo,G,Orlando Magic,7500000
2014,86,Goran Dragic,PG,Phoenix Suns,7500000
2014,87,Marvin Williams,F,Utah Jazz,7500000
2014,88,John Wall,PG,Washington Wizards,7459925
2014,89,Tayshaun Prince,SF,Memphis Grizzlies,7235955
2014,90,Wesley Matthews,SG,Portland Trail Blazers,6875480
2014,91,Jose Calderon,G,Dallas Mavericks,6791570
2014,92,Kyle Korver,G,Atlanta Hawks,6760563
2014,93,Evan Turner,G,Indiana Pacers,6679867
2014,94,Kevin Martin,SG,Minnesota Timberwolves,6500000
2014,95,Carl Landry,PF,Sacramento Kings,6500000
2014,96,Amir Johnson,F,Toronto Raptors,6500000
2014,97,Spencer Hawes,PF,Cleveland Cavaliers,6500000
2014,98,JJ Redick,SG,LA Clippers,6500000
2014,99,Brandon Bass,PF,Boston Celtics,6450000
2014,100,Channing Frye,F,Phoenix Suns,6400000
2014,101,Wilson Chandler,F,Denver Nuggets,6344164
2014,102,Jarrett Jack,G,Cleveland Cavaliers,6300000
2014,103,Landry Fields,SG,Toronto Raptors,6250000
2014,104,Kyle Lowry,G,Toronto Raptors,6210000
2014,105,Jason Richardson,SG,Atlanta Hawks,6204250
2014,106,Derrick Favors,F,Utah Jazz,6008196
2014,107,Gerald Henderson,SG,Charlotte Bobcats,6000000
2014,108,Robin Lopez,C,Portland Trail Blazers,5904261
2014,109,Chuck Hayes,PF,Toronto Raptors,5722500
2014,110,Jason Thompson,PF,Sacramento Kings,5643750
2014,111,Jason Terry,G,Brooklyn Nets,5625313
2014,112,Kyrie Irving,G,Cleveland Cavaliers,5607240
2014,113,JR Smith,G,New York Knicks,5565000
2014,114,Anthony Davis,F,New Orleans Pelicans,5375760
2014,115,Anthony Bennett,F,Cleveland Cavaliers,5324280
2014,116,Jamal Crawford,G,LA Clippers,5225000
2014,117,Courtney Lee,G,Memphis Grizzlies,5225000
2014,118,Lou Williams,SG,Atlanta Hawks,5225000
2014,119,Zaza Pachulia,C,Milwaukee Bucks,5200000
2014,120,JJ Hickson,C,Denver Nuggets,5150000
2014,121,Martell Webster,SF,Washington Wizards,5150000
2014,122,Keith Bogans,SG,Boston Celtics,5058198
2014,123,Derrick Williams,PF,Sacramento Kings,5016960
2014,124,Ramon Sessions,G,Milwaukee Bucks,5000000
2014,125,Andre Miller,PG,Washington Wizards,5000000
2014,126,Corey Brewer,F,Minnesota Timberwolves,5000000
2014,127,Chase Budinger,SF,Minnesota Timberwolves,5000000
2014,128,Brandan Wright,F,Dallas Mavericks,5000000
2014,129,DeMarcus Cousins,C,Sacramento Kings,4916974
2014,130,Michael Kidd-Gilchrist,F,Charlotte Bobcats,4809840
2014,131,Victor Oladipo,SG,Orlando Magic,4763760
2014,132,Boris Diaw,C,San Antonio Spurs,4702500
2014,133,J.J. Barea,G,Minnesota Timberwolves,4687000
2014,134,Luc Mbah a Moute,F,Minnesota Timberwolves,4588384
2014,135,Luis Scola,F,Indiana Pacers,4508504
2014,136,Enes Freedom,C,Utah Jazz,4505280
2014,137,Jonas Jerebko,F,Detroit Pistons,4500000
2014,138,Tony Allen,SG,Memphis Grizzlies,4494383
2014,139,Ekpe Udoh,F,Milwaukee Bucks,4469548
2014,140,Luke Ridnour,PG,Charlotte Bobcats,4420000
2014,141,Timofey Mozgov,C,Denver Nuggets,4400000
2014,142,Udonis Haslem,PF,Miami Heat,4340000
2014,143,Bradley Beal,G,Washington Wizards,4319280
2014,144,Otto Porter Jr.,SF,Washington Wizards,4278000
2014,145,Jared Dudley,SF,LA Clippers,4250000
2014,146,Greg Monroe,C,Detroit Pistons,4086454
2014,147,Tristan Thompson,C,Cleveland Cavaliers,4062000
2014,148,Kirk Hinrich,SG,Chicago Bulls,4059000
2014,149,Ian Mahinmi,C,Indiana Pacers,4000000
2014,150,Elton Brand,PF,Atlanta Hawks,4000000
2014,151,Mario Chalmers,G,Miami Heat,4000000
2014,152,Steve Blake,PG,Golden State Warriors,4000000
2014,153,Matt Bonner,C,San Antonio Spurs,3945000
2014,154,Thabo Sefolosha,F,Oklahoma City Thunder,3900000
2014,155,Dion Waiters,G,Cleveland Cavaliers,3894240
2014,156,Cody Zeller,C,Charlotte Bobcats,3857040
2014,157,Danny Green,F,San Antonio Spurs,3762500
2014,158,Steve Novak,SF,Toronto Raptors,3750000
2014,159,Al-Farouq Aminu,SF,New Orleans Pelicans,3749602
2014,160,Samuel Dalembert,C,Dallas Mavericks,3700748
2014,161,Ricky Rubio,PG,Minnesota Timberwolves,3678358
2014,162,Raymond Felton,G,New York Knicks,3637073
2014,163,Jonas Valanciunas,C,Toronto Raptors,3526440
2014,164,Thomas Robinson,F,Portland Trail Blazers,3526440
2014,165,Marreese Speights,F,Golden State Warriors,3500000
2014,166,Jordan Hill,C,Los Angeles Lakers,3500000
2014,167,Gerald Green,G,Phoenix Suns,3500000
2014,168,Alex Len,C,Phoenix Suns,3492720
2014,169,Gordon Hayward,SF,Utah Jazz,3452183
2014,170,Jan Vesely,PF,Denver Nuggets,3340920
2014,171,Paul George,F,Indiana Pacers,3282003
2014,172,Shane Battier,SF,Miami Heat,3270000
2014,173,Carlos Delfino,SG,LA Clippers,3250000
2014,174,Matt Barnes,SF,LA Clippers,3250000
2014,175,Alonzo Gee,SF,Cleveland Cavaliers,3250000
2014,176,Gary Neal,PG,Charlotte Bobcats,3250000
2014,177,Darrell Arthur,F,Denver Nuggets,3231683
2014,178,Mirza Teletovic,PF,Brooklyn Nets,3229050
2014,179,Ray Allen,SG,Miami Heat,3229050
2014,180,Damian Lillard,G,Portland Trail Blazers,3202920
2014,181,Tyler Hansbrough,PF,Toronto Raptors,3183000
2014,182,Chris Kaman,C,Los Angeles Lakers,3183000
2014,183,Andrei Kirilenko,SF,Brooklyn Nets,3183000
2014,184,Mike Dunleavy,SG,Chicago Bulls,3183000
2014,185,Vince Carter,G,Dallas Mavericks,3180000
2014,186,Nerlens Noel,C,Sacramento Kings,3172320
2014,187,Ed Davis,C,Memphis Grizzlies,3153860
2014,188,Alexey Shved,PG,Minnesota Timberwolves,3150000
2014,189,Jerryd Bayless,G,Boston Celtics,3135000
2014,190,Patrick Patterson,PF,Toronto Raptors,3105302
2014,191,Lavoy Allen,F,Indiana Pacers,3060000
2014,192,Larry Sanders,PF,Milwaukee Bucks,3053368
2014,193,Bismack Biyombo,C,Charlotte Bobcats,3049920
2014,194,Kosta Koufos,C,Memphis Grizzlies,3000000
2014,195,Travis Outlaw,SF,Sacramento Kings,3000000
2014,196,Randy Foye,SG,Denver Nuggets,3000000
2014,197,Dorell Wright,SF,Portland Trail Blazers,3000000
2014,198,Chris Copeland,SF,Indiana Pacers,3000000
2014,199,Harrison Barnes,F,Golden State Warriors,2923920
2014,200,Joel Freeland,C,Portland Trail Blazers,2897976
2014,201,Ben McLemore,SG,Sacramento Kings,2895960
2014,202,Brandon Knight,PG,Milwaukee Bucks,2793960
2014,203,Will Bynum,PG,Detroit Pistons,2790343
2014,204,Kevin Seraphin,C,Washington Wizards,2761114
2014,205,Marco Belinelli,G,San Antonio Spurs,2750000
2014,206,Aaron Gray,C,Sacramento Kings,2690875
2014,207,Terrence Ross,G,Toronto Raptors,2678640
2014,208,Kentavious Caldwell-Pope,G,Detroit Pistons,2653080
2014,209,Wayne Ellington,SG,Dallas Mavericks,2652000
2014,210,Mo Williams,PG,Portland Trail Blazers,2652000
2014,211,Eric Bledsoe,SG,Phoenix Suns,2626474
2014,212,Nick Collison,F,Oklahoma City Thunder,2585668
2014,213,Kemba Walker,PG,Charlotte Bobcats,2568360
2014,214,DeMarre Carroll,F,Atlanta Hawks,2557545
2014,215,Avery Bradley,PG,Boston Celtics,2511432
2014,216,Chauncey Billups,PG,Detroit Pistons,2500000
2014,217,Jason Smith,F,New Orleans Pelicans,2500000
2014,218,Andre Drummond,C,Detroit Pistons,2465400
2014,219,Trey Burke,PG,Utah Jazz,2438760
2014,220,Trevor Booker,F,Washington Wizards,2350820
2014,221,Austin Rivers,SG,New Orleans Pelicans,2339040
2014,222,Klay Thompson,G,Golden State Warriors,2317920
2014,223,CJ McCollum,G,Portland Trail Blazers,2316720
2014,224,Quincy Pondexter,F,Memphis Grizzlies,2225479
2014,225,CJ Miles,G,Cleveland Cavaliers,2225000
2014,226,Meyers Leonard,C,Portland Trail Blazers,2222160
2014,227,Alec Burks,SG,Utah Jazz,2202000
2014,228,Michael Carter-Williams,G,Philadelphia 76ers,2200920
2014,229,Dante Cunningham,F,Minnesota Timberwolves,2180000
2014,230,Jordan Crawford,G,Golden State Warriors,2162419
2014,231,Greivis Vasquez,PG,Toronto Raptors,2150188
2014,232,Jeremy Lamb,SG,Oklahoma City Thunder,2111160
2014,233,Markieff Morris,PF,Phoenix Suns,2091840
2014,234,Steven Adams,C,Oklahoma City Thunder,2090880
2014,235,Brendan Haywood,C,Portland Trail Blazers,2050000
2014,236,C.J. Watson,PG,Indiana Pacers,2016000
2014,237,Nate Robinson,PG,Denver Nuggets,2016000
2014,238,Jermaine O'Neal,C,Golden State Warriors,2000000
2014,239,Vitor Faverani,C,Boston Celtics,2000000
2014,240,Marcus Morris Sr.,F,Phoenix Suns,1987320
2014,241,Kelly Olynyk,F,Boston Celtics,1986360
2014,242,John Henson,F,Milwaukee Bucks,1905360
2014,243,Darren Collison,PG,LA Clippers,1900000
2014,244,Kawhi Leonard,F,San Antonio Spurs,1887840
2014,245,Shabazz Muhammad,F,Minnesota Timberwolves,1887120
2014,246,Maurice Harkless,SF,Orlando Magic,1809840
2014,247,Nikola Vucevic,C,Orlando Magic,1793520
2014,248,Giannis Antetokounmpo,F,Milwaukee Bucks,1792560
2014,249,Anthony Randolph,SF,Denver Nuggets,1750000
2014,250,Jeff Ayres,F,San Antonio Spurs,1750000
2014,251,Luigi Datome,SF,Detroit Pistons,1750000
2014,252,Iman Shumpert,G,New York Knicks,1703760
2014,253,Reggie Evans,C,Sacramento Kings,1695635
2014,254,Jeremy Evans,F,Utah Jazz,1660257
2014,255,Tyler Zeller,C,Cleveland Cavaliers,1633440
2014,256,Chris Singleton,SF,Washington Wizards,1618680
2014,257,Toney Douglas,PG,Miami Heat,1600000
2014,258,John Lucas III,PG,Utah Jazz,1600000
2014,259,Pablo Prigioni,PG,New York Knicks,1591350
2014,260,Jodie Meeks,G,Los Angeles Lakers,1550000
2014,261,Tobias Harris,F,Orlando Magic,1545840
2014,262,Shane Larkin,G,Dallas Mavericks,1536960
2014,263,Ronny Turiaf,C,Minnesota Timberwolves,1500000
2014,264,Miroslav Raduljica,C,Milwaukee Bucks,1500000
2014,265,James Jones,SG,Miami Heat,1500000
2014,266,Gustavo Ayon,PF,Atlanta Hawks,1500000
2014,267,Sergey Karasev,SG,Cleveland Cavaliers,1467840
2014,268,Nando De Colo,G,Toronto Raptors,1463000
2014,269,Evan Fournier,SG,Denver Nuggets,1422720
2014,270,Tony Snell,SF,Chicago Bulls,1409040
2014,271,Willie Green,SG,LA Clippers,1399507
2014,272,Rashard Lewis,PF,Miami Heat,1399507
2014,273,Chris Andersen,PF,Miami Heat,1399507
2014,274,Scotty Hopson,G,Cleveland Cavaliers,1388400
2014,275,Andray Blatche,C,Brooklyn Nets,1375604
2014,276,Kenneth Faried,F,Denver Nuggets,1367640
2014,277,Jared Sullinger,C,Boston Celtics,1365720
2014,278,Gorgui Dieng,C,Minnesota Timberwolves,1352640
2014,279,Dennis Schroder,G,Atlanta Hawks,1348200
2014,280,Victor Claver,PF,Portland Trail Blazers,1330000
2014,281,Mason Plumlee,C,Brooklyn Nets,1298640
2014,282,Francisco Garcia,SG,Houston Rockets,1265977
2014,283,Reggie Jackson,PG,Oklahoma City Thunder,1260360
2014,284,John Jenkins,G,Atlanta Hawks,1258800
2014,285,Solomon Hill,SF,Indiana Pacers,1246680
2014,286,MarShon Brooks,G,Los Angeles Lakers,1210080
2014,287,Hasheem Thabeet,C,Oklahoma City Thunder,1200000
2014,288,Pero Antic,PF,Atlanta Hawks,1200000
2014,289,Tim Hardaway Jr.,G,New York Knicks,1196760
2014,290,Jordan Hamilton,SG,Houston Rockets,1169880
2014,291,Tony Wroten,SG,Philadelphia 76ers,1160040
2014,292,Reggie Bullock Jr.,SF,LA Clippers,1149000
2014,293,Patty Mills,PG,San Antonio Spurs,1133950
2014,294,Miles Plumlee,C,Phoenix Suns,1121520
2014,295,Cory Joseph,PG,San Antonio Spurs,1120920
2014,296,Jimmy Butler III,F,Chicago Bulls,1112880
2014,297,Nick Young,G,Los Angeles Lakers,1106942
2014,298,Arnett Moultrie,PF,Philadelphia 76ers,1089240
2014,299,Perry Jones,SF,Oklahoma City Thunder,1082520
2014,300,Rudy Gobert,C,Utah Jazz,1078800
2014,301,Marquis Teague,G,Brooklyn Nets,1074720
2014,302,Festus Ezeli,C,Portland Trail Blazers,1066920
2014,303,Archie Goodwin,SG,Phoenix Suns,1064400
2014,304,Nemanja Nedovic,PG,Golden State Warriors,1056720
2014,305,Kyle Singler,F,Detroit Pistons,1045000
2014,306,Anthony Morrow,SG,New Orleans Pelicans,1027424
2014,307,Lance Stephenson,G,Indiana Pacers,1005000
2014,308,Andrew Bynum,C,Indiana Pacers,1000000
2014,309,Ish Smith,PG,Phoenix Suns,951463
2014,310,Omri Casspi,F,Houston Rockets,947907
2014,311,Byron Mullens,C,Philadelphia 76ers,947907
2014,312,Alan Anderson,SG,Brooklyn Nets,947907
2014,313,Austin Daye,SF,San Antonio Spurs,947907
2014,314,Chandler Parsons,SF,Houston Rockets,926500
2014,315,Jon Leuer,F,Memphis Grizzlies,900000
2014,316,Shelvin Mack,G,Atlanta Hawks,884293
2014,317,Jannero Pargo,PG,Charlotte Bobcats,884293
2014,318,Ryan Hollins,C,LA Clippers,884293
2014,319,Garrett Temple,G,Washington Wizards,884293
2014,320,Josh Harrellson,C,Detroit Pistons,884293
2014,321,Wesley Johnson,F,Los Angeles Lakers,884293
2014,322,Nazr Mohammed,C,Chicago Bulls,884293
2014,323,Jordan Farmar,PG,Los Angeles Lakers,884293
2014,324,Earl Watson,PG,Portland Trail Blazers,884293
2014,325,Isaiah Thomas,G,Sacramento Kings,884293
2014,326,DeJuan Blair,C,Dallas Mavericks,884293
2014,327,E'Twaun Moore,G,Orlando Magic,884293
2014,328,Aaron Brooks,G,Denver Nuggets,884293
2014,329,Rasual Butler,SF,Indiana Pacers,884293
2014,330,Xavier Henry,SG,Los Angeles Lakers,884293
2014,331,Kenyon Martin,F,New York Knicks,884293
2014,332,Greg Oden,C,Miami Heat,884293
2014,333,P.J. Tucker,PF,Phoenix Suns,884293
2014,334,Shaun Livingston,G,Brooklyn Nets,884293
2014,335,Beno Udrih,PG,Memphis Grizzlies,884293
2014,336,Donald Sloan,G,Indiana Pacers,884293
2014,337,Mike Miller,SG,Memphis Grizzlies,884293
2014,338,Devin Harris,G,Dallas Mavericks,884293
2014,339,Julyan Stone,G,Toronto Raptors,884293
2014,340,Anthony Tolliver,PF,Charlotte Bobcats,884293
2014,341,Cole Aldrich,C,New York Knicks,884293
2014,342,Draymond Green,F,Golden State Warriors,875500
2014,343,Allen Crabbe,G,Portland Trail Blazers,825000
2014,344,Elliot Williams,SG,Philadelphia 76ers,797545
2014,345,Brian Roberts,PG,New Orleans Pelicans,788872
2014,346,Jeffery Taylor,SF,Charlotte Bobcats,788872
2014,347,Aron Baynes,C,San Antonio Spurs,788872
2014,348,Will Barton,G,Portland Trail Blazers,788872
2014,349,Henry Sims,C,Philadelphia 76ers,788872
2014,350,Darius Miller,SF,New Orleans Pelicans,788872
2014,351,Kent Bazemore,SF,Los Angeles Lakers,788872
2014,352,Quincy Acy,F,Sacramento Kings,788872
2014,353,Mike Scott,PF,Atlanta Hawks,788872
2014,354,Kyle O'Quinn,C,Orlando Magic,788872
2014,355,Khris Middleton,F,Milwaukee Bucks,788872
2014,356,Jae Crowder,PF,Dallas Mavericks,788872
2014,357,Patrick Beverley,PG,Houston Rockets,788872
2014,358,Bernard James,C,Dallas Mavericks,788872
2014,359,Robert Sacre,C,Los Angeles Lakers,788872
2014,360,Andre Roberson,F,Oklahoma City Thunder,740560
2014,361,Diante Garrett,PG,Utah Jazz,719266
2014,362,Malcolm Thomas,PF,Utah Jazz,702233
2014,363,Dwight Buycks,G,Toronto Raptors,700000
2014,364,Hilton Armstrong,PF,Golden State Warriors,660619
2014,365,Chris Douglas-Roberts,SG,Charlotte Bobcats,660619
2014,366,D.J. Augustin,G,Chicago Bulls,650215
2014,367,Alexis Ajinca,C,New Orleans Pelicans,635880
2014,368,James Johnson,PF,Memphis Grizzlies,634610
2014,369,Isaiah Canaan,G,Houston Rockets,570515
2014,370,Jeremy Tyler,C,New York Knicks,556584
2014,371,Kendall Marshall,PG,Los Angeles Lakers,547570
2014,372,Ricky Ledo,SG,Dallas Mavericks,544000
2014,373,Jamaal Franklin,F,Memphis Grizzlies,535000
2014,374,Ray McCallum,PG,Sacramento Kings,524616
2014,375,Carrick Felix,SG,Cleveland Cavaliers,510000
2014,376,Nate Wolters,PG,Milwaukee Bucks,500000
2014,377,Tony Mitchell,PF,Detroit Pistons,500000
2014,378,Nick Calathes,SG,Memphis Grizzlies,490180
2014,379,Glen Rice Jr.,SG,Washington Wizards,490180
2014,380,Matthew Dellavedova,G,Cleveland Cavaliers,490180
2014,381,James Southerland,SF,New Orleans Pelicans,490180
2014,382,Robert Covington,PF,Houston Rockets,490180
2014,383,Peyton Siva,PG,Detroit Pistons,490180
2014,384,Brandon Davies,PF,Philadelphia 76ers,490180
2014,385,Toure' Murry,SF,New York Knicks,490180
2014,386,Ryan Kelly,PF,Los Angeles Lakers,490180
2014,387,Phil Pressey,PG,Boston Celtics,490180
2014,388,Ognjen Kuzmic,C,Golden State Warriors,490180
2014,389,Robbie Hummel,SF,Minnesota Timberwolves,490180
2014,390,Jeff Withey,C,New Orleans Pelicans,490180
2014,391,Dionte Christmas,SG,Phoenix Suns,490180
2014,392,Ian Clark,G,Utah Jazz,490180
2014,393,Gal Mekel,PG,Dallas Mavericks,490180
2014,394,Erik Jay Murphy,PF,Chicago Bulls,490180
2014,395,Hollis Thompson,F,Philadelphia 76ers,473604
2014,396,Hedo Turkoglu,SF,LA Clippers,473357
2014,397,Leandro Barbosa,G,Phoenix Suns,410936
2014,398,Luke Babbitt,F,New Orleans Pelicans,387995
2014,399,Chris Johnson,SG,Boston Celtics,320189
2014,400,Shavlik Randolph,PF,Phoenix Suns,306037
2014,401,Dewayne Dedmon,C,Orlando Magic,300000
2014,402,Jason Collins,C,Brooklyn Nets,275691
2014,403,Danny Granger,SF,LA Clippers,249683
2014,404,Caron Butler,SF,Oklahoma City Thunder,244489
2014,405,Jimmer Fredette,G,Chicago Bulls,239279
2014,406,Shannon Brown,PG,New York Knicks,188438
2014,407,Jarvis Varnado,PF,Philadelphia 76ers,171696
2014,408,Troy Daniels,G,Houston Rockets,158588
2014,409,Mike Muscala,C,Atlanta Hawks,138404
2014,410,Cartier Martin,PF,Chicago Bulls,104034
2014,411,D.J. White,PF,Charlotte Bobcats,104028
2014,412,Justin Hamilton,C,Charlotte Bobcats,98036
2014,413,Chris Babb,SG,Boston Celtics,77852
2014,414,Ronnie Brewer,SF,Chicago Bulls,69792
2014,415,Damion James,SF,San Antonio Spurs,68902
2014,416,Mike James,PG,Chicago Bulls,57627
2014,417,Jorge Gutierrez,G,Brooklyn Nets,54785
2014,418,Drew Gooden,PF,Washington Wizards,52017
2014,419,Othyus Jeffers,SG,San Antonio Spurs,52017
2014,420,Lou Amundson,PF,Chicago Bulls,48854
2014,421,Jared Cunningham,G,Sacramento Kings,46404
2014,422,Melvin Ely,C,New Orleans Pelicans,29788
2014,423,Greg Smith,PF,Houston Rockets,15605
2014,424,Josh Powell,PF,Houston Rockets,13958
2014,425,Chris Wright,SF,Milwaukee Bucks,9281
2014,426,Lamar Odom,PF,New York Knicks,8232
2015,1,Kobe Bryant,SF,Los Angeles Lakers,23500000
2015,2,Joe Johnson,G,Brooklyn Nets,23180790
2015,3,Carmelo Anthony,PF,New York Knicks,22458401
2015,4,Dwight Howard,C,Houston Rockets,21436271
2015,5,Chris Bosh,PF,Miami Heat,20644400
2015,6,LeBron James,F,Cleveland Cavaliers,20644400
2015,7,Chris Paul,G,LA Clippers,20068563
2015,8,Deron Williams,PG,Brooklyn Nets,19754465
2015,9,Rudy Gay,SF,Sacramento Kings,19317326
2015,10,Kevin Durant,F,Oklahoma City Thunder,18995624
2015,11,Derrick Rose,PG,Chicago Bulls,18862876
2015,12,Blake Griffin,PF,LA Clippers,17674613
2015,13,Zach Randolph,F,Memphis Grizzlies,16500000
2015,14,LaMarcus Aldridge,C,Portland Trail Blazers,16006000
2015,15,Paul George,F,Indiana Pacers,15937290
2015,16,Marc Gasol,C,Memphis Grizzlies,15829688
2015,17,Kevin Love,F,Cleveland Cavaliers,15719063
2015,18,Brook Lopez,C,Brooklyn Nets,15719062
2015,19,Russell Westbrook,G,Oklahoma City Thunder,15719062
2015,20,David Lee,PF,Golden State Warriors,15012000
2015,21,Dwyane Wade,G,Miami Heat,15000000
2015,22,Eric Gordon,G,New Orleans Pelicans,14898938
2015,23,Roy Hibbert,C,Indiana Pacers,14898938
2015,24,Tyson Chandler,C,Dallas Mavericks,14846888
2015,25,Gordon Hayward,SF,Utah Jazz,14746000
2015,26,John Wall,PG,Washington Wizards,14746000
2015,27,DeMarcus Cousins,C,Sacramento Kings,14746000
2015,28,James Harden,G,Houston Rockets,14728844
2015,29,Chandler Parsons,SF,Dallas Mavericks,14700000
2015,30,Al Jefferson,C,Charlotte Hornets,13500000
2015,31,Eric Bledsoe,SG,Phoenix Suns,13000000
2015,32,Nene Hilario,C,Washington Wizards,13000000
2015,33,Andrew Bogut,C,Golden State Warriors,12972973
2015,34,Derrick Favors,F,Utah Jazz,12950000
2015,35,Rajon Rondo,PG,Dallas Mavericks,12909090
2015,36,Joakim Noah,C,Chicago Bulls,12700000
2015,37,Tony Parker,G,San Antonio Spurs,12500000
2015,38,Serge Ibaka,F,Oklahoma City Thunder,12350000
2015,39,Andre Iguodala,F,Golden State Warriors,12289544
2015,40,Nikola Pekovic,C,Minnesota Timberwolves,12100000
2015,41,Kyle Lowry,G,Toronto Raptors,12000000
2015,42,Kevin Garnett,PF,Minnesota Timberwolves,12000000
2015,43,David West,F,Indiana Pacers,12000000
2015,44,Al Horford,C,Atlanta Hawks,12000000
2015,45,Nicolas Batum,F,Portland Trail Blazers,11765500
2015,46,Ty Lawson,G,Denver Nuggets,11595506
2015,47,Andrea Bargnani,C,New York Knicks,11500000
2015,48,DeAndre Jordan,C,LA Clippers,11440123
2015,49,Tyreke Evans,G,New Orleans Pelicans,11265416
2015,50,JaVale McGee,C,Philadelphia 76ers,11250000
2015,51,Larry Sanders,PF,Milwaukee Bucks,11000000
2015,52,Danilo Gallinari,PF,Denver Nuggets,10854850
2015,53,Stephen Curry,G,Golden State Warriors,10629213
2015,54,Marcin Gortat,C,Washington Wizards,10434782
2015,55,Tim Duncan,C,San Antonio Spurs,10361446
2015,56,Gerald Wallace,SF,Boston Celtics,10105855
2015,57,DeMar DeRozan,G,Toronto Raptors,10100000
2015,58,Jrue Holiday,G,New Orleans Pelicans,9904495
2015,59,Luol Deng,F,Miami Heat,9714461
2015,60,Anderson Varejao,C,Cleveland Cavaliers,9704545
2015,61,Steve Nash,PG,Los Angeles Lakers,9701000
2015,62,Paul Millsap,PF,Atlanta Hawks,9500000
2015,63,Thaddeus Young,F,Brooklyn Nets,9410869
2015,64,Tiago Splitter,C,San Antonio Spurs,9250000
2015,65,Jeff Green,F,Memphis Grizzlies,9200000
2015,66,Jordan Hill,C,Los Angeles Lakers,9000000
2015,67,Lance Stephenson,G,Charlotte Hornets,9000000
2015,68,Mike Conley,G,Memphis Grizzlies,8694216
2015,69,Trevor Ariza,SF,Houston Rockets,8579089
2015,70,Channing Frye,F,Orlando Magic,8579088
2015,71,Marcus Thornton,SG,Phoenix Suns,8575000
2015,72,Ryan Anderson,PF,New Orleans Pelicans,8491500
2015,73,Jeremy Lin,G,Los Angeles Lakers,8374646
2015,74,Omer Asik,C,New Orleans Pelicans,8374646
2015,75,Monta Ellis,SG,Dallas Mavericks,8360000
2015,76,Jeff Teague,PG,Atlanta Hawks,8000000
2015,77,Brandon Jennings,G,Detroit Pistons,8000000
2015,78,O.J. Mayo,SG,Milwaukee Bucks,8000000
2015,79,George Hill,PG,Indiana Pacers,8000000
2015,80,Taj Gibson,F,Chicago Bulls,8000000
2015,81,Dirk Nowitzki,F,Dallas Mavericks,7974482
2015,82,Ersan Ilyasova,PF,Milwaukee Bucks,7900000
2015,83,Tayshaun Prince,SF,Detroit Pistons,7707865
2015,84,Boris Diaw,C,San Antonio Spurs,7500000
2015,85,Arron Afflalo,G,Portland Trail Blazers,7500000
2015,86,Goran Dragic,PG,Miami Heat,7500000
2015,87,Wesley Matthews,SG,Portland Trail Blazers,7245640
2015,88,Isaiah Thomas,G,Boston Celtics,7238606
2015,89,Avery Bradley,PG,Boston Celtics,7191011
2015,90,Pau Gasol,PF,Chicago Bulls,7128000
2015,91,Jose Calderon,G,New York Knicks,7097191
2015,92,Kyrie Irving,G,Cleveland Cavaliers,7070730
2015,93,Manu Ginobili,G,San Antonio Spurs,7000000
2015,94,Amir Johnson,F,Toronto Raptors,7000000
2015,95,Marvin Williams,F,Charlotte Hornets,7000000
2015,96,Brandon Bass,PF,Boston Celtics,6900000
2015,97,Kevin Martin,SG,Minnesota Timberwolves,6792500
2015,98,JJ Redick,SG,LA Clippers,6792500
2015,99,Wilson Chandler,F,Denver Nuggets,6757913
2015,100,Jason Richardson,SG,Philadelphia 76ers,6601125
2015,101,JR Smith,G,Cleveland Cavaliers,6515510
2015,102,Carl Landry,PF,Sacramento Kings,6500000
2015,103,Greivis Vasquez,PG,Toronto Raptors,6400000
2015,104,Derrick Williams,PF,Sacramento Kings,6331404
2015,105,Jarrett Jack,G,Brooklyn Nets,6300000
2015,106,Kyle Korver,G,Atlanta Hawks,6253521
2015,107,Landry Fields,SG,Toronto Raptors,6250000
2015,108,Robin Lopez,C,Portland Trail Blazers,6124729
2015,109,Jason Thompson,PF,Sacramento Kings,6037500
2015,110,Jodie Meeks,G,Detroit Pistons,6000000
2015,111,Gerald Henderson,SG,Charlotte Hornets,6000000
2015,112,Chuck Hayes,PF,Toronto Raptors,5958750
2015,113,Jason Terry,G,Houston Rockets,5850313
2015,114,Patrick Patterson,PF,Toronto Raptors,5831326
2015,115,P.J. Tucker,PF,Phoenix Suns,5700000
2015,116,Enes Freedom,C,Oklahoma City Thunder,5694674
2015,117,Anthony Davis,F,New Orleans Pelicans,5607240
2015,118,Anthony Bennett,F,Minnesota Timberwolves,5563920
2015,119,Andrew Wiggins,F,Minnesota Timberwolves,5510640
2015,120,Greg Monroe,C,Detroit Pistons,5479934
2015,121,Jamal Crawford,G,LA Clippers,5450000
2015,122,Courtney Lee,G,Memphis Grizzlies,5450000
2015,123,Lou Williams,SG,Toronto Raptors,5450000
2015,124,JJ Hickson,C,Denver Nuggets,5381750
2015,125,Martell Webster,SF,Washington Wizards,5381750
2015,126,Chris Andersen,PF,Miami Heat,5375000
2015,127,Nikola Mirotic,F,Chicago Bulls,5305000
2015,128,Spencer Hawes,PF,LA Clippers,5305000
2015,129,Paul Pierce,SF,Washington Wizards,5305000
2015,130,Shaun Livingston,G,Golden State Warriors,5305000
2015,131,Josh McRoberts,PF,Miami Heat,5305000
2015,132,Keith Bogans,SG,Philadelphia 76ers,5285817
2015,133,Zaza Pachulia,C,Milwaukee Bucks,5200000
2015,134,Tristan Thompson,C,Cleveland Cavaliers,5138430
2015,135,Michael Kidd-Gilchrist,F,Charlotte Hornets,5016960
2015,136,Chase Budinger,SF,Minnesota Timberwolves,5000000
2015,137,Trevor Booker,F,Utah Jazz,5000000
2015,138,Brandan Wright,F,Phoenix Suns,5000000
2015,139,Nick Young,G,Los Angeles Lakers,4994420
2015,140,Victor Oladipo,SG,Orlando Magic,4978200
2015,141,Jabari Parker,PF,Milwaukee Bucks,4930560
2015,142,Luis Scola,F,Indiana Pacers,4868499
2015,143,Tony Allen,SG,Memphis Grizzlies,4831461
2015,144,Chris Kaman,C,Portland Trail Blazers,4800000
2015,145,Darren Collison,PG,Sacramento Kings,4797664
2015,146,Kostas Papanikolaou,SF,Houston Rockets,4797664
2015,147,Corey Brewer,F,Houston Rockets,4702500
2015,148,Ricky Rubio,PG,Minnesota Timberwolves,4660479
2015,149,Andre Miller,PG,Sacramento Kings,4650000
2015,150,Timofey Mozgov,C,Cleveland Cavaliers,4650000
2015,151,Bradley Beal,G,Washington Wizards,4505280
2015,152,Caron Butler,SF,Detroit Pistons,4500000
2015,153,Jonas Jerebko,F,Boston Celtics,4500000
2015,154,Ben Gordon,SG,Orlando Magic,4500000
2015,155,Otto Porter Jr.,SF,Washington Wizards,4470480
2015,156,Joel Embiid,C,Philadelphia 76ers,4427640
2015,157,Luc Mbah a Moute,F,Philadelphia 76ers,4382576
2015,158,Kris Humphries,PF,Washington Wizards,4250000
2015,159,Jared Dudley,SF,Milwaukee Bucks,4250000
2015,160,CJ Miles,G,Indiana Pacers,4205000
2015,161,Thabo Sefolosha,F,Atlanta Hawks,4150000
2015,162,Dion Waiters,G,Oklahoma City Thunder,4062000
2015,163,Samuel Dalembert,C,New York Knicks,4051527
2015,164,Cody Zeller,C,Charlotte Hornets,4030560
2015,165,Danny Green,F,San Antonio Spurs,4025000
2015,166,Ian Mahinmi,C,Indiana Pacers,4000000
2015,167,Mario Chalmers,G,Miami Heat,4000000
2015,168,Aaron Gordon,F,Orlando Magic,3992040
2015,169,Mo Williams,PG,Charlotte Hornets,3965074
2015,170,Vince Carter,G,Memphis Grizzlies,3911981
2015,171,Kevin Seraphin,C,Washington Wizards,3898692
2015,172,Devin Harris,G,Dallas Mavericks,3878896
2015,173,Bismack Biyombo,C,Charlotte Hornets,3873398
2015,174,Patty Mills,PG,San Antonio Spurs,3842105
2015,175,Raymond Felton,G,Dallas Mavericks,3793693
2015,176,Jonas Valanciunas,C,Toronto Raptors,3678360
2015,177,Thomas Robinson,F,Philadelphia 76ers,3678360
2015,178,Marreese Speights,F,Golden State Warriors,3657500
2015,179,Alex Len,C,Phoenix Suns,3649920
2015,180,Dante Exum,G,Utah Jazz,3615000
2015,181,Brandon Knight,PG,Phoenix Suns,3553917
2015,182,Gerald Green,G,Phoenix Suns,3500000
2015,183,Darrell Arthur,F,Denver Nuggets,3457149
2015,184,Steve Novak,SF,Oklahoma City Thunder,3445947
2015,185,Matt Barnes,SF,LA Clippers,3396250
2015,186,Mirza Teletovic,PF,Brooklyn Nets,3368100
2015,187,Damian Lillard,G,Portland Trail Blazers,3340920
2015,188,Mike Scott,PF,Atlanta Hawks,3333333
2015,189,Tyler Hansbrough,PF,Toronto Raptors,3326235
2015,190,Andrei Kirilenko,SF,Brooklyn Nets,3326235
2015,191,Mike Dunleavy,SG,Chicago Bulls,3326235
2015,192,Nerlens Noel,C,Philadelphia 76ers,3315120
2015,193,Marcus Smart,G,Boston Celtics,3283320
2015,194,Alexey Shved,PG,New York Knicks,3282056
2015,195,Bojan Bogdanovic,SF,Brooklyn Nets,3278000
2015,196,Evan Turner,G,Boston Celtics,3278000
2015,197,Jason Smith,F,New York Knicks,3278000
2015,198,Kemba Walker,PG,Charlotte Hornets,3272091
2015,199,Carlos Boozer,PF,Los Angeles Lakers,3251000
2015,200,Carlos Delfino,SG,LA Clippers,3250000
2015,201,Gary Neal,PG,Minnesota Timberwolves,3250000
2015,202,Anthony Morrow,SG,Oklahoma City Thunder,3200000
2015,203,Dorell Wright,SF,Portland Trail Blazers,3150000
2015,204,Quincy Pondexter,F,New Orleans Pelicans,3146068
2015,205,Chris Copeland,SF,Indiana Pacers,3135000
2015,206,Klay Thompson,G,Golden State Warriors,3075880
2015,207,Harrison Barnes,F,Golden State Warriors,3049920
2015,208,Alec Burks,SG,Utah Jazz,3034356
2015,209,Ben McLemore,SG,Sacramento Kings,3026280
2015,210,Joel Freeland,C,Portland Trail Blazers,3013512
2015,211,Kosta Koufos,C,Memphis Grizzlies,3000000
2015,212,Travis Outlaw,SF,Philadelphia 76ers,3000000
2015,213,Randy Foye,SG,Denver Nuggets,3000000
2015,214,Jerryd Bayless,G,Milwaukee Bucks,3000000
2015,215,D.J. Augustin,G,Oklahoma City Thunder,3000000
2015,216,Anthony Tolliver,PF,Detroit Pistons,3000000
2015,217,Julius Randle,F,Los Angeles Lakers,2997360
2015,218,Markieff Morris,PF,Phoenix Suns,2989239
2015,219,Furkan Aldemir,PF,Philadelphia 76ers,2963232
2015,220,Marcus Morris Sr.,F,Phoenix Suns,2943221
2015,221,Will Bynum,PG,Washington Wizards,2915908
2015,222,Kawhi Leonard,F,San Antonio Spurs,2894059
2015,223,Marco Belinelli,G,San Antonio Spurs,2873750
2015,224,Terrence Ross,G,Toronto Raptors,2793960
2015,225,Kentavious Caldwell-Pope,G,Detroit Pistons,2772480
2015,226,Nikola Vucevic,C,Orlando Magic,2751260
2015,227,Luke Ridnour,PG,Orlando Magic,2750000
2015,228,Nik Stauskas,G,Sacramento Kings,2745840
2015,229,Brian Roberts,PG,Charlotte Hornets,2732000
2015,230,Udonis Haslem,PF,Miami Heat,2732000
2015,231,Jameer Nelson,G,Denver Nuggets,2732000
2015,232,Mike Miller,SG,Cleveland Cavaliers,2732000
2015,233,Kirk Hinrich,SG,Chicago Bulls,2732000
2015,234,Iman Shumpert,G,Cleveland Cavaliers,2616975
2015,235,Andre Drummond,C,Detroit Pistons,2568360
2015,236,Trey Burke,PG,Utah Jazz,2548560
2015,237,Noah Vonleh,PF,Charlotte Hornets,2524200
2015,238,James Johnson,PF,Toronto Raptors,2500000
2015,239,DeMarre Carroll,F,Atlanta Hawks,2442455
2015,240,Austin Rivers,SG,LA Clippers,2439840
2015,241,Shelvin Mack,G,Atlanta Hawks,2433333
2015,242,CJ McCollum,G,Portland Trail Blazers,2421000
2015,243,Tobias Harris,F,Orlando Magic,2380594
2015,244,Meyers Leonard,C,Portland Trail Blazers,2317920
2015,245,Michael Carter-Williams,G,Milwaukee Bucks,2300040
2015,246,Doug McDermott,F,Chicago Bulls,2277960
2015,247,Kenneth Faried,F,Denver Nuggets,2249768
2015,248,Nick Collison,F,Oklahoma City Thunder,2242003
2015,249,Brendan Haywood,C,Cleveland Cavaliers,2213668
2015,250,Reggie Jackson,PG,Detroit Pistons,2204369
2015,251,Jeremy Lamb,SG,Oklahoma City Thunder,2202000
2015,252,Steven Adams,C,Oklahoma City Thunder,2184960
2015,253,Vitor Faverani,C,Boston Celtics,2090000
2015,254,Aron Baynes,C,San Antonio Spurs,2077000
2015,255,Ramon Sessions,G,Washington Wizards,2077000
2015,256,Jordan Farmar,PG,LA Clippers,2077000
2015,257,C.J. Watson,PG,Indiana Pacers,2077000
2015,258,Danny Granger,SF,Miami Heat,2077000
2015,259,Beno Udrih,PG,Memphis Grizzlies,2077000
2015,260,Steve Blake,PG,Portland Trail Blazers,2077000
2015,261,Josh Smith,PF,Houston Rockets,2077000
2015,262,Kelly Olynyk,F,Boston Celtics,2075760
2015,263,Zach LaVine,G,Minnesota Timberwolves,2055840
2015,264,Cory Joseph,PG,San Antonio Spurs,2023261
2015,265,Jimmy Butler III,F,Chicago Bulls,2008748
2015,266,Kent Bazemore,SF,Atlanta Hawks,2000000
2015,267,DeJuan Blair,C,Washington Wizards,2000000
2015,268,John Salmons,SF,New Orleans Pelicans,2000000
2015,269,Elton Brand,PF,Atlanta Hawks,2000000
2015,270,John Henson,F,Milwaukee Bucks,1987320
2015,271,Shabazz Muhammad,F,Minnesota Timberwolves,1971960
2015,272,T.J. Warren,SF,Phoenix Suns,1953120
2015,273,Maurice Harkless,SF,Orlando Magic,1887840
2015,274,Giannis Antetokounmpo,F,Milwaukee Bucks,1873200
2015,275,Adreian Payne,PF,Minnesota Timberwolves,1855320
2015,276,Jeff Ayres,F,San Antonio Spurs,1828750
2015,277,Anthony Randolph,SF,Madrid Real Madrid,1825359
2015,278,Jeremy Evans,F,Utah Jazz,1794871
2015,279,Joffrey Lauvergne,F,Denver Nuggets,1790281
2015,280,Reggie Evans,C,Sacramento Kings,1768653
2015,281,Lucas Nogueira,C,Toronto Raptors,1762680
2015,282,Jusuf Nurkic,C,Denver Nuggets,1762680
2015,283,Luigi Datome,SF,Boston Celtics,1750000
2015,284,Zoran Dragic,SG,Miami Heat,1706225
2015,285,Tyler Zeller,C,Boston Celtics,1703760
2015,286,Dennis Schroder,G,Atlanta Hawks,1690680
2015,287,James Young,G,Boston Celtics,1674480
2015,288,Pablo Prigioni,PG,Houston Rockets,1662961
2015,289,Ryan Kelly,PF,Los Angeles Lakers,1650000
2015,290,Shane Larkin,G,New York Knicks,1606080
2015,291,Tyler Ennis,G,Milwaukee Bucks,1590720
2015,292,Sergey Karasev,SG,Brooklyn Nets,1533840
2015,293,Gary Harris,G,Denver Nuggets,1519200
2015,294,Ronny Turiaf,C,Minnesota Timberwolves,1500000
2015,295,Miroslav Raduljica,C,Minnesota Timberwolves,1500000
2015,296,Evan Fournier,SG,Orlando Magic,1483920
2015,297,Tony Snell,SF,Chicago Bulls,1472400
2015,298,Scotty Hopson,G,Oklahoma City Thunder,1450878
2015,299,Willie Green,SG,Orlando Magic,1448490
2015,300,Lamar Odom,PF,New York Knicks,1448490
2015,301,Mike James,PG,Chicago Bulls,1448490
2015,302,Jared Sullinger,C,Boston Celtics,1424520
2015,303,Gorgui Dieng,C,Minnesota Timberwolves,1413480
2015,304,Mitch McGary,PF,Oklahoma City Thunder,1400040
2015,305,Victor Claver,PF,Portland Trail Blazers,1370000
2015,306,Mason Plumlee,C,Brooklyn Nets,1357080
2015,307,Jordan Adams,SG,Memphis Grizzlies,1344120
2015,308,Melvin Ely,C,Washington Wizards,1316809
2015,309,John Jenkins,G,Atlanta Hawks,1312920
2015,310,Josh Powell,PF,Milwaukee Bucks,1310286
2015,311,Ronnie Brewer,SF,Chicago Bulls,1310286
2015,312,Solomon Hill,SF,Indiana Pacers,1302840
2015,313,Rodney Hood,SG,Utah Jazz,1290360
2015,314,Alan Anderson,SG,Brooklyn Nets,1276061
2015,315,Tim Hardaway Jr.,G,New York Knicks,1250640
2015,316,Hasheem Thabeet,C,Detroit Pistons,1250000
2015,317,Pero Antic,PF,Atlanta Hawks,1250000
2015,318,Shabazz Napier,G,Miami Heat,1238640
2015,319,Shawne Williams,SF,Detroit Pistons,1227985
2015,320,Aaron Gray,C,Detroit Pistons,1227985
2015,321,Shavlik Randolph,PF,Boston Celtics,1227985
2015,322,Tony Wroten,SG,Philadelphia 76ers,1210080
2015,323,Reggie Bullock Jr.,SF,Phoenix Suns,1200720
2015,324,Clint Capela,C,Houston Rockets,1189200
2015,325,Miles Plumlee,C,Milwaukee Bucks,1169880
2015,326,Andre Roberson,F,Oklahoma City Thunder,1160880
2015,327,P.J. Hairston,SF,Charlotte Hornets,1149720
2015,328,Hilton Armstrong,PF,Golden State Warriors,1145685
2015,329,Cartier Martin,PF,Detroit Pistons,1145685
2015,330,Arnett Moultrie,PF,New York Knicks,1136160
2015,331,Perry Jones,SF,Oklahoma City Thunder,1129200
2015,332,Rudy Gobert,C,Utah Jazz,1127400
2015,333,Marquis Teague,G,Memphis Grizzlies,1120920
2015,334,Festus Ezeli,C,Golden State Warriors,1112880
2015,335,Archie Goodwin,SG,Phoenix Suns,1112280
2015,336,CJ Wilcox,G,LA Clippers,1109760
2015,337,Nemanja Nedovic,PG,Golden State Warriors,1104240
2015,338,Damjan Rudez,SF,Indiana Pacers,1100000
2015,339,Kyle Anderson,F,San Antonio Spurs,1093680
2015,340,Kyle Singler,F,Oklahoma City Thunder,1090000
2015,341,Xavier Henry,SG,Los Angeles Lakers,1082000
2015,342,Robert Covington,PF,Philadelphia 76ers,1000000
2015,343,Garrett Temple,G,Washington Wizards,981084
2015,344,Luke Babbitt,F,New Orleans Pelicans,981084
2015,345,Ed Davis,C,Los Angeles Lakers,981084
2015,346,Alexis Ajinca,C,New Orleans Pelicans,981084
2015,347,Al-Farouq Aminu,SF,Dallas Mavericks,981084
2015,348,Jon Leuer,F,Memphis Grizzlies,967500
2015,349,Josh Harrellson,C,Washington Wizards,948163
2015,350,E'Twaun Moore,G,Chicago Bulls,948163
2015,351,Greg Smith,PF,Dallas Mavericks,948163
2015,352,Jeremy Tyler,C,Houston Rockets,948163
2015,353,Donald Sloan,G,Indiana Pacers,948163
2015,354,Joey Dorsey,PF,Houston Rockets,948163
2015,355,Jeffery Taylor,SF,Charlotte Hornets,915243
2015,356,Jason Maxiell,PF,Charlotte Hornets,915243
2015,357,Jannero Pargo,PG,Charlotte Hornets,915243
2015,358,Omri Casspi,F,Sacramento Kings,915243
2015,359,Ryan Hollins,C,Sacramento Kings,915243
2015,360,Will Barton,G,Denver Nuggets,915243
2015,361,Lavoy Allen,F,Indiana Pacers,915243
2015,362,Wesley Johnson,F,Los Angeles Lakers,915243
2015,363,Drew Gooden,PF,Washington Wizards,915243
2015,364,Henry Sims,C,Philadelphia 76ers,915243
2015,365,Ekpe Udoh,F,LA Clippers,915243
2015,366,Darius Miller,SF,New Orleans Pelicans,915243
2015,367,Chris Wright,SF,Oklahoma City Thunder,915243
2015,368,Sebastian Telfair,PG,Oklahoma City Thunder,915243
2015,369,Nazr Mohammed,C,Chicago Bulls,915243
2015,370,Matt Bonner,C,San Antonio Spurs,915243
2015,371,Diante Garrett,PG,Portland Trail Blazers,915243
2015,372,Greg Stiemsma,C,Toronto Raptors,915243
2015,373,Quincy Acy,F,New York Knicks,915243
2015,374,Jimmer Fredette,G,New Orleans Pelicans,915243
2015,375,Ronnie Price,PG,Los Angeles Lakers,915243
2015,376,Leandro Barbosa,G,Golden State Warriors,915243
2015,377,Kyle O'Quinn,C,Orlando Magic,915243
2015,378,Jarvis Varnado,PF,Philadelphia 76ers,915243
2015,379,Kyrylo Fesenko,C,Minnesota Timberwolves,915243
2015,380,Aaron Brooks,G,Chicago Bulls,915243
2015,381,Rasual Butler,SF,Washington Wizards,915243
2015,382,Khris Middleton,F,Milwaukee Bucks,915243
2015,383,Kendall Marshall,PG,Milwaukee Bucks,915243
2015,384,Jae Crowder,PF,Boston Celtics,915243
2015,385,Patrick Beverley,PG,Houston Rockets,915243
2015,386,Shannon Brown,PG,Miami Heat,915243
2015,387,Wayne Ellington,SG,Los Angeles Lakers,915243
2015,388,Glen Davis,PF,LA Clippers,915243
2015,389,Hedo Turkoglu,SF,LA Clippers,915243
2015,390,Rodney Stuckey,PG,Indiana Pacers,915243
2015,391,Francisco Garcia,SG,Houston Rockets,915243
2015,392,Draymond Green,F,Golden State Warriors,915243
2015,393,Jared Cunningham,G,LA Clippers,915243
2015,394,Alonzo Gee,SF,Portland Trail Blazers,915243
2015,395,Richard Jefferson,F,Dallas Mavericks,915243
2015,396,Doron Lamb,SG,Dallas Mavericks,915243
2015,397,Ivan Johnson,PF,Dallas Mavericks,915243
2015,398,Charlie Villanueva,PF,Dallas Mavericks,915243
2015,399,Rashard Lewis,PF,Dallas Mavericks,915243
2015,400,James Jones,SG,Cleveland Cavaliers,915243
2015,401,Shawn Marion,SG,Cleveland Cavaliers,915243
2015,402,Robert Sacre,C,Los Angeles Lakers,915243
2015,403,Chris Douglas-Roberts,SG,LA Clippers,915243
2015,404,Cole Aldrich,C,New York Knicks,915243
2015,405,J.J. Barea,G,Dallas Mavericks,909859
2015,406,Jerami Grant,F,Philadelphia 76ers,884879
2015,407,Devyn Marble,G,Orlando Magic,884879
2015,408,Joe Harris,SF,Cleveland Cavaliers,884879
2015,409,Robbie Hummel,SF,Minnesota Timberwolves,880000
2015,410,Allen Crabbe,G,Portland Trail Blazers,862000
2015,411,Ish Smith,PG,Philadelphia 76ers,861405
2015,412,Damien Inglis,SF,New York Knicks,820000
2015,413,Isaiah Canaan,G,Philadelphia 76ers,816842
2015,414,Ray McCallum,PG,Sacramento Kings,816482
2015,415,Nick Calathes,SG,Memphis Grizzlies,816482
2015,416,Justin Hamilton,C,Minnesota Timberwolves,816482
2015,417,Carrick Felix,SG,Washington Wizards,816482
2015,418,Glen Rice Jr.,SG,Washington Wizards,816482
2015,419,Casper Ware,G,Melbourne Melbourne United,816482
2015,420,Nate Wolters,PG,New Orleans Pelicans,816482
2015,421,Mike Muscala,C,Atlanta Hawks,816482
2015,422,Matthew Dellavedova,G,Cleveland Cavaliers,816482
2015,423,Hollis Thompson,F,Philadelphia 76ers,816482
2015,424,Grant Jerrett,PF,Utah Jazz,816482
2015,425,James Southerland,SF,Portland Trail Blazers,816482
2015,426,Dewayne Dedmon,C,Orlando Magic,816482
2015,427,Peyton Siva,PG,Orlando Magic,816482
2015,428,Brandon Davies,PF,Brooklyn Nets,816482
2015,429,Tony Mitchell,PF,Maccabi Haifa Maccabi Haifa,816482
2015,430,Phil Pressey,PG,Boston Celtics,816482
2015,431,Chris Babb,SG,Golden State Warriors,816482
2015,432,Ognjen Kuzmic,C,Golden State Warriors,816482
2015,433,Dwight Buycks,G,Los Angeles Lakers,816482
2015,434,Jamaal Franklin,F,Denver Nuggets,816482
2015,435,Troy Daniels,G,Charlotte Hornets,816482
2015,436,Justin Holiday,F,Golden State Warriors,816482
2015,437,Jeff Withey,C,New Orleans Pelicans,816482
2015,438,Dionte Christmas,SG,Philadelphia 76ers,816482
2015,439,Ian Clark,G,Denver Nuggets,816482
2015,440,Jerome Jordan,C,Brooklyn Nets,816482
2015,441,Erik Jay Murphy,PF,Boston Celtics,816482
2015,442,Hassan Whiteside,C,Miami Heat,769881
2015,443,Jarnell Stokes,C,Memphis Grizzlies,725000
2015,444,Dante Cunningham,F,New Orleans Pelicans,716043
2015,445,Malcolm Lee,SG,Philadelphia 76ers,710659
2015,446,Darius Morris,G,Brooklyn Nets,702756
2015,447,Spencer Dinwiddie,PG,Detroit Pistons,700000
2015,448,Malcolm Thomas,PF,Philadelphia 76ers,635827
2015,449,Gal Mekel,PG,New Orleans Pelicans,633974
2015,450,Johnny O'Bryant III,F,Milwaukee Bucks,600000
2015,451,Russ Smith,PG,Memphis Grizzlies,507336
2015,452,Brady Heslip,SG,Toronto Raptors,507336
2015,453,Jordan Clarkson,G,Los Angeles Lakers,507336
2015,454,Erick Green,PG,Denver Nuggets,507336
2015,455,KJ McDaniels,F,Houston Rockets,507336
2015,456,Eric Moreland,C,Sacramento Kings,507336
2015,457,Markel Brown,G,Brooklyn Nets,507336
2015,458,Nick Johnson,G,Houston Rockets,507336
2015,459,Khem Birch,C,San Antonio Spurs,507336
2015,460,Sim Bhullar,C,Sacramento Kings,507336
2015,461,Cory Jefferson,F,Brooklyn Nets,507336
2015,462,Joe Ingles,F,Utah Jazz,507336
2015,463,Keith Appling,PG,Orlando Magic,507336
2015,464,Cleanthony Early,SF,New York Knicks,507336
2015,465,Alex Kirk,C,Cleveland Cavaliers,507336
2015,466,Glenn Robinson III,F,Philadelphia 76ers,507336
2015,467,Travis Wear,F,New York Knicks,507336
2015,468,JaKarr Sampson,SF,Philadelphia 76ers,507336
2015,469,Shayne Whittington,PF,Indiana Pacers,507336
2015,470,Cameron Bairstow,PF,Chicago Bulls,507336
2015,471,James Ennis III,F,Miami Heat,507336
2015,472,Tarik Black,F,Los Angeles Lakers,507336
2015,473,Pierre Jackson,PG,Dallas Mavericks,507336
2015,474,Dwight Powell,F,Dallas Mavericks,507336
2015,475,Patric Young,PF,New Orleans Pelicans,507336
2015,476,Will Cherry,F,Cleveland Cavaliers,495399
2015,477,Kalin Lucas,G,Memphis Grizzlies,486446
2015,478,Drew Gordon,C,Philadelphia 76ers,468540
2015,479,Kenyon Martin,F,Milwaukee Bucks,414551
2015,480,Lou Amundson,PF,New York Knicks,409167
2015,481,Lance Thomas,F,New York Knicks,403784
2015,482,Dahntay Jones,SG,LA Clippers,387632
2015,483,Patrick Christopher,SG,Utah Jazz,379010
2015,484,Ronald Roberts Jr.,PF,Toronto Raptors,373041
2015,485,Reggie Williams,SF,San Antonio Spurs,344036
2015,486,Amar'e Stoudemire,C,Dallas Mavericks,306876
2015,487,Kendrick Perkins,C,Cleveland Cavaliers,274573
2015,488,John Lucas III,PG,Detroit Pistons,269189
2015,489,Elijah Millsap,F,Utah Jazz,241731
2015,490,Bernard James,C,Dallas Mavericks,236886
2015,491,Langston Galloway,SG,New York Knicks,235762
2015,492,Tyler Johnson,G,Miami Heat,199950
2015,493,Henry Walker,SF,Miami Heat,196217
2015,494,Michael Beasley,F,Miami Heat,195440
2015,495,Earl Barron,C,Phoenix Suns,183049
2015,496,James Michael McAdoo,SF,Golden State Warriors,167122
2015,497,Jordan Hamilton,SG,LA Clippers,150591
2015,498,JaMychal Green,F,Memphis Grizzlies,134295
2015,499,Toney Douglas,PG,New Orleans Pelicans,107676
2015,500,Chris Johnson,SG,Milwaukee Bucks,107676
2015,501,Elliot Williams,SG,New Orleans Pelicans,107676
2015,502,Nate Robinson,PG,LA Clippers,107676
2015,503,Toure' Murry,SF,Washington Wizards,96056
2015,504,Jorge Gutierrez,G,Milwaukee Bucks,96056
2015,505,Bryce Cotton,G,Utah Jazz,92514
2015,506,Jack Cooley,F,Utah Jazz,59686
2015,507,Jabari Brown,SG,Los Angeles Lakers,59686
2015,508,Tim Frazier,PG,Portland Trail Blazers,59686
2015,509,Tyrus Thomas,PF,Memphis Grizzlies,53838
2015,510,A.J. Price,PG,Phoenix Suns,53838
2015,511,Austin Daye,SF,Atlanta Hawks,53838
2015,512,Seth Curry,G,Phoenix Suns,48028
2015,513,Ricky Ledo,SG,New York Knicks,48028
2015,514,Andre Dawkins,SG,Miami Heat,29843
2015,515,David Stockton,G,Sacramento Kings,29483
2016,1,Kobe Bryant,SF,Los Angeles Lakers,25000000
2016,2,LeBron James,F,Cleveland Cavaliers,22970500
2016,3,Carmelo Anthony,PF,New York Knicks,22875000
2016,4,Dwight Howard,C,Houston Rockets,22359364
2016,5,Chris Bosh,PF,Miami Heat,22192730
2016,6,Chris Paul,G,LA Clippers,21468695
2016,7,Kevin Durant,F,Oklahoma City Thunder,20158622
2016,8,Derrick Rose,PG,Chicago Bulls,20093064
2016,9,Dwyane Wade,G,Miami Heat,20000000
2016,10,LaMarcus Aldridge,C,San Antonio Spurs,19689000
2016,11,Brook Lopez,C,Brooklyn Nets,19689000
2016,12,Kevin Love,F,Cleveland Cavaliers,19689000
2016,13,DeAndre Jordan,C,LA Clippers,19689000
2016,14,Marc Gasol,C,Memphis Grizzlies,19688000
2016,15,Blake Griffin,PF,LA Clippers,18907726
2016,16,Paul Millsap,PF,Atlanta Hawks,18671659
2016,17,Paul George,F,Indiana Pacers,17120106
2016,18,Russell Westbrook,G,Oklahoma City Thunder,16744218
2016,19,Kyrie Irving,G,Cleveland Cavaliers,16407501
2016,20,Greg Monroe,C,Milwaukee Bucks,16407500
2016,21,Jimmy Butler III,F,Chicago Bulls,16407500
2016,22,Kawhi Leonard,F,San Antonio Spurs,16407500
2016,23,Enes Freedom,C,Oklahoma City Thunder,16407500
2016,24,Wesley Matthews,SG,Dallas Mavericks,16407500
2016,25,Tobias Harris,F,Detroit Pistons,16000000
2016,26,John Wall,PG,Washington Wizards,15851950
2016,27,DeMarcus Cousins,C,Sacramento Kings,15851950
2016,28,James Harden,G,Houston Rockets,15756438
2016,29,Roy Hibbert,C,Los Angeles Lakers,15592217
2016,30,Eric Gordon,G,New Orleans Pelicans,15514031
2016,31,Klay Thompson,G,Golden State Warriors,15501000
2016,32,Gordon Hayward,SF,Utah Jazz,15409570
2016,33,Chandler Parsons,SF,Dallas Mavericks,15361500
2016,34,Goran Dragic,PG,Miami Heat,14783000
2016,35,Khris Middleton,F,Milwaukee Bucks,14700000
2016,36,Draymond Green,F,Golden State Warriors,14260870
2016,37,Tristan Thompson,C,Cleveland Cavaliers,14260870
2016,38,Danilo Gallinari,PF,Denver Nuggets,14000000
2016,39,Reggie Jackson,PG,Detroit Pistons,13913044
2016,40,Andrew Bogut,C,Golden State Warriors,13800000
2016,41,DeMarre Carroll,F,Toronto Raptors,13600000
2016,42,Eric Bledsoe,SG,Phoenix Suns,13500000
2016,43,Al Jefferson,C,Charlotte Hornets,13500000
2016,44,Brandon Knight,PG,Phoenix Suns,13500000
2016,45,Tony Parker,G,San Antonio Spurs,13437500
2016,46,Joakim Noah,C,Chicago Bulls,13400000
2016,47,Nicolas Batum,F,Charlotte Hornets,13125306
2016,48,Tyson Chandler,C,Phoenix Suns,13000000
2016,49,Nene Hilario,C,Washington Wizards,13000000
2016,50,Ricky Rubio,PG,Minnesota Timberwolves,12700000
2016,51,Robin Lopez,C,New York Knicks,12650000
2016,52,Rudy Gay,SF,Sacramento Kings,12403101
2016,53,Serge Ibaka,F,Oklahoma City Thunder,12250000
2016,54,Nikola Pekovic,C,Minnesota Timberwolves,12100000
2016,55,Kyle Lowry,G,Toronto Raptors,12000000
2016,56,Amir Johnson,F,Boston Celtics,12000000
2016,57,Kemba Walker,PG,Charlotte Hornets,12000000
2016,58,Derrick Favors,F,Utah Jazz,12000000
2016,59,Al Horford,C,Atlanta Hawks,12000000
2016,60,Andre Iguodala,F,Golden State Warriors,11710456
2016,61,Stephen Curry,G,Golden State Warriors,11370786
2016,62,Nikola Vucevic,C,Orlando Magic,11250000
2016,63,Thaddeus Young,F,Brooklyn Nets,11235955
2016,64,Kenneth Faried,F,Denver Nuggets,11235955
2016,65,Marcin Gortat,C,Washington Wizards,11217391
2016,66,Tyreke Evans,G,New Orleans Pelicans,10734586
2016,67,Jrue Holiday,G,New Orleans Pelicans,10595507
2016,68,Brendan Haywood,C,Portland Trail Blazers,10522500
2016,69,Wilson Chandler,F,Brooklyn Nets,10449438
2016,70,Monta Ellis,SG,Indiana Pacers,10300000
2016,71,Luol Deng,F,Miami Heat,10151612
2016,72,Gerald Wallace,SF,Philadelphia 76ers,10105855
2016,73,DeMar DeRozan,G,Toronto Raptors,10050000
2016,74,Danny Green,F,San Antonio Spurs,10000000
2016,75,Tiago Splitter,C,Atlanta Hawks,9756250
2016,76,Jeff Green,F,LA Clippers,9650000
2016,77,Zach Randolph,F,Memphis Grizzlies,9638555
2016,78,Mike Conley,G,Memphis Grizzlies,9588426
2016,79,Rajon Rondo,PG,Sacramento Kings,9500000
2016,80,Alec Burks,SG,Utah Jazz,9463484
2016,81,Omer Asik,C,New Orleans Pelicans,9213483
2016,82,Lance Stephenson,G,Memphis Grizzlies,9000000
2016,83,Iman Shumpert,G,Cleveland Cavaliers,8988765
2016,84,Kevin Garnett,PF,Minnesota Timberwolves,8500000
2016,85,Ryan Anderson,PF,New Orleans Pelicans,8500000
2016,86,Taj Gibson,F,Chicago Bulls,8500000
2016,87,Brandon Jennings,G,Orlando Magic,8344497
2016,88,Dirk Nowitzki,F,Dallas Mavericks,8333334
2016,89,Corey Brewer,F,Houston Rockets,8229375
2016,90,Trevor Ariza,SF,Houston Rockets,8193030
2016,91,Channing Frye,F,Cleveland Cavaliers,8193029
2016,92,Al-Farouq Aminu,SF,Portland Trail Blazers,8042895
2016,93,Arron Afflalo,G,New York Knicks,8000000
2016,94,Jeff Teague,PG,Atlanta Hawks,8000000
2016,95,O.J. Mayo,SG,Milwaukee Bucks,8000000
2016,96,George Hill,PG,Indiana Pacers,8000000
2016,97,Markieff Morris,PF,Washington Wizards,8000000
2016,98,Ersan Ilyasova,PF,Orlando Magic,7900000
2016,99,Avery Bradley,PG,Boston Celtics,7730337
2016,100,Kosta Koufos,C,Sacramento Kings,7700000
2016,101,Boris Diaw,C,San Antonio Spurs,7500000
2016,102,Pau Gasol,PF,Chicago Bulls,7448760
2016,103,Jose Calderon,G,New York Knicks,7402812
2016,104,JJ Redick,SG,LA Clippers,7085000
2016,105,Anthony Davis,F,New Orleans Pelicans,7070730
2016,106,Marvin Williams,F,Charlotte Hornets,7000000
2016,107,Cory Joseph,PG,Toronto Raptors,7000000
2016,108,Rodney Stuckey,PG,Indiana Pacers,7000000
2016,109,Lou Williams,SG,Los Angeles Lakers,7000000
2016,110,Ed Davis,C,Portland Trail Blazers,6980802
2016,111,Isaiah Thomas,G,Boston Celtics,6912869
2016,112,Jae Crowder,PF,Boston Celtics,6796117
2016,113,Greivis Vasquez,PG,Milwaukee Bucks,6600000
2016,114,Aron Baynes,C,Detroit Pistons,6500000
2016,115,Carl Landry,PF,Philadelphia 76ers,6500000
2016,116,Patrick Beverley,PG,Houston Rockets,6486486
2016,117,Michael Kidd-Gilchrist,F,Charlotte Hornets,6331404
2016,118,Jarrett Jack,G,Brooklyn Nets,6300000
2016,119,Jodie Meeks,G,Detroit Pistons,6270000
2016,120,Patrick Patterson,PF,Toronto Raptors,6268675
2016,121,Spencer Hawes,PF,Charlotte Hornets,6110034
2016,122,Marco Belinelli,G,Sacramento Kings,6060606
2016,123,Gerald Henderson,SG,Portland Trail Blazers,6000000
2016,124,Andrew Wiggins,F,Minnesota Timberwolves,5758680
2016,125,Kyle Korver,G,Atlanta Hawks,5746479
2016,126,Karl-Anthony Towns,C,Minnesota Timberwolves,5703600
2016,127,Bradley Beal,G,Washington Wizards,5694674
2016,128,Jamal Crawford,G,LA Clippers,5675000
2016,129,Courtney Lee,G,Charlotte Hornets,5675000
2016,130,Martell Webster,SF,New Orleans Pelicans,5613500
2016,131,Nikola Mirotic,F,Chicago Bulls,5543725
2016,132,Shaun Livingston,G,Golden State Warriors,5543725
2016,133,Josh McRoberts,PF,Miami Heat,5543725
2016,134,Mirza Teletovic,PF,Phoenix Suns,5500000
2016,135,P.J. Tucker,PF,Phoenix Suns,5500000
2016,136,Brandan Wright,F,Memphis Grizzlies,5464000
2016,137,Deron Williams,PG,Dallas Mavericks,5378974
2016,138,Tim Duncan,C,San Antonio Spurs,5250000
2016,139,Nick Young,G,Los Angeles Lakers,5219169
2016,140,Zaza Pachulia,C,Dallas Mavericks,5200000
2016,141,Victor Oladipo,SG,Orlando Magic,5192520
2016,142,Tony Allen,SG,Memphis Grizzlies,5158539
2016,143,Jabari Parker,PF,Milwaukee Bucks,5152440
2016,144,Dion Waiters,G,Oklahoma City Thunder,5138430
2016,145,D'Angelo Russell,G,Los Angeles Lakers,5103120
2016,146,Chris Kaman,C,Portland Trail Blazers,5016000
2016,147,Darren Collison,PG,Sacramento Kings,5013559
2016,148,C.J. Watson,PG,Orlando Magic,5000000
2016,149,JR Smith,G,Cleveland Cavaliers,5000000
2016,150,Jonas Jerebko,F,Boston Celtics,5000000
2016,151,Marcus Morris Sr.,F,Detroit Pistons,5000000
2016,152,Chris Andersen,PF,Memphis Grizzlies,5000000
2016,153,Timofey Mozgov,C,Cleveland Cavaliers,4950000
2016,154,Trevor Booker,F,Utah Jazz,4775000
2016,155,Otto Porter Jr.,SF,Washington Wizards,4662960
2016,156,Jonas Valanciunas,C,Toronto Raptors,4660482
2016,157,Joel Embiid,C,Philadelphia 76ers,4626960
2016,158,Jahlil Okafor,C,Philadelphia 76ers,4582680
2016,159,Kyle Singler,F,Oklahoma City Thunder,4500000
2016,160,Mike Dunleavy,SG,Chicago Bulls,4500000
2016,161,CJ Miles,G,Indiana Pacers,4394225
2016,162,Alexis Ajinca,C,New Orleans Pelicans,4389607
2016,163,Jared Dudley,SF,Washington Wizards,4375000
2016,164,Jameer Nelson,G,Denver Nuggets,4345000
2016,165,Mario Chalmers,G,Memphis Grizzlies,4300000
2016,166,Jason Smith,F,Orlando Magic,4300000
2016,167,J.J. Barea,G,Dallas Mavericks,4290000
2016,168,Damian Lillard,G,Portland Trail Blazers,4236287
2016,169,Cody Zeller,C,Charlotte Hornets,4204200
2016,170,Aaron Gordon,F,Orlando Magic,4171680
2016,171,Kristaps Porzingis,C,New York Knicks,4131720
2016,172,Vince Carter,G,Memphis Grizzlies,4088019
2016,173,Devin Harris,G,Dallas Mavericks,4053446
2016,174,Lavoy Allen,F,Indiana Pacers,4050000
2016,175,Ian Mahinmi,C,Indiana Pacers,4000000
2016,176,Jordan Hill,C,Indiana Pacers,4000000
2016,177,Derrick Williams,PF,New York Knicks,4000000
2016,178,Alan Anderson,SG,Washington Wizards,4000000
2016,179,Thabo Sefolosha,F,Atlanta Hawks,4000000
2016,180,Raymond Felton,G,Dallas Mavericks,3950313
2016,181,Nemanja Bjelica,PF,Minnesota Timberwolves,3950001
2016,182,Harrison Barnes,F,Golden State Warriors,3873398
2016,183,Marreese Speights,F,Golden State Warriors,3815000
2016,184,Alex Len,C,Phoenix Suns,3807120
2016,185,Dante Exum,G,Washington Wizards,3777720
2016,186,Nick Collison,F,Oklahoma City Thunder,3750000
2016,187,Kyle O'Quinn,C,New York Knicks,3750000
2016,188,Patty Mills,PG,San Antonio Spurs,3578947
2016,189,Terrence Ross,G,Toronto Raptors,3553917
2016,190,Matt Barnes,SF,Memphis Grizzlies,3542500
2016,191,Will Barton,G,Denver Nuggets,3533333
2016,192,Nerlens Noel,C,Philadelphia 76ers,3457800
2016,193,Marcus Smart,G,Boston Celtics,3431040
2016,194,Bojan Bogdanovic,SF,Brooklyn Nets,3425510
2016,195,Evan Turner,G,Boston Celtics,3425510
2016,196,Willie Cauley-Stein,C,Sacramento Kings,3398280
2016,197,Quincy Pondexter,F,San Antonio Spurs,3382023
2016,198,Paul Pierce,SF,LA Clippers,3376000
2016,199,Anthony Morrow,SG,Oklahoma City Thunder,3344000
2016,200,Mike Scott,PF,Atlanta Hawks,3333333
2016,201,Drew Gooden,PF,Washington Wizards,3300000
2016,202,Andre Drummond,C,Detroit Pistons,3272091
2016,203,KJ McDaniels,F,Houston Rockets,3189794
2016,204,Ben McLemore,SG,Sacramento Kings,3156600
2016,205,Randy Foye,SG,Oklahoma City Thunder,3135000
2016,206,Julius Randle,F,Los Angeles Lakers,3132240
2016,207,Austin Rivers,SG,LA Clippers,3110796
2016,208,Emmanuel Mudiay,G,Denver Nuggets,3102240
2016,209,Meyers Leonard,C,Portland Trail Blazers,3075880
2016,210,Jeremy Lamb,SG,Charlotte Hornets,3034356
2016,211,Jerryd Bayless,G,Milwaukee Bucks,3000000
2016,212,Brandon Bass,PF,Los Angeles Lakers,3000000
2016,213,D.J. Augustin,G,Denver Nuggets,3000000
2016,214,Anthony Tolliver,PF,Detroit Pistons,3000000
2016,215,John Henson,F,Milwaukee Bucks,2943221
2016,216,Tibor Pleiss,C,Utah Jazz,2900000
2016,217,Luis Scola,F,Toronto Raptors,2900000
2016,218,Maurice Harkless,SF,Portland Trail Blazers,2894059
2016,219,Kentavious Caldwell-Pope,G,Detroit Pistons,2891760
2016,220,Nik Stauskas,G,Philadelphia 76ers,2869440
2016,221,Brian Roberts,PG,Portland Trail Blazers,2854940
2016,222,Udonis Haslem,PF,Miami Heat,2854940
2016,223,Kirk Hinrich,SG,Atlanta Hawks,2854940
2016,224,Dante Cunningham,F,New Orleans Pelicans,2850000
2016,225,Stanley Johnson,SF,Detroit Pistons,2841960
2016,226,Furkan Aldemir,PF,Philadelphia 76ers,2836768
2016,227,Omri Casspi,F,Sacramento Kings,2836186
2016,228,Bismack Biyombo,C,Toronto Raptors,2814000
2016,229,Manu Ginobili,G,San Antonio Spurs,2814000
2016,230,Darrell Arthur,F,Denver Nuggets,2814000
2016,231,Sonny Weems,SG,Philadelphia 76ers,2814000
2016,232,Kevin Seraphin,C,New York Knicks,2814000
2016,233,Luke Ridnour,PG,Toronto Raptors,2750000
2016,234,Trey Burke,PG,Utah Jazz,2658240
2016,235,Noah Vonleh,PF,Portland Trail Blazers,2637720
2016,236,Tyler Zeller,C,Boston Celtics,2616975
2016,237,Frank Kaminsky,F,Charlotte Hornets,2612520
2016,238,Jared Sullinger,C,Boston Celtics,2569260
2016,239,CJ McCollum,G,Portland Trail Blazers,2525160
2016,240,Leandro Barbosa,G,Golden State Warriors,2500000
2016,241,James Johnson,PF,Toronto Raptors,2500000
2016,242,Justise Winslow,PF,Miami Heat,2481720
2016,243,Shelvin Mack,G,Utah Jazz,2433333
2016,244,Michael Carter-Williams,G,Milwaukee Bucks,2399040
2016,245,Doug McDermott,F,Chicago Bulls,2380440
2016,246,Myles Turner,C,Indiana Pacers,2357760
2016,247,Evan Fournier,SG,Orlando Magic,2288205
2016,248,Steven Adams,C,Oklahoma City Thunder,2279040
2016,249,Aaron Brooks,G,Chicago Bulls,2250000
2016,250,Trey Lyles,PF,Utah Jazz,2239800
2016,251,Ramon Sessions,G,Washington Wizards,2170465
2016,252,Danny Granger,SF,Detroit Pistons,2170465
2016,253,Beno Udrih,PG,Miami Heat,2170465
2016,254,Steve Blake,PG,Detroit Pistons,2170465
2016,255,Kelly Olynyk,F,Boston Celtics,2165160
2016,256,Zach LaVine,G,Minnesota Timberwolves,2148360
2016,257,Kendall Marshall,PG,Philadelphia 76ers,2144772
2016,258,Jeremy Lin,G,Charlotte Hornets,2139000
2016,259,Gary Neal,PG,Washington Wizards,2139000
2016,260,Devin Booker,G,Phoenix Suns,2127840
2016,261,Miles Plumlee,C,Milwaukee Bucks,2109294
2016,262,Mo Williams,PG,Cleveland Cavaliers,2100000
2016,263,David Lee,PF,Dallas Mavericks,2085671
2016,264,Shabazz Muhammad,F,Minnesota Timberwolves,2056920
2016,265,Joe Ingles,F,Utah Jazz,2050000
2016,266,T.J. Warren,SF,Phoenix Suns,2041080
2016,267,Perry Jones,SF,New Orleans Pelicans,2038206
2016,268,Cameron Payne,PG,Oklahoma City Thunder,2021520
2016,269,Festus Ezeli,C,Golden State Warriors,2008748
2016,270,Kent Bazemore,SF,Atlanta Hawks,2000000
2016,271,DeJuan Blair,C,Washington Wizards,2000000
2016,272,Giannis Antetokounmpo,F,Milwaukee Bucks,1953960
2016,273,Adreian Payne,PF,Minnesota Timberwolves,1938840
2016,274,Kelly Oubre Jr.,G,Washington Wizards,1920240
2016,275,Lucas Nogueira,C,Toronto Raptors,1842000
2016,276,Jusuf Nurkic,C,Denver Nuggets,1842000
2016,277,Terry Rozier,G,Boston Celtics,1824360
2016,278,Dennis Schroder,G,Atlanta Hawks,1763400
2016,279,James Young,G,Boston Celtics,1749840
2016,280,Rashad Vaughn,G,Milwaukee Bucks,1733040
2016,281,Ryan Kelly,PF,Los Angeles Lakers,1724250
2016,282,Joffrey Lauvergne,F,Denver Nuggets,1709719
2016,283,Zoran Dragic,SG,Boston Celtics,1706225
2016,284,Tyler Ennis,G,Milwaukee Bucks,1662360
2016,285,Sam Dekker,F,Houston Rockets,1646400
2016,286,Lance Thomas,F,New York Knicks,1636842
2016,287,Lou Amundson,PF,New York Knicks,1635476
2016,288,Sergey Karasev,SG,Brooklyn Nets,1599840
2016,289,Gary Harris,G,Denver Nuggets,1584480
2016,290,Jerian Grant,G,New York Knicks,1572360
2016,291,Tony Snell,SF,Chicago Bulls,1535880
2016,292,Delon Wright,G,Toronto Raptors,1509360
2016,293,Wayne Ellington,SG,Brooklyn Nets,1500000
2016,294,Shane Larkin,G,Brooklyn Nets,1500000
2016,295,David West,F,San Antonio Spurs,1499187
2016,296,Gorgui Dieng,C,Minnesota Timberwolves,1474440
2016,297,Mitch McGary,PF,Oklahoma City Thunder,1463040
2016,298,Caron Butler,SF,Sacramento Kings,1449187
2016,299,Justin Anderson,F,Dallas Mavericks,1449000
2016,300,Mason Plumlee,C,Portland Trail Blazers,1415520
2016,301,Jordan Adams,SG,Memphis Grizzlies,1404600
2016,302,Bobby Portis,F,Chicago Bulls,1391160
2016,303,Andrea Bargnani,C,Brooklyn Nets,1362897
2016,304,Solomon Hill,SF,Indiana Pacers,1358880
2016,305,Rodney Hood,SG,Utah Jazz,1348440
2016,306,Rondae Hollis Jefferson,SF,Brooklyn Nets,1335480
2016,307,Alonzo Gee,SF,New Orleans Pelicans,1320000
2016,308,Tim Hardaway Jr.,G,Atlanta Hawks,1304520
2016,309,Nikola Jokic,C,Denver Nuggets,1300000
2016,310,Shabazz Napier,G,Orlando Magic,1294440
2016,311,Tyus Jones,G,Minnesota Timberwolves,1282080
2016,312,Sasha Kaun,C,Cleveland Cavaliers,1276000
2016,313,JaVale McGee,C,Dallas Mavericks,1270964
2016,314,Cartier Martin,PF,Detroit Pistons,1270964
2016,315,Reggie Bullock Jr.,SF,Detroit Pistons,1252440
2016,316,Clint Capela,C,Houston Rockets,1242720
2016,317,Jarell Martin,F,Memphis Grizzlies,1230840
2016,318,Andre Roberson,F,Oklahoma City Thunder,1210800
2016,319,P.J. Hairston,SF,Memphis Grizzlies,1201440
2016,320,Boban Marjanovic,C,San Antonio Spurs,1200000
2016,321,Earl Clark,SF,Brooklyn Nets,1185784
2016,322,Reggie Williams,SF,New Orleans Pelicans,1185784
2016,323,Rudy Gobert,C,Utah Jazz,1175880
2016,324,Jordan Mickey,F,Boston Celtics,1170960
2016,325,Toney Douglas,PG,New Orleans Pelicans,1164858
2016,326,Archie Goodwin,SG,Phoenix Suns,1160160
2016,327,CJ Wilcox,G,LA Clippers,1159680
2016,328,Larry Nance Jr.,F,Los Angeles Lakers,1155600
2016,329,Chris Copeland,SF,Milwaukee Bucks,1150000
2016,330,Damjan Rudez,SF,Minnesota Timberwolves,1149500
2016,331,RJ Hunter,G,Boston Celtics,1148640
2016,332,Matthew Dellavedova,G,Cleveland Cavaliers,1147276
2016,333,Kyle Anderson,F,San Antonio Spurs,1142880
2016,334,Josh Huestis,F,Oklahoma City Thunder,1140240
2016,335,Chris McCullough,F,Brooklyn Nets,1140240
2016,336,Kevon Looney,F,Golden State Warriors,1131960
2016,337,Garrett Temple,G,Washington Wizards,1100602
2016,338,Wesley Johnson,F,LA Clippers,1100602
2016,339,Luke Babbitt,F,New Orleans Pelicans,1100602
2016,340,Henry Walker,SF,Miami Heat,1100602
2016,341,Jeremy Evans,F,Dallas Mavericks,1100602
2016,342,Cole Aldrich,C,LA Clippers,1100602
2016,343,Glenn Robinson III,F,Indiana Pacers,1100000
2016,344,Richaun Holmes,F,Philadelphia 76ers,1074169
2016,345,Jon Leuer,F,Phoenix Suns,1035000
2016,346,James Anderson,SG,Sacramento Kings,1015421
2016,347,E'Twaun Moore,G,Chicago Bulls,1015421
2016,348,Lester Hudson,SG,LA Clippers,1015421
2016,349,Joey Dorsey,PF,Barcelona FC Barcelona,1015421
2016,350,Jordan Hamilton,SG,New Orleans Pelicans,1015421
2016,351,Rakeem Christmas,PF,Indiana Pacers,1007026
2016,352,Joe Young,G,Indiana Pacers,1007026
2016,353,Montrezl Harrell,C,Houston Rockets,1000000
2016,354,Robert Covington,PF,Philadelphia 76ers,1000000
2016,355,Kris Humphries,PF,Atlanta Hawks,1000000
2016,356,Hassan Whiteside,C,Miami Heat,981348
2016,357,Quincy Acy,F,Sacramento Kings,981348
2016,358,Jerel McNeal,SG,Phoenix Suns,981348
2016,359,John Jenkins,G,Phoenix Suns,981348
2016,360,Chris Johnson,SG,Utah Jazz,981348
2016,361,Robert Sacre,C,Los Angeles Lakers,981348
2016,362,Thomas Robinson,F,Brooklyn Nets,981348
2016,363,Pablo Prigioni,PG,LA Clippers,947726
2016,364,Seth Curry,G,Sacramento Kings,947276
2016,365,Ish Smith,PG,Philadelphia 76ers,947276
2016,366,Tyler Hansbrough,PF,Charlotte Hornets,947276
2016,367,Henry Sims,C,Brooklyn Nets,947276
2016,368,Mike Muscala,C,Atlanta Hawks,947276
2016,369,Matt Bonner,C,San Antonio Spurs,947276
2016,370,Hollis Thompson,F,Philadelphia 76ers,947276
2016,371,Grant Jerrett,PF,Portland Trail Blazers,947276
2016,372,Ronnie Price,PG,Phoenix Suns,947276
2016,373,Dewayne Dedmon,C,Orlando Magic,947276
2016,374,Ricky Ledo,SG,New York Knicks,947276
2016,375,Sasha Vujacic,SG,New York Knicks,947276
2016,376,Allen Crabbe,G,Portland Trail Blazers,947276
2016,377,John Lucas III,PG,Minnesota Timberwolves,947276
2016,378,Rasual Butler,SF,San Antonio Spurs,947276
2016,379,Tayshaun Prince,SF,Minnesota Timberwolves,947276
2016,380,Isaiah Canaan,G,Philadelphia 76ers,947276
2016,381,Jason Terry,G,Houston Rockets,947276
2016,382,Amar'e Stoudemire,C,Miami Heat,947276
2016,383,Metta World Peace,SF,Los Angeles Lakers,947276
2016,384,Damien Wilkins,SG,Indiana Pacers,947276
2016,385,Anthony Bennett,F,Toronto Raptors,947276
2016,386,Luc Mbah a Moute,F,LA Clippers,947276
2016,387,Chuck Hayes,PF,Houston Rockets,947276
2016,388,Gerald Green,G,Miami Heat,947276
2016,389,Chris Babb,SG,Golden State Warriors,947276
2016,390,Jared Cunningham,G,Milwaukee Bucks,947276
2016,391,Jamaal Franklin,F,Guangzhou Loong-Lions,947276
2016,392,Troy Daniels,G,Charlotte Hornets,947276
2016,393,Justin Holiday,F,Chicago Bulls,947276
2016,394,Donald Sloan,G,Brooklyn Nets,947276
2016,395,Richard Jefferson,F,Cleveland Cavaliers,947276
2016,396,Mike Miller,SG,Denver Nuggets,947276
2016,397,Jeff Withey,C,Utah Jazz,947276
2016,398,Charlie Villanueva,PF,Dallas Mavericks,947276
2016,399,Samuel Dalembert,C,Dallas Mavericks,947276
2016,400,Austin Daye,SF,Cleveland Cavaliers,947276
2016,401,Kendrick Perkins,C,New Orleans Pelicans,947276
2016,402,James Jones,SG,Cleveland Cavaliers,947276
2016,403,Willie Reed,C,Brooklyn Nets,947276
2016,404,Ian Clark,G,Golden State Warriors,947276
2016,405,Nate Robinson,PG,New Orleans Pelicans,947276
2016,406,Josh Smith,PF,Houston Rockets,947276
2016,407,Jason Richardson,SG,Atlanta Hawks,947276
2016,408,Raul Neto,PG,Utah Jazz,900000
2016,409,Jimmer Fredette,G,New York Knicks,874837
2016,410,Damien Inglis,SF,Milwaukee Bucks,855000
2016,411,Jarnell Stokes,C,Miami Heat,845059
2016,412,Russ Smith,PG,Memphis Grizzlies,845059
2016,413,Jordan Clarkson,G,Los Angeles Lakers,845059
2016,414,Eric Moreland,C,Sacramento Kings,845059
2016,415,Markel Brown,G,Brooklyn Nets,845059
2016,416,Nick Johnson,G,San Antonio Spurs,845059
2016,417,Tyler Johnson,G,Miami Heat,845059
2016,418,Jack Cooley,F,Sacramento Kings,845059
2016,419,Jerami Grant,F,Philadelphia 76ers,845059
2016,420,Terrico White,G,Perth Perth,845059
2016,421,James Michael McAdoo,SF,Golden State Warriors,845059
2016,422,Cleanthony Early,SF,New York Knicks,845059
2016,423,Johnny O'Bryant III,F,Milwaukee Bucks,845059
2016,424,Jabari Brown,SG,Milwaukee Bucks,845059
2016,425,Marcus Landry,SF,Milwaukee Bucks,845059
2016,426,Keith Benson,PF,Miami Heat,845059
2016,427,Spencer Dinwiddie,PG,Detroit Pistons,845059
2016,428,David Stockton,G,Los Angeles Lakers,845059
2016,429,Langston Galloway,SG,New York Knicks,845059
2016,430,Shayne Whittington,PF,Indiana Pacers,845059
2016,431,Devyn Marble,G,Orlando Magic,845059
2016,432,JaMychal Green,F,Memphis Grizzlies,845059
2016,433,Adonis Thomas,SG,Detroit Pistons,845059
2016,434,Joe Harris,SF,Cleveland Cavaliers,845059
2016,435,Cameron Bairstow,PF,Chicago Bulls,845059
2016,436,James Ennis III,F,New Orleans Pelicans,845059
2016,437,Tarik Black,F,Los Angeles Lakers,845059
2016,438,Elijah Millsap,F,Utah Jazz,845059
2016,439,Dwight Powell,F,Dallas Mavericks,845059
2016,440,Tim Frazier,PG,New Orleans Pelicans,845059
2016,441,Kostas Papanikolaou,SF,Denver Nuggets,800321
2016,442,Bryce Cotton,G,Memphis Grizzlies,700902
2016,443,Norman Powell,G,Toronto Raptors,650000
2016,444,Pat Connaughton,G,Portland Trail Blazers,625093
2016,445,Darrun Hilliard,G,Detroit Pistons,600000
2016,446,Jarell Eddie,F,Washington Wizards,561716
2016,447,Jarrid Famous,PF,Memphis Grizzlies,525093
2016,448,Ronald Roberts Jr.,PF,Toronto Raptors,525093
2016,449,Jonathon Simmons,G,San Antonio Spurs,525093
2016,450,Duje Dukan,PF,Sacramento Kings,525093
2016,451,Deonte Burton,PG,Phoenix Suns,525093
2016,452,Kyle Casey,SF,Phoenix Suns,525093
2016,453,Scottie Wilbekin,PG,Philadelphia 76ers,525093
2016,454,Branden Dawson,SF,LA Clippers,525093
2016,455,Melvin Ejim,SF,Orlando Magic,525093
2016,456,Maurice Ndour,SF,New York Knicks,525093
2016,457,Shannon Scott,G,Brooklyn Nets,525093
2016,458,Treveon Graham,F,Milwaukee Bucks,525093
2016,459,J.J. O'Brien,SF,Utah Jazz,525093
2016,460,Josh Richardson,SG,Miami Heat,525093
2016,461,Corey Hawkins,PG,Miami Heat,525093
2016,462,Christian Wood,F,Philadelphia 76ers,525093
2016,463,Robert Upshaw,C,Los Angeles Lakers,525093
2016,464,Jamil Wilson,SF,Los Angeles Lakers,525093
2016,465,T.J. McConnell,G,Philadelphia 76ers,525093
2016,466,Michael Frazier II,G,Houston Rockets,525093
2016,467,Marcelinho Huertas,PG,Los Angeles Lakers,525093
2016,468,Luis Montero,SG,Portland Trail Blazers,525093
2016,469,Greg Whittington,SF,Denver Nuggets,525093
2016,470,Aaron Harrison,G,Charlotte Hornets,525093
2016,471,Brandon Ashley,F,New Zealand Breakers,525093
2016,472,Salah Mejri,C,Dallas Mavericks,525093
2016,473,Pierre Jackson,PG,Dallas Mavericks,525093
2016,474,Cristiano Felicio,PF,Chicago Bulls,525093
2016,475,Cliff Alexander,PF,Portland Trail Blazers,525093
2016,476,Bo McCalebb,PG,New Orleans Pelicans,525093
2016,477,Jonathan Holmes,PF,Boston Celtics,525093
2016,478,Terran Petteway,SG,Atlanta Hawks,525093
2016,479,Lamar Patterson,SG,Atlanta Hawks,525093
2016,480,Michael Beasley,F,Houston Rockets,306527
2016,481,Steve Novak,SF,Milwaukee Bucks,295327
2016,482,Anderson Varejao,C,Golden State Warriors,289755
2016,483,JJ Hickson,C,Washington Wizards,273038
2016,484,Joe Johnson,G,Miami Heat,261894
2016,485,JaKarr Sampson,SF,Denver Nuggets,258489
2016,486,Andre Miller,PG,San Antonio Spurs,250750
2016,487,Jason Thompson,PF,Toronto Raptors,245177
2016,488,Ryan Hollins,C,Washington Wizards,239605
2016,489,Nazr Mohammed,C,Oklahoma City Thunder,222888
2016,490,Ty Lawson,G,Indiana Pacers,211744
2016,491,Chase Budinger,SF,Phoenix Suns,206192
2016,492,Kevin Martin,SG,San Antonio Spurs,200600
2016,493,Marcus Thornton,SG,Washington Wizards,200600
2016,494,Andrew Goudelock,PG,Houston Rockets,200600
2016,495,Jorge Gutierrez,G,Charlotte Hornets,189455
2016,496,Bryce Dejean-Jones,SG,New Orleans Pelicans,169883
2016,497,Tony Wroten,SG,Philadelphia 76ers,167406
2016,498,Sean Kilpatrick,G,Brooklyn Nets,134215
2016,499,Jeff Ayres,F,LA Clippers,111444
2016,500,Jordan McRae,G,Cleveland Cavaliers,111196
2016,501,Erick Green,PG,Utah Jazz,99418
2016,502,Alan Williams,C,Phoenix Suns,83397
2016,503,Keith Appling,PG,Orlando Magic,61776
2016,504,Orlando Johnson,SG,New Orleans Pelicans,55722
2016,505,Phil Pressey,PG,Phoenix Suns,55722
2016,506,Elliot Williams,SG,Memphis Grizzlies,55722
2016,507,Cory Jefferson,F,Phoenix Suns,49709
2016,508,Thanasis Antetokounmpo,F,New York Knicks,30888
2017,1,LeBron James,F,Cleveland Cavaliers,30963450
2017,2,Kevin Durant,F,Golden State Warriors,26540100
2017,3,Mike Conley,G,Memphis Grizzlies,26540100
2017,4,James Harden,G,Houston Rockets,26540100
2017,5,Russell Westbrook,G,Oklahoma City Thunder,26540100
2017,6,DeMar DeRozan,G,Toronto Raptors,26540100
2017,7,Al Horford,C,Boston Celtics,26540100
2017,8,Dirk Nowitzki,F,Dallas Mavericks,25000000
2017,9,Carmelo Anthony,PF,New York Knicks,24559380
2017,10,Damian Lillard,G,Portland Trail Blazers,24328425
2017,11,Chris Bosh,PF,Miami Heat,23741060
2017,12,Dwyane Wade,G,Chicago Bulls,23200000
2017,13,Dwight Howard,C,Atlanta Hawks,23180275
2017,14,Chris Paul,G,LA Clippers,22868827
2017,15,Hassan Whiteside,C,Miami Heat,22116750
2017,16,Harrison Barnes,F,Dallas Mavericks,22116750
2017,17,Bradley Beal,G,Washington Wizards,22116750
2017,18,Anthony Davis,F,New Orleans Pelicans,22116750
2017,19,Andre Drummond,C,Detroit Pistons,22116750
2017,20,Chandler Parsons,SF,Memphis Grizzlies,22116750
2017,21,Derrick Rose,PG,New York Knicks,21323252
2017,22,Marc Gasol,C,Memphis Grizzlies,21165675
2017,23,Brook Lopez,C,Brooklyn Nets,21165675
2017,24,Kevin Love,F,Cleveland Cavaliers,21165675
2017,25,DeAndre Jordan,C,LA Clippers,21165675
2017,26,Nicolas Batum,F,Charlotte Hornets,20869566
2017,27,LaMarcus Aldridge,C,San Antonio Spurs,20575005
2017,28,Blake Griffin,PF,LA Clippers,20140839
2017,29,Paul Millsap,PF,Atlanta Hawks,20072033
2017,30,Ryan Anderson,PF,Houston Rockets,18735364
2017,31,Allen Crabbe,G,Portland Trail Blazers,18500000
2017,32,Paul George,F,Indiana Pacers,18314532
2017,33,Luol Deng,F,Los Angeles Lakers,18000000
2017,34,Kawhi Leonard,F,San Antonio Spurs,17638063
2017,35,Kyrie Irving,G,Cleveland Cavaliers,17638063
2017,36,Jimmy Butler III,F,Chicago Bulls,17552209
2017,37,Tobias Harris,F,Detroit Pistons,17200000
2017,38,Greg Monroe,C,Milwaukee Bucks,17145838
2017,39,Enes Freedom,C,Oklahoma City Thunder,17145838
2017,40,Wesley Matthews,SG,Dallas Mavericks,17145838
2017,41,Bismack Biyombo,C,Orlando Magic,17000000
2017,42,Joakim Noah,C,New York Knicks,17000000
2017,43,Evan Fournier,SG,Orlando Magic,17000000
2017,44,John Wall,PG,Washington Wizards,16957900
2017,45,DeMarcus Cousins,C,New Orleans Pelicans,16957900
2017,46,Klay Thompson,G,Golden State Warriors,16663575
2017,47,Evan Turner,G,Portland Trail Blazers,16393443
2017,48,Gordon Hayward,SF,Utah Jazz,16073140
2017,49,Timofey Mozgov,C,Los Angeles Lakers,16000000
2017,50,Ian Mahinmi,C,Washington Wizards,15944154
2017,51,Goran Dragic,PG,Miami Heat,15891725
2017,52,Kent Bazemore,SF,Atlanta Hawks,15730338
2017,53,Pau Gasol,PF,San Antonio Spurs,15500000
2017,54,Draymond Green,F,Golden State Warriors,15330435
2017,55,Tristan Thompson,C,Cleveland Cavaliers,15330435
2017,56,Khris Middleton,F,Milwaukee Bucks,15200000
2017,57,Danilo Gallinari,PF,Denver Nuggets,15050000
2017,58,Jeff Green,F,Orlando Magic,15000000
2017,59,Reggie Jackson,PG,Detroit Pistons,14956522
2017,60,Tony Parker,G,San Antonio Spurs,14445313
2017,61,Jonas Valanciunas,C,Toronto Raptors,14382023
2017,62,DeMarre Carroll,F,Toronto Raptors,14200000
2017,63,Thaddeus Young,F,Indiana Pacers,14153652
2017,64,Manu Ginobili,G,San Antonio Spurs,14000000
2017,65,Eric Bledsoe,SG,Phoenix Suns,14000000
2017,66,Rajon Rondo,PG,Chicago Bulls,14000000
2017,67,Ricky Rubio,PG,Minnesota Timberwolves,13550000
2017,68,Rudy Gay,SF,Sacramento Kings,13333333
2017,69,Jamal Crawford,G,LA Clippers,13253012
2017,70,Robin Lopez,C,Chicago Bulls,13219250
2017,71,Michael Kidd-Gilchrist,F,Charlotte Hornets,13000000
2017,72,JR Smith,G,Cleveland Cavaliers,12800000
2017,73,Brandon Knight,PG,Phoenix Suns,12606250
2017,74,John Henson,F,Milwaukee Bucks,12517606
2017,75,Miles Plumlee,C,Charlotte Hornets,12500000
2017,76,Jordan Clarkson,G,Los Angeles Lakers,12500000
2017,77,Arron Afflalo,G,Sacramento Kings,12500000
2017,78,Tyson Chandler,C,Phoenix Suns,12415000
2017,79,Eric Gordon,G,Houston Rockets,12385364
2017,80,Marvin Williams,F,Charlotte Hornets,12250000
2017,81,Serge Ibaka,F,Toronto Raptors,12250000
2017,82,Stephen Curry,G,Golden State Warriors,12112359
2017,83,Nikola Pekovic,C,Minnesota Timberwolves,12100000
2017,84,Kenneth Faried,F,Denver Nuggets,12078652
2017,85,Kyle Lowry,G,Toronto Raptors,12000000
2017,86,Amir Johnson,F,Boston Celtics,12000000
2017,87,Marcin Gortat,C,Washington Wizards,12000000
2017,88,Kemba Walker,PG,Charlotte Hornets,12000000
2017,89,Nikola Vucevic,C,Orlando Magic,11750000
2017,90,Jeremy Lin,G,Brooklyn Nets,11483254
2017,91,Jrue Holiday,G,New Orleans Pelicans,11286518
2017,92,Courtney Lee,G,New York Knicks,11242000
2017,93,Solomon Hill,SF,New Orleans Pelicans,11241218
2017,94,Wilson Chandler,F,Denver Nuggets,11233146
2017,95,Andre Iguodala,F,Golden State Warriors,11131368
2017,96,Derrick Favors,F,Utah Jazz,11050000
2017,97,Austin Rivers,SG,LA Clippers,11000000
2017,98,Joe Johnson,G,Utah Jazz,11000000
2017,99,Jon Leuer,F,Detroit Pistons,10991957
2017,100,Monta Ellis,SG,Indiana Pacers,10763500
2017,101,Mirza Teletovic,PF,Milwaukee Bucks,10500000
2017,102,Jared Dudley,SF,Phoenix Suns,10470000
2017,103,Zach Randolph,F,Memphis Grizzlies,10361445
2017,104,Al Jefferson,C,Indiana Pacers,10314532
2017,105,Tyreke Evans,G,Sacramento Kings,10203755
2017,106,Alec Burks,SG,Utah Jazz,10154495
2017,107,Terrence Ross,G,Orlando Magic,10000000
2017,108,Danny Green,F,San Antonio Spurs,10000000
2017,109,Omer Asik,C,New Orleans Pelicans,9904494
2017,110,Iman Shumpert,G,Cleveland Cavaliers,9662922
2017,111,Matthew Dellavedova,G,Milwaukee Bucks,9607500
2017,112,Jerryd Bayless,G,Philadelphia 76ers,9424084
2017,113,Trevor Booker,F,Brooklyn Nets,9250000
2017,114,Meyers Leonard,C,Portland Trail Blazers,9213483
2017,115,Gerald Henderson,SG,Philadelphia 76ers,9000000
2017,116,Maurice Harkless,SF,Portland Trail Blazers,8988765
2017,117,Taj Gibson,F,Oklahoma City Thunder,8950000
2017,118,Jeff Teague,PG,Indiana Pacers,8800000
2017,119,Tiago Splitter,C,Philadelphia 76ers,8550000
2017,120,Ersan Ilyasova,PF,Atlanta Hawks,8400000
2017,121,Dwight Powell,F,Dallas Mavericks,8375000
2017,122,Avery Bradley,PG,Boston Celtics,8269663
2017,123,E'Twaun Moore,G,New Orleans Pelicans,8081363
2017,124,Darrell Arthur,F,Denver Nuggets,8070175
2017,125,Kosta Koufos,C,Sacramento Kings,8046500
2017,126,Garrett Temple,G,Sacramento Kings,8000000
2017,127,Kevin Garnett,PF,Minnesota Timberwolves,8000000
2017,128,Yi Jianlian,SF,Los Angeles Lakers,8000000
2017,129,George Hill,PG,Utah Jazz,8000000
2017,130,Anthony Tolliver,PF,Sacramento Kings,8000000
2017,131,Tyler Zeller,C,Boston Celtics,8000000
2017,132,Trevor Ariza,SF,Houston Rockets,7806971
2017,133,Channing Frye,F,Cleveland Cavaliers,7806971
2017,134,Al-Farouq Aminu,SF,Portland Trail Blazers,7680965
2017,135,Cole Aldrich,C,Minnesota Timberwolves,7643979
2017,136,Corey Brewer,F,Los Angeles Lakers,7612172
2017,137,Festus Ezeli,C,Portland Trail Blazers,7400000
2017,138,Markieff Morris,PF,Washington Wizards,7400000
2017,139,JJ Redick,SG,LA Clippers,7377500
2017,140,Cory Joseph,PG,Toronto Raptors,7315000
2017,141,D.J. Augustin,G,Orlando Magic,7250000
2017,142,Boris Diaw,C,Utah Jazz,7000000
2017,143,Rodney Stuckey,PG,Indiana Pacers,7000000
2017,144,Boban Marjanovic,C,Detroit Pistons,7000000
2017,145,Lou Williams,SG,Houston Rockets,7000000
2017,146,Ed Davis,C,Portland Trail Blazers,6666667
2017,147,Isaiah Thomas,G,Boston Celtics,6587132
2017,148,Victor Oladipo,SG,Oklahoma City Thunder,6552961
2017,149,Jodie Meeks,G,Orlando Magic,6540000
2017,150,Jeremy Lamb,SG,Charlotte Hornets,6511628
2017,151,Aron Baynes,C,Detroit Pistons,6500000
2017,152,Carl Landry,PF,Philadelphia 76ers,6500000
2017,153,Tim Duncan,C,San Antonio Spurs,6393750
2017,154,Spencer Hawes,PF,Milwaukee Bucks,6348759
2017,155,Marco Belinelli,G,Charlotte Hornets,6333333
2017,156,Jae Crowder,PF,Boston Celtics,6286408
2017,157,Lance Thomas,F,New York Knicks,6191000
2017,158,Tarik Black,F,Los Angeles Lakers,6191000
2017,159,Patrick Patterson,PF,Toronto Raptors,6050000
2017,160,Andrew Wiggins,F,Minnesota Timberwolves,6006600
2017,161,Ish Smith,PG,Detroit Pistons,6000000
2017,162,Ramon Sessions,G,Charlotte Hornets,6000000
2017,163,Patrick Beverley,PG,Houston Rockets,6000000
2017,164,Wayne Ellington,SG,Miami Heat,6000000
2017,165,Alex Abrines,G,Oklahoma City Thunder,5994764
2017,166,Karl-Anthony Towns,C,Minnesota Timberwolves,5960160
2017,167,Ben Simmons,PG,LA Clippers,5903160
2017,168,Otto Porter Jr.,SF,Washington Wizards,5893981
2017,169,Nikola Mirotic,F,Chicago Bulls,5782450
2017,170,Shaun Livingston,G,Golden State Warriors,5782450
2017,171,Josh McRoberts,PF,Miami Heat,5782450
2017,172,Brandan Wright,F,Memphis Grizzlies,5709880
2017,173,Wesley Johnson,F,LA Clippers,5628000
2017,174,Tyler Johnson,G,Miami Heat,5628000
2017,175,Jared Sullinger,C,Toronto Raptors,5628000
2017,176,Tony Allen,SG,Memphis Grizzlies,5505618
2017,177,Luis Scola,F,Brooklyn Nets,5500000
2017,178,Nick Young,G,Los Angeles Lakers,5443918
2017,179,Jabari Parker,PF,Milwaukee Bucks,5374320
2017,180,D'Angelo Russell,G,Los Angeles Lakers,5332800
2017,181,Cody Zeller,C,Charlotte Hornets,5318313
2017,182,P.J. Tucker,PF,Toronto Raptors,5300000
2017,183,Brandon Ingram,F,Los Angeles Lakers,5281680
2017,184,Kyle Korver,G,Cleveland Cavaliers,5239437
2017,185,Darren Collison,PG,Sacramento Kings,5229454
2017,186,Langston Galloway,SG,Sacramento Kings,5200000
2017,187,C.J. Watson,PG,Orlando Magic,5000000
2017,188,Brandon Jennings,G,Washington Wizards,5000000
2017,189,Jonas Jerebko,F,Boston Celtics,5000000
2017,190,Roy Hibbert,C,Denver Nuggets,5000000
2017,191,Jason Smith,F,Washington Wizards,5000000
2017,192,Kyle Singler,F,Oklahoma City Thunder,4837500
2017,193,Mike Dunleavy,SG,Atlanta Hawks,4837500
2017,194,Joel Embiid,C,Philadelphia 76ers,4826160
2017,195,Alex Len,C,Phoenix Suns,4823621
2017,196,Jahlil Okafor,C,Philadelphia 76ers,4788840
2017,197,Jaylen Brown,G,Boston Celtics,4743000
2017,198,Alexis Ajinca,C,New Orleans Pelicans,4638203
2017,199,Marcus Morris Sr.,F,Detroit Pistons,4625000
2017,200,CJ Miles,G,Indiana Pacers,4583450
2017,201,Jameer Nelson,G,Denver Nuggets,4540525
2017,202,Nerlens Noel,C,Dallas Mavericks,4384490
2017,203,Aaron Gordon,F,Orlando Magic,4351320
2017,204,Greivis Vasquez,PG,Brooklyn Nets,4347826
2017,205,Kristaps Porzingis,C,New York Knicks,4317720
2017,206,Dragan Bender,F,Phoenix Suns,4276320
2017,207,Vince Carter,G,Memphis Grizzlies,4264057
2017,208,Devin Harris,G,Dallas Mavericks,4227996
2017,209,J.J. Barea,G,Dallas Mavericks,4096950
2017,210,Ben McLemore,SG,Sacramento Kings,4008882
2017,211,Lavoy Allen,F,Indiana Pacers,4000000
2017,212,Leandro Barbosa,G,Phoenix Suns,4000000
2017,213,Kris Humphries,PF,Atlanta Hawks,4000000
2017,214,Jordan Hill,C,Minnesota Timberwolves,4000000
2017,215,Udonis Haslem,PF,Miami Heat,4000000
2017,216,Lance Stephenson,G,Indiana Pacers,4000000
2017,217,James Johnson,PF,Miami Heat,4000000
2017,218,Dante Exum,G,Utah Jazz,3940320
2017,219,Kyle O'Quinn,C,New York Knicks,3918750
2017,220,Kris Dunn,G,Minnesota Timberwolves,3872520
2017,221,Thabo Sefolosha,F,Atlanta Hawks,3850000
2017,222,Nemanja Bjelica,PF,Minnesota Timberwolves,3800000
2017,223,Nick Collison,F,Oklahoma City Thunder,3750000
2017,224,Bojan Bogdanovic,SF,Washington Wizards,3730653
2017,225,Kentavious Caldwell-Pope,G,Detroit Pistons,3678319
2017,226,Quincy Pondexter,F,San Antonio Spurs,3617978
2017,227,Patty Mills,PG,San Antonio Spurs,3578948
2017,228,Marcus Smart,G,Boston Celtics,3578880
2017,229,Willie Cauley-Stein,C,Sacramento Kings,3551160
2017,230,Drew Gooden,PF,Washington Wizards,3547000
2017,231,Will Barton,G,Denver Nuggets,3533333
2017,232,Paul Pierce,SF,LA Clippers,3527920
2017,233,Buddy Hield,G,Sacramento Kings,3517200
2017,234,Mike Miller,SG,Denver Nuggets,3500000
2017,235,Anthony Morrow,SG,Chicago Bulls,3488000
2017,236,Trey Burke,PG,Washington Wizards,3386598
2017,237,Mike Scott,PF,Atlanta Hawks,3333334
2017,238,KJ McDaniels,F,Brooklyn Nets,3333333
2017,239,Troy Daniels,G,Memphis Grizzlies,3332940
2017,240,Julius Randle,F,Los Angeles Lakers,3267120
2017,241,Emmanuel Mudiay,G,Denver Nuggets,3241800
2017,242,CJ McCollum,G,Portland Trail Blazers,3219579
2017,243,Jamal Murray,G,Denver Nuggets,3210840
2017,244,Michael Carter-Williams,G,Chicago Bulls,3183526
2017,245,Steven Adams,C,Oklahoma City Thunder,3140517
2017,246,Kelly Olynyk,F,Boston Celtics,3094014
2017,247,Shabazz Muhammad,F,Minnesota Timberwolves,3046299
2017,248,Justin Hamilton,C,Brooklyn Nets,3000000
2017,249,Tibor Pleiss,C,Philadelphia 76ers,3000000
2017,250,Giannis Antetokounmpo,F,Milwaukee Bucks,2995421
2017,251,Nik Stauskas,G,Philadelphia 76ers,2993040
2017,252,Dante Cunningham,F,New Orleans Pelicans,2978250
2017,253,Stanley Johnson,SF,Detroit Pistons,2969880
2017,254,Marquese Chriss,SF,Phoenix Suns,2941440
2017,255,Seth Curry,G,Dallas Mavericks,2898000
2017,256,Dewayne Dedmon,C,San Antonio Spurs,2898000
2017,257,Mindaugas Kuzminskas,F,New York Knicks,2898000
2017,258,Dion Waiters,G,Miami Heat,2898000
2017,259,Zaza Pachulia,C,Golden State Warriors,2898000
2017,260,James Ennis III,F,Memphis Grizzlies,2898000
2017,261,Nene Hilario,C,Houston Rockets,2898000
2017,262,Tomas Satoransky,SG,Washington Wizards,2870813
2017,263,Noah Vonleh,PF,Portland Trail Blazers,2751360
2017,264,Frank Kaminsky,F,Charlotte Hornets,2730000
2017,265,Dennis Schroder,G,Atlanta Hawks,2708582
2017,266,Jakob Poeltl,C,Toronto Raptors,2703960
2017,267,Aaron Brooks,G,Indiana Pacers,2700000
2017,268,Justise Winslow,PF,Miami Heat,2593440
2017,269,Thon Maker,F,Milwaukee Bucks,2568600
2017,270,Randy Foye,SG,Brooklyn Nets,2500000
2017,271,Richard Jefferson,F,Cleveland Cavaliers,2500000
2017,272,Malcolm Delaney,G,Atlanta Hawks,2500000
2017,273,Doug McDermott,F,Oklahoma City Thunder,2483040
2017,274,Myles Turner,C,Indiana Pacers,2463840
2017,275,Domantas Sabonis,F,Oklahoma City Thunder,2440200
2017,276,Shelvin Mack,G,Utah Jazz,2433334
2017,277,Tony Snell,SF,Milwaukee Bucks,2368327
2017,278,Gorgui Dieng,C,Minnesota Timberwolves,2348783
2017,279,Trey Lyles,PF,Utah Jazz,2340600
2017,280,Mason Plumlee,C,Denver Nuggets,2328530
2017,281,Taurean Prince,F,Atlanta Hawks,2318280
2017,282,Dario Saric,F,Philadelphia 76ers,2318280
2017,283,Tim Hardaway Jr.,G,Atlanta Hawks,2281605
2017,284,Reggie Bullock Jr.,SF,Detroit Pistons,2255644
2017,285,Zach LaVine,G,Minnesota Timberwolves,2240880
2017,286,Devin Booker,G,Phoenix Suns,2223600
2017,287,Luc Mbah a Moute,F,LA Clippers,2203000
2017,288,Georgios Papagiannis,C,Sacramento Kings,2202240
2017,289,Mo Williams,PG,Denver Nuggets,2194500
2017,290,Andre Roberson,F,Oklahoma City Thunder,2183072
2017,291,Joe Ingles,F,Utah Jazz,2150000
2017,292,T.J. Warren,SF,Phoenix Suns,2128920
2017,293,Rudy Gobert,C,Utah Jazz,2121288
2017,294,Cameron Payne,PG,Chicago Bulls,2112480
2017,295,Denzel Valentine,G,Chicago Bulls,2092200
2017,296,Tim Frazier,PG,New Orleans Pelicans,2090000
2017,297,Kendall Marshall,PG,Milwaukee Bucks,2048257
2017,298,Adreian Payne,PF,Minnesota Timberwolves,2022240
2017,299,Kelly Oubre Jr.,G,Washington Wizards,2006640
2017,300,Juancho Hernangomez,PF,Denver Nuggets,1987440
2017,301,Lucas Nogueira,C,Toronto Raptors,1921320
2017,302,Jusuf Nurkic,C,Portland Trail Blazers,1921320
2017,303,Terry Rozier,G,Boston Celtics,1906440
2017,304,James Young,G,Boston Celtics,1825200
2017,305,Rashad Vaughn,G,Milwaukee Bucks,1811040
2017,306,Kevin Seraphin,C,Indiana Pacers,1800000
2017,307,Wade Baldwin IV,G,Memphis Grizzlies,1793760
2017,308,Quincy Acy,F,Brooklyn Nets,1790092
2017,309,Tyler Ennis,G,Los Angeles Lakers,1733880
2017,310,Sam Dekker,F,Houston Rockets,1720560
2017,311,Joffrey Lauvergne,F,Chicago Bulls,1709719
2017,312,Henry Ellenson,PF,Detroit Pistons,1704120
2017,313,Gary Harris,G,Denver Nuggets,1655880
2017,314,Jerian Grant,G,Chicago Bulls,1643040
2017,315,Malik Beasley,SG,Denver Nuggets,1627320
2017,316,Delon Wright,G,Toronto Raptors,1577280
2017,317,Caris LeVert,G,Brooklyn Nets,1562280
2017,318,David Lee,PF,San Antonio Spurs,1551659
2017,319,Caron Butler,SF,Sacramento Kings,1551659
2017,320,Mitch McGary,PF,Oklahoma City Thunder,1526040
2017,321,Justin Anderson,F,Philadelphia 76ers,1514160
2017,322,Marcelinho Huertas,PG,Los Angeles Lakers,1500000
2017,323,DeAndre' Bembry,SG,Atlanta Hawks,1499760
2017,324,Jordan Adams,SG,Memphis Grizzlies,1465080
2017,325,Bobby Portis,F,Chicago Bulls,1453680
2017,326,Demetrius Jackson,G,Boston Celtics,1450000
2017,327,Malachi Richardson,G,Sacramento Kings,1439800
2017,328,Rodney Hood,SG,Utah Jazz,1406520
2017,329,JaVale McGee,C,Golden State Warriors,1403611
2017,330,Marreese Speights,F,LA Clippers,1403611
2017,331,Michael Beasley,F,Milwaukee Bucks,1403611
2017,332,Rondae Hollis Jefferson,SF,Brooklyn Nets,1395600
2017,333,Deyonta Davis,F,Memphis Grizzlies,1369299
2017,334,Nikola Jokic,C,Denver Nuggets,1358500
2017,335,Shabazz Napier,G,Portland Trail Blazers,1350120
2017,336,Guillermo Hernangomez,C,New York Knicks,1350000
2017,337,Willy Hernangomez,C,New York Knicks,1350000
2017,338,Tyus Jones,G,Minnesota Timberwolves,1339680
2017,339,Sasha Kaun,C,Philadelphia 76ers,1333240
2017,340,Timothe Luwawu-Cabarrot,SG,Philadelphia 76ers,1326960
2017,341,Clint Capela,C,Houston Rockets,1296240
2017,342,Jarell Martin,F,Memphis Grizzlies,1286160
2017,343,Brice Johnson,PF,LA Clippers,1273920
2017,344,Luke Babbitt,F,Miami Heat,1227286
2017,345,Jeremy Evans,F,Atlanta Hawks,1227286
2017,346,Jordan Mickey,F,Boston Celtics,1223653
2017,347,CJ Wilcox,G,Orlando Magic,1209600
2017,348,Larry Nance Jr.,F,Los Angeles Lakers,1207680
2017,349,Pascal Siakam,F,Toronto Raptors,1196040
2017,350,Kyle Anderson,F,San Antonio Spurs,1192080
2017,351,Josh Huestis,F,Oklahoma City Thunder,1191480
2017,352,Chris McCullough,F,Washington Wizards,1191480
2017,353,Livio Jean-Charles,SF,San Antonio Spurs,1188840
2017,354,Skal Labissiere,C,Sacramento Kings,1188840
2017,355,Kevon Looney,F,Golden State Warriors,1182840
2017,356,Dejounte Murray,G,San Antonio Spurs,1180080
2017,357,Damian Jones,C,Golden State Warriors,1171560
2017,358,Isaiah Whitehead,G,Brooklyn Nets,1074145
2017,359,Rakeem Christmas,PF,Indiana Pacers,1052342
2017,360,Joe Young,G,Indiana Pacers,1052342
2017,361,Tony Wroten,SG,Memphis Grizzlies,1050961
2017,362,John Jenkins,G,Phoenix Suns,1050961
2017,363,Chris Johnson,SG,Houston Rockets,1050961
2017,364,Glenn Robinson III,F,Indiana Pacers,1050500
2017,365,Montrezl Harrell,C,Houston Rockets,1045000
2017,366,Ivica Zubac,C,Los Angeles Lakers,1034956
2017,367,Richaun Holmes,F,Philadelphia 76ers,1025831
2017,368,Mike Muscala,C,Atlanta Hawks,1015696
2017,369,Robert Covington,PF,Philadelphia 76ers,1015696
2017,370,Isaiah Canaan,G,Chicago Bulls,1015696
2017,371,DeAndre Liggins,G,Dallas Mavericks,1015696
2017,372,Anthony Bennett,F,Brooklyn Nets,1015696
2017,373,Andrew Goudelock,PG,Houston Rockets,1015696
2017,374,Justin Holiday,F,New York Knicks,1015696
2017,375,Jeff Withey,C,Utah Jazz,1015696
2017,376,Willie Reed,C,Miami Heat,1015696
2017,377,Brian Roberts,PG,Charlotte Hornets,980431
2017,378,Jarnell Stokes,C,Denver Nuggets,980431
2017,379,Ty Lawson,G,Sacramento Kings,980431
2017,380,Nate Wolters,PG,Utah Jazz,980431
2017,381,Henry Sims,C,Utah Jazz,980431
2017,382,Eric Moreland,C,Oklahoma City Thunder,980431
2017,383,Markel Brown,G,Oklahoma City Thunder,980431
2017,384,Chris Wright,SF,Oklahoma City Thunder,980431
2017,385,Raymond Felton,G,LA Clippers,980431
2017,386,Jordan Farmar,PG,Sacramento Kings,980431
2017,387,Jerami Grant,F,Oklahoma City Thunder,980431
2017,388,Greg Stiemsma,C,Portland Trail Blazers,980431
2017,389,James Michael McAdoo,SF,Golden State Warriors,980431
2017,390,Cory Jefferson,F,Philadelphia 76ers,980431
2017,391,Elton Brand,PF,Philadelphia 76ers,980431
2017,392,Damjan Rudez,SF,Orlando Magic,980431
2017,393,Arinze Onuaku,PF,Orlando Magic,980431
2017,394,Lou Amundson,PF,New York Knicks,980431
2017,395,Sasha Vujacic,SG,New York Knicks,980431
2017,396,Marcus Thornton,SG,Washington Wizards,980431
2017,397,Toure' Murry,SF,Minnesota Timberwolves,980431
2017,398,John Lucas III,PG,Minnesota Timberwolves,980431
2017,399,Rasual Butler,SF,Minnesota Timberwolves,980431
2017,400,Orlando Johnson,SG,Milwaukee Bucks,980431
2017,401,Xavier Henry,SG,Milwaukee Bucks,980431
2017,402,Steve Novak,SF,Milwaukee Bucks,980431
2017,403,Jason Terry,G,Milwaukee Bucks,980431
2017,404,Metta World Peace,SF,Los Angeles Lakers,980431
2017,405,Alan Anderson,SG,LA Clippers,980431
2017,406,Brandon Bass,PF,LA Clippers,980431
2017,407,Dorell Wright,SF,LA Clippers,980431
2017,408,JaKarr Sampson,SF,Indiana Pacers,980431
2017,409,Shayne Whittington,PF,Indiana Pacers,980431
2017,410,Pablo Prigioni,PG,Houston Rockets,980431
2017,411,Gerald Green,G,Boston Celtics,980431
2017,412,Phil Pressey,PG,Golden State Warriors,980431
2017,413,Devyn Marble,G,Golden State Warriors,980431
2017,414,JaMychal Green,F,Memphis Grizzlies,980431
2017,415,Elliot Williams,SG,Golden State Warriors,980431
2017,416,David West,F,Golden State Warriors,980431
2017,417,Joe Harris,SF,Brooklyn Nets,980431
2017,418,Cameron Bairstow,PF,Detroit Pistons,980431
2017,419,Beno Udrih,PG,Detroit Pistons,980431
2017,420,Jorge Gutierrez,G,Denver Nuggets,980431
2017,421,Robbie Hummel,SF,Denver Nuggets,980431
2017,422,Anderson Varejao,C,Golden State Warriors,980431
2017,423,James Jones,SG,Cleveland Cavaliers,980431
2017,424,Chris Andersen,PF,Cleveland Cavaliers,980431
2017,425,Sean Kilpatrick,G,Brooklyn Nets,980431
2017,426,Ian Clark,G,Golden State Warriors,980431
2017,427,Robert Sacre,C,New Orleans Pelicans,980431
2017,428,Thomas Robinson,F,Los Angeles Lakers,980431
2017,429,Will Bynum,PG,Atlanta Hawks,980431
2017,430,Stephen Zimmerman,C,Orlando Magic,950000
2017,431,Andrew Harrison,G,Memphis Grizzlies,945000
2017,432,Raul Neto,PG,Utah Jazz,937800
2017,433,Malcolm Brogdon,G,Milwaukee Bucks,925000
2017,434,Tyler Ulis,G,Phoenix Suns,918369
2017,435,Reggie Williams,SF,New Orleans Pelicans,895197
2017,436,DJ Stephens,G,Memphis Grizzlies,874636
2017,437,D.J. Kennedy,SG,Memphis Grizzlies,874636
2017,438,Jonathon Simmons,G,San Antonio Spurs,874636
2017,439,Casper Ware,G,Melbourne Melbourne United,874636
2017,440,Nick Johnson,G,San Antonio Spurs,874636
2017,441,Darrun Hilliard,G,Detroit Pistons,874636
2017,442,Duje Dukan,PF,Sacramento Kings,874636
2017,443,Grant Jerrett,PF,Portland Trail Blazers,874636
2017,444,Branden Dawson,SF,Orlando Magic,874636
2017,445,Kevin Murphy,SG,Orlando Magic,874636
2017,446,Alan Williams,C,Phoenix Suns,874636
2017,447,Xavier Munford,G,Milwaukee Bucks,874636
2017,448,Pat Connaughton,G,Portland Trail Blazers,874636
2017,449,J.J. O'Brien,SF,Milwaukee Bucks,874636
2017,450,Josh Richardson,SG,Miami Heat,874636
2017,451,Keith Benson,PF,Miami Heat,874636
2017,452,Christian Wood,F,Charlotte Hornets,874636
2017,453,Travis Wear,F,Los Angeles Lakers,874636
2017,454,Norman Powell,G,Toronto Raptors,874636
2017,455,T.J. McConnell,G,Philadelphia 76ers,874636
2017,456,Luis Montero,SG,Detroit Pistons,874636
2017,457,Jordan McRae,G,Cleveland Cavaliers,874636
2017,458,Aaron Harrison,G,Charlotte Hornets,874636
2017,459,Salah Mejri,C,Dallas Mavericks,874636
2017,460,John Holland,G,Cleveland Cavaliers,874636
2017,461,Cristiano Felicio,PF,Chicago Bulls,874636
2017,462,Cliff Alexander,PF,New Orleans Pelicans,874636
2017,463,RJ Hunter,G,Chicago Bulls,864346
2017,464,Paul Zipser,F,Chicago Bulls,750000
2017,465,Spencer Dinwiddie,PG,Brooklyn Nets,726672
2017,466,Bobby Brown,PG,Houston Rockets,680534
2017,467,AJ Hammons,C,Dallas Mavericks,650000
2017,468,Michael Gbinije,SG,Detroit Pistons,650000
2017,469,Georges Niang,F,Indiana Pacers,650000
2017,470,Joel Bolomboy,PF,Utah Jazz,600000
2017,471,Jake Layman,F,Portland Trail Blazers,600000
2017,472,Marcus Paige,G,Charlotte Hornets,543471
2017,473,Rasheed Sulaimon,G,Charlotte Hornets,543471
2017,474,Andrew Andrews,G,Charlotte Hornets,543471
2017,475,Davis Bertans,SF,San Antonio Spurs,543471
2017,476,Vince Hunter,SF,Memphis Grizzlies,543471
2017,477,Shaquille Harrison,G,Memphis Grizzlies,543471
2017,478,Patrick McCaw,SF,Golden State Warriors,543471
2017,479,Kay Felder,G,Cleveland Cavaliers,543471
2017,480,Yanick Moreira,C,Toronto Raptors,543471
2017,481,Kyle Wiltjer,F,Houston Rockets,543471
2017,482,Brady Heslip,SG,Toronto Raptors,543471
2017,483,E.J. Singler,SF,Toronto Raptors,543471
2017,484,Drew Crawford,SG,Toronto Raptors,543471
2017,485,Daniel Ochefu,PF,Washington Wizards,543471
2017,486,Ron Baker,G,New York Knicks,543471
2017,487,Jalen Jones,F,Washington Wizards,543471
2017,488,Isaiah Cousins,G,Utah Jazz,543471
2017,489,Kyle Collinsworth,G,Utah Jazz,543471
2017,490,Kaleb Tarczewski,C,Oklahoma City Thunder,543471
2017,491,Semaj Christon,PG,Oklahoma City Thunder,543471
2017,492,Richard Solomon,F,Oklahoma City Thunder,543471
2017,493,Matt Costello,F,San Antonio Spurs,543471
2017,494,Nicolas Laprovittola,G,San Antonio Spurs,543471
2017,495,Brandon Paul,G,San Antonio Spurs,543471
2017,496,Ryan Richards,PF,San Antonio Spurs,543471
2017,497,Chinanu Onuaku,C,Houston Rockets,543471
2017,498,Gracin Bakumanya,C,Phoenix Suns,543471
2017,499,Derek Cooke Jr.,PF,Phoenix Suns,543471
2017,500,Maurice Ndour,SF,New York Knicks,543471
2017,501,J.P. Tokoto,SG,New York Knicks,543471
2017,502,James Webb III,F,Brooklyn Nets,543471
2017,503,Egidijus Mockevicius,PF,Brooklyn Nets,543471
2017,504,Beau Beech,SG,Brooklyn Nets,543471
2017,505,Dorian Finney-Smith,F,Dallas Mavericks,543471
2017,506,C.J. Williams,G,Brooklyn Nets,543471
2017,507,Bryn Forbes,SG,San Antonio Spurs,543471
2017,508,Treveon Graham,F,Charlotte Hornets,543471
2017,509,Marshall Plumlee,C,New York Knicks,543471
2017,510,Cheick Diallo,F,New Orleans Pelicans,543471
2017,511,Stefan Jankovic,PF,Miami Heat,543471
2017,512,Julian Jacobs,PG,Los Angeles Lakers,543471
2017,513,Zach Auguste,F,Los Angeles Lakers,543471
2017,514,Nick Zeisloft,G,Golden State Warriors,543471
2017,515,Tim Quarterman,G,Portland Trail Blazers,543471
2017,516,Fred VanVleet,G,Toronto Raptors,543471
2017,517,Elgin Cook,SF,Golden State Warriors,543471
2017,518,Rodney McGruder,G,Miami Heat,543471
2017,519,Scott Wood,SG,Golden State Warriors,543471
2017,520,Cameron Jones,SG,Golden State Warriors,543471
2017,521,Nikola Jovanovic,PF,Detroit Pistons,543471
2017,522,Danuel House Jr.,SF,Washington Wizards,543471
2017,523,Ryan Arcidiacono,G,Detroit Pistons,543471
2017,524,Trey Freeman,PG,Detroit Pistons,543471
2017,525,Derrick Jones Jr.,F,Phoenix Suns,543471
2017,526,Ben Bentil,PF,Dallas Mavericks,543471
2017,527,Jameel Warney,PF,Dallas Mavericks,543471
2017,528,Keith Hornsby,G,Dallas Mavericks,543471
2017,529,Sheldon Mac,G,Washington Wizards,543471
2017,530,Diamond Stone,C,LA Clippers,543471
2017,531,D'Vauntes Smith-Rivera,PG,Chicago Bulls,543471
2017,532,Alex Caruso,G,Oklahoma City Thunder,543471
2017,533,Thomas Walkup,SG,Chicago Bulls,543471
2017,534,J.J. Avila,PF,Chicago Bulls,543471
2017,535,Julyan Stone,G,Chicago Bulls,543471
2017,536,Quincy Ford,SG,New Orleans Pelicans,543471
2017,537,Jonathan Holmes,PF,Boston Celtics,543471
2017,538,Nicolas Brussino,SF,Dallas Mavericks,543471
2017,539,Cat Barber,G,Atlanta Hawks,543471
2017,540,Jonathan Gibson,G,Dallas Mavericks,469943
2017,541,Toney Douglas,PG,Memphis Grizzlies,379159
2017,542,Ryan Kelly,PF,Atlanta Hawks,286785
2017,543,Ronnie Price,PG,Phoenix Suns,276828
2017,544,Deron Williams,PG,Cleveland Cavaliers,259526
2017,545,Isaiah Taylor,G,Houston Rockets,255000
2017,546,Jose Calderon,G,Atlanta Hawks,247991
2017,547,Lamar Patterson,SG,Atlanta Hawks,246956
2017,548,Andrew Bogut,C,Cleveland Cavaliers,242224
2017,549,Matt Barnes,SF,Golden State Warriors,242224
2017,550,Yogi Ferrell,PG,Dallas Mavericks,207798
2017,551,Larry Sanders,PF,Cleveland Cavaliers,207722
2017,552,Jordan Crawford,G,New Orleans Pelicans,173099
2017,553,Johnny O'Bryant III,F,Charlotte Hornets,161483
2017,554,Chasson Randle,G,Philadelphia 76ers,143860
2017,555,Omri Casspi,F,Minnesota Timberwolves,138414
2017,556,Ray McCallum,PG,Charlotte Hornets,121112
2017,557,Hollis Thompson,F,New Orleans Pelicans,115344
2017,558,Derrick Williams,PF,Cleveland Cavaliers,115344
2017,559,Manny Harris,PG,Dallas Mavericks,115344
2017,560,Wayne Selden,G,New Orleans Pelicans,83119
2017,561,Troy Williams,F,Houston Rockets,76725
2017,562,Archie Goodwin,SG,Brooklyn Nets,75000
2017,563,David Nwaba,SF,Los Angeles Lakers,73528
2017,564,Mike Tobey,C,Charlotte Hornets,67135
2017,565,Justin Harper,PF,Philadelphia 76ers,57672
2017,566,Alonzo Gee,SF,Denver Nuggets,57672
2017,567,Jarell Eddie,F,Phoenix Suns,57672
2017,568,Jarrett Jack,G,New Orleans Pelicans,57672
2017,569,Jarrod Uthoff,F,Dallas Mavericks,47953
2017,570,Alex Poythress,F,Philadelphia 76ers,35166
2017,571,Gary Payton II,G,Milwaukee Bucks,35116
2017,572,Patricio Garino,SG,Orlando Magic,31969
2017,573,Pierre Jackson,PG,Dallas Mavericks,31969
2017,574,Elijah Millsap,F,Phoenix Suns,23069
2017,575,Quinn Cook,PG,Dallas Mavericks,15984
2017,576,Axel Toupane,SG,New Orleans Pelicans,15435
2017,577,Dahntay Jones,SG,Cleveland Cavaliers,5767
2018,1,Stephen Curry,G,Golden State Warriors,37457154
2018,2,Blake Griffin,PF,Detroit Pistons,32088932
2018,3,Paul Millsap,PF,Denver Nuggets,31269231
2018,4,Kyle Lowry,G,Toronto Raptors,31200000
2018,5,Gordon Hayward,SF,Boston Celtics,29727900
2018,6,Mike Conley,G,Memphis Grizzlies,28530608
2018,7,Russell Westbrook,G,Oklahoma City Thunder,28530608
2018,8,James Harden,G,Houston Rockets,28299399
2018,9,DeMar DeRozan,G,Toronto Raptors,27739975
2018,10,Al Horford,C,Boston Celtics,27734406
2018,11,Carmelo Anthony,PF,Oklahoma City Thunder,26243760
2018,12,Damian Lillard,G,Portland Trail Blazers,26153057
2018,13,Otto Porter Jr.,SF,Washington Wizards,26011913
2018,14,Jrue Holiday,G,New Orleans Pelicans,25686667
2018,15,Bradley Beal,G,Washington Wizards,25434263
2018,16,Andre Drummond,C,Detroit Pistons,25434263
2018,17,Hassan Whiteside,C,Miami Heat,25434262
2018,18,Joel Embiid,C,Philadelphia 76ers,25250000
2018,19,Chris Paul,G,Houston Rockets,24599495
2018,20,Giannis Antetokounmpo,F,Milwaukee Bucks,24157303
2018,21,Kevin Love,F,Cleveland Cavaliers,24119025
2018,22,Nicolas Batum,F,Charlotte Hornets,24000000
2018,23,CJ McCollum,G,Portland Trail Blazers,23962573
2018,24,Dwight Howard,C,Charlotte Hornets,23819725
2018,25,Anthony Davis,F,New Orleans Pelicans,23775506
2018,26,Harrison Barnes,F,Dallas Mavericks,23112004
2018,27,Chandler Parsons,SF,Memphis Grizzlies,23112004
2018,28,Brook Lopez,C,Los Angeles Lakers,22642650
2018,29,Marc Gasol,C,Memphis Grizzlies,22642350
2018,30,DeAndre Jordan,C,LA Clippers,22642350
2018,31,Steven Adams,C,Oklahoma City Thunder,22471910
2018,32,Rudy Gobert,C,Utah Jazz,21924719
2018,33,Serge Ibaka,F,Toronto Raptors,21666667
2018,34,LaMarcus Aldridge,C,San Antonio Spurs,21461010
2018,35,Victor Oladipo,SG,Indiana Pacers,21000000
2018,36,Danilo Gallinari,PF,LA Clippers,20559599
2018,37,Ryan Anderson,PF,Houston Rockets,19578455
2018,38,Paul George,F,Oklahoma City Thunder,19508958
2018,39,Jimmy Butler III,F,Minnesota Timberwolves,19301070
2018,40,Tyler Johnson,G,Miami Heat,19245370
2018,41,John Wall,PG,Washington Wizards,19169800
2018,42,Jeff Teague,PG,Minnesota Timberwolves,19000000
2018,43,George Hill,PG,Cleveland Cavaliers,19000000
2018,44,Kawhi Leonard,F,San Antonio Spurs,18868626
2018,45,Kyrie Irving,G,Boston Celtics,18868626
2018,46,Enes Freedom,C,New York Knicks,18622514
2018,47,Joakim Noah,C,New York Knicks,18530000
2018,48,Allen Crabbe,G,Brooklyn Nets,18500000
2018,49,Goran Dragic,PG,Miami Heat,18109175
2018,50,Kent Bazemore,SF,Atlanta Hawks,18089887
2018,51,DeMarcus Cousins,C,New Orleans Pelicans,18063850
2018,52,Wesley Matthews,SG,Dallas Mavericks,17884176
2018,53,Klay Thompson,G,Golden State Warriors,17826150
2018,54,Kentavious Caldwell-Pope,G,Los Angeles Lakers,17745894
2018,55,Draymond Green,F,Golden State Warriors,17469565
2018,56,Tristan Thompson,C,Cleveland Cavaliers,17469565
2018,57,Tim Hardaway Jr.,G,New York Knicks,17325000
2018,58,Luol Deng,F,Los Angeles Lakers,17190000
2018,59,Evan Turner,G,Portland Trail Blazers,17131148
2018,60,Reggie Jackson,PG,Detroit Pistons,17043478
2018,61,Bismack Biyombo,C,Orlando Magic,17000000
2018,62,Evan Fournier,SG,Orlando Magic,17000000
2018,63,Jonas Valanciunas,C,Toronto Raptors,16539326
2018,64,Pau Gasol,PF,San Antonio Spurs,16000000
2018,65,Tobias Harris,F,LA Clippers,16000000
2018,66,Timofey Mozgov,C,Brooklyn Nets,16000000
2018,67,Ian Mahinmi,C,Washington Wizards,15944154
2018,68,Dennis Schroder,G,Atlanta Hawks,15500000
2018,69,Tony Parker,G,San Antonio Spurs,15453126
2018,70,DeMarre Carroll,F,Brooklyn Nets,15400000
2018,71,Eric Bledsoe,SG,Milwaukee Bucks,15000000
2018,72,Andre Iguodala,F,Golden State Warriors,14814815
2018,73,JR Smith,G,Cleveland Cavaliers,14720000
2018,74,James Johnson,PF,Miami Heat,14651700
2018,75,Robin Lopez,C,Chicago Bulls,14357750
2018,76,Ricky Rubio,PG,Utah Jazz,14275000
2018,77,Joe Ingles,F,Utah Jazz,14136364
2018,78,Gorgui Dieng,C,Minnesota Timberwolves,14112360
2018,79,Marvin Williams,F,Charlotte Hornets,14087500
2018,80,Mason Plumlee,C,Denver Nuggets,14041096
2018,81,Taj Gibson,F,Minnesota Timberwolves,14000000
2018,82,Thaddeus Young,F,Indiana Pacers,13964045
2018,83,Brandon Knight,PG,Dallas Mavericks,13618750
2018,84,Cody Zeller,C,Charlotte Hornets,13528090
2018,85,Michael Kidd-Gilchrist,F,Charlotte Hornets,13000000
2018,86,Tyson Chandler,C,Phoenix Suns,13000000
2018,87,Eric Gordon,G,Houston Rockets,12943020
2018,88,Kenneth Faried,F,Denver Nuggets,12921348
2018,89,Marcin Gortat,C,Washington Wizards,12782609
2018,90,Nikola Vucevic,C,Orlando Magic,12750000
2018,91,Austin Rivers,SG,LA Clippers,12650000
2018,92,Kelly Olynyk,F,Miami Heat,12537527
2018,93,Jeremy Lin,G,Brooklyn Nets,12516746
2018,94,Miles Plumlee,C,Atlanta Hawks,12500000
2018,95,Jordan Clarkson,G,Cleveland Cavaliers,12500000
2018,96,Nikola Mirotic,F,New Orleans Pelicans,12500000
2018,97,Zach Randolph,F,Sacramento Kings,12307692
2018,98,Courtney Lee,G,New York Knicks,12253780
2018,99,Solomon Hill,SF,New Orleans Pelicans,12236535
2018,100,Nikola Pekovic,C,Minnesota Timberwolves,12100000
2018,101,Wilson Chandler,F,Denver Nuggets,12016854
2018,102,Kemba Walker,PG,Charlotte Hornets,12000000
2018,103,Derrick Favors,F,Utah Jazz,12000000
2018,104,Dion Waiters,G,Miami Heat,11550000
2018,105,John Henson,F,Milwaukee Bucks,11327466
2018,106,Omer Asik,C,Chicago Bulls,11286516
2018,107,Monta Ellis,SG,Indiana Pacers,11227000
2018,108,Alec Burks,SG,Utah Jazz,10845506
2018,109,Patty Mills,PG,San Antonio Spurs,10714286
2018,110,Tony Snell,SF,Milwaukee Bucks,10607143
2018,111,Terrence Ross,G,Orlando Magic,10500000
2018,112,Bojan Bogdanovic,SF,Indiana Pacers,10500000
2018,113,Mirza Teletovic,PF,Milwaukee Bucks,10500000
2018,114,Robert Covington,PF,Philadelphia 76ers,10464092
2018,115,Iman Shumpert,G,Cleveland Cavaliers,10337079
2018,116,Maurice Harkless,SF,Portland Trail Blazers,10162922
2018,117,Jon Leuer,F,Detroit Pistons,10002681
2018,118,Danny Green,F,San Antonio Spurs,10000000
2018,119,Darren Collison,PG,Indiana Pacers,10000000
2018,120,Jared Dudley,SF,Phoenix Suns,10000000
2018,121,Al Jefferson,C,Indiana Pacers,10000000
2018,122,Meyers Leonard,C,Portland Trail Blazers,9904495
2018,123,Matthew Dellavedova,G,Milwaukee Bucks,9607500
2018,124,Bogdan Bogdanovic,G,Sacramento Kings,9412280
2018,125,Josh Richardson,SG,Miami Heat,9367200
2018,126,Norman Powell,G,Toronto Raptors,9367200
2018,127,Andre Roberson,F,Oklahoma City Thunder,9259260
2018,128,Dwight Powell,F,Dallas Mavericks,9003125
2018,129,Gerald Henderson,SG,Philadelphia 76ers,9000000
2018,130,Avery Bradley,PG,LA Clippers,8808989
2018,131,Markieff Morris,PF,Washington Wizards,8600000
2018,132,Jerryd Bayless,G,Philadelphia 76ers,8575916
2018,133,JaMychal Green,F,Memphis Grizzlies,8533333
2018,134,Cristiano Felicio,PF,Chicago Bulls,8470980
2018,135,E'Twaun Moore,G,New Orleans Pelicans,8445024
2018,136,Rudy Gay,SF,San Antonio Spurs,8406000
2018,137,Kosta Koufos,C,Sacramento Kings,8393000
2018,138,Markelle Fultz,G,Philadelphia 76ers,8339880
2018,139,Garrett Temple,G,Sacramento Kings,8000000
2018,140,Kevin Garnett,PF,Minnesota Timberwolves,8000000
2018,141,Yi Jianlian,SF,Los Angeles Lakers,8000000
2018,142,Vince Carter,G,Sacramento Kings,8000000
2018,143,Cory Joseph,PG,Indiana Pacers,7945000
2018,144,CJ Miles,G,Toronto Raptors,7936509
2018,145,Shaun Livingston,G,Golden State Warriors,7692308
2018,146,P.J. Tucker,PF,Houston Rockets,7590035
2018,147,Corey Brewer,F,Oklahoma City Thunder,7579366
2018,148,Andrew Wiggins,F,Minnesota Timberwolves,7574323
2018,149,Kyle Korver,G,Cleveland Cavaliers,7560000
2018,150,Boris Diaw,C,Utah Jazz,7500000
2018,151,Jeremy Lamb,SG,Charlotte Hornets,7488372
2018,152,Darrell Arthur,F,Denver Nuggets,7464912
2018,153,Trevor Ariza,SF,Houston Rockets,7420912
2018,154,Channing Frye,F,Los Angeles Lakers,7420912
2018,155,Festus Ezeli,C,Portland Trail Blazers,7400000
2018,156,Al-Farouq Aminu,SF,Portland Trail Blazers,7319035
2018,157,Cole Aldrich,C,Minnesota Timberwolves,7300000
2018,158,D.J. Augustin,G,Orlando Magic,7250000
2018,159,Dewayne Dedmon,C,Atlanta Hawks,7200000
2018,160,Lance Thomas,F,New York Knicks,7119650
2018,161,D'Angelo Russell,G,Brooklyn Nets,7019698
2018,162,Langston Galloway,SG,Detroit Pistons,7000000
2018,163,Rodney Stuckey,PG,Indiana Pacers,7000000
2018,164,Boban Marjanovic,C,LA Clippers,7000000
2018,165,Lou Williams,SG,LA Clippers,7000000
2018,166,Jae Crowder,PF,Utah Jazz,6796117
2018,167,Carl Landry,PF,Philadelphia 76ers,6500000
2018,168,Ben Simmons,PG,Philadelphia 76ers,6434520
2018,169,Tim Duncan,C,San Antonio Spurs,6393750
2018,170,Ed Davis,C,Portland Trail Blazers,6352531
2018,171,Lonzo Ball,G,Los Angeles Lakers,6286560
2018,172,Isaiah Thomas,G,Los Angeles Lakers,6261395
2018,173,Karl-Anthony Towns,C,Minnesota Timberwolves,6216840
2018,174,Spencer Hawes,PF,Milwaukee Bucks,6061175
2018,175,Josh McRoberts,PF,Dallas Mavericks,6021175
2018,176,Shelvin Mack,G,Orlando Magic,6000000
2018,177,Ish Smith,PG,Detroit Pistons,6000000
2018,178,Jonathon Simmons,G,Orlando Magic,6000000
2018,179,Alan Williams,C,Phoenix Suns,6000000
2018,180,Milos Teodosic,G,LA Clippers,6000000
2018,181,Wesley Johnson,F,LA Clippers,5882260
2018,182,Alex Abrines,G,Oklahoma City Thunder,5725000
2018,183,Kristaps Porzingis,C,New York Knicks,5697054
2018,184,Jayson Tatum,F,Boston Celtics,5645400
2018,185,Jared Sullinger,C,Phoenix Suns,5628000
2018,186,Brandon Ingram,F,Los Angeles Lakers,5519400
2018,187,Patrick Beverley,PG,LA Clippers,5513514
2018,188,Luis Scola,F,Shanghai Sharks,5500000
2018,189,Thabo Sefolosha,F,Utah Jazz,5500000
2018,190,Jason Smith,F,Washington Wizards,5450000
2018,191,Ben McLemore,SG,Memphis Grizzlies,5200000
2018,192,Patrick Patterson,PF,Oklahoma City Thunder,5192000
2018,193,Nick Young,G,Golden State Warriors,5192000
2018,194,Josh Jackson,SG,Phoenix Suns,5090040
2018,195,Mike Muscala,C,Atlanta Hawks,5000000
2018,196,C.J. Watson,PG,Orlando Magic,5000000
2018,197,Dirk Nowitzki,F,Dallas Mavericks,5000000
2018,198,Marcus Morris Sr.,F,Boston Celtics,5000000
2018,199,Dante Exum,G,Utah Jazz,4992385
2018,200,Jonathan Isaac,F,Orlando Magic,4969080
2018,201,Alexis Ajinca,C,LA Clippers,4961798
2018,202,Jaylen Brown,G,Boston Celtics,4956480
2018,203,Mike Dunleavy,SG,Atlanta Hawks,4837500
2018,204,Kyle Singler,F,Oklahoma City Thunder,4666500
2018,205,De'Aaron Fox,G,Sacramento Kings,4609200
2018,206,Ron Baker,G,New York Knicks,4544000
2018,207,Lauri Markkanen,F,Chicago Bulls,4536120
2018,208,Dragan Bender,F,Phoenix Suns,4468800
2018,209,Devin Harris,G,Denver Nuggets,4402546
2018,210,Justin Holiday,F,Chicago Bulls,4384616
2018,211,Greivis Vasquez,PG,Brooklyn Nets,4347826
2018,212,Jamal Crawford,G,Minnesota Timberwolves,4328000
2018,213,Emmanuel Mudiay,G,New York Knicks,4294480
2018,214,Kris Dunn,G,Chicago Bulls,4221000
2018,215,Nerlens Noel,C,Dallas Mavericks,4187599
2018,216,Alex Len,C,Phoenix Suns,4187599
2018,217,Frank Ntilikina,PG,New York Knicks,4155720
2018,218,Julius Randle,F,Los Angeles Lakers,4149242
2018,219,Leandro Barbosa,G,Flamengo Flamengo,4000000
2018,220,Jordan Hill,C,Minnesota Timberwolves,4000000
2018,221,Jonas Jerebko,F,Utah Jazz,4000000
2018,222,Nemanja Bjelica,PF,Minnesota Timberwolves,3949999
2018,223,Stanley Johnson,SF,Detroit Pistons,3940402
2018,224,J.J. Barea,G,Dallas Mavericks,3903900
2018,225,Quincy Pondexter,F,Chicago Bulls,3853931
2018,226,Willie Cauley-Stein,C,Sacramento Kings,3704160
2018,227,Buddy Hield,G,Sacramento Kings,3675480
2018,228,Frank Kaminsky,F,Charlotte Hornets,3627842
2018,229,Drew Gooden,PF,Washington Wizards,3547000
2018,230,Will Barton,G,Denver Nuggets,3533333
2018,231,Paul Pierce,SF,LA Clippers,3527920
2018,232,Mike Miller,SG,Denver Nuggets,3500000
2018,233,Zaza Pachulia,C,Golden State Warriors,3477600
2018,234,Nene Hilario,C,Houston Rockets,3477600
2018,235,Jodie Meeks,G,Washington Wizards,3454500
2018,236,Justise Winslow,PF,Miami Heat,3448926
2018,237,Malik Monk,G,Charlotte Hornets,3447480
2018,238,Myles Turner,C,Indiana Pacers,3410284
2018,239,Troy Daniels,G,Phoenix Suns,3408520
2018,240,Jamal Murray,G,Denver Nuggets,3355320
2018,241,Rajon Rondo,PG,New Orleans Pelicans,3300000
2018,242,Doug McDermott,F,Dallas Mavericks,3294994
2018,243,Tyreke Evans,G,Memphis Grizzlies,3290000
2018,244,Tarik Black,F,Houston Rockets,3290000
2018,245,Anthony Tolliver,PF,Detroit Pistons,3290000
2018,246,Luke Kennard,G,Detroit Pistons,3275280
2018,247,Cameron Payne,PG,Chicago Bulls,3263294
2018,248,Dennis Smith Jr.,PG,Dallas Mavericks,3218280
2018,249,Kelly Oubre Jr.,G,Washington Wizards,3208630
2018,250,Ekpe Udoh,F,Utah Jazz,3200000
2018,251,T.J. Warren,SF,Phoenix Suns,3152931
2018,252,Marquese Chriss,SF,Phoenix Suns,3073800
2018,253,Zach Collins,F,Portland Trail Blazers,3057240
2018,254,Seth Curry,G,Golden State Warriors,3028410
2018,255,Mindaugas Kuzminskas,F,New York Knicks,3025035
2018,256,Justin Hamilton,C,Beijing Ducks,3000000
2018,257,Tomas Satoransky,SG,Washington Wizards,3000000
2018,258,Tibor Pleiss,C,Philadelphia 76ers,3000000
2018,259,Bam Adebayo,C,Miami Heat,2955840
2018,260,Jakob Poeltl,C,Toronto Raptors,2947320
2018,261,Jusuf Nurkic,C,Portland Trail Blazers,2947305
2018,262,Thon Maker,F,Milwaukee Bucks,2799720
2018,263,Cedi Osman,SF,Cleveland Cavaliers,2775000
2018,264,Domantas Sabonis,F,Indiana Pacers,2659800
2018,265,Jerian Grant,G,Chicago Bulls,2639314
2018,266,Donovan Mitchell,G,Utah Jazz,2621280
2018,267,Gary Harris,G,Denver Nuggets,2550055
2018,268,Delon Wright,G,Toronto Raptors,2536898
2018,269,D.J. Wilson,F,Milwaukee Bucks,2534280
2018,270,Taurean Prince,F,Atlanta Hawks,2526840
2018,271,Dario Saric,F,Philadelphia 76ers,2526840
2018,272,Justin Anderson,F,Philadelphia 76ers,2516048
2018,273,Manu Ginobili,G,San Antonio Spurs,2500000
2018,274,Reggie Bullock Jr.,SF,Detroit Pistons,2500000
2018,275,Bobby Portis,F,Chicago Bulls,2494346
2018,276,Rondae Hollis Jefferson,SF,Brooklyn Nets,2470357
2018,277,Kendrick Perkins,C,Cleveland Cavaliers,2445085
2018,278,Trey Lyles,PF,Denver Nuggets,2441400
2018,279,T.J. Leaf,PF,Indiana Pacers,2407560
2018,280,Justin Jackson,F,Sacramento Kings,2365560
2018,281,Shabazz Napier,G,Portland Trail Blazers,2361360
2018,282,Clint Capela,C,Houston Rockets,2334528
2018,283,Devin Booker,G,Phoenix Suns,2319360
2018,284,John Collins,F,Atlanta Hawks,2299080
2018,285,Denzel Valentine,G,Chicago Bulls,2280600
2018,286,Larry Nance Jr.,F,Cleveland Cavaliers,2272391
2018,287,Justin Patton,C,Minnesota Timberwolves,2247480
2018,288,Brandon Jennings,G,Milwaukee Bucks,2222803
2018,289,Mo Williams,PG,Denver Nuggets,2194500
2018,290,Kyle Anderson,F,San Antonio Spurs,2151704
2018,291,Darius Miller,SF,New Orleans Pelicans,2100000
2018,292,Juancho Hernangomez,PF,Denver Nuggets,2076840
2018,293,Sean Kilpatrick,G,Chicago Bulls,2054856
2018,294,Kendall Marshall,PG,Milwaukee Bucks,2048257
2018,295,OG Anunoby,F,Toronto Raptors,2034120
2018,296,Jarrett Allen,C,Brooklyn Nets,2034120
2018,297,Terry Rozier,G,Boston Celtics,1988520
2018,298,Kevin Seraphin,C,Indiana Pacers,1974159
2018,299,Ante Zizic,C,Cleveland Cavaliers,1952760
2018,300,Tyler Zeller,C,Milwaukee Bucks,1933941
2018,301,Rashad Vaughn,G,Orlando Magic,1889040
2018,302,Harry Giles III,PF,Charlotte Hornets,1859400
2018,303,Henry Ellenson,PF,Detroit Pistons,1857480
2018,304,Eric Moreland,C,Detroit Pistons,1826300
2018,305,Sam Dekker,F,LA Clippers,1794600
2018,306,Terrance Ferguson,SF,Oklahoma City Thunder,1785000
2018,307,Furkan Korkmaz,SG,Philadelphia 76ers,1740000
2018,308,Caris LeVert,G,Brooklyn Nets,1702800
2018,309,Malik Beasley,SG,Denver Nuggets,1700640
2018,310,Spencer Dinwiddie,PG,Brooklyn Nets,1656092
2018,311,Julyan Stone,G,Charlotte Hornets,1656092
2018,312,DeAndre' Bembry,SG,Atlanta Hawks,1634640
2018,313,Richaun Holmes,F,Philadelphia 76ers,1600520
2018,314,T.J. McConnell,G,Philadelphia 76ers,1600520
2018,315,Dwight Buycks,G,Detroit Pistons,1600520
2018,316,Tyler Lydon,F,Denver Nuggets,1579440
2018,317,Archie Goodwin,SG,Portland Trail Blazers,1577230
2018,318,Ryan Kelly,PF,Atlanta Hawks,1577230
2018,319,Jeff Withey,C,Dallas Mavericks,1577230
2018,320,Malachi Richardson,G,Toronto Raptors,1569360
2018,321,Caron Butler,SF,Sacramento Kings,1551659
2018,322,Isaiah Taylor,G,Atlanta Hawks,1544951
2018,323,Trey Burke,PG,New York Knicks,1544951
2018,324,Troy Williams,F,New York Knicks,1544951
2018,325,Quinn Cook,PG,Golden State Warriors,1544951
2018,326,Malcolm Brogdon,G,Milwaukee Bucks,1544951
2018,327,Pascal Siakam,F,Toronto Raptors,1544951
2018,328,Rodney McGruder,G,Miami Heat,1544951
2018,329,Willy Hernangomez,C,Charlotte Hornets,1544951
2018,330,Mitch McGary,PF,Oklahoma City Thunder,1526040
2018,331,Joffrey Lauvergne,F,San Antonio Spurs,1524305
2018,332,Jerami Grant,F,Oklahoma City Thunder,1524305
2018,333,Johnny O'Bryant III,F,Charlotte Hornets,1524305
2018,334,Tyler Ennis,G,Los Angeles Lakers,1524305
2018,335,Elijah Millsap,F,Denver Nuggets,1524305
2018,336,Marcelinho Huertas,PG,Houston Rockets,1500000
2018,337,Omri Casspi,F,Golden State Warriors,1471382
2018,338,Tyus Jones,G,Minnesota Timberwolves,1471382
2018,339,KJ McDaniels,F,Oklahoma City Thunder,1471382
2018,340,Raymond Felton,G,Oklahoma City Thunder,1471382
2018,341,Nick Collison,F,Oklahoma City Thunder,1471382
2018,342,Josh Huestis,F,Oklahoma City Thunder,1471382
2018,343,JaVale McGee,C,Golden State Warriors,1471382
2018,344,Anthony Morrow,SG,Portland Trail Blazers,1471382
2018,345,Montrezl Harrell,C,LA Clippers,1471382
2018,346,Kris Humphries,PF,Philadelphia 76ers,1471382
2018,347,Damjan Rudez,SF,Orlando Magic,1471382
2018,348,Aaron Brooks,G,Minnesota Timberwolves,1471382
2018,349,Axel Toupane,SG,Milwaukee Bucks,1471382
2018,350,Pat Connaughton,G,Portland Trail Blazers,1471382
2018,351,Mario Chalmers,G,Memphis Grizzlies,1471382
2018,352,Rakeem Christmas,PF,Indiana Pacers,1471382
2018,353,Damien Wilkins,SG,Indiana Pacers,1471382
2018,354,Luc Mbah a Moute,F,Houston Rockets,1471382
2018,355,Kevon Looney,F,Golden State Warriors,1471382
2018,356,Andrew Bogut,C,Los Angeles Lakers,1471382
2018,357,David West,F,Golden State Warriors,1471382
2018,358,Chris McCullough,F,Washington Wizards,1471382
2018,359,Beno Udrih,PG,Detroit Pistons,1471382
2018,360,Nikola Jokic,C,Denver Nuggets,1471382
2018,361,Donald Sloan,G,Denver Nuggets,1471382
2018,362,Josh Childress,F,Maccabi Haifa Maccabi Haifa,1471382
2018,363,Salah Mejri,C,Dallas Mavericks,1471382
2018,364,Maalik Wayns,PG,Dallas Mavericks,1471382
2018,365,Jarell Martin,F,Memphis Grizzlies,1471382
2018,366,Raul Neto,PG,Utah Jazz,1471382
2018,367,Willie Reed,C,Detroit Pistons,1471382
2018,368,Tony Allen,SG,New Orleans Pelicans,1471382
2018,369,Ian Clark,G,New Orleans Pelicans,1471382
2018,370,Perry Jones,SF,New Orleans Pelicans,1471382
2018,371,Jeremy Evans,F,Atlanta Hawks,1471382
2018,372,Caleb Swanigan,F,Portland Trail Blazers,1465920
2018,373,Jordan Adams,SG,Memphis Grizzlies,1465080
2018,374,Richard Jefferson,F,Denver Nuggets,1454756
2018,375,Kyle Kuzma,F,Los Angeles Lakers,1423560
2018,376,Tony Bradley,C,Utah Jazz,1414920
2018,377,Derrick White,G,San Antonio Spurs,1404600
2018,378,Josh Hart,G,Los Angeles Lakers,1394520
2018,379,Timothe Luwawu-Cabarrot,SG,Philadelphia 76ers,1386600
2018,380,Josh Smith,PF,New Orleans Pelicans,1379940
2018,381,Jaylen Morris,F,Atlanta Hawks,1378242
2018,382,Khem Birch,C,Orlando Magic,1378242
2018,383,Wes Iwundu,F,Orlando Magic,1378242
2018,384,Damyean Dotson,SG,New York Knicks,1378242
2018,385,Rodney Purvis,G,Orlando Magic,1378242
2018,386,Sterling Brown,SF,Milwaukee Bucks,1378242
2018,387,Tyler Dorsey,G,Atlanta Hawks,1378242
2018,388,Jordan Bell,F,Golden State Warriors,1378242
2018,389,Alfonzo McKinnie,F,Toronto Raptors,1378242
2018,390,Ike Anigbogu,C,Indiana Pacers,1378242
2018,391,Alex Poythress,F,Indiana Pacers,1378242
2018,392,Guillermo Hernangomez,C,New York Knicks,1350000
2018,393,Sasha Kaun,C,Philadelphia 76ers,1333240
2018,394,Brice Johnson,PF,Memphis Grizzlies,1331160
2018,395,Davis Bertans,SF,San Antonio Spurs,1312611
2018,396,Patrick McCaw,SF,Golden State Warriors,1312611
2018,397,Kyle Wiltjer,F,Toronto Raptors,1312611
2018,398,Daniel Ochefu,PF,Washington Wizards,1312611
2018,399,Carrick Felix,SG,Washington Wizards,1312611
2018,400,Semaj Christon,PG,Oklahoma City Thunder,1312611
2018,401,Stephen Zimmerman,C,San Antonio Spurs,1312611
2018,402,Tyler Ulis,G,Phoenix Suns,1312611
2018,403,Chinanu Onuaku,C,Houston Rockets,1312611
2018,404,Patricio Garino,SG,Orlando Magic,1312611
2018,405,Skal Labissiere,C,Sacramento Kings,1312611
2018,406,Dorian Finney-Smith,F,Dallas Mavericks,1312611
2018,407,Bryn Forbes,SG,San Antonio Spurs,1312611
2018,408,Cheick Diallo,F,New Orleans Pelicans,1312611
2018,409,AJ Hammons,C,Miami Heat,1312611
2018,410,Ivica Zubac,C,Los Angeles Lakers,1312611
2018,411,Yogi Ferrell,PG,Dallas Mavericks,1312611
2018,412,DeQuan Jones,SF,Indiana Pacers,1312611
2018,413,Deyonta Davis,F,Memphis Grizzlies,1312611
2018,414,Andrew Harrison,G,Memphis Grizzlies,1312611
2018,415,Michael Gbinije,SG,Golden State Warriors,1312611
2018,416,Isaiah Whitehead,G,Brooklyn Nets,1312611
2018,417,Kalin Lucas,G,Detroit Pistons,1312611
2018,418,Chasson Randle,G,Minnesota Timberwolves,1312611
2018,419,Damian Jones,C,Golden State Warriors,1312611
2018,420,Sheldon Mac,G,Cleveland Cavaliers,1312611
2018,421,Diamond Stone,C,Chicago Bulls,1312611
2018,422,Paul Zipser,F,Chicago Bulls,1312611
2018,423,Wayne Selden,G,Memphis Grizzlies,1312611
2018,424,Jarrod Uthoff,F,New Orleans Pelicans,1312611
2018,425,Jake Layman,F,Portland Trail Blazers,1312611
2018,426,Nicolas Brussino,SF,Atlanta Hawks,1312611
2018,427,Dejounte Murray,G,San Antonio Spurs,1312611
2018,428,Khris Middleton,F,Milwaukee Bucks,1300000
2018,429,Semi Ojeleye,PF,Boston Celtics,1291892
2018,430,Livio Jean-Charles,SF,San Antonio Spurs,1188840
2018,431,Frank Mason III,G,Sacramento Kings,1184385
2018,432,Abdel Nader,F,Boston Celtics,1167333
2018,433,Tony Wroten,SG,Memphis Grizzlies,1050961
2018,434,John Jenkins,G,New York Knicks,1050961
2018,435,Chris Johnson,SG,Houston Rockets,1050961
2018,436,Anthony Bennett,F,Houston Rockets,1015696
2018,437,Andrew Goudelock,PG,Houston Rockets,1015696
2018,438,Isaiah Canaan,G,Phoenix Suns,997547
2018,439,Jarnell Stokes,C,Memphis Grizzlies,980431
2018,440,Henry Sims,C,Utah Jazz,980431
2018,441,Chris Wright,SF,Oklahoma City Thunder,980431
2018,442,Jordan Farmar,PG,Sacramento Kings,980431
2018,443,Greg Stiemsma,C,Portland Trail Blazers,980431
2018,444,Cory Jefferson,F,Philadelphia 76ers,980431
2018,445,Elton Brand,PF,Philadelphia 76ers,980431
2018,446,Arinze Onuaku,PF,Orlando Magic,980431
2018,447,Lou Amundson,PF,New York Knicks,980431
2018,448,Marcus Thornton,SG,Brooklyn Nets,980431
2018,449,Toure' Murry,SF,Minnesota Timberwolves,980431
2018,450,John Lucas III,PG,Minnesota Timberwolves,980431
2018,451,Rasual Butler,SF,Minnesota Timberwolves,980431
2018,452,Orlando Johnson,SG,Milwaukee Bucks,980431
2018,453,Xavier Henry,SG,Milwaukee Bucks,980431
2018,454,Steve Novak,SF,Milwaukee Bucks,980431
2018,455,Dorell Wright,SF,LA Clippers,980431
2018,456,Shayne Whittington,PF,Indiana Pacers,980431
2018,457,Pablo Prigioni,PG,Houston Rockets,980431
2018,458,Phil Pressey,PG,Golden State Warriors,980431
2018,459,Devyn Marble,G,Golden State Warriors,980431
2018,460,Elliot Williams,SG,Golden State Warriors,980431
2018,461,Cameron Bairstow,PF,Detroit Pistons,980431
2018,462,Jorge Gutierrez,G,Denver Nuggets,980431
2018,463,Robbie Hummel,SF,Denver Nuggets,980431
2018,464,Anderson Varejao,C,Cleveland Cavaliers,980431
2018,465,Chris Andersen,PF,Charlotte Hornets,980431
2018,466,Robert Sacre,C,New Orleans Pelicans,980431
2018,467,Will Bynum,PG,Atlanta Hawks,980431
2018,468,Rade Zagorac,SF,Memphis Grizzlies,950000
2018,469,Ivan Rabb,PF,Memphis Grizzlies,950000
2018,470,Reggie Williams,SF,New Orleans Pelicans,895197
2018,471,DJ Stephens,G,Memphis Grizzlies,874636
2018,472,D.J. Kennedy,SG,Memphis Grizzlies,874636
2018,473,Casper Ware,G,Melbourne Melbourne United,874636
2018,474,Nick Johnson,G,San Antonio Spurs,874636
2018,475,Duje Dukan,PF,Sacramento Kings,874636
2018,476,Grant Jerrett,PF,Portland Trail Blazers,874636
2018,477,Branden Dawson,SF,Orlando Magic,874636
2018,478,Kevin Murphy,SG,Orlando Magic,874636
2018,479,J.J. O'Brien,SF,Milwaukee Bucks,874636
2018,480,Keith Benson,PF,Miami Heat,874636
2018,481,Christian Wood,F,Los Angeles Lakers,874636
2018,482,Jordan McRae,G,Detroit Pistons,874636
2018,483,Cliff Alexander,PF,New Orleans Pelicans,874636
2018,484,Gerald Green,G,Houston Rockets,872854
2018,485,Luke Petrasek,SF,Charlotte Hornets,815615
2018,486,T.J. Williams,PG,Charlotte Hornets,815615
2018,487,Terry Henderson,SG,Charlotte Hornets,815615
2018,488,Dakari Johnson,C,Oklahoma City Thunder,815615
2018,489,Xavier Rathan-Mayes,SG,Memphis Grizzlies,815615
2018,490,Kennedy Meeks,F,Maccabi Haifa Maccabi Haifa,815615
2018,491,Frank Jackson,G,Utah Jazz,815615
2018,492,Erik McCree,F,Utah Jazz,815615
2018,493,Rashawn Thomas,PF,Oklahoma City Thunder,815615
2018,494,Bryce Alford,G,Oklahoma City Thunder,815615
2018,495,Brandon Paul,G,San Antonio Spurs,815615
2018,496,Matt Jones,SG,Sacramento Kings,815615
2018,497,Troy Caupain,G,Portland Trail Blazers,815615
2018,498,Jawun Evans,G,LA Clippers,815615
2018,499,Peter Jok,SF,Phoenix Suns,815615
2018,500,Royce O'Neale,F,Utah Jazz,815615
2018,501,James Blackmon Jr.,SG,Philadelphia 76ers,815615
2018,502,Isaiah Briscoe,G,Orlando Magic,815615
2018,503,JeQuan Lewis,PG,Milwaukee Bucks,815615
2018,504,Thomas Bryant,C,Los Angeles Lakers,815615
2018,505,V.J. Beachem,SF,Los Angeles Lakers,815615
2018,506,Davon Reed,SG,Phoenix Suns,815615
2018,507,LaDontae Henton,SF,LA Clippers,815615
2018,508,Daniel Theis,C,Boston Celtics,815615
2018,509,Naz Mitrou-Long,G,Utah Jazz,815615
2018,510,Zhou Qi,C,Houston Rockets,815615
2018,511,Dillon Brooks,F,Memphis Grizzlies,815615
2018,512,Alex Hamilton,SG,Golden State Warriors,815615
2018,513,Brandon Ashley,F,New Zealand Breakers,815615
2018,514,Maxi Kleber,F,Dallas Mavericks,815615
2018,515,Jaylen Johnson,PF,Chicago Bulls,815615
2018,516,L.J. Peak,SG,Boston Celtics,815615
2018,517,Cameron Oliver,F,Atlanta Hawks,815615
2018,518,Jordan Mathews,SG,Atlanta Hawks,815615
2018,519,Tyler Cavanaugh,F,Atlanta Hawks,679919
2018,520,Emeka Okafor,C,New Orleans Pelicans,592030
2018,521,DeAndre Liggins,G,New Orleans Pelicans,588120
2018,522,Rasheed Sulaimon,G,Charlotte Hornets,543471
2018,523,Andrew Andrews,G,Charlotte Hornets,543471
2018,524,Yanick Moreira,C,Toronto Raptors,543471
2018,525,Brady Heslip,SG,Toronto Raptors,543471
2018,526,E.J. Singler,SF,Toronto Raptors,543471
2018,527,Drew Crawford,SG,Toronto Raptors,543471
2018,528,Isaiah Cousins,G,Utah Jazz,543471
2018,529,Kaleb Tarczewski,C,Oklahoma City Thunder,543471
2018,530,Richard Solomon,F,Oklahoma City Thunder,543471
2018,531,Nicolas Laprovittola,G,San Antonio Spurs,543471
2018,532,Ryan Richards,PF,San Antonio Spurs,543471
2018,533,Gracin Bakumanya,C,Phoenix Suns,543471
2018,534,Derek Cooke Jr.,PF,Phoenix Suns,543471
2018,535,Maurice Ndour,SF,New York Knicks,543471
2018,536,J.P. Tokoto,SG,New York Knicks,543471
2018,537,Egidijus Mockevicius,PF,Brooklyn Nets,543471
2018,538,Beau Beech,SG,Brooklyn Nets,543471
2018,539,Stefan Jankovic,PF,Miami Heat,543471
2018,540,Julian Jacobs,PG,Los Angeles Lakers,543471
2018,541,Zach Auguste,F,Los Angeles Lakers,543471
2018,542,Nick Zeisloft,G,Golden State Warriors,543471
2018,543,Elgin Cook,SF,Golden State Warriors,543471
2018,544,Scott Wood,SG,Golden State Warriors,543471
2018,545,Cameron Jones,SG,Golden State Warriors,543471
2018,546,Nikola Jovanovic,PF,Detroit Pistons,543471
2018,547,Trey Freeman,PG,Detroit Pistons,543471
2018,548,Ben Bentil,PF,Dallas Mavericks,543471
2018,549,Jameel Warney,PF,Dallas Mavericks,543471
2018,550,Keith Hornsby,G,Dallas Mavericks,543471
2018,551,D'Vauntes Smith-Rivera,PG,Chicago Bulls,543471
2018,552,Thomas Walkup,SG,Chicago Bulls,543471
2018,553,J.J. Avila,PF,Chicago Bulls,543471
2018,554,Quincy Ford,SG,New Orleans Pelicans,543471
2018,555,Jonathan Holmes,PF,Boston Celtics,543471
2018,556,Cat Barber,G,Atlanta Hawks,543471
2018,557,Brandan Wright,F,Houston Rockets,490461
2018,558,Joe Johnson,G,Houston Rockets,473835
2018,559,Toney Douglas,PG,Memphis Grizzlies,379159
2018,560,C.J. Williams,G,LA Clippers,375000
2018,561,Derrick Rose,PG,Minnesota Timberwolves,290951
2018,562,Lamar Patterson,SG,Atlanta Hawks,246956
2018,563,Wade Baldwin IV,G,Portland Trail Blazers,229892
2018,564,Larry Sanders,PF,Cleveland Cavaliers,207722
2018,565,Georgios Papagiannis,C,Portland Trail Blazers,185397
2018,566,Shaquille Harrison,G,Phoenix Suns,175000
2018,567,Travis Wear,F,Los Angeles Lakers,148318
2018,568,Ray McCallum,PG,Charlotte Hornets,121112
2018,569,Manny Harris,PG,Dallas Mavericks,115344
2018,570,Tim Quarterman,G,Houston Rockets,96406
2018,571,Aaron Harrison,G,Dallas Mavericks,91442
2018,572,Marquis Teague,G,Memphis Grizzlies,74186
2018,573,Mike Tobey,C,Charlotte Hornets,67135
2018,574,MarShon Brooks,G,Memphis Grizzlies,60283
2018,575,Jordan Crawford,G,New Orleans Pelicans,58190
2018,576,Justin Harper,PF,Philadelphia 76ers,57672
2018,577,Alonzo Gee,SF,Denver Nuggets,57672
2018,578,Nigel Hayes-Davis,F,Sacramento Kings,55296
2018,579,David Stockton,G,Utah Jazz,44495
2018,580,Jonathan Gibson,G,Boston Celtics,44495
2018,581,Pierre Jackson,PG,Dallas Mavericks,31969
2018,582,Andre Ingram,G,Los Angeles Lakers,13824
2018,583,Aaron Jackson,F,Houston Rockets,4608
2018,584,Amile Jefferson,F,Boston Celtics,4608
2019,1,Stephen Curry,G,Golden State Warriors,37457154
2019,2,LeBron James,F,Los Angeles Lakers,35654150
2019,3,Russell Westbrook,G,Oklahoma City Thunder,35654150
2019,4,Chris Paul,G,Houston Rockets,35654150
2019,5,Blake Griffin,PF,Detroit Pistons,32088932
2019,6,Gordon Hayward,SF,Boston Celtics,31214295
2019,7,Kyle Lowry,G,Toronto Raptors,31200000
2019,8,Paul George,F,Oklahoma City Thunder,30560700
2019,9,Mike Conley,G,Memphis Grizzlies,30521115
2019,10,James Harden,G,Houston Rockets,30421854
2019,11,Kevin Durant,F,Golden State Warriors,30000000
2019,12,Paul Millsap,PF,Denver Nuggets,29230769
2019,13,Al Horford,C,Boston Celtics,28928709
2019,14,Damian Lillard,G,Portland Trail Blazers,27977689
2019,15,DeMar DeRozan,G,San Antonio Spurs,27739975
2019,16,Otto Porter Jr.,SF,Chicago Bulls,26011913
2019,17,Jrue Holiday,G,New Orleans Pelicans,25976111
2019,18,CJ McCollum,G,Portland Trail Blazers,25759766
2019,19,Joel Embiid,C,Philadelphia 76ers,25467250
2019,20,Andrew Wiggins,F,Minnesota Timberwolves,25467250
2019,21,Bradley Beal,G,Washington Wizards,25434263
2019,22,Anthony Davis,F,New Orleans Pelicans,25434263
2019,23,Andre Drummond,C,Detroit Pistons,25434263
2019,24,Hassan Whiteside,C,Miami Heat,25434262
2019,25,Nikola Jokic,C,Denver Nuggets,24605181
2019,26,Giannis Antetokounmpo,F,Milwaukee Bucks,24157303
2019,27,Steven Adams,C,Oklahoma City Thunder,24157303
2019,28,Marc Gasol,C,Toronto Raptors,24119025
2019,29,Kevin Love,F,Cleveland Cavaliers,24119025
2019,30,Harrison Barnes,F,Sacramento Kings,24107258
2019,31,Chandler Parsons,SF,Memphis Grizzlies,24107258
2019,32,Nicolas Batum,F,Charlotte Hornets,24000000
2019,33,Rudy Gobert,C,Utah Jazz,23241573
2019,34,Kawhi Leonard,F,Toronto Raptors,23114067
2019,35,DeAndre Jordan,C,New York Knicks,22897200
2019,36,LaMarcus Aldridge,C,San Antonio Spurs,22347015
2019,37,Serge Ibaka,F,Toronto Raptors,21666667
2019,38,Aaron Gordon,F,Orlando Magic,21590909
2019,39,Danilo Gallinari,PF,LA Clippers,21587579
2019,40,Victor Oladipo,SG,Indiana Pacers,21000000
2019,41,Jimmy Butler III,F,Philadelphia 76ers,20445779
2019,42,Ryan Anderson,PF,Miami Heat,20421546
2019,43,Kyrie Irving,G,Boston Celtics,20099189
2019,44,Jabari Parker,PF,Washington Wizards,20000000
2019,45,Zach LaVine,G,Chicago Bulls,19500000
2019,46,Tyler Johnson,G,Phoenix Suns,19356932
2019,47,Tim Hardaway Jr.,G,Dallas Mavericks,19200127
2019,48,John Wall,PG,Washington Wizards,19169800
2019,49,Jeff Teague,PG,Minnesota Timberwolves,19000000
2019,50,George Hill,PG,Milwaukee Bucks,19000000
2019,51,Klay Thompson,G,Golden State Warriors,18988725
2019,52,Allen Crabbe,G,Brooklyn Nets,18500000
2019,53,Goran Dragic,PG,Miami Heat,18109175
2019,54,Kent Bazemore,SF,Atlanta Hawks,18089887
2019,55,Evan Turner,G,Portland Trail Blazers,17868853
2019,56,Draymond Green,F,Golden State Warriors,17469565
2019,57,Tristan Thompson,C,Cleveland Cavaliers,17469565
2019,58,Evan Fournier,SG,Orlando Magic,17150000
2019,59,Reggie Jackson,PG,Detroit Pistons,17043478
2019,60,Bismack Biyombo,C,Charlotte Hornets,17000000
2019,61,Derrick Favors,F,Utah Jazz,16900000
2019,62,Jonas Valanciunas,C,Memphis Grizzlies,16539326
2019,63,Gary Harris,G,Denver Nuggets,16517857
2019,64,Timofey Mozgov,C,Orlando Magic,16000000
2019,65,Andre Iguodala,F,Golden State Warriors,16000000
2019,66,Ian Mahinmi,C,Washington Wizards,15944154
2019,67,Dennis Schroder,G,Oklahoma City Thunder,15500000
2019,68,DeMarre Carroll,F,Brooklyn Nets,15400000
2019,69,Gorgui Dieng,C,Minnesota Timberwolves,15170787
2019,70,Eric Bledsoe,SG,Milwaukee Bucks,15000000
2019,71,Trevor Ariza,SF,Washington Wizards,15000000
2019,72,Ricky Rubio,PG,Utah Jazz,14975000
2019,73,Tobias Harris,F,Philadelphia 76ers,14800000
2019,74,JR Smith,G,Cleveland Cavaliers,14720000
2019,75,Luke Babbitt,F,Miami Heat,14651700
2019,76,James Johnson,PF,Miami Heat,14651700
2019,77,Brandon Knight,PG,Cleveland Cavaliers,14631250
2019,78,Robin Lopez,C,Chicago Bulls,14357750
2019,79,Marvin Williams,F,Charlotte Hornets,14087500
2019,80,Taj Gibson,F,Minnesota Timberwolves,14000000
2019,81,Thaddeus Young,F,Indiana Pacers,13964045
2019,82,Clint Capela,C,Houston Rockets,13793104
2019,83,Marcin Gortat,C,LA Clippers,13565218
2019,84,Cody Zeller,C,Charlotte Hornets,13528090
2019,85,Eric Gordon,G,Houston Rockets,13500375
2019,86,Joe Ingles,F,Utah Jazz,13045455
2019,87,Michael Kidd-Gilchrist,F,Charlotte Hornets,13000000
2019,88,Khris Middleton,F,Milwaukee Bucks,13000000
2019,89,Mason Plumlee,C,Denver Nuggets,12917808
2019,90,Wilson Chandler,F,LA Clippers,12800562
2019,91,Nikola Vucevic,C,Orlando Magic,12750000
2019,92,Kelly Olynyk,F,Miami Heat,12537527
2019,93,Miles Plumlee,C,Atlanta Hawks,12500000
2019,94,Jordan Clarkson,G,Cleveland Cavaliers,12500000
2019,95,Nikola Mirotic,F,Milwaukee Bucks,12500000
2019,96,Tyreke Evans,G,Indiana Pacers,12400000
2019,97,Courtney Lee,G,Dallas Mavericks,12253780
2019,98,Solomon Hill,SF,New Orleans Pelicans,12252928
2019,99,JJ Redick,SG,Philadelphia 76ers,12250000
2019,100,Avery Bradley,PG,Memphis Grizzlies,12000000
2019,101,Kentavious Caldwell-Pope,G,Los Angeles Lakers,12000000
2019,102,Kemba Walker,PG,Charlotte Hornets,12000000
2019,103,Will Barton,G,Denver Nuggets,11830358
2019,104,T.J. Warren,SF,Phoenix Suns,11750000
2019,105,Zach Randolph,F,Dallas Mavericks,11692308
2019,106,Marcus Smart,G,Boston Celtics,11660716
2019,107,Patty Mills,PG,San Antonio Spurs,11571429
2019,108,Dion Waiters,G,Miami Heat,11550000
2019,109,Alec Burks,SG,Sacramento Kings,11536515
2019,110,John Henson,F,Milwaukee Bucks,11327466
2019,111,Omer Asik,C,Chicago Bulls,11286516
2019,112,Jusuf Nurkic,C,Portland Trail Blazers,11111111
2019,113,Iman Shumpert,G,Houston Rockets,11011234
2019,114,Maurice Harkless,SF,Portland Trail Blazers,10837079
2019,115,Tony Snell,SF,Milwaukee Bucks,10807143
2019,116,Meyers Leonard,C,Portland Trail Blazers,10595506
2019,117,Terrence Ross,G,Orlando Magic,10500000
2019,118,Bojan Bogdanovic,SF,Indiana Pacers,10500000
2019,119,Robert Covington,PF,Minnesota Timberwolves,10464092
2019,120,Rudy Gay,SF,San Antonio Spurs,10087200
2019,121,Jon Leuer,F,Detroit Pistons,10002681
2019,122,Danny Green,F,Toronto Raptors,10000000
2019,123,Andre Roberson,F,Brooklyn Nets,10000000
2019,124,Darren Collison,PG,Indiana Pacers,10000000
2019,125,Dwight Powell,F,Dallas Mavericks,9631250
2019,126,Matthew Dellavedova,G,Cleveland Cavaliers,9607500
2019,127,Dante Exum,G,Utah Jazz,9600000
2019,128,Jared Dudley,SF,Brooklyn Nets,9530000
2019,129,Josh Richardson,SG,Miami Heat,9367200
2019,130,Norman Powell,G,Toronto Raptors,9367200
2019,131,Rajon Rondo,PG,Los Angeles Lakers,9000000
2019,132,Bogdan Bogdanovic,G,Sacramento Kings,9000000
2019,133,E'Twaun Moore,G,New Orleans Pelicans,8808685
2019,134,Cristiano Felicio,PF,Chicago Bulls,8740980
2019,135,Kosta Koufos,C,Sacramento Kings,8739500
2019,136,Jerami Grant,F,Oklahoma City Thunder,8653847
2019,137,Fred VanVleet,G,Toronto Raptors,8653847
2019,138,Julius Randle,F,New Orleans Pelicans,8641000
2019,139,Kyle Anderson,F,Memphis Grizzlies,8641000
2019,140,Jerryd Bayless,G,Minnesota Timberwolves,8575916
2019,141,Markelle Fultz,G,Philadelphia 76ers,8339880
2019,142,Joe Harris,SF,Brooklyn Nets,8333333
2019,143,CJ Miles,G,Memphis Grizzlies,8333333
2019,144,Shaun Livingston,G,Golden State Warriors,8307692
2019,145,Deandre Ayton,C,Phoenix Suns,8165160
2019,146,Garrett Temple,G,LA Clippers,8000000
2019,147,Lou Williams,SG,LA Clippers,8000000
2019,148,P.J. Tucker,PF,Houston Rockets,7969537
2019,149,Cory Joseph,PG,Indiana Pacers,7945000
2019,150,Karl-Anthony Towns,C,Minnesota Timberwolves,7839435
2019,151,JaMychal Green,F,LA Clippers,7666667
2019,152,Kyle Korver,G,Utah Jazz,7560000
2019,153,Jeremy Lamb,SG,Charlotte Hornets,7488372
2019,154,Darrell Arthur,F,Phoenix Suns,7464912
2019,155,Lonzo Ball,G,Los Angeles Lakers,7461960
2019,156,Doug McDermott,F,Indiana Pacers,7333333
2019,157,Jae Crowder,PF,Utah Jazz,7305825
2019,158,Marvin Bagley III,F,Sacramento Kings,7305600
2019,159,D.J. Augustin,G,Orlando Magic,7250000
2019,160,Dewayne Dedmon,C,Atlanta Hawks,7200000
2019,161,Lance Thomas,F,New York Knicks,7119650
2019,162,D'Angelo Russell,G,Brooklyn Nets,7019698
2019,163,Davis Bertans,SF,San Antonio Spurs,7000000
2019,164,Langston Galloway,SG,Detroit Pistons,7000000
2019,165,Boban Marjanovic,C,Philadelphia 76ers,7000000
2019,166,Ersan Ilyasova,PF,Milwaukee Bucks,7000000
2019,167,Al-Farouq Aminu,SF,Portland Trail Blazers,6957105
2019,168,Jayson Tatum,F,Boston Celtics,6700800
2019,169,Luka Doncic,G,Dallas Mavericks,6560640
2019,170,Nemanja Bjelica,PF,Sacramento Kings,6500000
2019,171,Ben Simmons,PG,Philadelphia 76ers,6434520
2019,172,Milos Teodosic,G,LA Clippers,6300000
2019,173,Marco Belinelli,G,San Antonio Spurs,6153846
2019,174,Wesley Johnson,F,Washington Wizards,6134520
2019,175,Josh Jackson,SG,Phoenix Suns,6041520
2019,176,Ish Smith,PG,Detroit Pistons,6000000
2019,177,Jonathon Simmons,G,Philadelphia 76ers,6000000
2019,178,Montrezl Harrell,C,LA Clippers,6000000
2019,179,Jaren Jackson Jr.,F,Memphis Grizzlies,5915040
2019,180,Brandon Ingram,F,Los Angeles Lakers,5757120
2019,181,Kristaps Porzingis,C,Golden State Warriors,5697054
2019,182,De'Aaron Fox,G,Sacramento Kings,5470920
2019,183,Ben McLemore,SG,Sacramento Kings,5460000
2019,184,Alex Abrines,G,Oklahoma City Thunder,5455236
2019,185,Patrick Patterson,PF,Oklahoma City Thunder,5451600
2019,186,Jason Smith,F,New Orleans Pelicans,5450000
2019,187,Marcus Morris Sr.,F,Boston Celtics,5375000
2019,188,Trae Young,G,Atlanta Hawks,5356440
2019,189,Dwight Howard,C,Washington Wizards,5337000
2019,190,DeMarcus Cousins,C,Golden State Warriors,5337000
2019,191,Alexis Ajinca,C,LA Clippers,5285394
2019,192,Thabo Sefolosha,F,Utah Jazz,5250000
2019,193,Aron Baynes,C,Boston Celtics,5193600
2019,194,Jaylen Brown,G,Boston Celtics,5169960
2019,195,Patrick Beverley,PG,LA Clippers,5027028
2019,196,Tony Parker,G,Charlotte Hornets,5000000
2019,197,Mike Muscala,C,Los Angeles Lakers,5000000
2019,198,Alan Williams,C,Brooklyn Nets,5000000
2019,199,Dirk Nowitzki,F,Dallas Mavericks,5000000
2019,200,Kyle Singler,F,Oklahoma City Thunder,4996000
2019,201,Jonathan Isaac,F,Orlando Magic,4969080
2019,202,Mo Bamba,C,Orlando Magic,4865040
2019,203,Anthony Tolliver,PF,Minnesota Timberwolves,4750000
2019,204,Willie Cauley-Stein,C,Sacramento Kings,4696875
2019,205,Dragan Bender,F,Phoenix Suns,4661280
2019,206,Lauri Markkanen,F,Chicago Bulls,4536120
2019,207,Kyle O'Quinn,C,Indiana Pacers,4449000
2019,208,Lance Stephenson,G,Los Angeles Lakers,4449000
2019,209,Ed Davis,C,Brooklyn Nets,4449000
2019,210,Wendell Carter Jr.,C,Chicago Bulls,4441200
2019,211,Justin Holiday,F,Memphis Grizzlies,4384616
2019,212,Alex Len,C,Atlanta Hawks,4350000
2019,213,Mike Scott,PF,Philadelphia 76ers,4320500
2019,214,Luc Mbah a Moute,F,LA Clippers,4320500
2019,215,Emmanuel Mudiay,G,New York Knicks,4294480
2019,216,Kris Dunn,G,Chicago Bulls,4221000
2019,217,Frank Ntilikina,PG,New York Knicks,4155720
2019,218,Glenn Robinson III,F,Detroit Pistons,4075000
2019,219,Collin Sexton,G,Cleveland Cavaliers,4068600
2019,220,Stanley Johnson,SF,New Orleans Pelicans,3940402
2019,221,Buddy Hield,G,Sacramento Kings,3844760
2019,222,Dennis Smith Jr.,PG,New York Knicks,3819960
2019,223,Kevin Knox II,F,New York Knicks,3739920
2019,224,J.J. Barea,G,Dallas Mavericks,3710850
2019,225,Nene Hilario,C,Houston Rockets,3651480
2019,226,Zach Collins,F,Portland Trail Blazers,3628920
2019,227,Frank Kaminsky,F,Charlotte Hornets,3627842
2019,228,Mikal Bridges,G,Phoenix Suns,3552960
2019,229,Michael Beasley,F,Los Angeles Lakers,3500000
2019,230,Jamal Murray,G,Denver Nuggets,3499800
2019,231,Rodney Hood,SG,Portland Trail Blazers,3472887
2019,232,Jodie Meeks,G,Toronto Raptors,3454500
2019,233,Justise Winslow,PF,Miami Heat,3448926
2019,234,Malik Monk,G,Charlotte Hornets,3447480
2019,235,Myles Turner,C,Indiana Pacers,3410284
2019,236,Allonzo Trier,G,New York Knicks,3382000
2019,237,Brook Lopez,C,Milwaukee Bucks,3382000
2019,238,Shai Gilgeous-Alexander,G,LA Clippers,3375360
2019,239,Trey Lyles,PF,Denver Nuggets,3364249
2019,240,Ekpe Udoh,F,Utah Jazz,3360000
2019,241,Devin Booker,G,Phoenix Suns,3314365
2019,242,Luke Kennard,G,Detroit Pistons,3275280
2019,243,Cameron Payne,PG,Cleveland Cavaliers,3263294
2019,244,Troy Daniels,G,Phoenix Suns,3258539
2019,245,Kelly Oubre Jr.,G,Phoenix Suns,3208630
2019,246,Miles Bridges,F,Charlotte Hornets,3206640
2019,247,Marquese Chriss,SF,Cleveland Cavaliers,3206160
2019,248,Tomas Satoransky,SG,Washington Wizards,3129187
2019,249,Bryn Forbes,SG,San Antonio Spurs,3125000
2019,250,Donovan Mitchell,G,Utah Jazz,3111480
2019,251,Terry Rozier,G,Boston Celtics,3050390
2019,252,Jerome Robinson,SG,LA Clippers,3046200
2019,253,Yogi Ferrell,PG,Sacramento Kings,3000000
2019,254,Bam Adebayo,C,Miami Heat,2955840
2019,255,Jakob Poeltl,C,San Antonio Spurs,2947320
2019,256,Michael Porter Jr.,F,Brooklyn Nets,2894160
2019,257,Justin Jackson,F,Dallas Mavericks,2807880
2019,258,Thon Maker,F,Detroit Pistons,2799720
2019,259,Seth Curry,G,Portland Trail Blazers,2795000
2019,260,Cedi Osman,SF,Cleveland Cavaliers,2775000
2019,261,Sam Dekker,F,Washington Wizards,2760095
2019,262,Troy Brown Jr.,F,Washington Wizards,2749080
2019,263,Justin Patton,C,Philadelphia 76ers,2667600
2019,264,Domantas Sabonis,F,Indiana Pacers,2659800
2019,265,Jerian Grant,G,Orlando Magic,2639314
2019,266,Delon Wright,G,Memphis Grizzlies,2536898
2019,267,D.J. Wilson,F,Milwaukee Bucks,2534280
2019,268,Taurean Prince,F,Atlanta Hawks,2526840
2019,269,Dario Saric,F,Minnesota Timberwolves,2526840
2019,270,Zhaire Smith,G,Philadelphia 76ers,2526840
2019,271,Justin Anderson,F,Atlanta Hawks,2516048
2019,272,Manu Ginobili,G,San Antonio Spurs,2500000
2019,273,Reggie Bullock Jr.,SF,Los Angeles Lakers,2500000
2019,274,Bobby Portis,F,Washington Wizards,2494346
2019,275,Dante Cunningham,F,San Antonio Spurs,2487000
2019,276,Donte DiVincenzo,G,Milwaukee Bucks,2481000
2019,277,Rondae Hollis Jefferson,SF,Brooklyn Nets,2470357
2019,278,Emeka Okafor,C,Philadelphia 76ers,2445085
2019,279,Kendrick Perkins,C,Cleveland Cavaliers,2445085
2019,280,Tyus Jones,G,Minnesota Timberwolves,2444053
2019,281,Jarell Martin,F,Orlando Magic,2416222
2019,282,T.J. Leaf,PF,Indiana Pacers,2407560
2019,283,Wayne Ellington,SG,Detroit Pistons,2383076
2019,284,Lonnie Walker IV,G,San Antonio Spurs,2357160
2019,285,John Collins,F,Atlanta Hawks,2299080
2019,286,Denzel Valentine,G,Boston Celtics,2280600
2019,287,Larry Nance Jr.,F,Cleveland Cavaliers,2272391
2019,288,Kevin Huerter,G,Atlanta Hawks,2250960
2019,289,Brandon Jennings,G,Milwaukee Bucks,2222803
2019,290,Harry Giles III,PF,Sacramento Kings,2207040
2019,291,Darius Miller,SF,New Orleans Pelicans,2205000
2019,292,Juancho Hernangomez,PF,Denver Nuggets,2166360
2019,293,Josh Okogie,G,Minnesota Timberwolves,2160720
2019,294,Raul Neto,PG,Utah Jazz,2150000
2019,295,Terrance Ferguson,SF,Oklahoma City Thunder,2118840
2019,296,Grayson Allen,G,Utah Jazz,2074320
2019,297,Sean Kilpatrick,G,Chicago Bulls,2054856
2019,298,OG Anunoby,F,Toronto Raptors,2034120
2019,299,Jarrett Allen,C,Brooklyn Nets,2034120
2019,300,Corey Brewer,F,Sacramento Kings,2000000
2019,301,Torrey Craig,SF,Denver Nuggets,2000000
2019,302,Chandler Hutchison,SF,Chicago Bulls,1990520
2019,303,Ante Zizic,C,Cleveland Cavaliers,1952760
2019,304,Shabazz Napier,G,Brooklyn Nets,1942422
2019,305,Aaron Holiday,G,Indiana Pacers,1911960
2019,306,Tyler Lydon,F,Denver Nuggets,1874640
2019,307,Trey Burke,PG,Dallas Mavericks,1795015
2019,308,DeAndre Liggins,G,Miami Heat,1795015
2019,309,Malik Beasley,SG,Denver Nuggets,1773840
2019,310,Moritz Wagner,F,Los Angeles Lakers,1762080
2019,311,Anfernee Simons,G,Portland Trail Blazers,1760520
2019,312,Nerlens Noel,C,Oklahoma City Thunder,1757429
2019,313,Caleb Swanigan,F,Sacramento Kings,1740000
2019,314,Furkan Korkmaz,SG,Philadelphia 76ers,1740000
2019,315,Landry Shamet,G,LA Clippers,1703649
2019,316,Caris LeVert,G,Brooklyn Nets,1702800
2019,317,Jonah Bolden,PF,Philadelphia 76ers,1690000
2019,318,Kyle Kuzma,F,Los Angeles Lakers,1689840
2019,319,Tony Bradley,C,Utah Jazz,1679520
2019,320,Derrick White,G,San Antonio Spurs,1667160
2019,321,Spencer Dinwiddie,PG,Brooklyn Nets,1656092
2019,322,Julyan Stone,G,Chicago Bulls,1656092
2019,323,MarShon Brooks,G,Memphis Grizzlies,1656092
2019,324,Josh Hart,G,Los Angeles Lakers,1655160
2019,325,Robert Williams III,C,Boston Celtics,1654440
2019,326,Jacob Evans,G,Golden State Warriors,1644240
2019,327,Pat Connaughton,G,Milwaukee Bucks,1641000
2019,328,DeAndre' Bembry,SG,Atlanta Hawks,1634640
2019,329,James Ennis III,F,Philadelphia 76ers,1621415
2019,330,Omari Rasulala Spellman,F,Atlanta Hawks,1620480
2019,331,Luke Kornet,C,New York Knicks,1619260
2019,332,Rodions Kurucs,SF,Brooklyn Nets,1618320
2019,333,Richaun Holmes,F,Phoenix Suns,1600520
2019,334,T.J. McConnell,G,Philadelphia 76ers,1600520
2019,335,Dwight Buycks,G,Detroit Pistons,1600520
2019,336,Malachi Richardson,G,Toronto Raptors,1569360
2019,337,Jahlil Okafor,C,New Orleans Pelicans,1567707
2019,338,Quinn Cook,PG,Golden State Warriors,1544951
2019,339,Georgios Papagiannis,C,Portland Trail Blazers,1544951
2019,340,Chinanu Onuaku,C,Portland Trail Blazers,1544951
2019,341,Malcolm Brogdon,G,Milwaukee Bucks,1544951
2019,342,Timothe Luwawu-Cabarrot,SG,Chicago Bulls,1544951
2019,343,Skal Labissiere,C,Portland Trail Blazers,1544951
2019,344,Dorian Finney-Smith,F,Dallas Mavericks,1544951
2019,345,Cheick Diallo,F,New Orleans Pelicans,1544951
2019,346,Ivica Zubac,C,LA Clippers,1544951
2019,347,Pascal Siakam,F,Toronto Raptors,1544951
2019,348,Wade Baldwin IV,G,Portland Trail Blazers,1544951
2019,349,Andrew Harrison,G,New Orleans Pelicans,1544951
2019,350,Rodney McGruder,G,Miami Heat,1544951
2019,351,Damian Jones,C,Golden State Warriors,1544951
2019,352,Paul Zipser,F,Chicago Bulls,1544951
2019,353,Wayne Selden,G,Chicago Bulls,1544951
2019,354,Willy Hernangomez,C,Charlotte Hornets,1544951
2019,355,Jake Layman,F,Portland Trail Blazers,1544951
2019,356,Dejounte Murray,G,New Orleans Pelicans,1544951
2019,357,Alex Poythress,F,Atlanta Hawks,1544951
2019,358,Shelvin Mack,G,Charlotte Hornets,1512601
2019,359,Omri Casspi,F,Memphis Grizzlies,1512601
2019,360,Derrick Rose,PG,Minnesota Timberwolves,1512601
2019,361,David Nwaba,SF,Cleveland Cavaliers,1512601
2019,362,Raymond Felton,G,Oklahoma City Thunder,1512601
2019,363,Quincy Pondexter,F,San Antonio Spurs,1512601
2019,364,Troy Williams,F,Sacramento Kings,1512601
2019,365,JaVale McGee,C,Los Angeles Lakers,1512601
2019,366,Isaiah Thomas,G,Denver Nuggets,1512601
2019,367,Amir Johnson,F,Philadelphia 76ers,1512601
2019,368,Jamal Crawford,G,Phoenix Suns,1512601
2019,369,Luol Deng,F,Minnesota Timberwolves,1512601
2019,370,Treveon Graham,F,Brooklyn Nets,1512601
2019,371,Isaiah Canaan,G,Milwaukee Bucks,1512601
2019,372,Udonis Haslem,PF,Miami Heat,1512601
2019,373,Dwyane Wade,G,Miami Heat,1512601
2019,374,Christian Wood,F,New Orleans Pelicans,1512601
2019,375,Carmelo Anthony,PF,Houston Rockets,1512601
2019,376,Jeff Green,F,Washington Wizards,1512601
2019,377,Gerald Green,G,Houston Rockets,1512601
2019,378,Kevon Looney,F,Golden State Warriors,1512601
2019,379,Jonas Jerebko,F,Golden State Warriors,1512601
2019,380,Jose Calderon,G,Detroit Pistons,1512601
2019,381,Zaza Pachulia,C,Detroit Pistons,1512601
2019,382,Derrick Jones Jr.,F,Miami Heat,1512601
2019,383,Devin Harris,G,Dallas Mavericks,1512601
2019,384,Georges Niang,F,Utah Jazz,1512601
2019,385,Channing Frye,F,Cleveland Cavaliers,1512601
2019,386,Ian Clark,G,New Orleans Pelicans,1512601
2019,387,Noah Vonleh,PF,New York Knicks,1512601
2019,388,Vince Carter,G,Atlanta Hawks,1512601
2019,389,Svi Mykhailiuk,G,Detroit Pistons,1487694
2019,390,Mitchell Robinson,C,New York Knicks,1485440
2019,391,Dakari Johnson,C,Memphis Grizzlies,1378242
2019,392,Frank Jackson,G,New Orleans Pelicans,1378242
2019,393,Jaylen Morris,F,Milwaukee Bucks,1378242
2019,394,Khem Birch,C,Orlando Magic,1378242
2019,395,Brandon Paul,G,San Antonio Spurs,1378242
2019,396,Wes Iwundu,F,Orlando Magic,1378242
2019,397,Jawun Evans,G,Oklahoma City Thunder,1378242
2019,398,Abdel Nader,F,Oklahoma City Thunder,1378242
2019,399,Royce O'Neale,F,Utah Jazz,1378242
2019,400,Ivan Rabb,PF,Memphis Grizzlies,1378242
2019,401,Damyean Dotson,SG,New York Knicks,1378242
2019,402,Thomas Bryant,C,Washington Wizards,1378242
2019,403,Rodney Purvis,G,Miami Heat,1378242
2019,404,Frank Mason III,G,Sacramento Kings,1378242
2019,405,Sterling Brown,SF,Milwaukee Bucks,1378242
2019,406,David Stockton,G,Los Angeles Lakers,1378242
2019,407,Semi Ojeleye,PF,Boston Celtics,1378242
2019,408,Daniel Theis,C,Boston Celtics,1378242
2019,409,Zhou Qi,C,Houston Rockets,1378242
2019,410,Dillon Brooks,F,Memphis Grizzlies,1378242
2019,411,Tyler Dorsey,G,Memphis Grizzlies,1378242
2019,412,Maxi Kleber,F,Dallas Mavericks,1378242
2019,413,Jordan Bell,F,Golden State Warriors,1378242
2019,414,Ike Anigbogu,C,Indiana Pacers,1378242
2019,415,Jabari Bird,G,Atlanta Hawks,1349464
2019,416,Ben Moore,F,San Antonio Spurs,1349383
2019,417,Monte Morris,PG,Denver Nuggets,1349383
2019,418,Ryan Arcidiacono,G,Chicago Bulls,1349383
2019,419,Daniel Hamilton,F,Atlanta Hawks,1349383
2019,420,Antonio Blakeney,G,Chicago Bulls,1349383
2019,421,Alfonzo McKinnie,F,Golden State Warriors,1349383
2019,422,Tyrone Wallace,G,LA Clippers,1349383
2019,423,Tyson Chandler,C,Los Angeles Lakers,1333140
2019,424,Shaquille Harrison,G,Chicago Bulls,1311265
2019,425,Elie Okobo,G,Phoenix Suns,1238464
2019,426,Jalen Brunson,G,Dallas Mavericks,1230000
2019,427,Joakim Noah,C,Memphis Grizzlies,1093858
2019,428,Melvin Frazier Jr.,G,Orlando Magic,1050000
2019,429,Nick Young,G,Denver Nuggets,1042584
2019,430,Isaac Bonga,G,Los Angeles Lakers,1000000
2019,431,Devonte' Graham,PG,Charlotte Hornets,988464
2019,432,De'Anthony Melton,G,Phoenix Suns,949000
2019,433,Ron Baker,G,Washington Wizards,948580
2019,434,Austin Rivers,SG,Houston Rockets,922943
2019,435,Chasson Randle,G,Washington Wizards,869094
2019,436,Gary Trent Jr.,G,Portland Trail Blazers,838464
2019,437,Bruce Brown,G,Detroit Pistons,838464
2019,438,Hamidou Diallo,G,Oklahoma City Thunder,838464
2019,439,Brad Wanamaker,PG,Boston Celtics,838464
2019,440,Kenrich Williams,G,New Orleans Pelicans,838464
2019,441,Alize Johnson,F,Indiana Pacers,838464
2019,442,Ryan Broekhoff,G,Dallas Mavericks,838464
2019,443,Isaiah Briscoe,G,Orlando Magic,838464
2019,444,Isaiah Hartenstein,C,Houston Rockets,838464
2019,445,Keita Bates-Diop,SF,Minnesota Timberwolves,838464
2019,446,Jarred Vanderbilt,F,Denver Nuggets,838464
2019,447,Khyri Thomas,SG,Detroit Pistons,838464
2019,448,Chimezie Metu,PF,San Antonio Spurs,838464
2019,449,Jevon Carter,G,Memphis Grizzlies,838464
2019,450,Patrick McCaw,SF,Toronto Raptors,777665
2019,451,Kenneth Faried,F,Houston Rockets,683661
2019,452,Brandon Goodwin,G,Denver Nuggets,630032
2019,453,Gary Clark,F,Houston Rockets,596873
2019,454,Salah Mejri,C,Dallas Mavericks,512746
2019,455,Wesley Matthews,SG,Indiana Pacers,512746
2019,456,Nik Stauskas,G,Cleveland Cavaliers,504200
2019,457,Jeremy Lin,G,Toronto Raptors,487109
2019,458,Enes Freedom,C,Portland Trail Blazers,487109
2019,459,John Jenkins,G,Washington Wizards,486520
2019,460,Chris Boucher,F,Toronto Raptors,457418
2019,461,Malcolm Miller,F,Toronto Raptors,457418
2019,462,Markieff Morris,PF,Oklahoma City Thunder,427288
2019,463,Henry Ellenson,PF,New York Knicks,341831
2019,464,Pau Gasol,PF,Milwaukee Bucks,333285
2019,465,Andrew Bogut,C,Golden State Warriors,307648
2019,466,Jaylen Adams,G,Atlanta Hawks,270014
2019,467,Danuel House Jr.,SF,Houston Rockets,247827
2019,468,Jimmer Fredette,G,Phoenix Suns,208509
2019,469,Tim Frazier,PG,New Orleans Pelicans,196553
2019,470,Dairis Bertans,G,New Orleans Pelicans,194220
2019,471,Ray Spalding,F,Phoenix Suns,184746
2019,472,Deonte Burton,F,Oklahoma City Thunder,151587
2019,473,Cameron Reynolds,SF,Minnesota Timberwolves,108953
2019,474,Chris Chiozza,G,Houston Rockets,90005
2019,475,JaKarr Sampson,SF,Chicago Bulls,85458
2019,476,Michael Carter-Williams,G,Orlando Magic,59820
2019,477,Greg Monroe,C,Philadelphia 76ers,59820
2019,478,Tyler Zeller,C,Memphis Grizzlies,59820
2019,479,Jemerrio Jones,F,Los Angeles Lakers,52108
2019,480,Isaac Humphries,C,Atlanta Hawks,47371
2019,481,Mitchell Creek,G,Minnesota Timberwolves,47371
2019,482,BJ Johnson,F,Sacramento Kings,42634
2019,483,Billy Garrett Jr.,G,New York Knicks,42634
2019,484,Deyonta Davis,F,Atlanta Hawks,25367
2019,485,Michael Frazier II,G,Houston Rockets,23685
2019,486,Yante Maten,F,Miami Heat,18948
2019,487,Eric Moreland,C,Phoenix Suns,17092
2019,488,Jordan McRae,G,Washington Wizards,17092
2019,489,Jonathan Gibson,G,Boston Celtics,17092
2019,490,Tarik Phillip,G,Washington Wizards,9474
2019,491,Duncan Robinson,F,Miami Heat,9474
2019,492,Kendrick Nunn,G,Washington Wizards,4737
2019,493,Theo Pinson,G,Brooklyn Nets,4737
2020,1,Stephen Curry,G,Golden State Warriors,40231758
2020,2,Russell Westbrook,G,Houston Rockets,38506482
2020,3,Chris Paul,G,Oklahoma City Thunder,38506482
2020,4,Kevin Durant,F,Houston Rockets,38199000
2020,5,James Harden,G,Houston Rockets,38199000
2020,6,John Wall,PG,Houston Rockets,38199000
2020,7,LeBron James,F,Los Angeles Lakers,37436858
2020,8,Kyle Lowry,G,Toronto Raptors,34996296
2020,9,Blake Griffin,PF,Detroit Pistons,34449964
2020,10,Tobias Harris,F,Philadelphia 76ers,32742000
2020,11,Jimmy Butler III,F,Miami Heat,32742000
2020,12,Kawhi Leonard,F,LA Clippers,32742000
2020,13,Klay Thompson,G,Dallas Mavericks,32742000
2020,14,Kemba Walker,PG,Boston Celtics,32742000
2020,15,Gordon Hayward,SF,Boston Celtics,32700690
2020,16,Mike Conley,G,Utah Jazz,32511624
2020,17,Kyrie Irving,G,Brooklyn Nets,31742000
2020,18,Khris Middleton,F,Milwaukee Bucks,30603448
2020,19,Paul George,F,LA Clippers,30560700
2020,20,Paul Millsap,PF,Denver Nuggets,30350000
2020,21,Damian Lillard,G,Portland Trail Blazers,29802321
2020,22,Kevin Love,F,Cleveland Cavaliers,28942830
2020,23,Nikola Vucevic,C,Orlando Magic,28000000
2020,24,Al Horford,C,Philadelphia 76ers,28000000
2020,25,DeMar DeRozan,G,San Antonio Spurs,27739975
2020,26,CJ McCollum,G,Portland Trail Blazers,27556959
2020,27,Joel Embiid,C,Philadelphia 76ers,27504630
2020,28,Andrew Wiggins,F,Golden State Warriors,27504630
2020,29,Nikola Jokic,C,Denver Nuggets,27504630
2020,30,Devin Booker,G,Phoenix Suns,27285000
2020,31,Karl-Anthony Towns,C,Minnesota Timberwolves,27285000
2020,32,D'Angelo Russell,G,Minnesota Timberwolves,27285000
2020,33,Kristaps Porzingis,C,Dallas Mavericks,27285000
2020,34,Otto Porter Jr.,SF,Chicago Bulls,27250575
2020,35,Bradley Beal,G,Washington Wizards,27093019
2020,36,Andre Drummond,C,Cleveland Cavaliers,27093019
2020,37,Anthony Davis,F,Los Angeles Lakers,27093018
2020,38,Hassan Whiteside,C,Portland Trail Blazers,27093017
2020,39,Jrue Holiday,G,New Orleans Pelicans,26231111
2020,40,LaMarcus Aldridge,C,San Antonio Spurs,26000000
2020,41,Giannis Antetokounmpo,F,Milwaukee Bucks,25842697
2020,42,Steven Adams,C,Oklahoma City Thunder,25842697
2020,43,Marc Gasol,C,Toronto Raptors,25595700
2020,44,Nicolas Batum,F,Charlotte Hornets,25565217
2020,45,Chandler Parsons,SF,Atlanta Hawks,25102511
2020,46,Harrison Barnes,F,Sacramento Kings,24147727
2020,47,Serge Ibaka,F,Toronto Raptors,23271604
2020,48,Rudy Gobert,C,Utah Jazz,23241573
2020,49,Danilo Gallinari,PF,Oklahoma City Thunder,22615559
2020,50,Victor Oladipo,SG,Indiana Pacers,21000000
2020,51,Tim Hardaway Jr.,G,Dallas Mavericks,20025127
2020,52,Malcolm Brogdon,G,Indiana Pacers,20000000
2020,53,Terry Rozier,G,Charlotte Hornets,19894737
2020,54,Aaron Gordon,F,Orlando Magic,19863636
2020,55,Zach LaVine,G,Chicago Bulls,19500000
2020,56,Kent Bazemore,SF,Sacramento Kings,19269662
2020,57,Goran Dragic,PG,Miami Heat,19217900
2020,58,Jeff Teague,PG,Atlanta Hawks,19000000
2020,59,Evan Turner,G,Atlanta Hawks,18606556
2020,60,Draymond Green,F,Golden State Warriors,18539130
2020,61,Tristan Thompson,C,Cleveland Cavaliers,18539130
2020,62,Allen Crabbe,G,Minnesota Timberwolves,18500000
2020,63,Julius Randle,F,New York Knicks,18000000
2020,64,Myles Turner,C,Indiana Pacers,18000000
2020,65,Gary Harris,G,Denver Nuggets,17839286
2020,66,Derrick Favors,F,New Orleans Pelicans,17650000
2020,67,Andre Iguodala,F,Miami Heat,17185185
2020,68,Evan Fournier,SG,Orlando Magic,17150000
2020,69,Bismack Biyombo,C,Charlotte Hornets,17000000
2020,70,Bojan Bogdanovic,SF,Utah Jazz,17000000
2020,71,Timofey Mozgov,C,Orlando Magic,16720000
2020,72,Gorgui Dieng,C,Memphis Grizzlies,16229213
2020,73,Ricky Rubio,PG,Phoenix Suns,16200000
2020,74,Jonas Valanciunas,C,Memphis Grizzlies,16000000
2020,75,Brandon Knight,PG,Detroit Pistons,15643750
2020,76,Eric Bledsoe,SG,Milwaukee Bucks,15625000
2020,77,Kelly Oubre Jr.,G,Phoenix Suns,15625000
2020,78,Dennis Schroder,G,Oklahoma City Thunder,15500000
2020,79,Ian Mahinmi,C,Washington Wizards,15450051
2020,80,James Johnson,PF,Minnesota Timberwolves,15349400
2020,81,Bobby Portis,F,New York Knicks,15000000
2020,82,Marcus Morris Sr.,F,LA Clippers,15000000
2020,83,Clint Capela,C,Houston Rockets,14896552
2020,84,Luke Babbitt,F,Miami Heat,14651700
2020,85,Danny Green,F,Los Angeles Lakers,14634146
2020,86,Rudy Gay,SF,San Antonio Spurs,14500000
2020,87,Cody Zeller,C,Charlotte Hornets,14471910
2020,88,Eric Gordon,G,Houston Rockets,14057730
2020,89,Mason Plumlee,C,Denver Nuggets,14041096
2020,90,Marcin Gortat,C,LA Clippers,13565218
2020,91,JJ Redick,SG,New Orleans Pelicans,13486300
2020,92,Jordan Clarkson,G,Utah Jazz,13437500
2020,93,Dewayne Dedmon,C,Atlanta Hawks,13333333
2020,94,Jusuf Nurkic,C,Portland Trail Blazers,13125000
2020,95,Justise Winslow,PF,Miami Heat,13000000
2020,96,Thaddeus Young,F,Chicago Bulls,12900000
2020,97,Will Barton,G,Denver Nuggets,12776786
2020,98,Courtney Lee,G,Dallas Mavericks,12759670
2020,99,Solomon Hill,SF,Miami Heat,12758781
2020,100,Larry Nance Jr.,F,Cleveland Cavaliers,12727273
2020,101,Kelly Olynyk,F,Miami Heat,12667885
2020,102,Marcus Smart,G,Boston Celtics,12553571
2020,103,Miles Plumlee,C,Memphis Grizzlies,12500000
2020,104,Terrence Ross,G,Orlando Magic,12500000
2020,105,Nikola Mirotic,F,Milwaukee Bucks,12500000
2020,106,Patty Mills,PG,San Antonio Spurs,12428571
2020,107,Tyreke Evans,G,Indiana Pacers,12400000
2020,108,Patrick Beverley,PG,LA Clippers,12345680
2020,109,Trevor Ariza,SF,Portland Trail Blazers,12195122
2020,110,Brook Lopez,C,Milwaukee Bucks,12093023
2020,111,Cory Joseph,PG,Sacramento Kings,12000000
2020,112,Joe Ingles,F,Utah Jazz,11954546
2020,113,Zach Randolph,F,Dallas Mavericks,11692308
2020,114,Tony Snell,SF,Detroit Pistons,11392857
2020,115,Robert Covington,PF,Houston Rockets,11301219
2020,116,Meyers Leonard,C,Miami Heat,11286516
2020,117,Omer Asik,C,Chicago Bulls,11286516
2020,118,Maurice Harkless,SF,New York Knicks,11011234
2020,119,T.J. Warren,SF,Indiana Pacers,10810000
2020,120,Andre Roberson,F,Oklahoma City Thunder,10740740
2020,121,Spencer Dinwiddie,PG,Brooklyn Nets,10605600
2020,122,Jeremy Lamb,SG,Indiana Pacers,10500000
2020,123,Dwight Powell,F,Dallas Mavericks,10259375
2020,124,Josh Richardson,SG,Philadelphia 76ers,10116576
2020,125,Norman Powell,G,Toronto Raptors,10116576
2020,126,Tomas Satoransky,SG,Chicago Bulls,10000000
2020,127,Darren Collison,PG,Los Angeles Lakers,10000000
2020,128,DeAndre Jordan,C,Brooklyn Nets,9881598
2020,129,Zion Williamson,F,New Orleans Pelicans,9757440
2020,130,Markelle Fultz,G,Orlando Magic,9745200
2020,131,John Henson,F,Detroit Pistons,9732396
2020,132,Matthew Dellavedova,G,Cleveland Cavaliers,9607500
2020,133,Dante Exum,G,Cleveland Cavaliers,9600000
2020,134,Deandre Ayton,C,Phoenix Suns,9562920
2020,135,Delon Wright,G,Dallas Mavericks,9473684
2020,136,Jerami Grant,F,Denver Nuggets,9346153
2020,137,Fred VanVleet,G,Toronto Raptors,9346153
2020,138,Tyus Jones,G,Memphis Grizzlies,9258000
2020,139,Al-Farouq Aminu,SF,Orlando Magic,9258000
2020,140,George Hill,PG,Milwaukee Bucks,9133907
2020,141,Kyle Anderson,F,Memphis Grizzlies,9073050
2020,142,Taj Gibson,F,New York Knicks,9000000
2020,143,Ja Morant,G,Memphis Grizzlies,8730240
2020,144,Lonzo Ball,G,New Orleans Pelicans,8719320
2020,145,E'Twaun Moore,G,New Orleans Pelicans,8664928
2020,146,Marvin Bagley III,F,Sacramento Kings,8556120
2020,147,Bogdan Bogdanovic,G,Sacramento Kings,8529386
2020,148,P.J. Tucker,PF,Houston Rockets,8349039
2020,149,CJ Miles,G,Washington Wizards,8333333
2020,150,Cristiano Felicio,PF,Chicago Bulls,8156500
2020,151,Ben Simmons,PG,Philadelphia 76ers,8113930
2020,152,Kentavious Caldwell-Pope,G,Los Angeles Lakers,8089282
2020,153,Thomas Bryant,C,Washington Wizards,8000000
2020,154,Wayne Ellington,SG,New York Knicks,8000000
2020,155,Maxi Kleber,F,Dallas Mavericks,8000000
2020,156,Lou Williams,SG,LA Clippers,8000000
2020,157,RJ Barrett,F,New York Knicks,7839960
2020,158,Jayson Tatum,F,Boston Celtics,7830000
2020,159,Jae Crowder,PF,Miami Heat,7815533
2020,160,Luka Doncic,G,Dallas Mavericks,7683360
2020,161,Joe Harris,SF,Brooklyn Nets,7666667
2020,162,Darrell Arthur,F,Phoenix Suns,7464912
2020,163,Seth Curry,G,Dallas Mavericks,7461380
2020,164,Langston Galloway,SG,Detroit Pistons,7333333
2020,165,Doug McDermott,F,Indiana Pacers,7333333
2020,166,Derrick Rose,PG,Detroit Pistons,7317073
2020,167,Brandon Ingram,F,New Orleans Pelicans,7265485
2020,168,D.J. Augustin,G,Orlando Magic,7250000
2020,169,Lance Thomas,F,Brooklyn Nets,7119650
2020,170,De'Andre Hunter,F,Atlanta Hawks,7068360
2020,171,Josh Jackson,SG,Memphis Grizzlies,7059480
2020,172,Davis Bertans,SF,Washington Wizards,7000000
2020,173,Darius Miller,SF,Oklahoma City Thunder,7000000
2020,174,Ersan Ilyasova,PF,Milwaukee Bucks,7000000
2020,175,Jaren Jackson Jr.,F,Memphis Grizzlies,6927480
2020,176,Nemanja Bjelica,PF,Sacramento Kings,6825000
2020,177,Jaylen Brown,G,Boston Celtics,6534829
2020,178,Jabari Parker,PF,Sacramento Kings,6500000
2020,179,Ivica Zubac,C,LA Clippers,6481482
2020,180,Darius Garland,G,Cleveland Cavaliers,6400920
2020,181,De'Aaron Fox,G,Sacramento Kings,6392760
2020,182,Milos Teodosic,G,LA Clippers,6300000
2020,183,Trae Young,G,Atlanta Hawks,6273000
2020,184,Wesley Johnson,F,Washington Wizards,6134520
2020,185,Ish Smith,PG,Washington Wizards,6000000
2020,186,Montrezl Harrell,C,LA Clippers,6000000
2020,187,Marco Belinelli,G,San Antonio Spurs,5846154
2020,188,Jarrett Culver,G,Minnesota Timberwolves,5813640
2020,189,Jonathan Isaac,F,Orlando Magic,5806440
2020,190,Rodney Hood,SG,Portland Trail Blazers,5718000
2020,191,Jonathon Simmons,G,Washington Wizards,5700000
2020,192,Mo Bamba,C,Orlando Magic,5697600
2020,193,Trey Lyles,PF,San Antonio Spurs,5500000
2020,194,Alex Abrines,G,Oklahoma City Thunder,5455236
2020,195,Aron Baynes,C,Phoenix Suns,5453280
2020,196,Jason Smith,F,New Orleans Pelicans,5450000
2020,197,Kris Dunn,G,Chicago Bulls,5348007
2020,198,Coby White,G,Chicago Bulls,5307120
2020,199,Lauri Markkanen,F,Chicago Bulls,5300400
2020,200,Alexis Ajinca,C,LA Clippers,5285394
2020,201,Wendell Carter Jr.,C,Chicago Bulls,5201400
2020,202,Daniel Theis,C,Boston Celtics,5000000
2020,203,Dirk Nowitzki,F,Dallas Mavericks,5000000
2020,204,Kyle Singler,F,Oklahoma City Thunder,4996000
2020,205,Jaxson Hayes,C,New Orleans Pelicans,4862040
2020,206,Buddy Hield,G,Sacramento Kings,4861208
2020,207,Frank Ntilikina,PG,New York Knicks,4855800
2020,208,Rodney McGruder,G,LA Clippers,4807693
2020,209,Garrett Temple,G,Brooklyn Nets,4767000
2020,210,Richaun Holmes,F,Sacramento Kings,4767000
2020,211,Robin Lopez,C,Milwaukee Bucks,4767000
2020,212,Mike Scott,PF,Philadelphia 76ers,4767000
2020,213,Avery Bradley,PG,Los Angeles Lakers,4767000
2020,214,Frank Kaminsky,F,Phoenix Suns,4767000
2020,215,JaMychal Green,F,LA Clippers,4767000
2020,216,Justin Holiday,F,Indiana Pacers,4767000
2020,217,Ed Davis,C,Utah Jazz,4767000
2020,218,Enes Freedom,C,Boston Celtics,4767000
2020,219,Collin Sexton,G,Cleveland Cavaliers,4764960
2020,220,Rui Hachimura,F,Washington Wizards,4469160
2020,221,Kevon Looney,F,Golden State Warriors,4464226
2020,222,Dennis Smith Jr.,PG,New York Knicks,4463640
2020,223,Jamal Murray,G,Denver Nuggets,4444746
2020,224,Kevin Knox II,F,New York Knicks,4380120
2020,225,Luc Mbah a Moute,F,Houston Rockets,4320500
2020,226,Cam Reddish,SF,Atlanta Hawks,4245720
2020,227,Zach Collins,F,Portland Trail Blazers,4240200
2020,228,Mikal Bridges,G,Phoenix Suns,4161000
2020,229,Alex Len,C,Sacramento Kings,4160000
2020,230,Nicolo Melli,PF,New Orleans Pelicans,4102564
2020,231,Cameron Johnson,F,Phoenix Suns,4033440
2020,232,Malik Monk,G,Charlotte Hornets,4028400
2020,233,Patrick McCaw,SF,Toronto Raptors,4000000
2020,234,JaVale McGee,C,Los Angeles Lakers,4000000
2020,235,Dorian Finney-Smith,F,Dallas Mavericks,4000000
2020,236,Reggie Bullock Jr.,SF,New York Knicks,4000000
2020,237,Shai Gilgeous-Alexander,G,Oklahoma City Thunder,3952920
2020,238,P.J. Washington,F,Charlotte Hornets,3831840
2020,239,Luke Kennard,G,Detroit Pistons,3827160
2020,240,Miles Bridges,F,Charlotte Hornets,3755400
2020,241,Jakob Poeltl,C,San Antonio Spurs,3754886
2020,242,Tyler Herro,G,Miami Heat,3640200
2020,243,Donovan Mitchell,G,Utah Jazz,3635760
2020,244,Stanley Johnson,SF,Toronto Raptors,3623000
2020,245,Jake Layman,F,Minnesota Timberwolves,3581986
2020,246,Thon Maker,F,Detroit Pistons,3569643
2020,247,Jerome Robinson,SG,Washington Wizards,3567720
2020,248,Allonzo Trier,G,New York Knicks,3551000
2020,249,Danuel House Jr.,SF,Houston Rockets,3540000
2020,250,Domantas Sabonis,F,Indiana Pacers,3529555
2020,251,Michael Beasley,F,Brooklyn Nets,3500000
2020,252,T.J. McConnell,G,Indiana Pacers,3500000
2020,253,Boban Marjanovic,C,Dallas Mavericks,3500000
2020,254,DeMarcus Cousins,C,Denver Nuggets,3500000
2020,255,Taurean Prince,F,Brooklyn Nets,3481986
2020,256,Dario Saric,F,Phoenix Suns,3481986
2020,257,Romeo Langford,SG,Boston Celtics,3458400
2020,258,Bam Adebayo,C,Miami Heat,3454080
2020,259,Michael Porter Jr.,F,Denver Nuggets,3389400
2020,260,Denzel Valentine,G,Chicago Bulls,3377569
2020,261,Juancho Hernangomez,PF,Minnesota Timberwolves,3321030
2020,262,Sekou Doumbouya,SF,Detroit Pistons,3285120
2020,263,Justin Jackson,F,Dallas Mavericks,3280920
2020,264,Troy Brown Jr.,F,Washington Wizards,3219480
2020,265,Yogi Ferrell,PG,Sacramento Kings,3150000
2020,266,Zhaire Smith,G,Philadelphia 76ers,3058800
2020,267,Khem Birch,C,Orlando Magic,3000000
2020,268,Quinn Cook,PG,Los Angeles Lakers,3000000
2020,269,Ryan Arcidiacono,G,Chicago Bulls,3000000
2020,270,Nickeil Alexander-Walker,G,New Orleans Pelicans,2964840
2020,271,D.J. Wilson,F,Milwaukee Bucks,2961120
2020,272,Cedi Osman,SF,Cleveland Cavaliers,2907143
2020,273,Donte DiVincenzo,G,Milwaukee Bucks,2905800
2020,274,Bryn Forbes,SG,San Antonio Spurs,2875000
2020,275,Goga Bitadze,C,Indiana Pacers,2816760
2020,276,T.J. Leaf,PF,Indiana Pacers,2813280
2020,277,Alex Caruso,G,Los Angeles Lakers,2750000
2020,278,Malik Beasley,SG,Minnesota Timberwolves,2731714
2020,279,Luka Samanic,F,San Antonio Spurs,2689920
2020,280,Lonnie Walker IV,G,San Antonio Spurs,2689920
2020,281,John Collins,F,Atlanta Hawks,2686560
2020,282,Kevin Huerter,G,Atlanta Hawks,2636280
2020,283,Caris LeVert,G,Brooklyn Nets,2625718
2020,284,Marko Guduric,G,Memphis Grizzlies,2625000
2020,285,DeAndre' Bembry,SG,Atlanta Hawks,2603982
2020,286,Matisse Thybulle,G,Philadelphia 76ers,2582160
2020,287,Harry Giles III,PF,Sacramento Kings,2578800
2020,288,Rajon Rondo,PG,Los Angeles Lakers,2564753
2020,289,Wesley Matthews,SG,Milwaukee Bucks,2564753
2020,290,Nene Hilario,C,Atlanta Hawks,2564753
2020,291,Josh Okogie,G,Minnesota Timberwolves,2530680
2020,292,Manu Ginobili,G,San Antonio Spurs,2500000
2020,293,Rondae Hollis Jefferson,SF,Toronto Raptors,2500000
2020,294,Brandon Clarke,F,Memphis Grizzlies,2478840
2020,295,Terrance Ferguson,SF,Oklahoma City Thunder,2475840
2020,296,Emeka Okafor,C,Philadelphia 76ers,2445085
2020,297,Kendrick Perkins,C,Cleveland Cavaliers,2445085
2020,298,Grayson Allen,G,Memphis Grizzlies,2429400
2020,299,Grant Williams,F,Boston Celtics,2379840
2020,300,Jarrett Allen,C,Brooklyn Nets,2376840
2020,301,Pascal Siakam,F,Toronto Raptors,2351839
2020,302,Skal Labissiere,C,Portland Trail Blazers,2338847
2020,303,Chandler Hutchison,SF,Chicago Bulls,2332320
2020,304,Aaron Holiday,G,Indiana Pacers,2329200
2020,305,Dejounte Murray,G,San Antonio Spurs,2321735
2020,306,Damian Jones,C,Atlanta Hawks,2305057
2020,307,Darius Bazley,F,Oklahoma City Thunder,2284800
2020,308,OG Anunoby,F,Toronto Raptors,2281800
2020,309,Ante Zizic,C,Cleveland Cavaliers,2281800
2020,310,Luke Kornet,C,Chicago Bulls,2250000
2020,311,Brandon Jennings,G,Milwaukee Bucks,2222803
2020,312,Ty Jerome,G,Phoenix Suns,2193480
2020,313,Willie Cauley-Stein,C,Dallas Mavericks,2177483
2020,314,Anfernee Simons,G,Portland Trail Blazers,2149560
2020,315,Austin Rivers,SG,Houston Rockets,2147317
2020,316,Nassir Little,SF,Portland Trail Blazers,2105520
2020,317,Moritz Wagner,F,Washington Wizards,2063520
2020,318,Sean Kilpatrick,G,Chicago Bulls,2054856
2020,319,Dylan Windler,G,Atlanta Hawks,2035800
2020,320,Caleb Swanigan,F,Portland Trail Blazers,2033160
2020,321,Mike Muscala,C,Oklahoma City Thunder,2028594
2020,322,Ben McLemore,SG,Houston Rockets,2028594
2020,323,Edmond Sumner,PG,Indiana Pacers,2000000
2020,324,Torrey Craig,SF,Denver Nuggets,2000000
2020,325,Noah Vonleh,PF,Denver Nuggets,2000000
2020,326,Landry Shamet,G,LA Clippers,1995120
2020,327,Mfiondu Kabengele,C,LA Clippers,1977000
2020,328,Kyle Kuzma,F,Los Angeles Lakers,1974600
2020,329,Jordan Poole,G,Golden State Warriors,1964760
2020,330,Tony Bradley,C,Utah Jazz,1962360
2020,331,Keldon Johnson,F,San Antonio Spurs,1950600
2020,332,Derrick White,G,San Antonio Spurs,1948080
2020,333,Robert Williams III,C,Boston Celtics,1937520
2020,334,Jacob Evans,G,Minnesota Timberwolves,1925880
2020,335,Omari Rasulala Spellman,F,Golden State Warriors,1897800
2020,336,James Ennis III,F,Orlando Magic,1882867
2020,337,Shabazz Napier,G,Washington Wizards,1845301
2020,338,DeAndre Liggins,G,Miami Heat,1795015
2020,339,Markieff Morris,PF,Los Angeles Lakers,1750000
2020,340,Cameron Payne,PG,Phoenix Suns,1737145
2020,341,Pat Connaughton,G,Milwaukee Bucks,1723050
2020,342,Jahlil Okafor,C,New Orleans Pelicans,1702486
2020,343,Rodions Kurucs,SF,Brooklyn Nets,1699236
2020,344,Jonah Bolden,PF,Phoenix Suns,1698450
2020,345,Cheick Diallo,F,Phoenix Suns,1678854
2020,346,Dragan Bender,F,Golden State Warriors,1678854
2020,347,Willy Hernangomez,C,Charlotte Hornets,1676735
2020,348,Julyan Stone,G,Chicago Bulls,1656092
2020,349,MarShon Brooks,G,Chicago Bulls,1656092
2020,350,Josh Hart,G,New Orleans Pelicans,1655160
2020,351,Treveon Graham,F,Atlanta Hawks,1645357
2020,352,Christian Wood,F,Detroit Pistons,1645357
2020,353,Jordan McRae,G,Detroit Pistons,1645357
2020,354,Derrick Jones Jr.,F,Miami Heat,1645357
2020,355,Georges Niang,F,Utah Jazz,1645357
2020,356,Shaquille Harrison,G,Chicago Bulls,1620564
2020,357,Isaiah Taylor,G,Toronto Raptors,1620564
2020,358,Trey Burke,PG,Dallas Mavericks,1620564
2020,359,Tyler Lydon,F,Sacramento Kings,1620564
2020,360,Emmanuel Mudiay,G,Utah Jazz,1620564
2020,361,Nerlens Noel,C,Oklahoma City Thunder,1620564
2020,362,Patrick Patterson,PF,LA Clippers,1620564
2020,363,Isaiah Thomas,G,Washington Wizards,1620564
2020,364,Kyle O'Quinn,C,Philadelphia 76ers,1620564
2020,365,Michael Carter-Williams,G,Orlando Magic,1620564
2020,366,Alec Burks,SG,Philadelphia 76ers,1620564
2020,367,Wilson Chandler,F,Brooklyn Nets,1620564
2020,368,Glenn Robinson III,F,Philadelphia 76ers,1620564
2020,369,Kyle Korver,G,Milwaukee Bucks,1620564
2020,370,Udonis Haslem,PF,Miami Heat,1620564
2020,371,Jared Dudley,SF,Los Angeles Lakers,1620564
2020,372,Dwight Howard,C,Los Angeles Lakers,1620564
2020,373,Furkan Korkmaz,SG,Philadelphia 76ers,1620564
2020,374,JaKarr Sampson,SF,Indiana Pacers,1620564
2020,375,Justin Patton,C,Oklahoma City Thunder,1620564
2020,376,Ryan Anderson,PF,Houston Rockets,1620564
2020,377,Thabo Sefolosha,F,Houston Rockets,1620564
2020,378,Gerald Green,G,Houston Rockets,1620564
2020,379,Tyson Chandler,C,Houston Rockets,1620564
2020,380,J.J. Barea,G,Dallas Mavericks,1620564
2020,381,Jarell Martin,F,Cleveland Cavaliers,1620564
2020,382,Raul Neto,PG,Philadelphia 76ers,1620564
2020,383,Tim Frazier,PG,Detroit Pistons,1620564
2020,384,Jordan Bell,F,Memphis Grizzlies,1620564
2020,385,Joe Johnson,G,Boston Celtics,1620564
2020,386,Vince Carter,G,Atlanta Hawks,1620564
2020,387,Frank Jackson,G,New Orleans Pelicans,1618520
2020,388,Abdel Nader,F,Oklahoma City Thunder,1618520
2020,389,Royce O'Neale,F,Utah Jazz,1618520
2020,390,Damyean Dotson,SG,New York Knicks,1618520
2020,391,Sterling Brown,SF,Milwaukee Bucks,1618520
2020,392,Semi Ojeleye,PF,Boston Celtics,1618520
2020,393,Dillon Brooks,F,Memphis Grizzlies,1618520
2020,394,Wes Iwundu,F,Orlando Magic,1618420
2020,395,Dwight Buycks,G,Detroit Pistons,1600520
2020,396,Mitchell Robinson,C,New York Knicks,1599712
2020,397,Chris Boucher,F,Toronto Raptors,1588231
2020,398,Malcolm Miller,F,Toronto Raptors,1588231
2020,399,Monte Morris,PG,Denver Nuggets,1588231
2020,400,Antonio Blakeney,G,Chicago Bulls,1588231
2020,401,Tyrone Wallace,G,Atlanta Hawks,1588231
2020,402,Malachi Richardson,G,Philadelphia 76ers,1569360
2020,403,Georgios Papagiannis,C,Portland Trail Blazers,1544951
2020,404,Chinanu Onuaku,C,Portland Trail Blazers,1544951
2020,405,Wade Baldwin IV,G,Indiana Pacers,1544951
2020,406,Isaiah Whitehead,G,Detroit Pistons,1544951
2020,407,Paul Zipser,F,Chicago Bulls,1544951
2020,408,Amile Jefferson,F,Orlando Magic,1529007
2020,409,Omri Casspi,F,Memphis Grizzlies,1512601
2020,410,Isaiah Canaan,G,Milwaukee Bucks,1512601
2020,411,Dwyane Wade,G,Miami Heat,1512601
2020,412,Nigel Williams-Goss,G,Utah Jazz,1500000
2020,413,Isaiah Roby,PF,Oklahoma City Thunder,1500000
2020,414,Alfonzo McKinnie,F,Cleveland Cavaliers,1500000
2020,415,Shake Milton,SG,Philadelphia 76ers,1455697
2020,416,Wenyen Gabriel,F,Portland Trail Blazers,1445697
2020,417,Brad Wanamaker,PG,Boston Celtics,1445697
2020,418,Thanasis Antetokounmpo,F,Milwaukee Bucks,1445697
2020,419,Derrick Walton Jr.,G,Detroit Pistons,1445697
2020,420,Theo Pinson,G,Brooklyn Nets,1445697
2020,421,Iman Shumpert,G,Brooklyn Nets,1419138
2020,422,Gary Trent Jr.,G,Portland Trail Blazers,1416852
2020,423,Bruce Brown,G,Detroit Pistons,1416852
2020,424,Hamidou Diallo,G,Oklahoma City Thunder,1416852
2020,425,Kendrick Nunn,G,Miami Heat,1416852
2020,426,Melvin Frazier Jr.,G,Orlando Magic,1416852
2020,427,Kenrich Williams,G,New Orleans Pelicans,1416852
2020,428,Alize Johnson,F,Indiana Pacers,1416852
2020,429,Devonte' Graham,PG,Charlotte Hornets,1416852
2020,430,Deonte Burton,F,Oklahoma City Thunder,1416852
2020,431,De'Anthony Melton,G,Memphis Grizzlies,1416852
2020,432,Ryan Broekhoff,G,Dallas Mavericks,1416852
2020,433,Isaiah Hartenstein,C,Houston Rockets,1416852
2020,434,Jalen Brunson,G,Dallas Mavericks,1416852
2020,435,Elie Okobo,G,Phoenix Suns,1416852
2020,436,Keita Bates-Diop,SF,Denver Nuggets,1416852
2020,437,Duncan Robinson,F,Miami Heat,1416852
2020,438,Jarred Vanderbilt,F,Minnesota Timberwolves,1416852
2020,439,Jemerrio Jones,F,Los Angeles Lakers,1416852
2020,440,Khyri Thomas,SG,Detroit Pistons,1416852
2020,441,Chimezie Metu,PF,San Antonio Spurs,1416852
2020,442,Jevon Carter,G,Phoenix Suns,1416852
2020,443,Dairis Bertans,G,New Orleans Pelicans,1416852
2020,444,Yante Maten,F,Boston Celtics,1416852
2020,445,Svi Mykhailiuk,G,Detroit Pistons,1416852
2020,446,Isaac Bonga,G,Washington Wizards,1416842
2020,447,Tarik Phillip,G,Washington Wizards,1416842
2020,448,Jaylen Nowell,G,Minnesota Timberwolves,1400000
2020,449,Bruno Fernando,F,Atlanta Hawks,1400000
2020,450,Dakari Johnson,C,Memphis Grizzlies,1378242
2020,451,Kyle Collinsworth,G,Utah Jazz,1378242
2020,452,Jaylen Morris,F,San Antonio Spurs,1378242
2020,453,Brandon Paul,G,San Antonio Spurs,1378242
2020,454,Rodney Purvis,G,Miami Heat,1378242
2020,455,David Stockton,G,Los Angeles Lakers,1378242
2020,456,Zhou Qi,C,Houston Rockets,1378242
2020,457,Aaron Jackson,F,Houston Rockets,1378242
2020,458,Ike Anigbogu,C,New Orleans Pelicans,1378242
2020,459,Carmelo Anthony,PF,Portland Trail Blazers,1364204
2020,460,Jabari Bird,G,Atlanta Hawks,1349464
2020,461,Ben Moore,F,San Antonio Spurs,1349383
2020,462,James Nunnally,SF,New Orleans Pelicans,1349383
2020,463,Kevin Porter Jr.,G,Cleveland Cavaliers,1290960
2020,464,Carsen Edwards,PG,Boston Celtics,1228026
2020,465,Cody Martin,SF,Charlotte Hornets,1173310
2020,466,Gary Payton II,G,Washington Wizards,1052909
2020,467,Nick Young,G,Denver Nuggets,1042584
2020,468,Admiral Schofield,SF,Washington Wizards,1000000
2020,469,Terance Mann,G,LA Clippers,1000000
2020,470,Ron Baker,G,Washington Wizards,948580
2020,471,David Nwaba,SF,Brooklyn Nets,903111
2020,472,Jalen McDaniels,F,Charlotte Hornets,898310
2020,473,Dewan Hernandez,F,Toronto Raptors,898310
2020,474,Talen Horton-Tucker,SF,Los Angeles Lakers,898310
2020,475,Stanton Kidd,SF,Utah Jazz,898310
2020,476,KZ Okpala,SF,Miami Heat,898310
2020,477,Terence Davis,G,Toronto Raptors,898310
2020,478,Ignas Brazdeikis,SF,New York Knicks,898310
2020,479,Miye Oni,SF,Utah Jazz,898310
2020,480,Nic Claxton,C,Brooklyn Nets,898310
2020,481,Naz Reid,C,Minnesota Timberwolves,898310
2020,482,Eric Paschall,F,Golden State Warriors,898310
2020,483,Jalen Lecque,G,Phoenix Suns,898310
2020,484,Caleb Martin,F,Charlotte Hornets,898310
2020,485,Alen Smailagic,PF,Golden State Warriors,898310
2020,486,Justin Robinson,F,Washington Wizards,898310
2020,487,Vlatko Cancar,SF,Denver Nuggets,898310
2020,488,Daniel Gafford,F,Chicago Bulls,898310
2020,489,Max Strus,G,Chicago Bulls,898310
2020,490,Matt Thomas,SG,Toronto Raptors,898310
2020,491,Javonte Green,G,Boston Celtics,898310
2020,492,Justin James,G,Sacramento Kings,898310
2020,493,Damion Lee,SG,Golden State Warriors,842327
2020,494,Isaiah Briscoe,G,Orlando Magic,838464
2020,495,Juwan Morgan,F,Utah Jazz,746054
2020,496,Marquese Chriss,SF,Golden State Warriors,654469
2020,497,Timothe Luwawu-Cabarrot,SG,Brooklyn Nets,654469
2020,498,Marvin Williams,F,Milwaukee Bucks,604278
2020,499,Michael Kidd-Gilchrist,F,Dallas Mavericks,595122
2020,500,Rayjon Tucker,G,Utah Jazz,578573
2020,501,Chris Clemons,G,Houston Rockets,563347
2020,502,Gary Clark,F,Orlando Magic,555409
2020,503,Brandon Goodwin,G,Atlanta Hawks,522738
2020,504,DeMarre Carroll,F,Houston Rockets,512721
2020,505,Reggie Jackson,PG,LA Clippers,512721
2020,506,Anzejs Pasecniks,C,Washington Wizards,482144
2020,507,Chris Silva,F,Miami Heat,466918
2020,508,Jeff Green,F,Houston Rockets,439475
2020,509,Troy Daniels,G,Denver Nuggets,384541
2020,510,Dion Waiters,G,Los Angeles Lakers,375385
2020,511,Juan Toscano-Anderson,F,Golden State Warriors,350189
2020,512,Norvel Pelle,PF,Philadelphia 76ers,350189
2020,513,Ky Bowman,G,Golden State Warriors,350189
2020,514,JR Smith,G,Los Angeles Lakers,289803
2020,515,Tyler Zeller,C,San Antonio Spurs,245686
2020,516,Jimmer Fredette,G,Phoenix Suns,208509
2020,517,Jontay Porter,C,Toronto Raptors,197933
2020,518,Tyler Johnson,G,Brooklyn Nets,183115
2020,519,Anthony Tolliver,PF,Memphis Grizzlies,183115
2020,520,Luguentz Dort,G,Oklahoma City Thunder,155647
2021,1,Stephen Curry,G,Golden State Warriors,43006362
2021,2,Russell Westbrook,G,Washington Wizards,41358814
2021,3,Chris Paul,G,Phoenix Suns,41358814
2021,4,James Harden,G,Brooklyn Nets,41254920
2021,5,John Wall,PG,Houston Rockets,41254920
2021,6,Kevin Durant,F,Brooklyn Nets,40108950
2021,7,LeBron James,F,Los Angeles Lakers,39219565
2021,8,Paul George,F,LA Clippers,35450412
2021,9,Klay Thompson,G,Dallas Mavericks,35361360
2021,10,Mike Conley,G,Utah Jazz,34502130
2021,11,Jimmy Butler III,F,Miami Heat,34379100
2021,12,Kawhi Leonard,F,LA Clippers,34379100
2021,13,Kemba Walker,PG,Boston Celtics,34379100
2021,14,Tobias Harris,F,Philadelphia 76ers,34358850
2021,15,Khris Middleton,F,Milwaukee Bucks,33051724
2021,16,Anthony Davis,F,Los Angeles Lakers,32742000
2021,17,Kyrie Irving,G,Brooklyn Nets,31742000
2021,18,Damian Lillard,G,Portland Trail Blazers,31626953
2021,19,Kevin Love,F,Cleveland Cavaliers,31258256
2021,20,Ben Simmons,PG,Philadelphia 76ers,30559200
2021,21,Pascal Siakam,F,Toronto Raptors,30559200
2021,22,Kyle Lowry,G,Toronto Raptors,30500000
2021,23,Steven Adams,C,New Orleans Pelicans,29592696
2021,24,Joel Embiid,C,Philadelphia 76ers,29542010
2021,25,Andrew Wiggins,F,Golden State Warriors,29542010
2021,26,Nikola Jokic,C,Denver Nuggets,29542010
2021,27,Devin Booker,G,Phoenix Suns,29467800
2021,28,Karl-Anthony Towns,C,Minnesota Timberwolves,29467800
2021,29,Kristaps Porzingis,C,Dallas Mavericks,29467800
2021,30,CJ McCollum,G,Portland Trail Blazers,29354152
2021,31,Bradley Beal,G,Washington Wizards,28751775
2021,32,D'Angelo Russell,G,Minnesota Timberwolves,28649250
2021,33,Gordon Hayward,SF,Charlotte Hornets,28500000
2021,34,Otto Porter Jr.,SF,Orlando Magic,28489237
2021,35,DeMar DeRozan,G,San Antonio Spurs,27739975
2021,36,Giannis Antetokounmpo,F,Milwaukee Bucks,27528090
2021,37,Rudy Gobert,C,Utah Jazz,27525281
2021,38,Al Horford,C,Oklahoma City Thunder,27500000
2021,39,Jamal Murray,G,Denver Nuggets,27285000
2021,40,Brandon Ingram,F,New Orleans Pelicans,27285000
2021,41,Jrue Holiday,G,Milwaukee Bucks,26231111
2021,42,Nikola Vucevic,C,Chicago Bulls,26000000
2021,43,Chandler Parsons,SF,Atlanta Hawks,25102511
2021,44,Buddy Hield,G,Sacramento Kings,24701834
2021,45,LaMarcus Aldridge,C,Brooklyn Nets,24000000
2021,46,Jaylen Brown,G,Boston Celtics,23735118
2021,47,Draymond Green,F,Golden State Warriors,22246956
2021,48,Harrison Barnes,F,Sacramento Kings,22215909
2021,49,Fred VanVleet,G,Toronto Raptors,21250000
2021,50,Victor Oladipo,SG,Miami Heat,21000000
2021,51,Malcolm Brogdon,G,Indiana Pacers,20700000
2021,52,Domantas Sabonis,F,Indiana Pacers,19800000
2021,53,Gary Harris,G,Orlando Magic,19610714
2021,54,Danilo Gallinari,PF,Atlanta Hawks,19500000
2021,55,Zach LaVine,G,Chicago Bulls,19500000
2021,56,Jerami Grant,F,Detroit Pistons,19050000
2021,57,Tim Hardaway Jr.,G,Dallas Mavericks,18975000
2021,58,Julius Randle,F,New York Knicks,18900000
2021,59,Terry Rozier,G,Charlotte Hornets,18900000
2021,60,Allen Crabbe,G,Minnesota Timberwolves,18500000
2021,61,Aaron Gordon,F,Denver Nuggets,18136364
2021,62,Goran Dragic,PG,Miami Heat,18000000
2021,63,Myles Turner,C,Indiana Pacers,18000000
2021,64,Bogdan Bogdanovic,G,Atlanta Hawks,18000000
2021,65,Bojan Bogdanovic,SF,Utah Jazz,17850000
2021,66,Evan Fournier,SG,Boston Celtics,17150000
2021,67,Ricky Rubio,PG,Minnesota Timberwolves,17000000
2021,68,Eric Bledsoe,SG,New Orleans Pelicans,16875000
2021,69,Eric Gordon,G,Houston Rockets,16869276
2021,70,Timofey Mozgov,C,Orlando Magic,16720000
2021,71,Caris LeVert,G,Indiana Pacers,16203704
2021,72,Joe Harris,SF,Brooklyn Nets,16071429
2021,73,James Johnson,PF,New Orleans Pelicans,16047100
2021,74,Dennis Schroder,G,Los Angeles Lakers,16000000
2021,75,Clint Capela,C,Atlanta Hawks,16000000
2021,76,Cody Zeller,C,Charlotte Hornets,15415730
2021,77,Danny Green,F,Philadelphia 76ers,15365853
2021,78,Davis Bertans,SF,Washington Wizards,15000000
2021,79,Andre Iguodala,F,Miami Heat,15000000
2021,80,Jonas Valanciunas,C,Memphis Grizzlies,15000000
2021,81,Marcus Morris Sr.,F,LA Clippers,14888721
2021,82,Luke Babbitt,F,Miami Heat,14651700
2021,83,Rudy Gay,SF,San Antonio Spurs,14500000
2021,84,Kelly Oubre Jr.,G,Golden State Warriors,14375000
2021,85,Dejounte Murray,G,San Antonio Spurs,14286000
2021,86,Will Barton,G,Denver Nuggets,13723214
2021,87,Marcin Gortat,C,LA Clippers,13565218
2021,88,Thaddeus Young,F,Chicago Bulls,13545000
2021,89,Patty Mills,PG,San Antonio Spurs,13535714
2021,90,Terrence Ross,G,Orlando Magic,13500000
2021,91,Marcus Smart,G,Boston Celtics,13446428
2021,92,Malik Beasley,SG,Minnesota Timberwolves,13425895
2021,93,Patrick Beverley,PG,LA Clippers,13333333
2021,94,Christian Wood,F,Houston Rockets,13015873
2021,95,JJ Redick,SG,Dallas Mavericks,13013700
2021,96,Justise Winslow,PF,Memphis Grizzlies,13000000
2021,97,Jusuf Nurkic,C,Portland Trail Blazers,12888889
2021,98,Trevor Ariza,SF,Miami Heat,12800000
2021,99,Courtney Lee,G,Dallas Mavericks,12759670
2021,100,Brook Lopez,C,Milwaukee Bucks,12697674
2021,101,Cory Joseph,PG,Detroit Pistons,12600000
2021,102,Kelly Olynyk,F,Houston Rockets,12598243
2021,103,Miles Plumlee,C,Memphis Grizzlies,12500000
2021,104,T.J. Warren,SF,Indiana Pacers,12500000
2021,105,Nikola Mirotic,F,Milwaukee Bucks,12500000
2021,106,Tyreke Evans,G,Indiana Pacers,12400000
2021,107,Markelle Fultz,G,Orlando Magic,12288697
2021,108,Taurean Prince,F,Cleveland Cavaliers,12250000
2021,109,Tony Snell,SF,Atlanta Hawks,12178571
2021,110,Robert Covington,PF,Portland Trail Blazers,12138345
2021,111,Kentavious Caldwell-Pope,G,Los Angeles Lakers,12073020
2021,112,Larry Nance Jr.,F,Cleveland Cavaliers,11709091
2021,113,Zach Randolph,F,Dallas Mavericks,11692308
2021,114,Jordan Clarkson,G,Utah Jazz,11500000
2021,115,Spencer Dinwiddie,PG,Brooklyn Nets,11454048
2021,116,Dillon Brooks,F,Memphis Grizzlies,11400000
2021,117,Omer Asik,C,Chicago Bulls,11286516
2021,118,Dwight Powell,F,Dallas Mavericks,11080125
2021,119,Lonzo Ball,G,New Orleans Pelicans,11003782
2021,120,Josh Richardson,SG,Dallas Mavericks,10865952
2021,121,Norman Powell,G,Portland Trail Blazers,10865952
2021,122,Joe Ingles,F,Utah Jazz,10863637
2021,123,Jeremy Lamb,SG,Indiana Pacers,10500000
2021,124,DeAndre Jordan,C,Brooklyn Nets,10375678
2021,125,Zion Williamson,F,New Orleans Pelicans,10245480
2021,126,Rodney Hood,SG,Toronto Raptors,10047450
2021,127,Tomas Satoransky,SG,Chicago Bulls,10000000
2021,128,Darren Collison,PG,Los Angeles Lakers,10000000
2021,129,Jayson Tatum,F,Boston Celtics,9897120
2021,130,Anthony Edwards,G,Minnesota Timberwolves,9757440
2021,131,Al-Farouq Aminu,SF,Chicago Bulls,9720900
2021,132,Dante Exum,G,Cleveland Cavaliers,9600000
2021,133,George Hill,PG,Philadelphia 76ers,9590602
2021,134,De'Anthony Melton,G,Memphis Grizzlies,9571712
2021,135,Deandre Ayton,C,Phoenix Suns,9562920
2021,136,Kyle Anderson,F,Memphis Grizzlies,9505100
2021,137,Meyers Leonard,C,Miami Heat,9400000
2021,138,Montrezl Harrell,C,Los Angeles Lakers,9258000
2021,139,Jae Crowder,PF,Phoenix Suns,9258000
2021,140,Serge Ibaka,F,LA Clippers,9258000
2021,141,Derrick Jones Jr.,F,Portland Trail Blazers,9258000
2021,142,Tristan Thompson,C,Boston Celtics,9258000
2021,143,Derrick Favors,F,Utah Jazz,9258000
2021,144,Dario Saric,F,Phoenix Suns,9250000
2021,145,Ja Morant,G,Memphis Grizzlies,9166800
2021,146,Delon Wright,G,Sacramento Kings,9000000
2021,147,Marvin Bagley III,F,Sacramento Kings,8963640
2021,148,Cedi Osman,SF,Cleveland Cavaliers,8840580
2021,149,Tyus Jones,G,Memphis Grizzlies,8817143
2021,150,James Wiseman,C,Golden State Warriors,8730240
2021,151,Royce O'Neale,F,Utah Jazz,8500000
2021,152,Thomas Bryant,C,Washington Wizards,8333333
2021,153,CJ Miles,G,Boston Celtics,8333333
2021,154,Maxi Kleber,F,Dallas Mavericks,8325000
2021,155,RJ Barrett,F,New York Knicks,8231760
2021,156,Jakob Poeltl,C,San Antonio Spurs,8101852
2021,157,De'Aaron Fox,G,Sacramento Kings,8099627
2021,158,Luka Doncic,G,Dallas Mavericks,8049360
2021,159,Mason Plumlee,C,Detroit Pistons,8000000
2021,160,Lou Williams,SG,Atlanta Hawks,8000000
2021,161,P.J. Tucker,PF,Milwaukee Bucks,7969537
2021,162,LaMelo Ball,G,Charlotte Hornets,7839960
2021,163,Seth Curry,G,Philadelphia 76ers,7834449
2021,164,Derrick Rose,PG,New York Knicks,7682927
2021,165,Cristiano Felicio,PF,Chicago Bulls,7529020
2021,166,Rajon Rondo,PG,LA Clippers,7500000
2021,167,Darrell Arthur,F,Phoenix Suns,7464912
2021,168,De'Andre Hunter,F,Atlanta Hawks,7422000
2021,169,Jonathan Isaac,F,Orlando Magic,7362566
2021,170,Doug McDermott,F,Indiana Pacers,7333333
2021,171,Robin Lopez,C,Washington Wizards,7300000
2021,172,Jaren Jackson Jr.,F,Memphis Grizzlies,7257360
2021,173,JaMychal Green,F,Denver Nuggets,7199760
2021,174,Patrick Williams,F,Chicago Bulls,7068360
2021,175,Aron Baynes,C,Toronto Raptors,7000000
2021,176,Darius Miller,SF,Oklahoma City Thunder,7000000
2021,177,Ivica Zubac,C,LA Clippers,7000000
2021,178,Chris Boucher,F,Toronto Raptors,6750000
2021,179,Lauri Markkanen,F,Chicago Bulls,6731508
2021,180,Darius Garland,G,Cleveland Cavaliers,6720720
2021,181,D.J. Augustin,G,Houston Rockets,6666667
2021,182,Trae Young,G,Atlanta Hawks,6571800
2021,183,Juancho Hernangomez,PF,Minnesota Timberwolves,6493000
2021,184,Isaac Okoro,F,Cleveland Cavaliers,6400920
2021,185,Milos Teodosic,G,LA Clippers,6300000
2021,186,Frank Ntilikina,PG,New York Knicks,6176578
2021,187,Wesley Johnson,F,Washington Wizards,6134520
2021,188,Jarrett Culver,G,Minnesota Timberwolves,6104280
2021,189,Ish Smith,PG,Washington Wizards,6000000
2021,190,Alec Burks,SG,New York Knicks,6000000
2021,191,Mo Bamba,C,Orlando Magic,5969040
2021,192,Onyeka Okongwu,F,Atlanta Hawks,5813640
2021,193,Justin Holiday,F,Indiana Pacers,5720000
2021,194,Jonathon Simmons,G,Washington Wizards,5700000
2021,195,Dennis Smith Jr.,PG,Detroit Pistons,5686677
2021,196,Avery Bradley,PG,Houston Rockets,5635000
2021,197,Coby White,G,Chicago Bulls,5572680
2021,198,Trey Lyles,PF,San Antonio Spurs,5500000
2021,199,Alex Abrines,G,Oklahoma City Thunder,5455236
2021,200,Jason Smith,F,New Orleans Pelicans,5450000
2021,201,Wendell Carter Jr.,C,Orlando Magic,5448840
2021,202,Zach Collins,F,Chicago Bulls,5406255
2021,203,Malik Monk,G,Charlotte Hornets,5345687
2021,204,Killian Hayes,G,Detroit Pistons,5307120
2021,205,Alexis Ajinca,C,LA Clippers,5285394
2021,206,Luke Kennard,G,LA Clippers,5273826
2021,207,Donovan Mitchell,G,Utah Jazz,5195501
2021,208,Rodney McGruder,G,Detroit Pistons,5192307
2021,209,Bam Adebayo,C,Miami Heat,5115492
2021,210,Jaxson Hayes,C,New Orleans Pelicans,5105160
2021,211,Richaun Holmes,F,Sacramento Kings,5005350
2021,212,Mike Scott,PF,Philadelphia 76ers,5005350
2021,213,Ed Davis,C,Minnesota Timberwolves,5005350
2021,214,Enes Freedom,C,Portland Trail Blazers,5005350
2021,215,Nerlens Noel,C,New York Knicks,5000000
2021,216,Daniel Theis,C,Chicago Bulls,5000000
2021,217,Dirk Nowitzki,F,Dallas Mavericks,5000000
2021,218,Kyle Singler,F,Oklahoma City Thunder,4996000
2021,219,Collin Sexton,G,Cleveland Cavaliers,4991880
2021,220,Pat Connaughton,G,Milwaukee Bucks,4938272
2021,221,Obi Toppin,F,New York Knicks,4862040
2021,222,Josh Jackson,SG,Detroit Pistons,4767000
2021,223,Garrett Temple,G,Chicago Bulls,4767000
2021,224,Kris Dunn,G,Atlanta Hawks,4767000
2021,225,Rui Hachimura,F,Washington Wizards,4692840
2021,226,Denzel Valentine,G,Chicago Bulls,4642800
2021,227,Kevin Knox II,F,New York Knicks,4588680
2021,228,D.J. Wilson,F,Houston Rockets,4548280
2021,229,Deni Avdija,F,Washington Wizards,4469160
2021,230,Kevon Looney,F,Golden State Warriors,4464226
2021,231,Cam Reddish,SF,Atlanta Hawks,4458000
2021,232,T.J. Leaf,PF,Portland Trail Blazers,4326825
2021,233,Jalen Smith,F,Phoenix Suns,4245720
2021,234,JaVale McGee,C,Denver Nuggets,4200000
2021,235,Reggie Bullock Jr.,SF,New York Knicks,4200000
2021,236,Mikal Bridges,G,Phoenix Suns,4161000
2021,237,Shai Gilgeous-Alexander,G,Oklahoma City Thunder,4141320
2021,238,John Collins,F,Atlanta Hawks,4137302
2021,239,Nicolo Melli,PF,Dallas Mavericks,4102564
2021,240,Willie Cauley-Stein,C,Dallas Mavericks,4100000
2021,241,Devin Vassell,G,San Antonio Spurs,4033440
2021,242,Cameron Johnson,F,Phoenix Suns,4033440
2021,243,P.J. Washington,F,Charlotte Hornets,4023600
2021,244,Patrick McCaw,SF,Toronto Raptors,4000000
2021,245,Dorian Finney-Smith,F,Dallas Mavericks,4000000
2021,246,Terrance Ferguson,SF,Philadelphia 76ers,3944013
2021,247,Miles Bridges,F,Charlotte Hornets,3934320
2021,248,Jevon Carter,G,Phoenix Suns,3925000
2021,249,Jarrett Allen,C,Cleveland Cavaliers,3909902
2021,250,OG Anunoby,F,Toronto Raptors,3872215
2021,251,Gabriel Deck,SF,Oklahoma City Thunder,3870370
2021,252,Tyrese Haliburton,G,Sacramento Kings,3831840
2021,253,Stanley Johnson,SF,Toronto Raptors,3804150
2021,254,Jake Layman,F,Minnesota Timberwolves,3761085
2021,255,Jerome Robinson,SG,Washington Wizards,3737520
2021,256,Danuel House Jr.,SF,Houston Rockets,3717000
2021,257,Kira Lewis Jr.,G,New Orleans Pelicans,3640200
2021,258,Romeo Langford,SG,Boston Celtics,3631200
2021,259,Bobby Portis,F,Milwaukee Bucks,3623000
2021,260,Maurice Harkless,SF,Sacramento Kings,3623000
2021,261,Wesley Matthews,SG,Los Angeles Lakers,3623000
2021,262,Kyle Kuzma,F,Los Angeles Lakers,3562178
2021,263,Allonzo Trier,G,New York Knicks,3551000
2021,264,Michael Porter Jr.,F,Denver Nuggets,3550800
2021,265,Tony Bradley,C,Oklahoma City Thunder,3542060
2021,266,Derrick White,G,San Antonio Spurs,3516284
2021,267,Bismack Biyombo,C,Charlotte Hornets,3500000
2021,268,Michael Beasley,F,Brooklyn Nets,3500000
2021,269,Luca Vildoza,G,Milwaukee Bucks,3500000
2021,270,T.J. McConnell,G,Indiana Pacers,3500000
2021,271,Boban Marjanovic,C,Dallas Mavericks,3500000
2021,272,Josh Hart,G,New Orleans Pelicans,3491159
2021,273,Aaron Nesmith,G,Boston Celtics,3458400
2021,274,Sekou Doumbouya,SF,Detroit Pistons,3449400
2021,275,Michael Carter-Williams,G,Orlando Magic,3300000
2021,276,James Ennis III,F,Orlando Magic,3300000
2021,277,Cole Anthony,G,Orlando Magic,3285120
2021,278,Troy Brown Jr.,F,Chicago Bulls,3219480
2021,279,Chuma Okeke,F,Orlando Magic,3121080
2021,280,Isaiah Stewart,F,Detroit Pistons,3121080
2021,281,Nickeil Alexander-Walker,G,New Orleans Pelicans,3113160
2021,282,Patrick Patterson,PF,LA Clippers,3077704
2021,283,Donte DiVincenzo,G,Milwaukee Bucks,3044160
2021,284,Trey Burke,PG,Dallas Mavericks,3000000
2021,285,Khem Birch,C,Toronto Raptors,3000000
2021,286,Ryan Arcidiacono,G,Chicago Bulls,3000000
2021,287,Aleksej Pokusevski,F,Oklahoma City Thunder,2964840
2021,288,Goga Bitadze,C,Indiana Pacers,2957520
2021,289,Luka Samanic,F,San Antonio Spurs,2892000
2021,290,Lonnie Walker IV,G,San Antonio Spurs,2892000
2021,291,Josh Green,G,Dallas Mavericks,2816760
2021,292,Kevin Huerter,G,Atlanta Hawks,2761920
2021,293,Alex Caruso,G,Los Angeles Lakers,2750000
2021,294,Matisse Thybulle,G,Philadelphia 76ers,2711280
2021,295,Saddiq Bey,G,Detroit Pistons,2689920
2021,296,Josh Okogie,G,Minnesota Timberwolves,2651040
2021,297,Marko Guduric,G,Memphis Grizzlies,2625000
2021,298,Brandon Clarke,F,Memphis Grizzlies,2602920
2021,299,Precious Achiuwa,PF,Miami Heat,2582160
2021,300,Tyler Herro,G,Miami Heat,2582160
2021,301,Marc Gasol,C,Los Angeles Lakers,2564753
2021,302,Nene Hilario,C,Atlanta Hawks,2564753
2021,303,Grayson Allen,G,Memphis Grizzlies,2545320
2021,304,Manu Ginobili,G,San Antonio Spurs,2500000
2021,305,Grant Williams,F,Boston Celtics,2498760
2021,306,Tyrese Maxey,G,Philadelphia 76ers,2478840
2021,307,Emeka Okafor,C,Philadelphia 76ers,2445085
2021,308,Kendrick Perkins,C,Cleveland Cavaliers,2445085
2021,309,Chandler Hutchison,SF,Washington Wizards,2443440
2021,310,Tyler Zeller,C,Atlanta Hawks,2436046
2021,311,Aaron Holiday,G,Indiana Pacers,2345640
2021,312,Darius Bazley,F,Oklahoma City Thunder,2339160
2021,313,Bryn Forbes,SG,Milwaukee Bucks,2337145
2021,314,Ty Jerome,G,Oklahoma City Thunder,2303040
2021,315,Zeke Nnaji,F,Denver Nuggets,2284800
2021,316,Mike Muscala,C,Oklahoma City Thunder,2283034
2021,317,Ben McLemore,SG,Los Angeles Lakers,2283034
2021,318,Anfernee Simons,G,Portland Trail Blazers,2252040
2021,319,Brad Wanamaker,PG,Charlotte Hornets,2250000
2021,320,Luke Kornet,C,Boston Celtics,2250000
2021,321,Brandon Jennings,G,Milwaukee Bucks,2222803
2021,322,Nassir Little,SF,Portland Trail Blazers,2210640
2021,323,Payton Pritchard,G,Boston Celtics,2193480
2021,324,R.J. Hampton,G,Orlando Magic,2193040
2021,325,Edmond Sumner,PG,Indiana Pacers,2160000
2021,326,Dylan Windler,G,Cleveland Cavaliers,2137440
2021,327,Immanuel Quickley,G,New York Knicks,2105520
2021,328,John Konchar,G,Memphis Grizzlies,2100000
2021,329,Landry Shamet,G,Brooklyn Nets,2090040
2021,330,Jordan Poole,G,Golden State Warriors,2063280
2021,331,Bol Bol,C,Denver Nuggets,2058240
2021,332,Sean Kilpatrick,G,Chicago Bulls,2054856
2021,333,Keldon Johnson,F,San Antonio Spurs,2048040
2021,334,Robert Williams III,C,Boston Celtics,2029920
2021,335,Jacob Evans,G,New York Knicks,2017320
2021,336,Kenrich Williams,G,Oklahoma City Thunder,2000000
2021,337,Theo Maledon,PG,Oklahoma City Thunder,2000000
2021,338,Damyean Dotson,SG,Cleveland Cavaliers,2000000
2021,339,Gary Clark,F,Philadelphia 76ers,2000000
2021,340,Omari Rasulala Spellman,F,New York Knicks,1988280
2021,341,Cameron Payne,PG,Phoenix Suns,1977011
2021,342,Udoka Azubuike,C,Utah Jazz,1977000
2021,343,Jaden McDaniels,F,Minnesota Timberwolves,1964760
2021,344,Malachi Flynn,PG,Toronto Raptors,1950600
2021,345,Desmond Bane,G,Memphis Grizzlies,1936440
2021,346,Jontay Porter,C,Memphis Grizzlies,1900000
2021,347,Jahlil Okafor,C,Detroit Pistons,1882867
2021,348,Marquese Chriss,SF,Golden State Warriors,1824003
2021,349,David Nwaba,SF,Houston Rockets,1824003
2021,350,DeAndre Liggins,G,Miami Heat,1795015
2021,351,Georges Niang,F,Utah Jazz,1783557
2021,352,PJ Dozier,G,Denver Nuggets,1762796
2021,353,Damion Lee,SG,Golden State Warriors,1762796
2021,354,Furkan Korkmaz,SG,Philadelphia 76ers,1762796
2021,355,Alfonzo McKinnie,F,Los Angeles Lakers,1762796
2021,356,Abdel Nader,F,Phoenix Suns,1752950
2021,357,Semi Ojeleye,PF,Boston Celtics,1752950
2021,358,DeAndre' Bembry,SG,Toronto Raptors,1737145
2021,359,Kevin Porter Jr.,G,Houston Rockets,1717981
2021,360,Shake Milton,SG,Philadelphia 76ers,1701593
2021,361,Thanasis Antetokounmpo,F,Milwaukee Bucks,1701593
2021,362,Brandon Goodwin,G,Atlanta Hawks,1701593
2021,363,Jonah Bolden,PF,Phoenix Suns,1698450
2021,364,Wes Iwundu,F,New Orleans Pelicans,1678854
2021,365,Dragan Bender,F,Golden State Warriors,1678854
2021,366,Isaac Bonga,G,Washington Wizards,1663861
2021,367,Gary Trent Jr.,G,Toronto Raptors,1663861
2021,368,Bruce Brown,G,Brooklyn Nets,1663861
2021,369,Hamidou Diallo,G,Detroit Pistons,1663861
2021,370,Kendrick Nunn,G,Miami Heat,1663861
2021,371,Mitchell Robinson,C,New York Knicks,1663861
2021,372,Jalen Brunson,G,Dallas Mavericks,1663861
2021,373,Keita Bates-Diop,SF,San Antonio Spurs,1663861
2021,374,Duncan Robinson,F,Miami Heat,1663861
2021,375,Svi Mykhailiuk,G,Oklahoma City Thunder,1663861
2021,376,Jarred Vanderbilt,F,Minnesota Timberwolves,1663361
2021,377,Julyan Stone,G,Chicago Bulls,1656092
2021,378,MarShon Brooks,G,Chicago Bulls,1656092
2021,379,Wenyen Gabriel,F,New Orleans Pelicans,1620564
2021,380,Shaquille Harrison,G,Denver Nuggets,1620564
2021,381,Isaiah Taylor,G,Toronto Raptors,1620564
2021,382,Hassan Whiteside,C,Sacramento Kings,1620564
2021,383,Tyler Johnson,G,Brooklyn Nets,1620564
2021,384,Tyler Lydon,F,Sacramento Kings,1620564
2021,385,Quinn Cook,PG,Cleveland Cavaliers,1620564
2021,386,Matthew Dellavedova,G,Cleveland Cavaliers,1620564
2021,387,Kent Bazemore,SF,Golden State Warriors,1620564
2021,388,Drew Eubanks,F,San Antonio Spurs,1620564
2021,389,Isaiah Thomas,G,New Orleans Pelicans,1620564
2021,390,Nicolas Batum,F,LA Clippers,1620564
2021,391,E'Twaun Moore,G,Phoenix Suns,1620564
2021,392,Isaiah Hartenstein,C,Cleveland Cavaliers,1620564
2021,393,Solomon Hill,SF,Atlanta Hawks,1620564
2021,394,Josh Gray,G,Brooklyn Nets,1620564
2021,395,Wilson Chandler,F,Brooklyn Nets,1620564
2021,396,Glenn Robinson III,F,Sacramento Kings,1620564
2021,397,Udonis Haslem,PF,Miami Heat,1620564
2021,398,Harry Giles III,PF,Portland Trail Blazers,1620564
2021,399,Sterling Brown,SF,Houston Rockets,1620564
2021,400,Wayne Ellington,SG,Detroit Pistons,1620564
2021,401,Jared Dudley,SF,Los Angeles Lakers,1620564
2021,402,Dwight Howard,C,Philadelphia 76ers,1620564
2021,403,Carmelo Anthony,PF,Portland Trail Blazers,1620564
2021,404,JaKarr Sampson,SF,Indiana Pacers,1620564
2021,405,Langston Galloway,SG,Phoenix Suns,1620564
2021,406,Frank Kaminsky,F,Phoenix Suns,1620564
2021,407,Ryan Anderson,PF,Houston Rockets,1620564
2021,408,Jeff Green,F,Brooklyn Nets,1620564
2021,409,Gerald Green,G,Houston Rockets,1620564
2021,410,Reggie Jackson,PG,LA Clippers,1620564
2021,411,Markieff Morris,PF,Los Angeles Lakers,1620564
2021,412,J.J. Barea,G,Dallas Mavericks,1620564
2021,413,Thon Maker,F,Cleveland Cavaliers,1620564
2021,414,Jarell Martin,F,Cleveland Cavaliers,1620564
2021,415,Raul Neto,PG,Washington Wizards,1620564
2021,416,Torrey Craig,SF,Phoenix Suns,1620564
2021,417,Willy Hernangomez,C,New Orleans Pelicans,1620564
2021,418,Joe Johnson,G,Boston Celtics,1620564
2021,419,Vince Carter,G,Atlanta Hawks,1620564
2021,420,Dwight Buycks,G,Detroit Pistons,1600520
2021,421,Monte Morris,PG,Denver Nuggets,1588231
2021,422,Antonio Blakeney,G,Chicago Bulls,1588231
2021,423,Tyrone Wallace,G,New Orleans Pelicans,1588231
2021,424,Malachi Richardson,G,Philadelphia 76ers,1569360
2021,425,Georgios Papagiannis,C,Portland Trail Blazers,1544951
2021,426,Chinanu Onuaku,C,Portland Trail Blazers,1544951
2021,427,Wade Baldwin IV,G,Indiana Pacers,1544951
2021,428,Isaiah Whitehead,G,Detroit Pistons,1544951
2021,429,Paul Zipser,F,Chicago Bulls,1544951
2021,430,Cody Martin,SF,Charlotte Hornets,1517981
2021,431,Mychal Mulder,G,Golden State Warriors,1517981
2021,432,Jalen McDaniels,F,Charlotte Hornets,1517981
2021,433,Dewan Hernandez,F,Toronto Raptors,1517981
2021,434,Anzejs Pasecniks,C,Washington Wizards,1517981
2021,435,Talen Horton-Tucker,SF,Los Angeles Lakers,1517981
2021,436,Nigel Williams-Goss,G,Utah Jazz,1517981
2021,437,Luguentz Dort,G,Oklahoma City Thunder,1517981
2021,438,KZ Okpala,SF,Miami Heat,1517981
2021,439,Terence Davis,G,Sacramento Kings,1517981
2021,440,Miye Oni,SF,Utah Jazz,1517981
2021,441,Admiral Schofield,SF,Orlando Magic,1517981
2021,442,Isaiah Roby,PF,Oklahoma City Thunder,1517981
2021,443,Nic Claxton,C,Brooklyn Nets,1517981
2021,444,Naz Reid,C,Minnesota Timberwolves,1517981
2021,445,Eric Paschall,F,Golden State Warriors,1517981
2021,446,Jalen Lecque,G,Indiana Pacers,1517981
2021,447,Rayjon Tucker,G,Philadelphia 76ers,1517981
2021,448,Caleb Martin,F,Charlotte Hornets,1517981
2021,449,Ky Bowman,G,LA Clippers,1517981
2021,450,Juwan Morgan,F,Utah Jazz,1517981
2021,451,Terance Mann,G,LA Clippers,1517981
2021,452,Alen Smailagic,PF,Golden State Warriors,1517981
2021,453,Jaylen Nowell,G,Minnesota Timberwolves,1517981
2021,454,Carsen Edwards,PG,Boston Celtics,1517981
2021,455,Vlatko Cancar,SF,Denver Nuggets,1517981
2021,456,Daniel Gafford,F,Washington Wizards,1517981
2021,457,Dean Wade,F,Cleveland Cavaliers,1517981
2021,458,Matt Thomas,SG,Utah Jazz,1517981
2021,459,Javonte Green,G,Chicago Bulls,1517981
2021,460,Justin James,G,Sacramento Kings,1517981
2021,461,Bruno Fernando,F,Atlanta Hawks,1517981
2021,462,Chris Silva,F,Sacramento Kings,1517981
2021,463,Chris Clemons,G,Atlanta Hawks,1517981
2021,464,Omri Casspi,F,Memphis Grizzlies,1512601
2021,465,Isaiah Canaan,G,Milwaukee Bucks,1512601
2021,466,Dwyane Wade,G,Miami Heat,1512601
2021,467,Robert Woodard II,F,Sacramento Kings,1500000
2021,468,Paul Watson,SG,Toronto Raptors,1445697
2021,469,DaQuan Jeffries,G,Houston Rockets,1445697
2021,470,Jae'Sean Tate,F,Houston Rockets,1445697
2021,471,Theo Pinson,G,New York Knicks,1445697
2021,472,Zylan Cheatham,F,ADELAIDE 36ers,1445697
2021,473,Kelan Martin,SG,Indiana Pacers,1445697
2021,474,Taj Gibson,F,New York Knicks,1442968
2021,475,Elie Okobo,G,Brooklyn Nets,1416852
2021,476,Jaylen Adams,G,Milwaukee Bucks,1416852
2021,477,Jemerrio Jones,F,Los Angeles Lakers,1416852
2021,478,Dairis Bertans,G,New Orleans Pelicans,1416852
2021,479,Yante Maten,F,Boston Celtics,1416852
2021,480,Tarik Phillip,G,Washington Wizards,1416842
2021,481,Dakari Johnson,C,Memphis Grizzlies,1378242
2021,482,Kyle Collinsworth,G,Utah Jazz,1378242
2021,483,Jaylen Morris,F,San Antonio Spurs,1378242
2021,484,Brandon Paul,G,San Antonio Spurs,1378242
2021,485,Rodney Purvis,G,Miami Heat,1378242
2021,486,David Stockton,G,Los Angeles Lakers,1378242
2021,487,Zhou Qi,C,Houston Rockets,1378242
2021,488,Aaron Jackson,F,Houston Rockets,1378242
2021,489,Ike Anigbogu,C,New Orleans Pelicans,1378242
2021,490,Vernon Carey Jr.,C,Charlotte Hornets,1350000
2021,491,Jabari Bird,G,Atlanta Hawks,1349464
2021,492,Ben Moore,F,San Antonio Spurs,1349383
2021,493,James Nunnally,SF,New Orleans Pelicans,1349383
2021,494,Xavier Tillman,F,Memphis Grizzlies,1300000
2021,495,Tyrell Terry,PG,Dallas Mavericks,1289846
2021,496,Alex Len,C,Washington Wizards,1265372
2021,497,Noah Vonleh,PF,Brooklyn Nets,1087776
2021,498,Nick Young,G,Denver Nuggets,1042584
2021,499,Nick Richards,C,Charlotte Hornets,1000000
2021,500,Jahmi'us Ramsey,PG,Sacramento Kings,1000000
2021,501,Gorgui Dieng,C,San Antonio Spurs,1000000
2021,502,Paul Millsap,PF,Denver Nuggets,1000000
2021,503,Ron Baker,G,Washington Wizards,948580
2021,504,Daniel Oturu,C,LA Clippers,898310
2021,505,Jordan Nwora,SF,Milwaukee Bucks,898310
2021,506,Anthony Gill,F,Washington Wizards,898310
2021,507,Stanton Kidd,SF,Utah Jazz,898310
2021,508,Isaiah Joe,G,Philadelphia 76ers,898310
2021,509,Tre Jones,G,San Antonio Spurs,898310
2021,510,Elijah Hughes,F,Utah Jazz,898310
2021,511,KJ Martin,F,Houston Rockets,898310
2021,512,CJ Elleby,SG,Portland Trail Blazers,898310
2021,513,Deividas Sirvydis,F,Detroit Pistons,898310
2021,514,Sam Merrill,G,Milwaukee Bucks,898310
2021,515,Max Strus,G,Miami Heat,898310
2021,516,Isaiah Briscoe,G,Orlando Magic,838464
2021,517,Andre Drummond,C,Los Angeles Lakers,794536
2021,518,Blake Griffin,PF,Brooklyn Nets,776983
2021,519,Oshae Brissett,SF,Indiana Pacers,757453
2021,520,Ersan Ilyasova,PF,Utah Jazz,754783
2021,521,Chimezie Metu,PF,Sacramento Kings,700000
2021,522,Timothe Luwawu-Cabarrot,SG,Brooklyn Nets,654469
2021,523,Lamar Stevens,F,Cleveland Cavaliers,652366
2021,524,Paul Reed,F,Philadelphia 76ers,609128
2021,525,Jeff Teague,PG,Milwaukee Bucks,510589
2021,526,Norvel Pelle,PF,New York Knicks,500000
2021,527,Dewayne Dedmon,C,Miami Heat,432890
2021,528,Nemanja Bjelica,PF,Miami Heat,432890
2021,529,Jabari Parker,PF,Boston Celtics,430729
2021,530,Alize Johnson,F,Brooklyn Nets,399591
2021,531,Tyler Cook,F,Brooklyn Nets,396081
2021,532,Dion Waiters,G,Los Angeles Lakers,375385
2021,533,Juan Toscano-Anderson,F,Golden State Warriors,358295
2021,534,Yuta Watanabe,SF,Toronto Raptors,321893
2021,535,Anthony Tolliver,PF,Philadelphia 76ers,263501
2021,536,Tim Frazier,PG,Memphis Grizzlies,255294
2021,537,Khyri Thomas,SG,Houston Rockets,250000
2021,538,Damian Jones,C,Sacramento Kings,237965
2021,539,DeMarcus Cousins,C,LA Clippers,233095
2021,540,Moritz Wagner,F,Orlando Magic,221995
2021,541,Yogi Ferrell,PG,LA Clippers,214169
2021,542,Rondae Hollis Jefferson,SF,Portland Trail Blazers,210895
2021,543,Jimmer Fredette,G,Phoenix Suns,208509
2021,544,Austin Rivers,SG,Denver Nuggets,188696
2021,545,Devonte' Graham,PG,Charlotte Hornets,163861
2021,546,Mamadi Diakite,F,Milwaukee Bucks,160173
2021,547,Mfiondu Kabengele,C,Cleveland Cavaliers,154433
2021,548,Naji Marshall,F,New Orleans Pelicans,120000
2021,549,Freddie Gillespie,SF,Toronto Raptors,116903
2021,550,Ignas Brazdeikis,SF,Orlando Magic,49510
2021,551,Mike James,PG,Brooklyn Nets,39608
2021,552,Elijah Bryant,SG,Milwaukee Bucks,24611
2021,553,Caleb Homesley,SG,Washington Wizards,20000
2021,554,Charlie Brown Jr.,G,Oklahoma City Thunder,19804
2021,555,Omer Yurtseven,C,Golden State Warriors,18458
2021,556,Gary Payton II,G,Golden State Warriors,11898
2022,1,Stephen Curry,G,Golden State Warriors,45780966
2022,2,James Harden,G,Philadelphia 76ers,44310840
2022,3,John Wall,PG,Houston Rockets,44310840
2022,4,Russell Westbrook,G,Los Angeles Lakers,44211146
2022,5,Kevin Durant,F,Brooklyn Nets,42018900
2022,6,LeBron James,F,Los Angeles Lakers,41180544
2022,7,Giannis Antetokounmpo,F,Milwaukee Bucks,39344970
2022,8,Damian Lillard,G,Portland Trail Blazers,39344900
2022,9,Kawhi Leonard,F,LA Clippers,39344900
2022,10,Paul George,F,LA Clippers,39344900
2022,11,Klay Thompson,G,Golden State Warriors,37980720
2022,12,Jimmy Butler III,F,Miami Heat,36016200
2022,13,Tobias Harris,F,Philadelphia 76ers,35995950
2022,14,Khris Middleton,F,Milwaukee Bucks,35500000
2022,15,Anthony Davis,F,Los Angeles Lakers,35361360
2022,16,Rudy Gobert,C,Utah Jazz,35344828
2022,17,Kyrie Irving,G,Brooklyn Nets,35328700
2022,18,Bradley Beal,G,Washington Wizards,33724200
2022,19,Ben Simmons,PG,LA Clippers,33003936
2022,20,Pascal Siakam,F,Toronto Raptors,33003936
2022,21,Jrue Holiday,G,Milwaukee Bucks,32413333
2022,22,Devin Booker,G,Phoenix Suns,31650600
2022,23,Karl-Anthony Towns,C,Minnesota Timberwolves,31650600
2022,24,Kristaps Porzingis,C,Washington Wizards,31650600
2022,25,Joel Embiid,C,Philadelphia 76ers,31579390
2022,26,Andrew Wiggins,F,Golden State Warriors,31579390
2022,27,Nikola Jokic,C,Denver Nuggets,31579390
2022,28,Kevin Love,F,Cleveland Cavaliers,31258256
2022,29,CJ McCollum,G,New Orleans Pelicans,30864198
2022,30,D'Angelo Russell,G,Minnesota Timberwolves,30013500
2022,31,Chris Paul,G,Phoenix Suns,30000000
2022,32,Gordon Hayward,SF,Charlotte Hornets,29925000
2022,33,Jamal Murray,G,Denver Nuggets,29467800
2022,34,Brandon Ingram,F,New Orleans Pelicans,29467800
2022,35,De'Aaron Fox,G,Sacramento Kings,28103550
2022,36,Bam Adebayo,C,Miami Heat,28103500
2022,37,Donovan Mitchell,G,Utah Jazz,28103500
2022,38,Jayson Tatum,F,Boston Celtics,28103500
2022,39,Al Horford,C,Boston Celtics,27000000
2022,40,Kyle Lowry,G,Miami Heat,26894128
2022,41,Jaylen Brown,G,Boston Celtics,26758928
2022,42,DeMar DeRozan,G,Chicago Bulls,26000000
2022,43,Draymond Green,F,Golden State Warriors,24026712
2022,44,Nikola Vucevic,C,Chicago Bulls,24000000
2022,45,John Collins,F,Atlanta Hawks,23000000
2022,46,Buddy Hield,G,Indiana Pacers,22768890
2022,47,Julius Randle,F,New York Knicks,21780000
2022,48,Malcolm Brogdon,G,Indiana Pacers,21700000
2022,49,Tim Hardaway Jr.,G,Dallas Mavericks,21308816
2022,50,Mike Conley,G,Utah Jazz,21000000
2022,51,Gary Harris,G,Orlando Magic,20482143
2022,52,Danilo Gallinari,PF,Atlanta Hawks,20475000
2022,53,Harrison Barnes,F,Sacramento Kings,20284091
2022,54,Jerami Grant,F,Detroit Pistons,20002500
2022,55,Jarrett Allen,C,Cleveland Cavaliers,20000000
2022,56,Domantas Sabonis,F,Sacramento Kings,19800000
2022,57,Fred VanVleet,G,Toronto Raptors,19675926
2022,58,Zach LaVine,G,Chicago Bulls,19500000
2022,59,Bojan Bogdanovic,SF,Utah Jazz,18700000
2022,60,Lonzo Ball,G,Chicago Bulls,18604651
2022,61,Clint Capela,C,Atlanta Hawks,18603448
2022,62,Eric Gordon,G,Houston Rockets,18218818
2022,63,Eric Bledsoe,SG,LA Clippers,18125000
2022,64,Myles Turner,C,Indiana Pacers,18000000
2022,65,Bogdan Bogdanovic,G,Atlanta Hawks,18000000
2022,66,Terry Rozier,G,Charlotte Hornets,17905263
2022,67,Ricky Rubio,PG,Cleveland Cavaliers,17800000
2022,68,Caris LeVert,G,Cleveland Cavaliers,17500000
2022,69,Jonathan Isaac,F,Orlando Magic,17400000
2022,70,Joe Harris,SF,Brooklyn Nets,17357143
2022,71,Spencer Dinwiddie,PG,Dallas Mavericks,17142857
2022,72,Steven Adams,C,Memphis Grizzlies,17073171
2022,73,Evan Fournier,SG,New York Knicks,17000000
2022,74,Markelle Fultz,G,Orlando Magic,16500000
2022,75,Aaron Gordon,F,Denver Nuggets,16409091
2022,76,OG Anunoby,F,Toronto Raptors,16071429
2022,77,Davis Bertans,SF,Dallas Mavericks,16000000
2022,78,Gary Trent Jr.,G,Toronto Raptors,16000000
2022,79,Lauri Markkanen,F,Cleveland Cavaliers,15690909
2022,80,Duncan Robinson,F,Miami Heat,15650000
2022,81,Marcus Morris Sr.,F,LA Clippers,15627907
2022,82,Will Barton,G,Denver Nuggets,15625000
2022,83,Norman Powell,G,LA Clippers,15517241
2022,84,Dejounte Murray,G,San Antonio Spurs,15428880
2022,85,Derrick White,G,Boston Celtics,15178571
2022,86,Malik Beasley,SG,Minnesota Timberwolves,14491964
2022,87,Marcus Smart,G,Boston Celtics,14339285
2022,88,Patrick Beverley,PG,Minnesota Timberwolves,14320988
2022,89,Thaddeus Young,F,Toronto Raptors,14190000
2022,90,Jonas Valanciunas,C,New Orleans Pelicans,14000000
2022,91,Doug McDermott,F,San Antonio Spurs,13750000
2022,92,Christian Wood,F,Houston Rockets,13666667
2022,93,Derrick Rose,PG,New York Knicks,13445120
2022,94,Luke Kennard,G,LA Clippers,13347727
2022,95,Brook Lopez,C,Milwaukee Bucks,13302325
2022,96,Kentavious Caldwell-Pope,G,Washington Wizards,13038862
2022,97,Joe Ingles,F,Utah Jazz,13036364
2022,98,Kyle Kuzma,F,Washington Wizards,13000000
2022,99,Taurean Prince,F,Minnesota Timberwolves,13000000
2022,100,Robert Covington,PF,LA Clippers,12975471
2022,101,T.J. Warren,SF,New York Knicks,12690000
2022,102,Deandre Ayton,C,Phoenix Suns,12632950
2022,103,Terrence Ross,G,Orlando Magic,12500000
2022,104,Jordan Clarkson,G,Utah Jazz,12420000
2022,105,Dillon Brooks,F,Memphis Grizzlies,12200000
2022,106,Kelly Olynyk,F,Detroit Pistons,12195122
2022,107,Jusuf Nurkic,C,Portland Trail Blazers,12000000
2022,108,Kelly Oubre Jr.,G,Charlotte Hornets,12000000
2022,109,Josh Hart,G,Portland Trail Blazers,12000000
2022,110,Josh Richardson,SG,San Antonio Spurs,11615328
2022,111,Marvin Bagley III,F,Detroit Pistons,11312114
2022,112,Dwight Powell,F,Dallas Mavericks,11080125
2022,113,Devonte' Graham,PG,New Orleans Pelicans,11000000
2022,114,Zion Williamson,F,New Orleans Pelicans,10733400
2022,115,Larry Nance Jr.,F,New Orleans Pelicans,10690909
2022,116,Jeremy Lamb,SG,Sacramento Kings,10500000
2022,117,Richaun Holmes,F,Sacramento Kings,10384500
2022,118,Reggie Jackson,PG,LA Clippers,10384500
2022,119,Anthony Edwards,G,Minnesota Timberwolves,10245480
2022,120,Luka Doncic,G,Dallas Mavericks,10174391
2022,121,Cade Cunningham,G,Detroit Pistons,10050120
2022,122,Tomas Satoransky,SG,Washington Wizards,10000000
2022,123,Danny Green,F,Philadelphia 76ers,10000000
2022,124,Kyle Anderson,F,Memphis Grizzlies,9937150
2022,125,Montrezl Harrell,C,Charlotte Hornets,9720900
2022,126,Jae Crowder,PF,Phoenix Suns,9720900
2022,127,Serge Ibaka,F,Milwaukee Bucks,9720900
2022,128,Derrick Jones Jr.,F,Chicago Bulls,9720900
2022,129,Derrick Favors,F,Oklahoma City Thunder,9720900
2022,130,Ja Morant,G,Memphis Grizzlies,9603360
2022,131,Alec Burks,SG,New York Knicks,9536000
2022,132,Reggie Bullock Jr.,SF,Dallas Mavericks,9536000
2022,133,Talen Horton-Tucker,SF,Los Angeles Lakers,9500000
2022,134,Mason Plumlee,C,Charlotte Hornets,9248333
2022,135,Jaren Jackson Jr.,F,Memphis Grizzlies,9180560
2022,136,James Wiseman,C,Indiana Pacers,9166800
2022,137,Jalen Green,G,Houston Rockets,8992200
2022,138,Maxi Kleber,F,Dallas Mavericks,8975000
2022,139,De'Anthony Melton,G,Memphis Grizzlies,8805976
2022,140,Royce O'Neale,F,Utah Jazz,8800000
2022,141,Jakob Poeltl,C,San Antonio Spurs,8750000
2022,142,Kemba Walker,PG,New York Knicks,8729020
2022,143,Thomas Bryant,C,Washington Wizards,8666667
2022,144,Alex Caruso,G,Chicago Bulls,8650651
2022,145,RJ Barrett,F,New York Knicks,8623920
2022,146,Delon Wright,G,Atlanta Hawks,8526316
2022,147,Dario Saric,F,Detroit Pistons,8510000
2022,148,Monte Morris,PG,Denver Nuggets,8449074
2022,149,Tyus Jones,G,Memphis Grizzlies,8376286
2022,150,Trae Young,G,Atlanta Hawks,8326471
2022,151,Daniel Theis,C,Boston Celtics,8280351
2022,152,LaMelo Ball,G,Charlotte Hornets,8231760
2022,153,Seth Curry,G,Brooklyn Nets,8207518
2022,154,JaMychal Green,F,Denver Nuggets,8200000
2022,155,Cedi Osman,SF,Cleveland Cavaliers,8133334
2022,156,Evan Mobley,C,Cleveland Cavaliers,8075160
2022,157,Nerlens Noel,C,New York Knicks,8000000
2022,158,De'Andre Hunter,F,Atlanta Hawks,7775400
2022,159,Mo Bamba,C,Orlando Magic,7568743
2022,160,Ivica Zubac,C,LA Clippers,7518518
2022,161,T.J. McConnell,G,Indiana Pacers,7500000
2022,162,Patrick Williams,F,Chicago Bulls,7422000
2022,163,Aron Baynes,C,Toronto Raptors,7350000
2022,164,Scottie Barnes,F,Toronto Raptors,7280520
2022,165,Darius Garland,G,Cleveland Cavaliers,7040880
2022,166,Chris Boucher,F,Toronto Raptors,7020000
2022,167,Zach Collins,F,San Antonio Spurs,7000000
2022,168,P.J. Tucker,PF,Miami Heat,7000000
2022,169,Wendell Carter Jr.,C,Orlando Magic,6920027
2022,170,Juancho Hernangomez,PF,Utah Jazz,6907815
2022,171,Isaac Okoro,F,Cleveland Cavaliers,6720720
2022,172,Jalen Suggs,G,Orlando Magic,6593040
2022,173,Cameron Payne,PG,Phoenix Suns,6500000
2022,174,Collin Sexton,G,Cleveland Cavaliers,6439671
2022,175,Jarrett Culver,G,Memphis Grizzlies,6395160
2022,176,Khem Birch,C,Toronto Raptors,6350000
2022,177,Onyeka Okongwu,F,Atlanta Hawks,6104280
2022,178,Justin Holiday,F,Sacramento Kings,6006420
2022,179,Josh Giddey,G,Oklahoma City Thunder,5988000
2022,180,Dennis Schroder,G,Houston Rockets,5890000
2022,181,Patty Mills,PG,Brooklyn Nets,5890000
2022,182,Rudy Gay,SF,Utah Jazz,5890000
2022,183,Kevin Knox II,F,Atlanta Hawks,5845979
2022,184,Coby White,G,Chicago Bulls,5837760
2022,185,Killian Hayes,G,Detroit Pistons,5572680
2022,186,Mikal Bridges,G,Phoenix Suns,5557725
2022,187,Shai Gilgeous-Alexander,G,Oklahoma City Thunder,5495532
2022,188,Jonathan Kuminga,F,Golden State Warriors,5466360
2022,189,Miles Bridges,F,Charlotte Hornets,5421493
2022,190,Jaxson Hayes,C,New Orleans Pelicans,5348280
2022,191,Pat Connaughton,G,Milwaukee Bucks,5333334
2022,192,Michael Porter Jr.,F,Denver Nuggets,5258735
2022,193,Hamidou Diallo,G,Detroit Pistons,5200000
2022,194,Kevon Looney,F,Golden State Warriors,5178572
2022,195,Troy Brown Jr.,F,Chicago Bulls,5170564
2022,196,Obi Toppin,F,New York Knicks,5105160
2022,197,Franz Wagner,F,Orlando Magic,5007840
2022,198,Josh Jackson,SG,Sacramento Kings,5005350
2022,199,Kris Dunn,G,Portland Trail Blazers,5005350
2022,200,Kendrick Nunn,G,Washington Wizards,5000000
2022,201,JaVale McGee,C,Phoenix Suns,5000000
2022,202,Robin Lopez,C,Orlando Magic,5000000
2022,203,Dante Exum,G,Washington Wizards,5000000
2022,204,Lou Williams,SG,Atlanta Hawks,5000000
2022,205,Rui Hachimura,F,Washington Wizards,4916160
2022,206,Garrett Temple,G,New Orleans Pelicans,4910000
2022,207,Cory Joseph,PG,Detroit Pistons,4910000
2022,208,Taj Gibson,F,New York Knicks,4910000
2022,209,Torrey Craig,SF,Phoenix Suns,4878049
2022,210,Bruce Brown,G,Brooklyn Nets,4736102
2022,211,Deni Avdija,F,Washington Wizards,4692840
2022,212,Donte DiVincenzo,G,Sacramento Kings,4675830
2022,213,Cam Reddish,SF,New York Knicks,4670160
2022,214,David Nwaba,SF,Houston Rockets,4650000
2022,215,Furkan Korkmaz,SG,Philadelphia 76ers,4629630
2022,216,Davion Mitchell,G,Sacramento Kings,4603320
2022,217,Ish Smith,PG,Washington Wizards,4500000
2022,218,Bryn Forbes,SG,Denver Nuggets,4500000
2022,219,Jeff Green,F,Denver Nuggets,4500000
2022,220,Jalen Smith,F,Indiana Pacers,4458000
2022,221,Lonnie Walker IV,G,San Antonio Spurs,4447896
2022,222,Cameron Johnson,F,Phoenix Suns,4437000
2022,223,Ziaire Williams,F,Memphis Grizzlies,4373040
2022,224,Bobby Portis,F,Milwaukee Bucks,4347600
2022,225,Maurice Harkless,SF,Sacramento Kings,4347600
2022,226,Kevin Huerter,G,Atlanta Hawks,4253357
2022,227,Devin Vassell,G,San Antonio Spurs,4235160
2022,228,P.J. Washington,F,Charlotte Hornets,4215120
2022,229,James Bouknight,SG,Charlotte Hornets,4154400
2022,230,Willie Cauley-Stein,C,Philadelphia 76ers,4100000
2022,231,Josh Okogie,G,Minnesota Timberwolves,4087904
2022,232,Grayson Allen,G,Milwaukee Bucks,4054695
2022,233,Jarred Vanderbilt,F,Minnesota Timberwolves,4050000
2022,234,Tyrese Haliburton,G,Indiana Pacers,4023600
2022,235,Chandler Hutchison,SF,Phoenix Suns,4019459
2022,236,Tyler Herro,G,Miami Heat,4004280
2022,237,Gorgui Dieng,C,Atlanta Hawks,4000000
2022,238,Terence Davis,G,Sacramento Kings,4000000
2022,239,Dorian Finney-Smith,F,Dallas Mavericks,4000000
2022,240,George Hill,PG,Milwaukee Bucks,4000000
2022,241,Aaron Holiday,G,Phoenix Suns,3980551
2022,242,Joshua Primo,G,San Antonio Spurs,3946800
2022,243,Jake Layman,F,Minnesota Timberwolves,3940185
2022,244,Anfernee Simons,G,Portland Trail Blazers,3938818
2022,245,Justise Winslow,PF,Portland Trail Blazers,3902439
2022,246,Kira Lewis Jr.,G,New Orleans Pelicans,3822240
2022,247,Romeo Langford,SG,San Antonio Spurs,3804360
2022,248,Landry Shamet,G,Phoenix Suns,3768342
2022,249,Chris Duarte,SG,Indiana Pacers,3749400
2022,250,Alex Len,C,Sacramento Kings,3732000
2022,251,Gabriel Deck,SF,Oklahoma City Thunder,3676852
2022,252,Robert Williams III,C,Boston Celtics,3661976
2022,253,Aaron Nesmith,G,Boston Celtics,3631200
2022,254,Sekou Doumbouya,SF,Los Angeles Lakers,3613680
2022,255,Moses Moody,G,Golden State Warriors,3562200
2022,256,Boban Marjanovic,C,Dallas Mavericks,3500000
2022,257,Cole Anthony,G,Orlando Magic,3449400
2022,258,Corey Kispert,F,Washington Wizards,3383640
2022,259,Mike Muscala,C,Oklahoma City Thunder,3365385
2022,260,Michael Carter-Williams,G,Orlando Magic,3300000
2022,261,Georges Niang,F,Philadelphia 76ers,3300000
2022,262,Chuma Okeke,F,Orlando Magic,3277080
2022,263,Isaiah Stewart,F,Detroit Pistons,3277080
2022,264,Nickeil Alexander-Walker,G,Utah Jazz,3261480
2022,265,Alperen Sengun,C,Houston Rockets,3214680
2022,266,Nicolas Batum,F,LA Clippers,3170029
2022,267,Trey Burke,PG,Dallas Mavericks,3150000
2022,268,Aleksej Pokusevski,F,Oklahoma City Thunder,3113160
2022,269,Goga Bitadze,C,Indiana Pacers,3098400
2022,270,Trey Murphy III,F,New Orleans Pelicans,3053760
2022,271,Frank Jackson,G,Detroit Pistons,3000000
2022,272,Sterling Brown,SF,Dallas Mavericks,3000000
2022,273,Luka Samanic,F,Utah Jazz,2959080
2022,274,Josh Green,G,Dallas Mavericks,2957520
2022,275,Tre Mann,G,Oklahoma City Thunder,2901240
2022,276,Matisse Thybulle,G,Philadelphia 76ers,2840160
2022,277,Saddiq Bey,G,Detroit Pistons,2824320
2022,278,Kai Jones,PF,Charlotte Hornets,2770560
2022,279,Brandon Clarke,F,Memphis Grizzlies,2726880
2022,280,Precious Achiuwa,PF,Toronto Raptors,2711280
2022,281,Marc Gasol,C,Memphis Grizzlies,2692991
2022,282,Anthony Tolliver,PF,New Orleans Pelicans,2692991
2022,283,Jalen Johnson,F,Atlanta Hawks,2659580
2022,284,Grant Williams,F,Boston Celtics,2617800
2022,285,Tyrese Maxey,G,Philadelphia 76ers,2602920
2022,286,Keon Johnson,G,Portland Trail Blazers,2553120
2022,287,Darius Bazley,F,Oklahoma City Thunder,2513040
2022,288,Trey Lyles,PF,Sacramento Kings,2500000
2022,289,Zeke Nnaji,F,Denver Nuggets,2498760
2022,290,Isaiah Jackson,F,Indiana Pacers,2451240
2022,291,Ty Jerome,G,Oklahoma City Thunder,2412840
2022,292,Leandro Bolmaro,F,Minnesota Timberwolves,2353320
2022,293,Usman Garuba,PF,Houston Rockets,2353320
2022,294,Willy Hernangomez,C,New Orleans Pelicans,2327220
2022,295,Edmond Sumner,PG,Charlotte Hornets,2320000
2022,296,Nassir Little,SF,Portland Trail Blazers,2316240
2022,297,R.J. Hampton,G,Orlando Magic,2303040
2022,298,Josh Christopher,SG,Houston Rockets,2259240
2022,299,Dylan Windler,G,Cleveland Cavaliers,2239200
2022,300,Immanuel Quickley,G,New York Knicks,2210640
2022,301,John Konchar,G,Memphis Grizzlies,2200000
2022,302,Quentin Grimes,G,New York Knicks,2168760
2022,303,Jordan Poole,G,Golden State Warriors,2161440
2022,304,Bol Bol,C,Denver Nuggets,2161152
2022,305,Keldon Johnson,F,San Antonio Spurs,2145720
2022,306,Payton Pritchard,G,Boston Celtics,2137440
2022,307,Jahlil Okafor,C,null Unknown,2130023
2022,308,Bones Hyland,G,Denver Nuggets,2096880
2022,309,Udoka Azubuike,C,Utah Jazz,2075880
2022,310,Jaden McDaniels,F,Minnesota Timberwolves,2063280
2022,311,Malachi Flynn,PG,Toronto Raptors,2048040
2022,312,Cam Thomas,G,Brooklyn Nets,2036280
2022,313,Desmond Bane,G,Memphis Grizzlies,2033160
2022,314,Jaden Springer,G,Philadelphia 76ers,2023800
2022,315,Day'Ron Sharpe,C,Brooklyn Nets,2009040
2022,316,Kenrich Williams,G,Oklahoma City Thunder,2000000
2022,317,Theo Maledon,PG,Oklahoma City Thunder,2000000
2022,318,Abdel Nader,F,Phoenix Suns,2000000
2022,319,Jordan McLaughlin,G,Minnesota Timberwolves,2000000
2022,320,Jeremiah Robinson-Earl,F,Oklahoma City Thunder,2000000
2022,321,Garrison Mathews,G,Houston Rockets,2000000
2022,322,Santi Aldama,F,Memphis Grizzlies,1994520
2022,323,Damian Jones,C,Sacramento Kings,1977011
2022,324,Jontay Porter,C,Toronto Raptors,1950000
2022,325,Denzel Valentine,G,Utah Jazz,1939350
2022,326,PJ Dozier,G,Denver Nuggets,1910860
2022,327,Damion Lee,SG,Golden State Warriors,1910860
2022,328,Killian Tillie,SF,Memphis Grizzlies,1901625
2022,329,Shake Milton,SG,Philadelphia 76ers,1846738
2022,330,Wes Iwundu,F,Atlanta Hawks,1824003
2022,331,Mitchell Robinson,C,New York Knicks,1802057
2022,332,Jalen Brunson,G,Dallas Mavericks,1802057
2022,333,Cody Martin,SF,Charlotte Hornets,1782621
2022,334,Mychal Mulder,G,Miami Heat,1782621
2022,335,Jalen McDaniels,F,Charlotte Hornets,1782621
2022,336,Luguentz Dort,G,Oklahoma City Thunder,1782621
2022,337,KZ Okpala,SF,Miami Heat,1782621
2022,338,Miye Oni,SF,Utah Jazz,1782621
2022,339,Isaiah Roby,PF,Oklahoma City Thunder,1782621
2022,340,Nic Claxton,C,Brooklyn Nets,1782621
2022,341,Naz Reid,C,Minnesota Timberwolves,1782621
2022,342,Eric Paschall,F,Utah Jazz,1782621
2022,343,Caleb Martin,F,Miami Heat,1782621
2022,344,Terance Mann,G,LA Clippers,1782621
2022,345,Yogi Ferrell,PG,LA Clippers,1782621
2022,346,Kevin Porter Jr.,G,Houston Rockets,1782621
2022,347,Alen Smailagic,PF,Golden State Warriors,1782621
2022,348,Jaylen Nowell,G,Minnesota Timberwolves,1782621
2022,349,Carsen Edwards,PG,Detroit Pistons,1782621
2022,350,Vlatko Cancar,SF,Denver Nuggets,1782621
2022,351,Daniel Gafford,F,Washington Wizards,1782621
2022,352,Dean Wade,F,Cleveland Cavaliers,1782621
2022,353,Bruno Fernando,F,Houston Rockets,1782621
2022,354,Yuta Watanabe,SF,Toronto Raptors,1762796
2022,355,Drew Eubanks,F,Portland Trail Blazers,1762796
2022,356,Khyri Thomas,SG,Houston Rockets,1762796
2022,357,Chimezie Metu,PF,Sacramento Kings,1762796
2022,358,Moritz Wagner,F,Orlando Magic,1729217
2022,359,Keita Bates-Diop,SF,San Antonio Spurs,1729217
2022,360,Svi Mykhailiuk,G,Toronto Raptors,1729217
2022,361,Paul Watson,SG,Oklahoma City Thunder,1701593
2022,362,Juan Toscano-Anderson,F,Golden State Warriors,1701593
2022,363,Charlie Brown Jr.,G,Philadelphia 76ers,1701593
2022,364,Tyler Cook,F,Chicago Bulls,1701593
2022,365,Kelan Martin,SG,Boston Celtics,1701593
2022,366,Oshae Brissett,SF,Indiana Pacers,1701593
2022,367,Mfiondu Kabengele,C,Cleveland Cavaliers,1701593
2022,368,Herbert Jones,F,New Orleans Pelicans,1700000
2022,369,Frank Ntilikina,PG,Dallas Mavericks,1669178
2022,370,Victor Oladipo,SG,Miami Heat,1669178
2022,371,Isaac Bonga,G,Toronto Raptors,1669178
2022,372,Sam Dekker,F,Toronto Raptors,1669178
2022,373,Jarrell Brantley,PF,Utah Jazz,1669178
2022,374,Otto Porter Jr.,SF,Golden State Warriors,1669178
2022,375,Hassan Whiteside,C,Utah Jazz,1669178
2022,376,Malik Monk,G,Los Angeles Lakers,1669178
2022,377,Kent Bazemore,SF,Los Angeles Lakers,1669178
2022,378,Ben McLemore,SG,Portland Trail Blazers,1669178
2022,379,Timothe Luwawu-Cabarrot,SG,Atlanta Hawks,1669178
2022,380,Dewayne Dedmon,C,Miami Heat,1669178
2022,381,Paul Millsap,PF,Philadelphia 76ers,1669178
2022,382,E'Twaun Moore,G,Orlando Magic,1669178
2022,383,Isaiah Hartenstein,C,LA Clippers,1669178
2022,384,Solomon Hill,SF,Atlanta Hawks,1669178
2022,385,LaMarcus Aldridge,C,Brooklyn Nets,1669178
2022,386,Austin Rivers,SG,Denver Nuggets,1669178
2022,387,Thanasis Antetokounmpo,F,Milwaukee Bucks,1669178
2022,388,Udonis Haslem,PF,Miami Heat,1669178
2022,389,Gabe Vincent,G,Miami Heat,1669178
2022,390,Avery Bradley,PG,Los Angeles Lakers,1669178
2022,391,Wayne Ellington,SG,Los Angeles Lakers,1669178
2022,392,Trevor Ariza,SF,Los Angeles Lakers,1669178
2022,393,Dwight Howard,C,Los Angeles Lakers,1669178
2022,394,Carmelo Anthony,PF,Los Angeles Lakers,1669178
2022,395,Semi Ojeleye,PF,LA Clippers,1669178
2022,396,Rodney Hood,SG,LA Clippers,1669178
2022,397,James Johnson,PF,Brooklyn Nets,1669178
2022,398,Frank Kaminsky,F,Phoenix Suns,1669178
2022,399,Gary Payton II,G,Golden State Warriors,1669178
2022,400,Rodney McGruder,G,Detroit Pistons,1669178
2022,401,Nemanja Bjelica,PF,Golden State Warriors,1669178
2022,402,Andre Iguodala,F,Golden State Warriors,1669178
2022,403,Tony Bradley,C,Chicago Bulls,1669178
2022,404,Markieff Morris,PF,Miami Heat,1669178
2022,405,Max Strus,G,Miami Heat,1669178
2022,406,Raul Neto,PG,Washington Wizards,1669178
2022,407,Kevin Pangos,G,Cleveland Cavaliers,1669178
2022,408,Ed Davis,C,Cleveland Cavaliers,1669178
2022,409,Rajon Rondo,PG,Cleveland Cavaliers,1669178
2022,410,Matt Thomas,SG,Chicago Bulls,1669178
2022,411,Javonte Green,G,Chicago Bulls,1669178
2022,412,Andre Drummond,C,Brooklyn Nets,1669178
2022,413,Tony Snell,SF,New Orleans Pelicans,1669178
2022,414,Jabari Parker,PF,Boston Celtics,1669178
2022,415,Enes Freedom,C,Boston Celtics,1669178
2022,416,Blake Griffin,PF,Brooklyn Nets,1669178
2022,417,Nick Richards,C,Charlotte Hornets,1517981
2022,418,Tyrell Terry,PG,Memphis Grizzlies,1517981
2022,419,Lamar Stevens,F,Cleveland Cavaliers,1517981
2022,420,Jahmi'us Ramsey,PG,Sacramento Kings,1517981
2022,421,Daniel Oturu,C,Toronto Raptors,1517981
2022,422,Jordan Nwora,SF,Milwaukee Bucks,1517981
2022,423,Vernon Carey Jr.,C,Washington Wizards,1517981
2022,424,Caleb Homesley,SG,Washington Wizards,1517981
2022,425,Anthony Gill,F,Washington Wizards,1517981
2022,426,Robert Woodard II,F,Sacramento Kings,1517981
2022,427,Isaiah Joe,G,Philadelphia 76ers,1517981
2022,428,Tre Jones,G,San Antonio Spurs,1517981
2022,429,Elijah Hughes,F,Portland Trail Blazers,1517981
2022,430,KJ Martin,F,Houston Rockets,1517981
2022,431,Paul Reed,F,Philadelphia 76ers,1517981
2022,432,Mamadi Diakite,F,Oklahoma City Thunder,1517981
2022,433,CJ Elleby,SG,Portland Trail Blazers,1517981
2022,434,Elijah Bryant,SG,Milwaukee Bucks,1517981
2022,435,Deividas Sirvydis,F,Detroit Pistons,1517981
2022,436,Jae'Sean Tate,F,Houston Rockets,1517981
2022,437,Sam Merrill,G,Memphis Grizzlies,1517981
2022,438,Naji Marshall,F,New Orleans Pelicans,1517981
2022,439,Xavier Tillman,F,Memphis Grizzlies,1517981
2022,440,Isaiah Todd,PF,Washington Wizards,1500000
2022,441,Omer Yurtseven,C,Miami Heat,1489065
2022,442,Saben Lee,G,Detroit Pistons,1489065
2022,443,JT Thor,F,Charlotte Hornets,1250000
2022,444,Wesley Matthews,SG,Milwaukee Bucks,1237494
2022,445,Alfonzo McKinnie,F,Chicago Bulls,1090007
2022,446,Jason Preston,G,LA Clippers,1062303
2022,447,Isaiah Livers,F,Detroit Pistons,1057260
2022,448,Tristan Thompson,C,Chicago Bulls,1000000
2022,449,Marquese Chriss,SF,Dallas Mavericks,958529
2022,450,Duane Washington Jr.,PG,Indiana Pacers,950000
2022,451,Jared Butler,G,Utah Jazz,925258
2022,452,Georgios Kalaitzakis,SF,Oklahoma City Thunder,925258
2022,453,Charles Bassey,C,Philadelphia 76ers,925258
2022,454,Dalano Banton,F,Toronto Raptors,925258
2022,455,Miles McBride,G,New York Knicks,925258
2022,456,Luka Garza,C,Detroit Pistons,925258
2022,457,Austin Reaves,G,Los Angeles Lakers,925258
2022,458,Brandon Boston,SG,LA Clippers,925258
2022,459,Jock Landale,C,San Antonio Spurs,925258
2022,460,Greg Brown III,PF,Portland Trail Blazers,925258
2022,461,Marko Simonovic,C,Chicago Bulls,925258
2022,462,Ayo Dosunmu,G,Chicago Bulls,925258
2022,463,Vit Krejci,G,Oklahoma City Thunder,925258
2022,464,Stanley Johnson,SF,Los Angeles Lakers,888616
2022,465,Bismack Biyombo,C,Phoenix Suns,863368
2022,466,Lance Stephenson,G,Indiana Pacers,642729
2022,467,Daishen Nix,SG,Houston Rockets,612000
2022,468,Terry Taylor,F,Indiana Pacers,600000
2022,469,Danuel House Jr.,SF,Utah Jazz,565986
2022,470,Luke Kornet,C,Boston Celtics,565986
2022,471,Keifer Sykes,G,Indiana Pacers,558345
2022,472,Ryan Arcidiacono,G,New York Knicks,546800
2022,473,DeAndre' Bembry,SG,Milwaukee Bucks,518021
2022,474,Goran Dragic,PG,Brooklyn Nets,460463
2022,475,Jevon Carter,G,Milwaukee Bucks,441277
2022,476,Trendon Watford,F,Portland Trail Blazers,436482
2022,477,Nik Stauskas,G,Boston Celtics,432536
2022,478,DeMarcus Cousins,C,Denver Nuggets,431684
2022,479,D.J. Augustin,G,Los Angeles Lakers,393312
2022,480,DeAndre Jordan,C,Philadelphia 76ers,374126
2022,481,Devontae Cacok,PF,San Antonio Spurs,364353
2022,482,Sam Hauser,F,Boston Celtics,313737
2022,483,Haywood Highsmith,F,Miami Heat,290967
2022,484,Malik Fitts,F,Boston Celtics,231062
2022,485,Joe Wieskamp,SF,San Antonio Spurs,202068
2022,486,Isaiah Thomas,G,Charlotte Hornets,191860
2022,487,Amir Coffey,G,LA Clippers,153488
2022,488,Jose Alvarado,G,New Orleans Pelicans,150000
2022,489,Armoni Brooks,G,Toronto Raptors,136926
2022,490,Devin Cannady,G,Orlando Magic,100000
2022,491,Luca Vildoza,G,Milwaukee Bucks,42789
2022,492,Rayjon Tucker,G,Milwaukee Bucks,28779
2022,493,Juwan Morgan,F,Toronto Raptors,19816
2022,494,Moses Brown,C,Cleveland Cavaliers,19186
2022,495,Xavier Sneed,F,Utah Jazz,8558
2022,496,Kessler Edwards,F,Brooklyn Nets,5318
2022,497,Ish Wainright,F,Phoenix Suns,5318
2023,1,Stephen Curry,G,Golden State Warriors,48070014
2023,2,LeBron James,F,Los Angeles Lakers,44474988
2023,3,Kevin Durant,F,Phoenix Suns,44119845
2023,4,Bradley Beal,G,Washington Wizards,43279250
2023,5,Giannis Antetokounmpo,F,Milwaukee Bucks,42492492
2023,6,Damian Lillard,G,Portland Trail Blazers,42492492
2023,7,Kawhi Leonard,F,LA Clippers,42492492
2023,8,Paul George,F,LA Clippers,42492492
2023,9,Klay Thompson,G,Golden State Warriors,40600080
2023,10,Kyrie Irving,G,Dallas Mavericks,38917057
2023,11,Rudy Gobert,C,Minnesota Timberwolves,38172414
2023,12,Anthony Davis,F,Los Angeles Lakers,37980720
2023,13,Khris Middleton,F,Milwaukee Bucks,37948276
2023,14,Jimmy Butler III,F,Miami Heat,37653300
2023,15,Tobias Harris,F,Philadelphia 76ers,37633050
2023,16,Zach LaVine,G,Chicago Bulls,37096500
2023,17,Luka Doncic,G,Dallas Mavericks,37095000
2023,18,Trae Young,G,Atlanta Hawks,37095000
2023,19,Ben Simmons,PG,Brooklyn Nets,35448672
2023,20,Pascal Siakam,F,Toronto Raptors,35448672
2023,21,Myles Turner,C,Indiana Pacers,35096500
2023,22,Devin Booker,G,Phoenix Suns,33833400
2023,23,Karl-Anthony Towns,C,Minnesota Timberwolves,33833400
2023,24,Kristaps Porzingis,C,Washington Wizards,33833400
2023,25,Jrue Holiday,G,Milwaukee Bucks,33665040
2023,26,Joel Embiid,C,Philadelphia 76ers,33616770
2023,27,Andrew Wiggins,F,Golden State Warriors,33616770
2023,28,CJ McCollum,G,New Orleans Pelicans,33333333
2023,29,Nikola Jokic,C,Denver Nuggets,33047804
2023,30,James Harden,G,Philadelphia 76ers,33000000
2023,31,Brandon Ingram,F,New Orleans Pelicans,31650600
2023,32,Jamal Murray,G,Denver Nuggets,31650000
2023,33,D'Angelo Russell,G,Los Angeles Lakers,31377750
2023,34,Shai Gilgeous-Alexander,G,Oklahoma City Thunder,30913750
2023,35,Deandre Ayton,C,Phoenix Suns,30913750
2023,36,Michael Porter Jr.,F,Denver Nuggets,30913750
2023,37,Donovan Mitchell,G,Cleveland Cavaliers,30913750
2023,38,Bam Adebayo,C,Miami Heat,30351780
2023,39,Gordon Hayward,SF,Charlotte Hornets,30075000
2023,40,Jaren Jackson Jr.,F,Memphis Grizzlies,28946605
2023,41,Jaylen Brown,G,Boston Celtics,28741071
2023,42,Chris Paul,G,Phoenix Suns,28400000
2023,43,Kyle Lowry,G,Miami Heat,28333334
2023,44,De'Aaron Fox,G,Sacramento Kings,28103550
2023,45,Jayson Tatum,F,Boston Celtics,28103500
2023,46,Jalen Brunson,G,New York Knicks,27733332
2023,47,DeMar DeRozan,G,Chicago Bulls,27300000
2023,48,Al Horford,C,Boston Celtics,26500000
2023,49,Draymond Green,F,Golden State Warriors,25806468
2023,50,Julius Randle,F,New York Knicks,23760000
2023,51,John Collins,F,Atlanta Hawks,23500000
2023,52,Buddy Hield,G,Indiana Pacers,22768890
2023,53,Mike Conley,G,Minnesota Timberwolves,22680000
2023,54,Malcolm Brogdon,G,Boston Celtics,22600000
2023,55,Anfernee Simons,G,Portland Trail Blazers,22321429
2023,56,Nikola Vucevic,C,Chicago Bulls,22000000
2023,57,Terry Rozier,G,Charlotte Hornets,21486283
2023,58,Fred VanVleet,G,Toronto Raptors,21250000
2023,59,Jerami Grant,F,Portland Trail Blazers,20955000
2023,60,Mikal Bridges,G,Brooklyn Nets,20100000
2023,61,Jarrett Allen,C,Cleveland Cavaliers,20000000
2023,62,Aaron Gordon,F,Denver Nuggets,19690909
2023,63,Tim Hardaway Jr.,G,Dallas Mavericks,19602273
2023,64,Bojan Bogdanovic,SF,Detroit Pistons,19550000
2023,65,Lonzo Ball,G,Utah Jazz,19534884
2023,66,Spencer Dinwiddie,PG,Brooklyn Nets,19500000
2023,67,Eric Bledsoe,SG,Portland Trail Blazers,19375000
2023,68,Caris LeVert,G,Cleveland Cavaliers,18796296
2023,69,Clint Capela,C,Atlanta Hawks,18706896
2023,70,Joe Harris,SF,Brooklyn Nets,18642857
2023,71,Domantas Sabonis,F,Sacramento Kings,18500000
2023,72,Harrison Barnes,F,Sacramento Kings,18352273
2023,73,Evan Fournier,SG,New York Knicks,18000000
2023,74,Bogdan Bogdanovic,G,Atlanta Hawks,18000000
2023,75,Steven Adams,C,Memphis Grizzlies,17926829
2023,76,Gary Trent Jr.,G,Toronto Raptors,17505000
2023,77,Jonathan Isaac,F,Orlando Magic,17400000
2023,78,OG Anunoby,F,Toronto Raptors,17357143
2023,79,Marcus Smart,G,Boston Celtics,17207141
2023,80,Mitchell Robinson,C,New York Knicks,17045454
2023,81,Duncan Robinson,F,Miami Heat,16902000
2023,82,Derrick White,G,Boston Celtics,16892857
2023,83,Norman Powell,G,LA Clippers,16758621
2023,84,Dejounte Murray,G,Atlanta Hawks,16571120
2023,85,Collin Sexton,G,Utah Jazz,16500000
2023,86,Markelle Fultz,G,Orlando Magic,16500000
2023,87,Lauri Markkanen,F,Utah Jazz,16475454
2023,88,Marcus Morris Sr.,F,LA Clippers,16372093
2023,89,Davis Bertans,SF,Dallas Mavericks,16000000
2023,90,Jusuf Nurkic,C,Portland Trail Blazers,15625000
2023,91,Malik Beasley,SG,Los Angeles Lakers,15558035
2023,92,Luguentz Dort,G,Oklahoma City Thunder,15277778
2023,93,Jonas Valanciunas,C,New Orleans Pelicans,14700000
2023,94,Kevin Huerter,G,Sacramento Kings,14508929
2023,95,Luke Kennard,G,Memphis Grizzlies,14415545
2023,96,Christian Wood,F,Dallas Mavericks,14317460
2023,97,Wendell Carter Jr.,C,Orlando Magic,14150000
2023,98,Kentavious Caldwell-Pope,G,Denver Nuggets,14004703
2023,99,Brook Lopez,C,Milwaukee Bucks,13906976
2023,100,Doug McDermott,F,San Antonio Spurs,13750000
2023,101,Zion Williamson,F,New Orleans Pelicans,13534817
2023,102,Jordan Clarkson,G,Utah Jazz,13340000
2023,103,Kyle Kuzma,F,Washington Wizards,13000000
2023,104,Gary Harris,G,Orlando Magic,13000000
2023,105,Josh Hart,G,New York Knicks,12960000
2023,106,Dorian Finney-Smith,F,Brooklyn Nets,12939648
2023,107,Chris Boucher,F,Toronto Raptors,12690000
2023,108,Kelly Oubre Jr.,G,Charlotte Hornets,12600000
2023,109,Marvin Bagley III,F,Detroit Pistons,12500000
2023,110,Robert Covington,PF,LA Clippers,12307692
2023,111,Kelly Olynyk,F,Utah Jazz,12195122
2023,112,Josh Richardson,SG,New Orleans Pelicans,11615328
2023,113,Devonte' Graham,PG,San Antonio Spurs,11550000
2023,114,Dillon Brooks,F,Memphis Grizzlies,11400000
2023,115,Richaun Holmes,F,Sacramento Kings,11215260
2023,116,Dwight Powell,F,Dallas Mavericks,11080125
2023,117,Paolo Banchero,F,Orlando Magic,11055120
2023,118,Robert Williams III,C,Boston Celtics,10937502
2023,119,RJ Barrett,F,New York Knicks,10900635
2023,120,Nicolas Batum,F,LA Clippers,10843350
2023,121,Bobby Portis,F,Milwaukee Bucks,10843350
2023,122,Anthony Edwards,G,Minnesota Timberwolves,10733400
2023,123,Cade Cunningham,G,Detroit Pistons,10552800
2023,124,P.J. Tucker,PF,Philadelphia 76ers,10490000
2023,125,Mo Bamba,C,Los Angeles Lakers,10300000
2023,126,Talen Horton-Tucker,SF,Utah Jazz,10260000
2023,127,Derrick Favors,F,Chicago Bulls,10183800
2023,128,Jae Crowder,PF,Milwaukee Bucks,10183000
2023,129,Ivica Zubac,C,LA Clippers,10123457
2023,130,Alec Burks,SG,Detroit Pistons,10012800
2023,131,Reggie Bullock Jr.,SF,Dallas Mavericks,10012800
2023,132,Chet Holmgren,C,Oklahoma City Thunder,9891240
2023,133,De'Andre Hunter,F,Atlanta Hawks,9835881
2023,134,Larry Nance Jr.,F,New Orleans Pelicans,9672727
2023,135,Ja Morant,G,Memphis Grizzlies,9603360
2023,136,James Wiseman,C,Detroit Pistons,9603360
2023,137,Landry Shamet,G,Phoenix Suns,9500000
2023,138,Malik Monk,G,Sacramento Kings,9472219
2023,139,Jalen Green,G,Houston Rockets,9441840
2023,140,Jakob Poeltl,C,Toronto Raptors,9398148
2023,141,Nerlens Noel,C,Brooklyn Nets,9240000
2023,142,Dario Saric,F,Oklahoma City Thunder,9240000
2023,143,Royce O'Neale,F,Brooklyn Nets,9200000
2023,144,Monte Morris,PG,Washington Wizards,9125000
2023,145,Mason Plumlee,C,LA Clippers,9080417
2023,146,Alex Caruso,G,Chicago Bulls,9030000
2023,147,Maxi Kleber,F,Dallas Mavericks,9000000
2023,148,Darius Garland,G,Cleveland Cavaliers,8920795
2023,149,Jabari Smith Jr.,F,Houston Rockets,8882640
2023,150,Kyle Anderson,F,Minnesota Timberwolves,8780488
2023,151,Victor Oladipo,SG,Miami Heat,8750000
2023,152,Daniel Theis,C,Indiana Pacers,8694369
2023,153,LaMelo Ball,G,Charlotte Hornets,8623920
2023,154,Grayson Allen,G,Milwaukee Bucks,8500000
2023,155,Nic Claxton,C,Brooklyn Nets,8500000
2023,156,Seth Curry,G,Brooklyn Nets,8496500
2023,157,Evan Mobley,C,Cleveland Cavaliers,8478720
2023,158,Gary Payton II,G,Golden State Warriors,8300000
2023,159,De'Anthony Melton,G,Philadelphia 76ers,8250000
2023,160,T.J. McConnell,G,Indiana Pacers,8100000
2023,161,Keegan Murray,F,Sacramento Kings,8008440
2023,162,Thaddeus Young,F,Toronto Raptors,8000000
2023,163,Taurean Prince,F,Minnesota Timberwolves,8000000
2023,164,Kevon Looney,F,Golden State Warriors,8000000
2023,165,Isaiah Hartenstein,C,New York Knicks,7804879
2023,166,Delon Wright,G,Washington Wizards,7804878
2023,167,Patrick Williams,F,Chicago Bulls,7775400
2023,168,Scottie Barnes,F,Toronto Raptors,7644720
2023,169,Cedi Osman,SF,Cleveland Cavaliers,7426088
2023,170,Coby White,G,Chicago Bulls,7413955
2023,171,Aron Baynes,C,Toronto Raptors,7350000
2023,172,Zach Collins,F,San Antonio Spurs,7350000
2023,173,Jaden Ivey,G,Detroit Pistons,7252200
2023,174,Jae'Sean Tate,F,Houston Rockets,7065217
2023,175,Isaac Okoro,F,Cleveland Cavaliers,7040880
2023,176,Cody Martin,SF,Charlotte Hornets,7000000
2023,177,Jalen Suggs,G,Orlando Magic,6922320
2023,178,Jaxson Hayes,C,New Orleans Pelicans,6803012
2023,179,Khem Birch,C,Toronto Raptors,6667500
2023,180,Bennedict Mathurin,G,Indiana Pacers,6586800
2023,181,Bruce Brown,G,Denver Nuggets,6479000
2023,182,Joe Ingles,F,Milwaukee Bucks,6479000
2023,183,Lonnie Walker IV,G,Los Angeles Lakers,6479000
2023,184,Danilo Gallinari,PF,Milwaukee Bucks,6479000
2023,185,Caleb Martin,F,Miami Heat,6479000
2023,186,Patty Mills,PG,Brooklyn Nets,6479000
2023,187,John Wall,PG,LA Clippers,6479000
2023,188,Onyeka Okongwu,F,Atlanta Hawks,6395160
2023,189,Jarrett Culver,G,Atlanta Hawks,6395160
2023,190,Josh Giddey,G,Oklahoma City Thunder,6287280
2023,191,Rui Hachimura,F,Los Angeles Lakers,6263188
2023,192,Rudy Gay,SF,Utah Jazz,6184500
2023,193,Shaedon Sharpe,G,Portland Trail Blazers,6012960
2023,194,Otto Porter Jr.,SF,Toronto Raptors,6000000
2023,195,Cameron Payne,PG,Phoenix Suns,6000000
2023,196,Cam Reddish,SF,Portland Trail Blazers,5954454
2023,197,Cameron Johnson,F,Brooklyn Nets,5887899
2023,198,Ricky Rubio,PG,Cleveland Cavaliers,5853659
2023,199,Kevin Knox II,F,Portland Trail Blazers,5845979
2023,200,P.J. Washington,F,Charlotte Hornets,5808435
2023,201,Jonathan Kuminga,F,Golden State Warriors,5739860
2023,202,Pat Connaughton,G,Milwaukee Bucks,5728393
2023,203,Tyler Herro,G,Miami Heat,5722116
2023,204,Romeo Langford,SG,San Antonio Spurs,5634257
2023,205,Killian Hayes,G,Detroit Pistons,5572680
2023,206,Dyson Daniels,G,New Orleans Pelicans,5508600
2023,207,JaVale McGee,C,Dallas Mavericks,5461219
2023,208,Obi Toppin,F,New York Knicks,5348280
2023,209,Franz Wagner,F,Orlando Magic,5258280
2023,210,Kendrick Nunn,G,Washington Wizards,5250000
2023,211,Hamidou Diallo,G,Detroit Pistons,5200000
2023,212,Cory Joseph,PG,Detroit Pistons,5155500
2023,213,Torrey Craig,SF,Phoenix Suns,5121951
2023,214,Jeremy Sochan,F,San Antonio Spurs,5063520
2023,215,David Nwaba,SF,Oklahoma City Thunder,5022000
2023,216,Nickeil Alexander-Walker,G,Minnesota Timberwolves,5009633
2023,217,Furkan Korkmaz,SG,Philadelphia 76ers,5000000
2023,218,Dante Exum,G,Washington Wizards,5000000
2023,219,Lou Williams,SG,Atlanta Hawks,5000000
2023,220,Deni Avdija,F,Washington Wizards,4916160
2023,221,Garrett Temple,G,New Orleans Pelicans,4910000
2023,222,Davion Mitchell,G,Sacramento Kings,4833600
2023,223,Johnny Davis,G,Washington Wizards,4810320
2023,224,Ish Smith,PG,Denver Nuggets,4750000
2023,225,Jalen Smith,F,Indiana Pacers,4670160
2023,226,Ziaire Williams,F,Memphis Grizzlies,4591680
2023,227,Ousmane Dieng,F,Oklahoma City Thunder,4569840
2023,228,Maurice Harkless,SF,Houston Rockets,4564980
2023,229,Donte DiVincenzo,G,Golden State Warriors,4500000
2023,230,Jeff Green,F,Denver Nuggets,4500000
2023,231,Devin Vassell,G,San Antonio Spurs,4437000
2023,232,Matisse Thybulle,G,Portland Trail Blazers,4379527
2023,233,Jarred Vanderbilt,F,Los Angeles Lakers,4374000
2023,234,James Bouknight,SG,Charlotte Hornets,4362240
2023,235,Brandon Clarke,F,Memphis Grizzlies,4343920
2023,236,Jalen Williams,G,Oklahoma City Thunder,4341480
2023,237,Grant Williams,F,Boston Celtics,4306281
2023,238,Darius Bazley,F,Phoenix Suns,4264629
2023,239,Tyrese Haliburton,G,Indiana Pacers,4215120
2023,240,Nassir Little,SF,Portland Trail Blazers,4171548
2023,241,Joshua Primo,G,San Antonio Spurs,4144320
2023,242,Jalen Duren,C,Detroit Pistons,4124280
2023,243,Danuel House Jr.,SF,Philadelphia 76ers,4105000
2023,244,Justise Winslow,PF,Portland Trail Blazers,4097561
2023,245,Dylan Windler,G,Cleveland Cavaliers,4037278
2023,246,Chandler Hutchison,SF,Phoenix Suns,4019459
2023,247,Kira Lewis Jr.,G,New Orleans Pelicans,4004280
2023,248,Terence Davis,G,Sacramento Kings,4000000
2023,249,George Hill,PG,Indiana Pacers,4000000
2023,250,Chris Duarte,SG,Indiana Pacers,3936960
2023,251,Ochai Agbaji,G,Utah Jazz,3918360
2023,252,Alex Len,C,Sacramento Kings,3918000
2023,253,Jordan Poole,G,Golden State Warriors,3901399
2023,254,Keldon Johnson,F,San Antonio Spurs,3873025
2023,255,Aaron Nesmith,G,Indiana Pacers,3804360
2023,256,Mark Williams,C,Charlotte Hornets,3722040
2023,257,Gabriel Deck,SF,Oklahoma City Thunder,3676852
2023,258,Cole Anthony,G,Orlando Magic,3613680
2023,259,Sekou Doumbouya,SF,Los Angeles Lakers,3613680
2023,260,Moses Moody,G,Golden State Warriors,3562200
2023,261,Corey Kispert,F,Washington Wizards,3552960
2023,262,AJ Griffin,F,Atlanta Hawks,3536160
2023,263,Mike Muscala,C,Boston Celtics,3500000
2023,264,Georges Niang,F,Philadelphia 76ers,3465000
2023,265,Chuma Okeke,F,Orlando Magic,3433320
2023,266,Isaiah Stewart,F,Detroit Pistons,3433320
2023,267,Amir Coffey,G,LA Clippers,3395062
2023,268,Alperen Sengun,C,Houston Rockets,3375480
2023,269,Tari Eason,F,Houston Rockets,3309160
2023,270,Aleksej Pokusevski,F,Oklahoma City Thunder,3261480
2023,271,Trey Burke,PG,Oklahoma City Thunder,3243750
2023,272,Kevin Porter Jr.,G,Houston Rockets,3217631
2023,273,Trey Murphy III,F,New Orleans Pelicans,3206640
2023,274,Simone Fontecchio,F,Utah Jazz,3205128
2023,275,Derrick Jones Jr.,F,Chicago Bulls,3200000
2023,276,Andre Drummond,C,Chicago Bulls,3200000
2023,277,Dalen Terry,F,Chicago Bulls,3191400
2023,278,Kevin Love,F,Miami Heat,3114138
2023,279,Josh Green,G,Dallas Mavericks,3098400
2023,280,Jake LaRavia,F,Memphis Grizzlies,3047640
2023,281,Tre Mann,G,Oklahoma City Thunder,3046200
2023,282,Jordan Nwora,SF,Indiana Pacers,3000000
2023,283,Sterling Brown,SF,Los Angeles Lakers,3000000
2023,284,Luka Samanic,F,Utah Jazz,2959080
2023,285,Saddiq Bey,G,Atlanta Hawks,2959080
2023,286,Malaki Branham,G,San Antonio Spurs,2925600
2023,287,Kai Jones,PF,Charlotte Hornets,2909040
2023,288,Precious Achiuwa,PF,Toronto Raptors,2840160
2023,289,Christian Braun,G,Denver Nuggets,2808600
2023,290,Jalen Johnson,F,Atlanta Hawks,2792640
2023,291,Tyrese Maxey,G,Philadelphia 76ers,2726880
2023,292,Bruno Fernando,F,Atlanta Hawks,2717391
2023,293,Trey Lyles,PF,Sacramento Kings,2700000
2023,294,Walker Kessler,C,Utah Jazz,2696400
2023,295,Marc Gasol,C,Memphis Grizzlies,2692991
2023,296,Anthony Tolliver,PF,New Orleans Pelicans,2692991
2023,297,Keon Johnson,G,Portland Trail Blazers,2681040
2023,298,Charles Bassey,C,San Antonio Spurs,2600000
2023,299,David Roddy,F,Memphis Grizzlies,2588640
2023,300,Isaiah Jackson,F,Indiana Pacers,2573760
2023,301,Zeke Nnaji,F,Denver Nuggets,2498760
2023,302,MarJon Beauchamp,F,Milwaukee Bucks,2485200
2023,303,Usman Garuba,PF,Houston Rockets,2471160
2023,304,Montrezl Harrell,C,Philadelphia 76ers,2463490
2023,305,Willy Hernangomez,C,New Orleans Pelicans,2443581
2023,306,Blake Wesley,G,San Antonio Spurs,2385480
2023,307,Josh Christopher,SG,Houston Rockets,2372160
2023,308,Leandro Bolmaro,F,Utah Jazz,2353320
2023,309,Immanuel Quickley,G,New York Knicks,2316240
2023,310,Wendell Moore Jr.,F,Minnesota Timberwolves,2306520
2023,311,John Konchar,G,Memphis Grizzlies,2300000
2023,312,Damian Jones,C,Utah Jazz,2298385
2023,313,Quentin Grimes,G,New York Knicks,2277000
2023,314,Andrew Nembhard,G,Indiana Pacers,2244111
2023,315,Nikola Jovic,F,Miami Heat,2239920
2023,316,Payton Pritchard,G,Boston Celtics,2239200
2023,317,Vlatko Cancar,SF,Denver Nuggets,2234359
2023,318,Patrick Baldwin Jr.,G,Golden State Warriors,2226000
2023,319,TyTy Washington Jr.,G,Houston Rockets,2210040
2023,320,Bones Hyland,G,LA Clippers,2201520
2023,321,Bol Bol,C,Orlando Magic,2200000
2023,322,Peyton Watson,G,Denver Nuggets,2193960
2023,323,Marquese Chriss,SF,Oklahoma City Thunder,2193920
2023,324,Nik Stauskas,G,Indiana Pacers,2193920
2023,325,Udoka Azubuike,C,Utah Jazz,2174880
2023,326,Jaden McDaniels,F,Minnesota Timberwolves,2161440
2023,327,Jordan McLaughlin,G,Minnesota Timberwolves,2160000
2023,328,Malachi Flynn,PG,Toronto Raptors,2145720
2023,329,Cam Thomas,G,Brooklyn Nets,2138160
2023,330,Luke Kornet,C,Boston Celtics,2133278
2023,331,Desmond Bane,G,Memphis Grizzlies,2130240
2023,332,Jahlil Okafor,C,null Unknown,2130023
2023,333,Jaden Springer,G,Philadelphia 76ers,2125200
2023,334,Day'Ron Sharpe,C,Brooklyn Nets,2109480
2023,335,Jevon Carter,G,Milwaukee Bucks,2100000
2023,336,Santi Aldama,F,Memphis Grizzlies,2094240
2023,337,Frank Ntilikina,PG,Dallas Mavericks,2036318
2023,338,Tony Bradley,C,Chicago Bulls,2036318
2023,339,Jaylin Williams,F,Oklahoma City Thunder,2000000
2023,340,Kenrich Williams,G,Oklahoma City Thunder,2000000
2023,341,Abdel Nader,F,Melbourne Pnx,2000000
2023,342,Danny Green,F,Cleveland Cavaliers,2000000
2023,343,Caleb Houstan,G,Orlando Magic,2000000
2023,344,Jeremiah Robinson-Earl,F,Oklahoma City Thunder,2000000
2023,345,Garrison Mathews,G,Atlanta Hawks,2000000
2023,346,Shake Milton,SG,Philadelphia 76ers,1977718
2023,347,Edmond Sumner,PG,Brooklyn Nets,1968175
2023,348,Jontay Porter,C,Toronto Raptors,1950000
2023,349,Denzel Valentine,G,Boston Celtics,1939350
2023,350,Jalen McDaniels,F,Philadelphia 76ers,1930681
2023,351,Naz Reid,C,Minnesota Timberwolves,1930681
2023,352,Terance Mann,G,LA Clippers,1930681
2023,353,Jaylen Nowell,G,Minnesota Timberwolves,1930681
2023,354,Daniel Gafford,F,Washington Wizards,1930681
2023,355,Dean Wade,F,Cleveland Cavaliers,1930681
2023,356,Lindy Waters III,F,Oklahoma City Thunder,1927896
2023,357,Chimezie Metu,PF,Sacramento Kings,1910680
2023,358,Davon Reed,SG,Los Angeles Lakers,1902133
2023,359,Killian Tillie,SF,Memphis Grizzlies,1901625
2023,360,Xavier Tillman,F,Memphis Grizzlies,1901625
2023,361,Theo Maledon,PG,Charlotte Hornets,1900000
2023,362,Wenyen Gabriel,F,Los Angeles Lakers,1878720
2023,363,Moritz Wagner,F,Orlando Magic,1878720
2023,364,Keita Bates-Diop,SF,San Antonio Spurs,1878720
2023,365,Thanasis Antetokounmpo,F,Milwaukee Bucks,1878720
2023,366,Oshae Brissett,SF,Indiana Pacers,1846738
2023,367,Juancho Hernangomez,PF,Toronto Raptors,1836090
2023,368,Anthony Gill,F,Washington Wizards,1836090
2023,369,Isaiah Joe,G,Oklahoma City Thunder,1836090
2023,370,Bismack Biyombo,C,Phoenix Suns,1836090
2023,371,Juan Toscano-Anderson,F,Utah Jazz,1836090
2023,372,Matthew Dellavedova,G,Sacramento Kings,1836090
2023,373,Robin Lopez,C,Cleveland Cavaliers,1836090
2023,374,Josh Okogie,G,Phoenix Suns,1836090
2023,375,Drew Eubanks,F,Portland Trail Blazers,1836090
2023,376,Damion Lee,SG,Phoenix Suns,1836090
2023,377,Dennis Smith Jr.,PG,Charlotte Hornets,1836090
2023,378,Dennis Schroder,G,Los Angeles Lakers,1836090
2023,379,Justin Jackson,F,Boston Celtics,1836090
2023,380,Bryn Forbes,SG,Minnesota Timberwolves,1836090
2023,381,T.J. Warren,SF,Phoenix Suns,1836090
2023,382,Austin Rivers,SG,Minnesota Timberwolves,1836090
2023,383,Thomas Bryant,C,Denver Nuggets,1836090
2023,384,Udonis Haslem,PF,Miami Heat,1836090
2023,385,Aaron Holiday,G,Atlanta Hawks,1836090
2023,386,Frank Kaminsky,F,Houston Rockets,1836090
2023,387,Rodney McGruder,G,Detroit Pistons,1836090
2023,388,JaMychal Green,F,Golden State Warriors,1836090
2023,389,Andre Iguodala,F,Golden State Warriors,1836090
2023,390,Troy Brown Jr.,F,Los Angeles Lakers,1836090
2023,391,Ryan Arcidiacono,G,Portland Trail Blazers,1836090
2023,392,Taj Gibson,F,Washington Wizards,1836090
2023,393,DeAndre Jordan,C,Denver Nuggets,1836090
2023,394,Theo Pinson,G,Dallas Mavericks,1836090
2023,395,Markieff Morris,PF,Dallas Mavericks,1836090
2023,396,Raul Neto,PG,Cleveland Cavaliers,1836090
2023,397,Matt Ryan,F,Minnesota Timberwolves,1836090
2023,398,Nathan Knight,F,Minnesota Timberwolves,1836090
2023,399,Svi Mykhailiuk,G,Charlotte Hornets,1836090
2023,400,Noah Vonleh,PF,Boston Celtics,1836090
2023,401,Blake Griffin,PF,Boston Celtics,1836090
2023,402,Wesley Matthews,SG,Milwaukee Bucks,1836090
2023,403,Wes Iwundu,F,Melbourne Pnx,1824003
2023,404,Gabe Vincent,G,Miami Heat,1815677
2023,405,Max Strus,G,Miami Heat,1815677
2023,406,Javonte Green,G,Chicago Bulls,1815677
2023,407,Juwan Morgan,F,LA Clippers,1815518
2023,408,Herbert Jones,F,New Orleans Pelicans,1785000
2023,409,Nick Richards,C,Charlotte Hornets,1782621
2023,410,Lamar Stevens,F,Cleveland Cavaliers,1782621
2023,411,Vernon Carey Jr.,C,Washington Wizards,1782621
2023,412,Tre Jones,G,San Antonio Spurs,1782621
2023,413,KZ Okpala,SF,Sacramento Kings,1782621
2023,414,KJ Martin,F,Houston Rockets,1782621
2023,415,Paul Reed,F,Philadelphia 76ers,1782621
2023,416,Miye Oni,SF,Memphis Grizzlies,1782621
2023,417,Yogi Ferrell,PG,LA Clippers,1782621
2023,418,Alen Smailagic,PF,Golden State Warriors,1782621
2023,419,Naji Marshall,F,New Orleans Pelicans,1782621
2023,420,Yuta Watanabe,SF,Brooklyn Nets,1762796
2023,421,Khyri Thomas,SG,Houston Rockets,1762796
2023,422,Omer Yurtseven,C,Miami Heat,1752638
2023,423,Saben Lee,G,Philadelphia 76ers,1752638
2023,424,Devin Cannady,G,Orlando Magic,1752638
2023,425,Luca Vildoza,G,Milwaukee Bucks,1752638
2023,426,Rayjon Tucker,G,Milwaukee Bucks,1752638
2023,427,Haywood Highsmith,F,Miami Heat,1752638
2023,428,Malik Fitts,F,LA Clippers,1752638
2023,429,Paul Watson,SG,Oklahoma City Thunder,1701593
2023,430,Charlie Brown Jr.,G,Memphis Grizzlies,1701593
2023,431,Kelan Martin,SG,New Orleans Pelicans,1701593
2023,432,Mfiondu Kabengele,C,Boston Celtics,1701593
2023,433,Sam Dekker,F,Toronto Raptors,1669178
2023,434,Jarrell Brantley,PF,Utah Jazz,1669178
2023,435,E'Twaun Moore,G,Orlando Magic,1669178
2023,436,Solomon Hill,SF,New York Knicks,1669178
2023,437,Trevor Ariza,SF,Los Angeles Lakers,1669178
2023,438,Semi Ojeleye,PF,LA Clippers,1669178
2023,439,Kevin Pangos,G,Cleveland Cavaliers,1669178
2023,440,Jabari Parker,PF,Boston Celtics,1669178
2023,441,Enes Freedom,C,Houston Rockets,1669178
2023,442,Jericho Sims,C,New York Knicks,1639842
2023,443,Kessler Edwards,F,Sacramento Kings,1637966
2023,444,Trevelin Queen,SG,Indiana Pacers,1637966
2023,445,Isaiah Todd,PF,Washington Wizards,1575000
2023,446,JT Thor,F,Charlotte Hornets,1563518
2023,447,Jared Butler,G,Oklahoma City Thunder,1563518
2023,448,Isaiah Livers,F,Detroit Pistons,1563518
2023,449,Jason Preston,G,LA Clippers,1563518
2023,450,Aaron Wiggins,G,Oklahoma City Thunder,1563518
2023,451,Miles McBride,G,New York Knicks,1563518
2023,452,Duane Washington Jr.,PG,Phoenix Suns,1563518
2023,453,Trendon Watford,F,Portland Trail Blazers,1563518
2023,454,Daishen Nix,SG,Houston Rockets,1563518
2023,455,Austin Reaves,G,Los Angeles Lakers,1563518
2023,456,Brandon Boston,SG,LA Clippers,1563518
2023,457,Jock Landale,C,Phoenix Suns,1563518
2023,458,Greg Brown III,PF,Portland Trail Blazers,1563518
2023,459,Marko Simonovic,C,Chicago Bulls,1563518
2023,460,Ayo Dosunmu,G,Chicago Bulls,1563518
2023,461,Terry Taylor,F,Chicago Bulls,1563518
2023,462,Jose Alvarado,G,New Orleans Pelicans,1563518
2023,463,Sam Hauser,F,Boston Celtics,1563518
2023,464,Vit Krejci,G,Atlanta Hawks,1563518
2023,465,Dalano Banton,F,Toronto Raptors,1563318
2023,466,Jahmi'us Ramsey,PG,Toronto Raptors,1517981
2023,467,Daniel Oturu,C,Toronto Raptors,1517981
2023,468,Caleb Homesley,SG,Washington Wizards,1517981
2023,469,Mamadi Diakite,F,Cleveland Cavaliers,1517981
2023,470,Elijah Bryant,SG,Milwaukee Bucks,1517981
2023,471,Deividas Sirvydis,F,Indiana Pacers,1517981
2023,472,Christian Koloko,C,Toronto Raptors,1500000
2023,473,Tyus Jones,G,Memphis Grizzlies,1500000
2023,474,Alize Johnson,F,San Antonio Spurs,1392896
2023,475,Kemba Walker,PG,Dallas Mavericks,1392896
2023,476,Stanley Johnson,SF,San Antonio Spurs,1245164
2023,477,Kennedy Chandler,G,Memphis Grizzlies,1200000
2023,478,Alfonzo McKinnie,F,Chicago Bulls,1090007
2023,479,Bryce McGowens,G,Charlotte Hornets,1075000
2023,480,Chima Moneke,F,Sacramento Kings,1017781
2023,481,Jabari Walker,F,Portland Trail Blazers,1017781
2023,482,Josh Minott,F,Minnesota Timberwolves,1017781
2023,483,Tyrese Martin,G,Atlanta Hawks,1017781
2023,484,Ryan Rollins,G,Golden State Warriors,1017781
2023,485,Max Christie,G,Los Angeles Lakers,1017781
2023,486,Jaden Hardy,G,Dallas Mavericks,1017781
2023,487,Kenneth Lofton Jr.,F,Memphis Grizzlies,1000000
2023,488,Luka Garza,C,Minnesota Timberwolves,925258
2023,489,Jordan Goodwin,G,Washington Wizards,900000
2023,490,Sam Merrill,G,Cleveland Cavaliers,850000
2023,491,Kris Dunn,G,Utah Jazz,735819
2023,492,Michael Carter-Williams,G,Orlando Magic,652829
2023,493,Gorgui Dieng,C,San Antonio Spurs,622582
2023,494,Goga Bitadze,C,Orlando Magic,612181
2023,495,Boban Marjanovic,C,Houston Rockets,601478
2023,496,James Johnson,PF,Indiana Pacers,590926
2023,497,Terrence Ross,G,Phoenix Suns,580373
2023,498,Dewayne Dedmon,C,Philadelphia 76ers,580373
2023,499,Reggie Jackson,PG,Denver Nuggets,580373
2023,500,Justin Holiday,F,Dallas Mavericks,569821
2023,501,Keifer Sykes,G,Indiana Pacers,558345
2023,502,Eugene Omoruyi,F,Detroit Pistons,555402
2023,503,Joe Wieskamp,SF,Toronto Raptors,554989
2023,504,PJ Dozier,G,Sacramento Kings,539450
2023,505,DeAndre' Bembry,SG,Milwaukee Bucks,518021
2023,506,Cody Zeller,C,Miami Heat,517060
2023,507,Admiral Schofield,SF,Orlando Magic,516508
2023,508,Russell Westbrook,G,LA Clippers,495955
2023,509,R.J. Hampton,G,Detroit Pistons,485403
2023,510,Ish Wainright,F,Phoenix Suns,474851
2023,511,Will Barton,G,Toronto Raptors,432642
2023,512,Isaiah Roby,PF,San Antonio Spurs,400000
2023,513,Goran Dragic,PG,Milwaukee Bucks,390433
2023,514,Sandro Mamukelashvili,F,San Antonio Spurs,357717
2023,515,Patrick Beverley,PG,Chicago Bulls,357717
2023,516,Carlik Jones,G,Chicago Bulls,357717
2023,517,DaQuan Jeffries,G,Sacramento Kings,300000
2023,518,Meyers Leonard,C,Milwaukee Bucks,284911
2023,519,D.J. Augustin,G,Houston Rockets,189940
2023,520,Xavier Cooks,G,Washington Wizards,140384
2023,521,Nate Williams,G,Portland Trail Blazers,52644
2023,522,Kobi Simmons,G,Charlotte Hornets,32795
2023,523,Justin Champagnie,F,Boston Celtics,28241
2023,524,David Duke Jr.,G,Brooklyn Nets,28241
2023,525,Moses Brown,C,Brooklyn Nets,19186
2023,526,Shaquille Harrison,G,Portland Trail Blazers,12260
2023,527,Willie Cauley-Stein,C,Houston Rockets,10552
2023,528,Tristan Thompson,C,Cleveland Cavaliers,10552
2023,529,Xavier Sneed,F,Charlotte Hornets,8558
2024,1,Stephen Curry,G,Golden State Warriors,51915615
2024,2,Kevin Durant,F,Phoenix Suns,47649433
2024,3,LeBron James,F,Los Angeles Lakers,47607350
2024,4,Nikola Jokic,C,Denver Nuggets,47607350
2024,5,Joel Embiid,C,Philadelphia 76ers,46900000
2024,6,Bradley Beal,G,Phoenix Suns,46741590
2024,7,Giannis Antetokounmpo,F,Milwaukee Bucks,45640084
2024,8,Damian Lillard,G,Milwaukee Bucks,45640084
2024,9,Kawhi Leonard,F,LA Clippers,45640084
2024,10,Paul George,F,LA Clippers,45640084
2024,11,Jimmy Butler III,F,Miami Heat,45183960
2024,12,Klay Thompson,G,Golden State Warriors,43219440
2024,13,Rudy Gobert,C,Minnesota Timberwolves,41000000
2024,14,Fred VanVleet,G,Houston Rockets,40806300
2024,15,Anthony Davis,F,Los Angeles Lakers,40600080
2024,16,Luka Doncic,G,Dallas Mavericks,40064220
2024,17,Zach LaVine,G,Chicago Bulls,40064220
2024,18,Trae Young,G,Atlanta Hawks,40064220
2024,19,Tobias Harris,F,Philadelphia 76ers,39270150
2024,20,Ben Simmons,PG,Brooklyn Nets,37893408
2024,21,Pascal Siakam,F,Indiana Pacers,37893408
2024,22,Kyrie Irving,G,Dallas Mavericks,37037037
2024,23,Jrue Holiday,G,Boston Celtics,36861707
2024,24,Devin Booker,G,Phoenix Suns,36016200
2024,25,Karl-Anthony Towns,C,Minnesota Timberwolves,36016200
2024,26,Kristaps Porzingis,C,Boston Celtics,36016200
2024,27,CJ McCollum,G,New Orleans Pelicans,35802469
2024,28,James Harden,G,LA Clippers,35640000
2024,29,Ja Morant,G,Memphis Grizzlies,34005250
2024,30,Darius Garland,G,Cleveland Cavaliers,34005250
2024,31,Zion Williamson,F,New Orleans Pelicans,34005250
2024,32,Jamal Murray,G,Denver Nuggets,33833400
2024,33,Brandon Ingram,F,New Orleans Pelicans,33833400
2024,34,Shai Gilgeous-Alexander,G,Oklahoma City Thunder,33386850
2024,35,Michael Porter Jr.,F,Denver Nuggets,33386850
2024,36,Donovan Mitchell,G,Cleveland Cavaliers,33162030
2024,37,De'Aaron Fox,G,Sacramento Kings,32600060
2024,38,Bam Adebayo,C,Miami Heat,32600060
2024,39,Jayson Tatum,F,Boston Celtics,32600060
2024,40,Deandre Ayton,C,Portland Trail Blazers,32459438
2024,41,Jaylen Brown,G,Boston Celtics,31830357
2024,42,Gordon Hayward,SF,Oklahoma City Thunder,31500000
2024,43,Chris Paul,G,Golden State Warriors,30800000
2024,44,Domantas Sabonis,F,Sacramento Kings,30600000
2024,45,Khris Middleton,F,Milwaukee Bucks,29320988
2024,46,DeMar DeRozan,G,Chicago Bulls,28600000
2024,47,Julius Randle,F,New York Knicks,28226880
2024,48,Jordan Poole,G,Washington Wizards,27955357
2024,49,Jerami Grant,F,Portland Trail Blazers,27586207
2024,50,Jaren Jackson Jr.,F,Memphis Grizzlies,27102202
2024,51,Tyler Herro,G,Miami Heat,27000000
2024,52,Jalen Brunson,G,New York Knicks,26346666
2024,53,Cameron Johnson,F,Brooklyn Nets,25679348
2024,54,Kyle Kuzma,F,Washington Wizards,25568182
2024,55,John Collins,F,Utah Jazz,25340000
2024,56,Brook Lopez,C,Milwaukee Bucks,25000000
2024,57,Mike Conley,G,Minnesota Timberwolves,24360000
2024,58,Andrew Wiggins,F,Golden State Warriors,24330357
2024,59,Anfernee Simons,G,Portland Trail Blazers,24107143
2024,60,RJ Barrett,F,Toronto Raptors,23883929
2024,61,Jordan Clarkson,G,Utah Jazz,23487629
2024,62,Dillon Brooks,F,Houston Rockets,22627671
2024,63,Malcolm Brogdon,G,Portland Trail Blazers,22500000
2024,64,Draymond Green,F,Golden State Warriors,22321429
2024,65,Aaron Gordon,F,Denver Nuggets,22266182
2024,66,Terry Rozier,G,Miami Heat,22205221
2024,67,Bruce Brown,G,Toronto Raptors,22000000
2024,68,Mikal Bridges,G,Brooklyn Nets,21700000
2024,69,Myles Turner,C,Indiana Pacers,20975000
2024,70,Clint Capela,C,Atlanta Hawks,20616000
2024,71,Lonzo Ball,G,Utah Jazz,20465117
2024,72,De'Andre Hunter,F,Atlanta Hawks,20089286
2024,73,Keldon Johnson,F,San Antonio Spurs,20000000
2024,74,Bojan Bogdanovic,SF,New York Knicks,20000000
2024,75,Jarrett Allen,C,Cleveland Cavaliers,20000000
2024,76,Joe Harris,SF,Detroit Pistons,19928571
2024,77,Jakob Poeltl,C,Toronto Raptors,19500000
2024,78,Buddy Hield,G,Philadelphia 76ers,19279841
2024,79,Evan Fournier,SG,Detroit Pistons,18857143
2024,80,Marcus Smart,G,Memphis Grizzlies,18833712
2024,81,Bogdan Bogdanovic,G,Atlanta Hawks,18700000
2024,82,OG Anunoby,F,New York Knicks,18642857
2024,83,Gary Trent Jr.,G,Toronto Raptors,18560000
2024,84,Nikola Vucevic,C,Chicago Bulls,18518519
2024,85,Derrick White,G,Boston Celtics,18357143
2024,86,Dejounte Murray,G,Atlanta Hawks,18214000
2024,87,Duncan Robinson,F,Miami Heat,18154000
2024,88,Norman Powell,G,LA Clippers,18000000
2024,89,Tim Hardaway Jr.,G,Dallas Mavericks,17897728
2024,90,Jonathan Isaac,F,Orlando Magic,17400000
2024,91,Collin Sexton,G,Utah Jazz,17325000
2024,92,D'Angelo Russell,G,Los Angeles Lakers,17307693
2024,93,Lauri Markkanen,F,Utah Jazz,17259999
2024,94,Marcus Morris Sr.,F,Cleveland Cavaliers,17116279
2024,95,Davis Bertans,SF,Charlotte Hornets,17000000
2024,96,Harrison Barnes,F,Sacramento Kings,17000000
2024,97,Markelle Fultz,G,Orlando Magic,17000000
2024,98,Jusuf Nurkic,C,Phoenix Suns,16875000
2024,99,P.J. Washington,F,Dallas Mavericks,16847826
2024,100,Kevin Porter Jr.,G,Milwaukee Bucks,15860000
2024,101,Rui Hachimura,F,Los Angeles Lakers,15740741
2024,102,Mitchell Robinson,C,New York Knicks,15681818
2024,103,Kevin Huerter,G,Sacramento Kings,15669643
2024,104,Jonas Valanciunas,C,New Orleans Pelicans,15435000
2024,105,Luke Kennard,G,Memphis Grizzlies,15418363
2024,106,Caris LeVert,G,Cleveland Cavaliers,15384616
2024,107,Luguentz Dort,G,Oklahoma City Thunder,15277778
2024,108,Kentavious Caldwell-Pope,G,Denver Nuggets,14704938
2024,109,Max Strus,G,Cleveland Cavaliers,14487684
2024,110,Tyus Jones,G,Washington Wizards,14000000
2024,111,Dorian Finney-Smith,F,Brooklyn Nets,13932008
2024,112,Doug McDermott,F,Indiana Pacers,13750000
2024,113,Wendell Carter Jr.,C,Orlando Magic,13050000
2024,114,Gary Harris,G,Orlando Magic,13000000
2024,115,Josh Hart,G,New York Knicks,12960000
2024,116,Naz Reid,C,Minnesota Timberwolves,12950400
2024,117,Steven Adams,C,Houston Rockets,12600000
2024,118,Brandon Clarke,F,Memphis Grizzlies,12500000
2024,119,Marvin Bagley III,F,Washington Wizards,12500000
2024,120,Dennis Schroder,G,Brooklyn Nets,12405000
2024,121,Daniel Gafford,F,Dallas Mavericks,12402000
2024,122,Grant Williams,F,Charlotte Hornets,12325581
2024,123,Kelly Olynyk,F,Toronto Raptors,12195122
2024,124,Victor Wembanyama,F,San Antonio Spurs,12160680
2024,125,James Wiseman,C,Detroit Pistons,12119400
2024,126,Devonte' Graham,PG,San Antonio Spurs,12100000
2024,127,Richaun Holmes,F,Washington Wizards,12046020
2024,128,Austin Reaves,G,Los Angeles Lakers,12015150
2024,129,Herbert Jones,F,New Orleans Pelicans,12015150
2024,130,Chris Boucher,F,Toronto Raptors,11750000
2024,131,Nicolas Batum,F,Philadelphia 76ers,11710818
2024,132,Bobby Portis,F,Milwaukee Bucks,11710818
2024,133,Robert Covington,PF,Philadelphia 76ers,11692308
2024,134,Paolo Banchero,F,Orlando Magic,11608080
2024,135,Robert Williams III,C,Portland Trail Blazers,11571429
2024,136,Coby White,G,Chicago Bulls,11111111
2024,137,Cade Cunningham,G,Detroit Pistons,11055240
2024,138,Talen Horton-Tucker,SF,Utah Jazz,11020000
2024,139,P.J. Tucker,PF,LA Clippers,11014500
2024,140,Joe Ingles,F,Orlando Magic,11000000
2024,141,Maxi Kleber,F,Dallas Mavericks,11000000
2024,142,Donte DiVincenzo,G,New York Knicks,10960000
2024,143,Ivica Zubac,C,LA Clippers,10933333
2024,144,LaMelo Ball,G,Charlotte Hornets,10900635
2024,145,Brandon Miller,F,Charlotte Hornets,10880400
2024,146,Terance Mann,G,LA Clippers,10576923
2024,147,Matisse Thybulle,G,Portland Trail Blazers,10500000
2024,148,Gabe Vincent,G,Los Angeles Lakers,10500000
2024,149,Alec Burks,SG,New York Knicks,10489600
2024,150,Chet Holmgren,C,Oklahoma City Thunder,10386000
2024,151,Larry Nance Jr.,F,New Orleans Pelicans,10375000
2024,152,Landry Shamet,G,Washington Wizards,10250000
2024,153,Al Horford,C,Boston Celtics,10000000
2024,154,Malik Monk,G,Sacramento Kings,9945830
2024,155,Tre Jones,G,San Antonio Spurs,9895833
2024,156,Jalen Green,G,Houston Rockets,9891480
2024,157,Patrick Williams,F,Chicago Bulls,9835881
2024,158,Monte Morris,PG,Minnesota Timberwolves,9800926
2024,159,Scoot Henderson,G,Portland Trail Blazers,9770880
2024,160,Nic Claxton,C,Brooklyn Nets,9625000
2024,161,Jeff Green,F,Houston Rockets,9600000
2024,162,Royce O'Neale,F,Phoenix Suns,9500000
2024,163,Alex Caruso,G,Chicago Bulls,9460000
2024,164,Victor Oladipo,SG,Guangzhou Loong-Lions,9450000
2024,165,Pat Connaughton,G,Milwaukee Bucks,9423869
2024,166,Jabari Smith Jr.,F,Houston Rockets,9326520
2024,167,Isaiah Hartenstein,C,New York Knicks,9245121
2024,168,Anthony Edwards,G,Minnesota Timberwolves,9219512
2024,169,Kyle Anderson,F,Minnesota Timberwolves,9219512
2024,170,Grayson Allen,G,Phoenix Suns,8925000
2024,171,Isaac Okoro,F,Cleveland Cavaliers,8920795
2024,172,Evan Mobley,C,Cleveland Cavaliers,8882760
2024,173,Amen Thompson,G,Houston Rockets,8809320
2024,174,Georges Niang,F,Cleveland Cavaliers,8800000
2024,175,Gary Payton II,G,Golden State Warriors,8715000
2024,176,T.J. McConnell,G,Indiana Pacers,8700000
2024,177,Keegan Murray,F,Sacramento Kings,8409000
2024,178,Onyeka Okongwu,F,Atlanta Hawks,8109063
2024,179,Scottie Barnes,F,Toronto Raptors,8008560
2024,180,Trey Lyles,PF,Sacramento Kings,8000000
2024,181,De'Anthony Melton,G,Philadelphia 76ers,8000000
2024,182,Moritz Wagner,F,Orlando Magic,8000000
2024,183,Jock Landale,C,Houston Rockets,8000000
2024,184,Ausar Thompson,G,Detroit Pistons,7977480
2024,185,Miles Bridges,F,Charlotte Hornets,7921301
2024,186,Vasilije Micic,G,Charlotte Hornets,7723000
2024,187,Paul Reed,F,Philadelphia 76ers,7723000
2024,188,Zach Collins,F,San Antonio Spurs,7700000
2024,189,Jaden Ivey,G,Detroit Pistons,7641480
2024,190,Cody Martin,SF,Charlotte Hornets,7560000
2024,191,Kevon Looney,F,Golden State Warriors,7500000
2024,192,Taurean Prince,F,Los Angeles Lakers,7455000
2024,193,Killian Hayes,G,Detroit Pistons,7413955
2024,194,Jalen Suggs,G,Orlando Magic,7252080
2024,195,Anthony Black,G,Orlando Magic,7245480
2024,196,Khem Birch,C,San Antonio Spurs,6985000
2024,197,Bennedict Mathurin,G,Indiana Pacers,6916080
2024,198,Obi Toppin,F,Indiana Pacers,6803012
2024,199,Caleb Martin,F,Miami Heat,6802950
2024,200,Cedi Osman,SF,San Antonio Spurs,6718842
2024,201,Bilal Coulibaly,G,Washington Wizards,6614280
2024,202,Josh Giddey,G,Oklahoma City Thunder,6587040
2024,203,Cameron Payne,PG,Philadelphia 76ers,6500000
2024,204,Jae'Sean Tate,F,Houston Rockets,6500000
2024,205,Ayo Dosunmu,G,Chicago Bulls,6481481
2024,206,Rudy Gay,SF,Golden State Warriors,6479000
2024,207,Sasha Vezenkov,F,Sacramento Kings,6341464
2024,208,Shaedon Sharpe,G,Portland Trail Blazers,6313800
2024,209,Otto Porter Jr.,SF,Toronto Raptors,6300000
2024,210,Deni Avdija,F,Washington Wizards,6263188
2024,211,Nassir Little,SF,Phoenix Suns,6250000
2024,212,Jevon Carter,G,Chicago Bulls,6190476
2024,213,Kenrich Williams,G,Oklahoma City Thunder,6175000
2024,214,Ricky Rubio,PG,Cleveland Cavaliers,6146342
2024,215,Jarace Walker,F,Indiana Pacers,6059520
2024,216,Jonathan Kuminga,F,Golden State Warriors,6012840
2024,217,Devin Vassell,G,San Antonio Spurs,5887899
2024,218,Tyrese Haliburton,G,Indiana Pacers,5808435
2024,219,Dyson Daniels,G,New Orleans Pelicans,5784120
2024,220,Kira Lewis Jr.,G,Utah Jazz,5722116
2024,221,Dean Wade,F,Cleveland Cavaliers,5709877
2024,222,Aaron Nesmith,G,Indiana Pacers,5634257
2024,223,Jalen Smith,F,Indiana Pacers,5604192
2024,224,Taylor Hendricks,F,Utah Jazz,5569920
2024,225,Cole Anthony,G,Orlando Magic,5539771
2024,226,Franz Wagner,F,Orlando Magic,5508720
2024,227,Garrett Temple,G,Toronto Raptors,5401000
2024,228,Furkan Korkmaz,SG,Philadelphia 76ers,5370370
2024,229,Jeremy Sochan,F,San Antonio Spurs,5316960
2024,230,Cason Wallace,G,Oklahoma City Thunder,5291000
2024,231,Chuma Okeke,F,Orlando Magic,5266713
2024,232,Isaiah Stewart,F,Detroit Pistons,5266713
2024,233,Davion Mitchell,G,Sacramento Kings,5063760
2024,234,Johnny Davis,G,Washington Wizards,5050800
2024,235,Jett Howard,G,Orlando Magic,5026800
2024,236,Nick Richards,C,Charlotte Hornets,5000000
2024,237,Reggie Jackson,PG,Denver Nuggets,5000000
2024,238,Mason Plumlee,C,LA Clippers,5000000
2024,239,Ziaire Williams,F,Memphis Grizzlies,4810200
2024,240,Ousmane Dieng,F,Oklahoma City Thunder,4798440
2024,241,Dereck Lively II,C,Dallas Mavericks,4775640
2024,242,Josh Green,G,Dallas Mavericks,4765339
2024,243,Jarred Vanderbilt,F,Los Angeles Lakers,4698000
2024,244,Nickeil Alexander-Walker,G,Minnesota Timberwolves,4687500
2024,245,James Bouknight,SG,Charlotte Hornets,4570080
2024,246,Jalen Williams,G,Oklahoma City Thunder,4558680
2024,247,Saddiq Bey,G,Atlanta Hawks,4556983
2024,248,Gradey Dick,G,Toronto Raptors,4536720
2024,249,Jalen McDaniels,F,Toronto Raptors,4516000
2024,250,Precious Achiuwa,PF,New York Knicks,4379527
2024,251,Tyrese Maxey,G,Philadelphia 76ers,4343920
2024,252,Jalen Duren,C,Detroit Pistons,4330680
2024,253,Danuel House Jr.,SF,Philadelphia 76ers,4310250
2024,254,Jordan Hawkins,G,New Orleans Pelicans,4310160
2024,255,Zeke Nnaji,F,Denver Nuggets,4306281
2024,256,Immanuel Quickley,G,Toronto Raptors,4171548
2024,257,Chris Duarte,SG,Sacramento Kings,4124400
2024,258,Ochai Agbaji,G,Toronto Raptors,4114200
2024,259,Kobe Bufkin,G,Atlanta Hawks,4094280
2024,260,Payton Pritchard,G,Boston Celtics,4037278
2024,261,Seth Curry,G,Charlotte Hornets,4000000
2024,262,Troy Brown Jr.,F,Detroit Pistons,4000000
2024,263,Dwight Powell,F,Dallas Mavericks,4000000
2024,264,Moses Moody,G,Golden State Warriors,3918480
2024,265,Mark Williams,C,Charlotte Hornets,3908160
2024,266,Jaden McDaniels,F,Minnesota Timberwolves,3901399
2024,267,Keyonte George,G,Utah Jazz,3889800
2024,268,Malachi Flynn,PG,Detroit Pistons,3873025
2024,269,Desmond Bane,G,Memphis Grizzlies,3845083
2024,270,Kevin Love,F,Miami Heat,3835738
2024,271,Russell Westbrook,G,LA Clippers,3835738
2024,272,Corey Kispert,F,Washington Wizards,3722040
2024,273,AJ Griffin,F,Atlanta Hawks,3712920
2024,274,Jalen Hood-Schifino,G,Los Angeles Lakers,3695040
2024,275,Amir Coffey,G,LA Clippers,3666667
2024,276,Alperen Sengun,C,Houston Rockets,3536280
2024,277,Tari Eason,F,Houston Rockets,3527160
2024,278,Jaime Jaquez Jr.,F,Miami Heat,3510600
2024,279,Mike Muscala,C,Oklahoma City Thunder,3500000
2024,280,Andre Drummond,C,Chicago Bulls,3360000
2024,281,Trey Murphy III,F,New Orleans Pelicans,3359280
2024,282,Brandin Podziemski,G,Golden State Warriors,3352440
2024,283,Dalen Terry,F,Chicago Bulls,3350760
2024,284,Cam Whitmore,F,Houston Rockets,3218160
2024,285,Jake LaRavia,F,Memphis Grizzlies,3199920
2024,286,Derrick Rose,PG,Memphis Grizzlies,3196448
2024,287,Eric Gordon,G,Phoenix Suns,3196448
2024,288,Tre Mann,G,Charlotte Hornets,3191280
2024,289,Noah Clowney,F,Brooklyn Nets,3089520
2024,290,Malaki Branham,G,San Antonio Spurs,3071880
2024,291,Simone Fontecchio,F,Detroit Pistons,3044872
2024,292,Jordan Nwora,SF,Toronto Raptors,3000000
2024,293,Julian Champagnie,F,San Antonio Spurs,3000000
2024,294,Dante Exum,G,Dallas Mavericks,3000000
2024,295,Dariq Whitehead,F,Brooklyn Nets,2966040
2024,296,Christian Braun,G,Denver Nuggets,2949120
2024,297,Jalen Johnson,F,Atlanta Hawks,2925360
2024,298,Josh Richardson,SG,Miami Heat,2891467
2024,299,Kris Murray,F,Portland Trail Blazers,2847480
2024,300,Walker Kessler,C,Utah Jazz,2831160
2024,301,Josh Okogie,G,Phoenix Suns,2815937
2024,302,Keon Johnson,G,Brooklyn Nets,2808720
2024,303,Omer Yurtseven,C,Utah Jazz,2800000
2024,304,Kyle Lowry,G,Philadelphia 76ers,2795839
2024,305,Olivier-Maxence Prosper,F,Dallas Mavericks,2733360
2024,306,David Roddy,F,Phoenix Suns,2718240
2024,307,Christian Wood,F,Los Angeles Lakers,2709849
2024,308,Isaiah Jackson,F,Indiana Pacers,2696280
2024,309,Marcus Sasser,G,Detroit Pistons,2623680
2024,310,MarJon Beauchamp,F,Milwaukee Bucks,2609400
2024,311,Charles Bassey,C,San Antonio Spurs,2600000
2024,312,Kris Dunn,G,Utah Jazz,2586665
2024,313,Damian Jones,C,Cleveland Cavaliers,2586665
2024,314,Bruno Fernando,F,Atlanta Hawks,2581522
2024,315,Willy Hernangomez,C,New Orleans Pelicans,2559942
2024,316,Ben Sheppard,G,Indiana Pacers,2537160
2024,317,Damion Lee,SG,Phoenix Suns,2528233
2024,318,Thomas Bryant,C,Miami Heat,2528233
2024,319,Torrey Craig,SF,Chicago Bulls,2528233
2024,320,Blake Wesley,G,San Antonio Spurs,2504640
2024,321,Josh Christopher,SG,Miami Heat,2485200
2024,322,Nick Smith Jr.,G,Charlotte Hornets,2463960
2024,323,Brice Sensabaugh,F,Utah Jazz,2448600
2024,324,Ty Jerome,G,Cleveland Cavaliers,2439025
2024,325,Julian Strawther,G,Denver Nuggets,2431080
2024,326,Wendell Moore Jr.,F,Minnesota Timberwolves,2421720
2024,327,Kobe Brown,G,LA Clippers,2413320
2024,328,PJ Dozier,G,Minnesota Timberwolves,2413304
2024,329,Luke Kornet,C,Boston Celtics,2413304
2024,330,John Konchar,G,Memphis Grizzlies,2400000
2024,331,Quentin Grimes,G,Detroit Pistons,2385720
2024,332,Keita Bates-Diop,SF,Brooklyn Nets,2364614
2024,333,Nikola Jovic,F,Miami Heat,2352000
2024,334,Yuta Watanabe,SF,Memphis Grizzlies,2346614
2024,335,Drew Eubanks,F,Phoenix Suns,2346614
2024,336,Patrick Baldwin Jr.,G,Washington Wizards,2337720
2024,337,Jordan McLaughlin,G,Minnesota Timberwolves,2320000
2024,338,Bones Hyland,G,LA Clippers,2306400
2024,339,Peyton Watson,G,Denver Nuggets,2303520
2024,340,Cam Thomas,G,Brooklyn Nets,2240160
2024,341,Vlatko Cancar,SF,Denver Nuggets,2234359
2024,342,Vince Williams Jr.,G,Memphis Grizzlies,2232308
2024,343,Jaden Springer,G,Boston Celtics,2226240
2024,344,Day'Ron Sharpe,C,Brooklyn Nets,2210040
2024,345,Jeremiah Robinson-Earl,F,New Orleans Pelicans,2196970
2024,346,Santi Aldama,F,Memphis Grizzlies,2194200
2024,347,Jaxson Hayes,C,Los Angeles Lakers,2165000
2024,348,Cam Reddish,SF,Los Angeles Lakers,2165000
2024,349,Oshae Brissett,SF,Boston Celtics,2165000
2024,350,Andrew Nembhard,G,Indiana Pacers,2131905
2024,351,Kobi Simmons,G,Toronto Raptors,2066585
2024,352,Luka Samanic,F,Utah Jazz,2066585
2024,353,Isaiah Roby,PF,Ulm Ulm,2066585
2024,354,Goga Bitadze,C,Orlando Magic,2062585
2024,355,Tristan Thompson,C,Cleveland Cavaliers,2019796
2024,356,Sandro Mamukelashvili,F,San Antonio Spurs,2019760
2024,357,Alex Len,C,Sacramento Kings,2019760
2024,358,Montrezl Harrell,C,Philadelphia 76ers,2019760
2024,359,Malik Beasley,SG,Milwaukee Bucks,2019760
2024,360,Jae Crowder,PF,Milwaukee Bucks,2019760
2024,361,Frank Ntilikina,PG,Charlotte Hornets,2019706
2024,362,Ish Smith,PG,Charlotte Hornets,2019706
2024,363,Colby Jones,G,Sacramento Kings,2019706
2024,364,Nerlens Noel,C,Sacramento Kings,2019706
2024,365,JaVale McGee,C,Sacramento Kings,2019706
2024,366,Robin Lopez,C,Milwaukee Bucks,2019706
2024,367,Dalano Banton,F,Portland Trail Blazers,2019706
2024,368,Moses Brown,C,Portland Trail Blazers,2019706
2024,369,Bol Bol,C,Phoenix Suns,2019706
2024,370,Mo Bamba,C,Philadelphia 76ers,2019706
2024,371,Kelly Oubre Jr.,G,Philadelphia 76ers,2019706
2024,372,Danny Green,F,Philadelphia 76ers,2019706
2024,373,Trendon Watford,F,Brooklyn Nets,2019706
2024,374,Lonnie Walker IV,G,Brooklyn Nets,2019706
2024,375,Dennis Smith Jr.,PG,Brooklyn Nets,2019706
2024,376,Thanasis Antetokounmpo,F,Milwaukee Bucks,2019706
2024,377,Patrick Beverley,PG,Milwaukee Bucks,2019706
2024,378,Cory Joseph,PG,Golden State Warriors,2019706
2024,379,Aaron Holiday,G,Houston Rockets,2019706
2024,380,Reggie Bullock Jr.,SF,Houston Rockets,2019706
2024,381,Boban Marjanovic,C,Houston Rockets,2019706
2024,382,Dario Saric,F,Golden State Warriors,2019706
2024,383,Chimezie Metu,PF,Detroit Pistons,2019706
2024,384,Ryan Arcidiacono,G,New York Knicks,2019706
2024,385,Jalen Pickett,G,Denver Nuggets,2019706
2024,386,Justin Holiday,F,Denver Nuggets,2019706
2024,387,DeAndre Jordan,C,Denver Nuggets,2019706
2024,388,Derrick Jones Jr.,F,Dallas Mavericks,2019706
2024,389,Markieff Morris,PF,Dallas Mavericks,2019706
2024,390,Terry Taylor,F,Chicago Bulls,2019706
2024,391,Cody Zeller,C,New Orleans Pelicans,2019706
2024,392,Svi Mykhailiuk,G,Boston Celtics,2019706
2024,393,Wesley Matthews,SG,Atlanta Hawks,2019706
2024,394,Jaylin Williams,F,Oklahoma City Thunder,2000000
2024,395,Caleb Houstan,G,Orlando Magic,2000000
2024,396,Garrison Mathews,G,Atlanta Hawks,2000000
2024,397,Anthony Gill,F,Washington Wizards,1997239
2024,398,R.J. Hampton,G,Miami Heat,1997238
2024,399,Isaiah Joe,G,Oklahoma City Thunder,1997238
2024,400,Sam Merrill,G,Cleveland Cavaliers,1997238
2024,401,GG Jackson,F,Memphis Grizzlies,1991428
2024,402,Duop Reath,C,Portland Trail Blazers,1951220
2024,403,Lamar Stevens,F,Memphis Grizzlies,1930681
2024,404,KJ Martin,F,Philadelphia 76ers,1930681
2024,406,Naji Marshall,F,New Orleans Pelicans,1930681
2024,407,Xavier Tillman,F,Boston Celtics,1930681
2024,408,Kessler Edwards,F,Sacramento Kings,1927896
2024,409,Jericho Sims,C,New York Knicks,1927896
2024,410,Joe Wieskamp,SF,Dallas Mavericks,1927896
2024,411,Sam Hauser,F,Boston Celtics,1927896
2024,412,Carlik Jones,G,Chicago Bulls,1922896
2024,413,Haywood Highsmith,F,Miami Heat,1902137
2024,414,Kevin Knox II,F,Detroit Pistons,1845593
2024,415,JT Thor,F,Charlotte Hornets,1836096
2024,416,Isaiah Todd,PF,Memphis Grizzlies,1836096
2024,417,Isaiah Livers,F,Detroit Pistons,1836096
2024,418,Aaron Wiggins,G,Oklahoma City Thunder,1836096
2024,419,Miles McBride,G,New York Knicks,1836096
2024,420,Brandon Boston,SG,LA Clippers,1836096
2024,421,Marko Simonovic,C,Chicago Bulls,1836096
2024,422,Jose Alvarado,G,New Orleans Pelicans,1836096
2024,423,Jack White,F,Memphis Grizzlies,1801769
2024,424,AJ Green,G,Milwaukee Bucks,1801769
2024,425,Orlando Robinson,C,Miami Heat,1801769
2024,426,Dru Smith,G,Miami Heat,1801769
2024,427,E.J. Liddell,F,New Orleans Pelicans,1801769
2024,428,Leonard Miller,F,Minnesota Timberwolves,1800000
2024,429,Joshua Primo,G,LA Clippers,1764341
2024,430,Daniel Theis,C,LA Clippers,1741126
2024,431,Bryce McGowens,G,Charlotte Hornets,1719865
2024,432,Xavier Cooks,G,Washington Wizards,1719864
2024,433,Jabari Walker,F,Portland Trail Blazers,1719864
2024,434,Josh Minott,F,Minnesota Timberwolves,1719864
2024,435,Tyrese Martin,G,Philadelphia 76ers,1719864
2024,436,Max Christie,G,Los Angeles Lakers,1719864
2024,437,Jaden Hardy,G,Dallas Mavericks,1719864
2024,438,Julian Phillips,F,Chicago Bulls,1600000
2024,439,Spencer Dinwiddie,PG,Los Angeles Lakers,1554654
2024,440,Craig Porter Jr.,G,Cleveland Cavaliers,1500000
2024,441,Sidy Cissoko,G,San Antonio Spurs,1119563
2024,442,Filip Petrusev,PF,Sacramento Kings,1119563
2024,443,Rayan Rupert,G,Portland Trail Blazers,1119563
2024,444,Toumani Camara,F,Portland Trail Blazers,1119563
2024,445,Chris Livingston,F,Milwaukee Bucks,1119563
2024,446,Andre Jackson Jr.,G,Milwaukee Bucks,1119563
2024,447,Maxwell Lewis,F,Los Angeles Lakers,1119563
2024,448,Trayce Jackson-Davis,F,Golden State Warriors,1119563
2024,449,Hunter Tyson,F,Denver Nuggets,1119563
2024,450,Jordan Walsh,G,Boston Celtics,1119563
2024,451,Mouhamed Gueye,F,Atlanta Hawks,1119563
2024,452,Kendall Brown,G,Indiana Pacers,1100000
2024,453,Gui Santos,F,Golden State Warriors,1029483
2024,454,A.J. Lawson,G,Dallas Mavericks,1000000
2024,455,Eugene Omoruyi,F,Washington Wizards,900000
2024,456,Jalen Wilson,F,Brooklyn Nets,850000
2024,457,James Johnson,PF,Indiana Pacers,777703
2024,458,Lindy Waters III,F,Oklahoma City Thunder,766095
2024,459,Bismack Biyombo,C,Oklahoma City Thunder,754488
2024,460,Keon Ellis,G,Sacramento Kings,683430
2024,461,Danilo Gallinari,PF,Milwaukee Bucks,661628
2024,462,Delon Wright,G,Miami Heat,661628
2024,463,Thaddeus Young,F,Phoenix Suns,638413
2024,464,Aleksej Pokusevski,F,Charlotte Hornets,565176
2024,465,Trent Forrest,G,Atlanta Hawks,553151
2024,466,Shake Milton,SG,New York Knicks,552938
2024,467,Lester Quinones,G,Golden State Warriors,548815
2024,468,Stanley Umude,G,Detroit Pistons,538460
2024,469,Kenneth Lofton Jr.,F,Utah Jazz,500000
2024,470,Darius Bazley,F,Utah Jazz,500000
2024,471,Patty Mills,PG,Miami Heat,475908
2024,472,Dominick Barlow,F,San Antonio Spurs,455620
2024,473,Taj Gibson,F,Detroit Pistons,348225
2024,474,Onuralp Bitim,SF,Chicago Bulls,334582
2024,475,Javon Freeman-Liberty,G,Toronto Raptors,289542
2025,1,Stephen Curry,G,Golden State Warriors,55761216
2025,2,Joel Embiid,C,Philadelphia 76ers,51415938
2025,3,Nikola Jokic,C,Denver Nuggets,51415938
2025,4,Kevin Durant,F,Phoenix Suns,51179021
2025,5,Bradley Beal,G,Phoenix Suns,50203930
2025,6,Kawhi Leonard,F,LA Clippers,49350000
2025,7,Devin Booker,G,Phoenix Suns,49205800
2025,8,Paul George,F,Philadelphia 76ers,49205800
2025,9,Karl-Anthony Towns,C,New York Knicks,49205800
2025,10,Jaylen Brown,G,Boston Celtics,49205800
2025,11,Jimmy Butler III,F,Golden State Warriors,48798677
2025,12,Giannis Antetokounmpo,F,Milwaukee Bucks,48787676
2025,13,Damian Lillard,G,Milwaukee Bucks,48787676
2025,14,LeBron James,F,Los Angeles Lakers,48728845
2025,15,Zach LaVine,G,Sacramento Kings,44531940
2025,16,Rudy Gobert,C,Minnesota Timberwolves,43827587
2025,17,Anthony Davis,F,Dallas Mavericks,43219440
2025,18,Luka Doncic,G,Los Angeles Lakers,43031940
2025,19,Trae Young,G,Atlanta Hawks,43031940
2025,20,Fred VanVleet,G,Houston Rockets,42846615
2025,21,Lauri Markkanen,F,Utah Jazz,42176400
2025,22,Anthony Edwards,G,Minnesota Timberwolves,42176400
2025,23,Tyrese Haliburton,G,Indiana Pacers,42176000
2025,24,Pascal Siakam,F,Indiana Pacers,42176000
2025,25,Kyrie Irving,G,Dallas Mavericks,41000000
2025,26,Domantas Sabonis,F,Sacramento Kings,40500000
2025,27,Ja Morant,G,Memphis Grizzlies,36725670
2025,28,Darius Garland,G,Cleveland Cavaliers,36725670
2025,29,Zion Williamson,F,New Orleans Pelicans,36725670
2025,30,OG Anunoby,F,New York Knicks,36637931
2025,31,Brandon Ingram,F,New Orleans Pelicans,36016200
2025,32,Jamal Murray,G,Denver Nuggets,36016200
2025,33,Shai Gilgeous-Alexander,G,Oklahoma City Thunder,35859950
2025,34,Michael Porter Jr.,F,Denver Nuggets,35859950
2025,35,Donovan Mitchell,G,Cleveland Cavaliers,35410310
2025,36,LaMelo Ball,G,Charlotte Hornets,35147000
2025,37,Tyrese Maxey,G,Philadelphia 76ers,35147000
2025,38,De'Aaron Fox,G,San Antonio Spurs,34848340
2025,39,Bam Adebayo,C,Miami Heat,34848340
2025,40,Jayson Tatum,F,Boston Celtics,34848340
2025,41,Desmond Bane,G,Memphis Grizzlies,34005250
2025,42,Deandre Ayton,C,Portland Trail Blazers,34005126
2025,43,James Harden,G,LA Clippers,33653846
2025,44,CJ McCollum,G,New Orleans Pelicans,33333333
2025,45,Julius Randle,F,Minnesota Timberwolves,33073920
2025,46,Immanuel Quickley,G,Toronto Raptors,32500000
2025,47,Khris Middleton,F,Washington Wizards,31666676
2025,48,Isaiah Hartenstein,C,Oklahoma City Thunder,30000000
2025,49,Jrue Holiday,G,Boston Celtics,30000000
2025,50,Jerami Grant,F,Portland Trail Blazers,29793104
2025,51,Jordan Poole,G,Washington Wizards,29651786
2025,52,Dejounte Murray,G,New Orleans Pelicans,29535801
2025,53,Devin Vassell,G,San Antonio Spurs,29347826
2025,54,Kristaps Porzingis,C,Boston Celtics,29268293
2025,55,Tyler Herro,G,Miami Heat,29000000
2025,56,Nic Claxton,C,Brooklyn Nets,27556817
2025,57,Miles Bridges,F,Charlotte Hornets,27173913
2025,58,John Collins,F,Utah Jazz,26580000
2025,59,Andrew Wiggins,F,Miami Heat,26276786
2025,60,Anfernee Simons,G,Portland Trail Blazers,25892857
2025,61,RJ Barrett,F,Toronto Raptors,25794643
2025,62,Tobias Harris,F,Detroit Pistons,25365854
2025,63,Jaren Jackson Jr.,F,Memphis Grizzlies,25257798
2025,64,Jonathan Isaac,F,Orlando Magic,25000000
2025,65,Jalen Brunson,G,New York Knicks,24960001
2025,66,Terry Rozier,G,Miami Heat,24924126
2025,67,Draymond Green,F,Golden State Warriors,24107143
2025,68,DeMar DeRozan,G,Sacramento Kings,23400000
2025,69,Mikal Bridges,G,New York Knicks,23300000
2025,70,Jaden McDaniels,F,Minnesota Timberwolves,23017242
2025,71,Brook Lopez,C,Milwaukee Bucks,23000000
2025,72,Bruce Brown,G,New Orleans Pelicans,23000000
2025,73,Aaron Gordon,F,Denver Nuggets,22841455
2025,74,Kentavious Caldwell-Pope,G,Orlando Magic,22757000
2025,75,Malcolm Brogdon,G,Washington Wizards,22500000
2025,76,Cameron Johnson,F,Brooklyn Nets,22500000
2025,77,Kyle Kuzma,F,Milwaukee Bucks,22410605
2025,78,Clint Capela,C,Atlanta Hawks,22265280
2025,79,Dillon Brooks,F,Houston Rockets,22255493
2025,80,De'Andre Hunter,F,Cleveland Cavaliers,21696429
2025,81,Lonzo Ball,G,Chicago Bulls,21395348
2025,82,Marcus Smart,G,Washington Wizards,20210285
2025,83,Derrick White,G,Boston Celtics,20017429
2025,84,Jarrett Allen,C,Cleveland Cavaliers,20000000
2025,85,Nikola Vucevic,C,Chicago Bulls,20000000
2025,86,Myles Turner,C,Indiana Pacers,19928500
2025,87,Jakob Poeltl,C,Toronto Raptors,19500000
2025,88,Duncan Robinson,F,Miami Heat,19406000
2025,89,Norman Powell,G,LA Clippers,19241379
2025,90,Bojan Bogdanovic,SF,Brooklyn Nets,19032850
2025,91,Keldon Johnson,F,San Antonio Spurs,19000000
2025,92,D'Angelo Russell,G,Brooklyn Nets,18692307
2025,93,Patrick Williams,F,Chicago Bulls,18500000
2025,94,Collin Sexton,G,Utah Jazz,18350000
2025,95,Josh Hart,G,New York Knicks,18144000
2025,96,Jusuf Nurkic,C,Charlotte Hornets,18125000
2025,97,Harrison Barnes,F,San Antonio Spurs,18000000
2025,98,Malik Monk,G,Sacramento Kings,17405202
2025,99,Bogdan Bogdanovic,G,LA Clippers,17260000
2025,100,Rui Hachimura,F,Los Angeles Lakers,17000000
2025,101,Kevin Huerter,G,Chicago Bulls,16830357
2025,102,Zach Collins,F,Chicago Bulls,16741200
2025,103,Caris LeVert,G,Atlanta Hawks,16615384
2025,104,Luguentz Dort,G,Oklahoma City Thunder,16500000
2025,105,Tim Hardaway Jr.,G,Detroit Pistons,16193183
2025,106,Davis Bertans,SF,Charlotte Hornets,16000000
2025,107,Klay Thompson,G,Dallas Mavericks,15873016
2025,108,Deni Avdija,F,Portland Trail Blazers,15625000
2025,109,Grayson Allen,G,Phoenix Suns,15625000
2025,110,P.J. Washington,F,Dallas Mavericks,15500000
2025,111,Max Strus,G,Cleveland Cavaliers,15212068
2025,112,Isaiah Stewart,F,Detroit Pistons,15000000
2025,113,Dorian Finney-Smith,F,Los Angeles Lakers,14924168
2025,114,Mitchell Robinson,C,New York Knicks,14318182
2025,115,Jordan Clarkson,G,Utah Jazz,14092577
2025,116,Onyeka Okongwu,F,Atlanta Hawks,14000000
2025,117,Naz Reid,C,Minnesota Timberwolves,13986432
2025,118,Cade Cunningham,G,Detroit Pistons,13940658
2025,119,Daniel Gafford,F,Dallas Mavericks,13394160
2025,120,Grant Williams,F,Charlotte Hornets,13025250
2025,121,Dennis Schroder,G,Detroit Pistons,13025250
2025,122,Isaiah Joe,G,Oklahoma City Thunder,12991650
2025,123,Austin Reaves,G,Los Angeles Lakers,12976362
2025,124,Herbert Jones,F,New Orleans Pelicans,12976362
2025,125,Obi Toppin,F,Indiana Pacers,12946429
2025,126,Cole Anthony,G,Orlando Magic,12900000
2025,127,De'Anthony Melton,G,Golden State Warriors,12822000
2025,128,Kelly Olynyk,F,New Orleans Pelicans,12804878
2025,129,Victor Wembanyama,F,San Antonio Spurs,12768960
2025,130,Josh Green,G,Charlotte Hornets,12654321
2025,131,Devonte' Graham,PG,Portland Trail Blazers,12650000
2025,132,Richaun Holmes,F,Washington Wizards,12648321
2025,133,Steven Adams,C,Houston Rockets,12600000
2025,134,Bobby Portis,F,Milwaukee Bucks,12578286
2025,135,Zaccharie Risacher,F,Atlanta Hawks,12569040
2025,136,Marvin Bagley III,F,Memphis Grizzlies,12500000
2025,137,Brandon Clarke,F,Memphis Grizzlies,12500000
2025,138,Jalen Green,G,Houston Rockets,12483048
2025,139,Robert Williams III,C,Portland Trail Blazers,12428571
2025,140,Paolo Banchero,F,Orlando Magic,12160800
2025,141,Coby White,G,Chicago Bulls,12000000
2025,142,Wendell Carter Jr.,C,Orlando Magic,11950000
2025,143,Ivica Zubac,C,LA Clippers,11743210
2025,144,Donte DiVincenzo,G,Minnesota Timberwolves,11445000
2025,145,Brandon Miller,F,Charlotte Hornets,11424600
2025,146,Terance Mann,G,Atlanta Hawks,11423077
2025,147,Alex Sarr,C,Washington Wizards,11245680
2025,148,Evan Mobley,C,Cleveland Cavaliers,11227809
2025,149,Larry Nance Jr.,F,Atlanta Hawks,11205000
2025,150,Matisse Thybulle,G,Portland Trail Blazers,11025160
2025,151,Moritz Wagner,F,Orlando Magic,11000000
2025,152,Gabe Vincent,G,Los Angeles Lakers,11000000
2025,153,Maxi Kleber,F,Dallas Mavericks,11000000
2025,154,Aaron Nesmith,G,Indiana Pacers,11000000
2025,155,Chet Holmgren,C,Oklahoma City Thunder,10880640
2025,156,Chris Boucher,F,Toronto Raptors,10810000
2025,157,Jarred Vanderbilt,F,Los Angeles Lakers,10714286
2025,158,Aaron Wiggins,G,Oklahoma City Thunder,10514017
2025,159,Chris Paul,G,San Antonio Spurs,10460000
2025,160,Scoot Henderson,G,Portland Trail Blazers,10259160
2025,161,Isaac Okoro,F,Cleveland Cavaliers,10185185
2025,162,Scottie Barnes,F,Toronto Raptors,10130980
2025,163,Reed Sheppard,G,Houston Rockets,10098960
2025,164,Mike Conley,G,Minnesota Timberwolves,9975962
2025,165,Jonas Valanciunas,C,Sacramento Kings,9900000
2025,166,Alex Caruso,G,Oklahoma City Thunder,9890000
2025,167,Royce O'Neale,F,Phoenix Suns,9821429
2025,168,Jabari Smith Jr.,F,Houston Rockets,9770880
2025,169,Derrick Jones Jr.,F,LA Clippers,9523810
2025,170,Al Horford,C,Boston Celtics,9500000
2025,171,Pat Connaughton,G,Milwaukee Bucks,9423869
2025,172,T.J. McConnell,G,Indiana Pacers,9300000
2025,173,Luke Kennard,G,Memphis Grizzlies,9250000
2025,174,Amen Thompson,G,Houston Rockets,9249960
2025,175,Jalen Suggs,G,Orlando Magic,9188385
2025,176,Stephon Castle,G,San Antonio Spurs,9131760
2025,177,Gary Payton II,G,Golden State Warriors,9130000
2025,178,Tre Jones,G,Chicago Bulls,9104167
2025,179,Goga Bitadze,C,Orlando Magic,9057971
2025,180,Zeke Nnaji,F,Denver Nuggets,8888889
2025,181,Keegan Murray,F,Sacramento Kings,8809560
2025,182,Kyle Anderson,F,Miami Heat,8780488
2025,183,Buddy Hield,G,Golden State Warriors,8780488
2025,184,Naji Marshall,F,Dallas Mavericks,8571429
2025,185,Jalen Smith,F,Chicago Bulls,8571429
2025,186,Georges Niang,F,Atlanta Hawks,8500000
2025,187,Ausar Thompson,G,Detroit Pistons,8376000
2025,188,Josh Giddey,G,Chicago Bulls,8352367
2025,189,Josh Okogie,G,Charlotte Hornets,8250000
2025,190,Ronald Holland II,F,Detroit Pistons,8245320
2025,191,Caleb Martin,F,Dallas Mavericks,8149001
2025,192,Cody Martin,SF,Phoenix Suns,8120000
2025,193,Trey Lyles,PF,Sacramento Kings,8000000
2025,194,Jock Landale,C,Houston Rockets,8000000
2025,195,Jeff Green,F,Houston Rockets,8000000
2025,196,Kevon Looney,F,Golden State Warriors,8000000
2025,197,Kelly Oubre Jr.,G,Philadelphia 76ers,7983000
2025,198,Jaden Ivey,G,Detroit Pistons,7977240
2025,199,KJ Martin,F,Utah Jazz,7975000
2025,200,Vasilije Micic,G,Phoenix Suns,7723000
2025,201,Simone Fontecchio,F,Detroit Pistons,7692308
2025,202,Jonathan Kuminga,F,Golden State Warriors,7636154
2025,203,Anthony Black,G,Orlando Magic,7607760
2025,204,Jae'Sean Tate,F,Houston Rockets,7565217
2025,205,Tidjane Salaun,F,Charlotte Hornets,7488720
2025,206,Bennedict Mathurin,G,Indiana Pacers,7245720
2025,207,Max Christie,G,Dallas Mavericks,7142857
2025,208,Franz Wagner,F,Orlando Magic,7007092
2025,209,Ayo Dosunmu,G,Chicago Bulls,7000000
2025,210,Bilal Coulibaly,G,Washington Wizards,6945240
2025,211,Nassir Little,SF,Miami Heat,6750000
2025,212,Gary Harris,G,Orlando Magic,6730769
2025,213,Payton Pritchard,G,Boston Celtics,6696429
2025,214,Kenrich Williams,G,Oklahoma City Thunder,6669000
2025,215,Sasha Vezenkov,F,Toronto Raptors,6658536
2025,216,Shaedon Sharpe,G,Portland Trail Blazers,6614160
2025,217,Donovan Clingan,C,Portland Trail Blazers,6586440
2025,218,Jevon Carter,G,Chicago Bulls,6500000
2025,219,Davion Mitchell,G,Miami Heat,6451230
2025,220,Saddiq Bey,G,New Orleans Pelicans,6440678
2025,221,Jarace Walker,F,Indiana Pacers,6362520
2025,222,Rob Dillingham,G,Minnesota Timberwolves,6262920
2025,223,Dean Wade,F,Cleveland Cavaliers,6166667
2025,224,John Konchar,G,Memphis Grizzlies,6165000
2025,225,Ziaire Williams,F,Brooklyn Nets,6133005
2025,226,Dyson Daniels,G,Atlanta Hawks,6059520
2025,227,Precious Achiuwa,PF,New York Knicks,6000000
2025,228,Malik Beasley,SG,Detroit Pistons,6000000
2025,229,Chris Duarte,SG,Chicago Bulls,5893768
2025,230,Taylor Hendricks,F,Utah Jazz,5848680
2025,231,Moses Moody,G,Golden State Warriors,5803269
2025,232,Zach Edey,C,Memphis Grizzlies,5756880
2025,233,Corey Kispert,F,Washington Wizards,5705888
2025,234,Jeremy Sochan,F,San Antonio Spurs,5570040
2025,235,Cason Wallace,G,Oklahoma City Thunder,5555880
2025,236,Cody Williams,F,Utah Jazz,5485080
2025,237,Alperen Sengun,C,Houston Rockets,5424654
2025,238,Johnny Davis,G,Washington Wizards,5291160
2025,239,Jett Howard,G,Orlando Magic,5278320
2025,240,Haywood Highsmith,F,Miami Heat,5200000
2025,241,Matas Buzelis,F,Chicago Bulls,5195520
2025,242,Kris Dunn,G,LA Clippers,5168000
2025,243,Dario Saric,F,Denver Nuggets,5168000
2025,244,Trey Murphy III,F,New Orleans Pelicans,5159855
2025,245,Ousmane Dieng,F,Oklahoma City Thunder,5027040
2025,246,Dereck Lively II,C,Dallas Mavericks,5014560
2025,247,Nick Richards,C,Phoenix Suns,5000000
2025,248,Andre Drummond,C,Philadelphia 76ers,5000000
2025,249,Drew Eubanks,F,LA Clippers,5000000
2025,250,Nikola Topic,G,Oklahoma City Thunder,4935960
2025,251,Tre Mann,G,Charlotte Hornets,4908189
2025,252,Jalen Williams,G,Oklahoma City Thunder,4775760
2025,253,Gradey Dick,G,Toronto Raptors,4763760
2025,254,Jalen McDaniels,F,Washington Wizards,4741800
2025,255,Miles McBride,G,New York Knicks,4710144
2025,256,Devin Carter,G,Sacramento Kings,4702800
2025,257,Nicolas Batum,F,LA Clippers,4668000
2025,258,Aaron Holiday,G,Houston Rockets,4668000
2025,259,Jalen Duren,C,Detroit Pistons,4536840
2025,260,Jordan Hawkins,G,New Orleans Pelicans,4525680
2025,261,Jalen Johnson,F,Atlanta Hawks,4510905
2025,262,Bub Carrington,G,Washington Wizards,4454880
2025,263,Isaiah Jackson,F,Indiana Pacers,4435381
2025,264,Nickeil Alexander-Walker,G,Minnesota Timberwolves,4312500
2025,265,Ochai Agbaji,G,Toronto Raptors,4310280
2025,266,Kobe Bufkin,G,Atlanta Hawks,4299000
2025,267,Quentin Grimes,G,Philadelphia 76ers,4296615
2025,268,Kel'el Ware,C,Miami Heat,4231800
2025,269,Bones Hyland,G,Minnesota Timberwolves,4158439
2025,270,Mark Williams,C,Charlotte Hornets,4094280
2025,271,Keyonte George,G,Utah Jazz,4084200
2025,272,Cam Thomas,G,Brooklyn Nets,4041249
2025,273,Jared McCain,G,Philadelphia 76ers,4032240
2025,274,Dwight Powell,F,Dallas Mavericks,4000000
2025,275,Day'Ron Sharpe,C,Brooklyn Nets,3989122
2025,276,Santi Aldama,F,Memphis Grizzlies,3960531
2025,277,Amir Coffey,G,LA Clippers,3938271
2025,278,AJ Griffin,F,Houston Rockets,3889920
2025,279,Jalen Hood-Schifino,G,Philadelphia 76ers,3879840
2025,280,Kevin Love,F,Miami Heat,3850000
2025,281,Dalton Knecht,F,Los Angeles Lakers,3819120
2025,282,Tari Eason,F,Houston Rockets,3695160
2025,283,Jaime Jaquez Jr.,F,Miami Heat,3685800
2025,284,Tristan da Silva,F,Orlando Magic,3628440
2025,285,Ja'Kobe Walter,G,Toronto Raptors,3565000
2025,286,Brandin Podziemski,G,Golden State Warriors,3519960
2025,287,Dalen Terry,F,Chicago Bulls,3510480
2025,288,Svi Mykhailiuk,G,Utah Jazz,3500000
2025,289,Cody Zeller,C,Houston Rockets,3500000
2025,290,Cam Whitmore,F,Houston Rockets,3379080
2025,291,Derrick Rose,PG,Memphis Grizzlies,3356271
2025,292,Jake LaRavia,F,Sacramento Kings,3352680
2025,293,Jaylon Tyson,G,Cleveland Cavaliers,3326160
2025,294,Eric Gordon,G,Philadelphia 76ers,3303771
2025,295,Cory Joseph,PG,Orlando Magic,3303771
2025,296,Russell Westbrook,G,Denver Nuggets,3303771
2025,297,Noah Clowney,F,Brooklyn Nets,3244080
2025,298,Malaki Branham,G,San Antonio Spurs,3217920
2025,299,Yves Missi,C,New Orleans Pelicans,3202560
2025,300,Dante Exum,G,Dallas Mavericks,3150000
2025,301,Dariq Whitehead,F,Brooklyn Nets,3114240
2025,302,Christian Braun,G,Denver Nuggets,3089640
2025,303,Johnny Juzang,G,Utah Jazz,3087519
2025,304,DaRon Holmes II,F,Denver Nuggets,3065640
2025,305,Josh Richardson,SG,Miami Heat,3051153
2025,306,Christian Wood,F,Los Angeles Lakers,3036040
2025,307,Kyle Filipowski,F,Utah Jazz,3000000
2025,308,Ajay Mitchell,G,Oklahoma City Thunder,3000000
2025,309,Julian Champagnie,F,San Antonio Spurs,3000000
2025,310,Kris Murray,F,Portland Trail Blazers,2990040
2025,311,Walker Kessler,C,Utah Jazz,2965920
2025,312,Shake Milton,SG,Los Angeles Lakers,2875000
2025,313,Olivier-Maxence Prosper,F,Dallas Mavericks,2869920
2025,314,David Roddy,F,Houston Rockets,2847240
2025,315,Torrey Craig,SF,Boston Celtics,2845342
2025,316,Kyshawn George,F,Washington Wizards,2825520
2025,317,AJ Johnson,G,Washington Wizards,2795294
2025,318,Marcus Sasser,G,Detroit Pistons,2755080
2025,319,MarJon Beauchamp,F,New York Knicks,2733720
2025,320,Trendon Watford,F,Brooklyn Nets,2726603
2025,321,Ben Sheppard,G,Indiana Pacers,2663880
2025,322,Omer Yurtseven,C,Golden State Warriors,2660000
2025,323,Keita Bates-Diop,SF,Minnesota Timberwolves,2654644
2025,324,Blake Wesley,G,San Antonio Spurs,2624280
2025,325,Dillon Jones,F,Oklahoma City Thunder,2622360
2025,326,Nick Smith Jr.,G,Charlotte Hornets,2587200
2025,327,Brice Sensabaugh,F,Utah Jazz,2571480
2025,328,Ty Jerome,G,Cleveland Cavaliers,2560975
2025,329,Julian Strawther,G,Denver Nuggets,2552520
2025,330,Terrence Shannon Jr.,G,Minnesota Timberwolves,2546640
2025,331,Ryan Dunn,F,Phoenix Suns,2538240
2025,332,Wendell Moore Jr.,F,Charlotte Hornets,2537040
2025,333,Kobe Brown,G,LA Clippers,2533920
2025,334,Isaiah Collier,G,Utah Jazz,2520120
2025,335,Baylor Scheierman,G,Boston Celtics,2494320
2025,336,Nikola Jovic,F,Miami Heat,2464200
2025,337,Darius Bazley,F,Utah Jazz,2463946
2025,338,Jaxson Hayes,C,Los Angeles Lakers,2463946
2025,339,Cam Reddish,SF,Los Angeles Lakers,2463946
2025,340,Patrick Baldwin Jr.,G,LA Clippers,2448840
2025,341,DaQuan Jeffries,G,Charlotte Hornets,2425204
2025,342,Tristan Vukcevic,F,Washington Wizards,2424892
2025,343,Peyton Watson,G,Denver Nuggets,2413560
2025,344,Aleksej Pokusevski,F,Charlotte Hornets,2273252
2025,345,Mamadi Diakite,F,Phoenix Suns,2273252
2025,346,Charlie Brown Jr.,G,Memphis Grizzlies,2237692
2025,347,James Wiseman,C,Indiana Pacers,2237691
2025,348,Anthony Gill,F,Washington Wizards,2237691
2025,349,Kevin Porter Jr.,G,Milwaukee Bucks,2237691
2025,350,Xavier Tillman,F,Boston Celtics,2237691
2025,351,Garrison Mathews,G,Atlanta Hawks,2230253
2025,352,Eugene Omoruyi,F,Toronto Raptors,2196970
2025,353,Dalano Banton,F,Portland Trail Blazers,2196970
2025,354,Jeff Dowtin Jr.,G,Philadelphia 76ers,2196970
2025,355,Lindy Waters III,F,Detroit Pistons,2196970
2025,356,Kai Jones,PF,Dallas Mavericks,2196970
2025,357,Jeremiah Robinson-Earl,F,New Orleans Pelicans,2196970
2025,358,Sam Merrill,G,Cleveland Cavaliers,2164993
2025,359,Duane Washington Jr.,PG,Charlotte Hornets,2162607
2025,360,Keon Johnson,G,Brooklyn Nets,2162606
2025,361,Luka Garza,C,Minnesota Timberwolves,2162606
2025,362,Neemias Queta,C,Boston Celtics,2162606
2025,363,Vit Krejci,G,Atlanta Hawks,2162606
2025,364,Vince Williams Jr.,G,Memphis Grizzlies,2120693
2025,365,A.J. Lawson,G,Toronto Raptors,2120693
2025,366,Colby Jones,G,Washington Wizards,2120693
2025,367,Keon Ellis,G,Sacramento Kings,2120693
2025,368,Kendall Brown,G,Boston Celtics,2120693
2025,369,AJ Green,G,Milwaukee Bucks,2120693
2025,370,Stanley Umude,G,Milwaukee Bucks,2120693
2025,371,E.J. Liddell,F,Chicago Bulls,2120693
2025,372,Jericho Sims,C,Milwaukee Bucks,2092344
2025,373,Sam Hauser,F,Boston Celtics,2092344
2025,374,Jay Huff,C,Memphis Grizzlies,2088033
2025,375,Seth Curry,G,Charlotte Hornets,2087519
2025,376,Taj Gibson,F,Charlotte Hornets,2087519
2025,377,Scotty Pippen Jr.,G,Memphis Grizzlies,2087519
2025,378,Bruno Fernando,F,Toronto Raptors,2087519
2025,379,Garrett Temple,G,Toronto Raptors,2087519
2025,380,Reggie Jackson,PG,Philadelphia 76ers,2087519
2025,381,Daniel Theis,C,New Orleans Pelicans,2087519
2025,382,Charles Bassey,C,San Antonio Spurs,2087519
2025,383,Sandro Mamukelashvili,F,San Antonio Spurs,2087519
2025,384,Jordan McLaughlin,G,San Antonio Spurs,2087519
2025,385,Doug McDermott,F,Sacramento Kings,2087519
2025,386,Bol Bol,C,Phoenix Suns,2087519
2025,387,Tyus Jones,G,Phoenix Suns,2087519
2025,388,Monte Morris,PG,Phoenix Suns,2087519
2025,389,Damion Lee,SG,Phoenix Suns,2087519
2025,390,Mason Plumlee,C,Phoenix Suns,2087519
2025,391,Guerschon Yabusele,F,Philadelphia 76ers,2087519
2025,392,Kyle Lowry,G,Philadelphia 76ers,2087519
2025,393,Tyler Kolek,G,New York Knicks,2087519
2025,394,Delon Wright,G,New York Knicks,2087519
2025,395,Cameron Payne,PG,New York Knicks,2087519
2025,396,PJ Dozier,G,Minnesota Timberwolves,2087519
2025,397,Joe Ingles,F,Minnesota Timberwolves,2087519
2025,398,Gary Trent Jr.,G,Milwaukee Bucks,2087519
2025,399,Taurean Prince,F,Milwaukee Bucks,2087519
2025,400,Alec Burks,SG,Miami Heat,2087519
2025,401,Markieff Morris,PF,Los Angeles Lakers,2087519
2025,402,Patty Mills,PG,LA Clippers,2087519
2025,403,Thomas Bryant,C,Indiana Pacers,2087519
2025,404,James Johnson,PF,Indiana Pacers,2087519
2025,405,Vlatko Cancar,SF,Denver Nuggets,2087519
2025,406,DeAndre Jordan,C,Denver Nuggets,2087519
2025,407,Spencer Dinwiddie,PG,Dallas Mavericks,2087519
2025,408,Tristan Thompson,C,Cleveland Cavaliers,2087519
2025,409,Talen Horton-Tucker,SF,Chicago Bulls,2087519
2025,410,Mo Bamba,C,New Orleans Pelicans,2087519
2025,411,Luke Kornet,C,Boston Celtics,2087519
2025,412,Duop Reath,C,Portland Trail Blazers,2048780
2025,413,Jaylin Williams,F,Oklahoma City Thunder,2019699
2025,414,Bryce McGowens,G,Portland Trail Blazers,2019699
2025,415,Jabari Walker,F,Portland Trail Blazers,2019699
2025,416,Josh Minott,F,Minnesota Timberwolves,2019699
2025,417,Andrew Nembhard,G,Indiana Pacers,2019699
2025,418,Jaden Hardy,G,Dallas Mavericks,2019699
2025,419,Caleb Houstan,G,Orlando Magic,2019693
2025,420,JT Thor,F,Washington Wizards,1988598
2025,421,Jose Alvarado,G,New Orleans Pelicans,1988598
2025,422,Matt Ryan,F,New York Knicks,1919558
2025,423,Mouhamed Gueye,F,Atlanta Hawks,1891858
2025,424,GG Jackson,F,Memphis Grizzlies,1891857
2025,425,Javon Freeman-Liberty,G,Toronto Raptors,1891857
2025,426,Rayan Rupert,G,Portland Trail Blazers,1891857
2025,427,Sidy Cissoko,G,Portland Trail Blazers,1891857
2025,428,Toumani Camara,F,Portland Trail Blazers,1891857
2025,429,Ricky Council IV,G,Philadelphia 76ers,1891857
2025,430,Maxwell Lewis,F,Brooklyn Nets,1891857
2025,431,Jalen Wilson,F,Brooklyn Nets,1891857
2025,432,Leonard Miller,F,Minnesota Timberwolves,1891857
2025,433,Chris Livingston,F,Milwaukee Bucks,1891857
2025,434,Andre Jackson Jr.,G,Milwaukee Bucks,1891857
2025,435,Gui Santos,F,Golden State Warriors,1891857
2025,436,Trayce Jackson-Davis,F,Golden State Warriors,1891857
2025,437,Jalen Pickett,G,Denver Nuggets,1891857
2025,438,Hunter Tyson,F,Denver Nuggets,1891857
2025,439,Craig Porter Jr.,G,Cleveland Cavaliers,1891857
2025,440,Julian Phillips,F,Chicago Bulls,1891857
2025,441,Onuralp Bitim,SF,Chicago Bulls,1891857
2025,442,Jordan Walsh,G,Boston Celtics,1891857
2025,443,Jonathan Mogbo,F,Toronto Raptors,1862265
2025,444,Jamal Shead,G,Toronto Raptors,1862265
2025,445,Johnny Furphy,G,Indiana Pacers,1850842
2025,446,Pacome Dadiet,F,New York Knicks,1808080
2025,447,Justin Champagnie,F,Washington Wizards,1800000
2025,448,Jae Crowder,PF,Sacramento Kings,1655619
2025,449,Paul Reed,F,Detroit Pistons,1427671
2025,450,Karlo Matkovic,F,New Orleans Pelicans,1407153
2025,451,Landry Shamet,G,New York Knicks,1343690
2025,452,Bobi Klintman,F,Detroit Pistons,1257153
2025,453,Jaylen Wells,F,Memphis Grizzlies,1157153
2025,454,Oso Ighodaro,F,Phoenix Suns,1157153
2025,455,Adem Bona,C,Philadelphia 76ers,1157153
2025,456,Tyler Smith,F,Milwaukee Bucks,1157153
2025,457,Bronny James,G,Los Angeles Lakers,1157153
2025,458,Cam Christie,G,LA Clippers,1157153
2025,459,Antonio Reeves,G,New Orleans Pelicans,1157153
2025,460,Pelle Larsson,G,Miami Heat,1157143
2025,461,Ariel Hukporti,C,New York Knicks,1064558
2025,462,Jordan Miller,G,LA Clippers,1050000
2025,463,Jamison Battle,F,Toronto Raptors,1000000
2025,464,Branden Carlson,C,Oklahoma City Thunder,990895
2025,465,Moussa Diabate,F,Charlotte Hornets,957763
2025,466,Lonnie Walker IV,G,Philadelphia 76ers,780932
2025,467,Ben Simmons,PG,LA Clippers,755826
2025,468,Jared Butler,G,Philadelphia 76ers,745726
2025,469,Alex Len,C,Los Angeles Lakers,743829
2025,470,Markelle Fultz,G,Sacramento Kings,731831
2025,471,Keshad Johnson,F,Miami Heat,724883
2025,472,Tyrese Martin,G,Brooklyn Nets,635853
2025,473,Jaden Springer,G,Utah Jazz,634437
2025,474,Javonte Green,G,Cleveland Cavaliers,599862
2025,475,Brandon Boston,SG,New Orleans Pelicans,596581
2025,476,Nate Williams,G,Houston Rockets,515881
2025,477,Bismack Biyombo,C,San Antonio Spurs,503884
2025,478,Orlando Robinson,C,Toronto Raptors,491887
2025,479,Ryan Rollins,G,Milwaukee Bucks,491887
2025,480,Dominick Barlow,F,Atlanta Hawks,491887
2025,481,Quinten Post,C,Golden State Warriors,438920
2025,482,Pat Spencer,G,Golden State Warriors,438810
2025,483,Jaylen Clark,G,Minnesota Timberwolves,429323
2025,484,Justin Edwards,F,Philadelphia 76ers,425619
2025,485,Lamar Stevens,F,Memphis Grizzlies,383912
2025,486,Tony Bradley,C,Indiana Pacers,330394
2025,487,Kevin Knox II,F,Golden State Warriors,263939
2025,488,P.J. Tucker,PF,New York Knicks,246833
2025,489,Jordan Goodwin,G,Los Angeles Lakers,223718
2025,490,Isaac Jones,C,Sacramento Kings,152957
2025,491,Drew Timme,F,Brooklyn Nets,113055
2026,1,Stephen Curry,G,Golden State Warriors,59606817
2026,2,Joel Embiid,C,Philadelphia 76ers,55224526
2026,3,Nikola Jokic,C,Denver Nuggets,55224526
2026,4,Kevin Durant,F,Houston Rockets,54708609
2026,5,Anthony Davis,F,Dallas Mavericks,54126450
2026,6,Karl-Anthony Towns,C,New York Knicks,54126450
2026,7,Giannis Antetokounmpo,F,Milwaukee Bucks,54126450
2026,8,Luka Doncic,G,Los Angeles Lakers,54126450
2026,9,Jimmy Butler III,F,Golden State Warriors,54126450
2026,10,Jayson Tatum,F,Boston Celtics,54126450
2026,11,Devin Booker,G,Phoenix Suns,53142264
2026,12,Jaylen Brown,G,Boston Celtics,53142264
2026,13,LeBron James,F,Los Angeles Lakers,52627153
2026,14,Paul George,F,Philadelphia 76ers,51666090
2026,15,Kawhi Leonard,F,LA Clippers,50000000
2026,16,Zach LaVine,G,Sacramento Kings,47499660
2026,17,Trae Young,G,Washington Wizards,46394100
2026,18,Lauri Markkanen,F,Utah Jazz,46394100
2026,19,Cade Cunningham,G,Detroit Pistons,46394100
2026,20,Jamal Murray,G,Denver Nuggets,46394100
2026,21,Evan Mobley,C,Cleveland Cavaliers,46394100
2026,22,Donovan Mitchell,G,Cleveland Cavaliers,46394100
2026,23,Anthony Edwards,G,Minnesota Timberwolves,45550512
2026,24,Tyrese Haliburton,G,Indiana Pacers,45550512
2026,25,Pascal Siakam,F,Indiana Pacers,45550512
2026,26,Domantas Sabonis,F,Sacramento Kings,43636000
2026,27,OG Anunoby,F,New York Knicks,39568966
2026,28,Ja Morant,G,Memphis Grizzlies,39446090
2026,29,Darius Garland,G,LA Clippers,39446090
2026,30,James Harden,G,Cleveland Cavaliers,39446090
2026,31,Zion Williamson,F,New Orleans Pelicans,39446090
2026,32,Scottie Barnes,F,Toronto Raptors,38661750
2026,33,Franz Wagner,F,Orlando Magic,38661750
2026,34,Shai Gilgeous-Alexander,G,Oklahoma City Thunder,38333050
2026,35,Michael Porter Jr.,F,Brooklyn Nets,38333050
2026,36,Brandon Ingram,F,Toronto Raptors,38095238
2026,37,LaMelo Ball,G,Charlotte Hornets,37958760
2026,38,Tyrese Maxey,G,Philadelphia 76ers,37958760
2026,39,De'Aaron Fox,G,San Antonio Spurs,37096620
2026,40,Bam Adebayo,C,Miami Heat,37096620
2026,41,Desmond Bane,G,Orlando Magic,36725670
2026,42,Kyrie Irving,G,Dallas Mavericks,36566002
2026,43,Jaren Jackson Jr.,F,Utah Jazz,35000000
2026,44,Jalen Suggs,G,Orlando Magic,35000000
2026,45,Rudy Gobert,C,Minnesota Timberwolves,35000000
2026,46,Jalen Brunson,G,New York Knicks,34944001
2026,47,Alperen Sengun,C,Houston Rockets,33944954
2026,48,Khris Middleton,F,Dallas Mavericks,33926296
2026,49,Jalen Green,G,Phoenix Suns,33548499
2026,50,Immanuel Quickley,G,Toronto Raptors,32500000
2026,51,Jrue Holiday,G,Portland Trail Blazers,32400000
2026,52,Jerami Grant,F,Portland Trail Blazers,32000000
2026,53,Jordan Poole,G,New Orleans Pelicans,31848215
2026,54,Tyler Herro,G,Miami Heat,31000000
2026,55,Julius Randle,F,Minnesota Timberwolves,30864198
2026,56,Dejounte Murray,G,New Orleans Pelicans,30801103
2026,57,Kristaps Porzingis,C,Golden State Warriors,30731707
2026,58,CJ McCollum,G,Atlanta Hawks,30666666
2026,59,Jalen Johnson,F,Atlanta Hawks,30000000
2026,60,Isaiah Hartenstein,C,Oklahoma City Thunder,28500000
2026,61,Andrew Wiggins,F,Miami Heat,28223214
2026,62,Derrick White,G,Boston Celtics,28100001
2026,63,RJ Barrett,F,Toronto Raptors,27705357
2026,64,Anfernee Simons,G,Chicago Bulls,27678571
2026,65,Devin Vassell,G,San Antonio Spurs,27000000
2026,66,Terry Rozier,G,Miami Heat,26643031
2026,67,Tobias Harris,F,Detroit Pistons,26634146
2026,68,John Collins,F,LA Clippers,26580000
2026,69,Draymond Green,F,Golden State Warriors,25892857
2026,70,Nic Claxton,C,Brooklyn Nets,25352272
2026,71,Myles Turner,C,Milwaukee Bucks,25318251
2026,72,Miles Bridges,F,Charlotte Hornets,25000000
2026,73,Fred VanVleet,G,Houston Rockets,25000000
2026,74,Josh Giddey,G,Chicago Bulls,25000000
2026,75,Trey Murphy III,F,New Orleans Pelicans,25000000
2026,76,Mikal Bridges,G,New York Knicks,24900000
2026,77,Jaden McDaniels,F,Minnesota Timberwolves,24858622
2026,78,DeMar DeRozan,G,Sacramento Kings,24570000
2026,79,De'Andre Hunter,F,Sacramento Kings,23303571
2026,80,Aaron Gordon,F,Denver Nuggets,22841455
2026,81,Jonathan Kuminga,F,Atlanta Hawks,22500000
2026,82,Dillon Brooks,F,Phoenix Suns,22124110
2026,83,Kyle Kuzma,F,Milwaukee Bucks,21810605
2026,84,Kentavious Caldwell-Pope,G,Memphis Grizzlies,21621500
2026,85,Naz Reid,C,Minnesota Timberwolves,21551724
2026,86,Nikola Vucevic,C,Boston Celtics,21481481
2026,87,Cameron Johnson,F,Denver Nuggets,21057065
2026,88,Norman Powell,G,Miami Heat,20482758
2026,89,Jarrett Allen,C,Cleveland Cavaliers,20000000
2026,90,Jakob Poeltl,C,Toronto Raptors,19500000
2026,91,Josh Hart,G,New York Knicks,19472240
2026,92,Jusuf Nurkic,C,Utah Jazz,19375000
2026,93,Collin Sexton,G,Chicago Bulls,19170000
2026,94,Harrison Barnes,F,San Antonio Spurs,19000000
2026,95,Malik Monk,G,Sacramento Kings,18797618
2026,96,Santi Aldama,F,Memphis Grizzlies,18485916
2026,97,Rui Hachimura,F,Los Angeles Lakers,18259259
2026,98,Luguentz Dort,G,Oklahoma City Thunder,18222222
2026,99,Alex Caruso,G,Oklahoma City Thunder,18102000
2026,100,Andrew Nembhard,G,Indiana Pacers,18102000
2026,101,Ivica Zubac,C,Indiana Pacers,18102000
2026,102,Zach Collins,F,Chicago Bulls,18080496
2026,103,Patrick Williams,F,Chicago Bulls,18000000
2026,104,Kevin Huerter,G,Detroit Pistons,17991071
2026,105,Keldon Johnson,F,San Antonio Spurs,17500000
2026,106,Grayson Allen,G,Phoenix Suns,16875000
2026,107,Duncan Robinson,F,Detroit Pistons,16834692
2026,108,Klay Thompson,G,Dallas Mavericks,16666667
2026,109,Bogdan Bogdanovic,G,LA Clippers,16020000
2026,110,Max Strus,G,Cleveland Cavaliers,15936452
2026,111,Terance Mann,G,Brooklyn Nets,15500000
2026,112,Paolo Banchero,F,Orlando Magic,15334769
2026,113,Nickeil Alexander-Walker,G,Atlanta Hawks,15161800
2026,114,Jonathan Isaac,F,Orlando Magic,15000000
2026,115,Isaiah Stewart,F,Detroit Pistons,15000000
2026,116,Onyeka Okongwu,F,Atlanta Hawks,15000000
2026,117,Cooper Flagg,F,Dallas Mavericks,14386320
2026,118,Daniel Gafford,F,Dallas Mavericks,14386320
2026,119,Deni Avdija,F,Portland Trail Blazers,14375000
2026,120,P.J. Washington,F,Dallas Mavericks,14152174
2026,121,Steven Adams,C,Houston Rockets,14130434
2026,122,Damian Lillard,G,Portland Trail Blazers,14104000
2026,123,Caris LeVert,G,Detroit Pistons,14104000
2026,124,Dennis Schroder,G,Cleveland Cavaliers,14104000
2026,125,Obi Toppin,F,Indiana Pacers,14000000
2026,126,Corey Kispert,F,Atlanta Hawks,13975000
2026,127,Austin Reaves,G,Los Angeles Lakers,13937574
2026,128,Herbert Jones,F,New Orleans Pelicans,13937574
2026,129,Chet Holmgren,C,Oklahoma City Thunder,13731368
2026,130,Josh Green,G,Charlotte Hornets,13666667
2026,131,Grant Williams,F,Charlotte Hornets,13645500
2026,132,Bobby Portis,F,Milwaukee Bucks,13580247
2026,133,Kelly Olynyk,F,San Antonio Spurs,13445122
2026,134,Victor Wembanyama,F,San Antonio Spurs,13376880
2026,135,Robert Williams III,C,Portland Trail Blazers,13285713
2026,136,Richaun Holmes,F,Washington Wizards,13280737
2026,137,Zaccharie Risacher,F,Atlanta Hawks,13197720
2026,138,Mitchell Robinson,C,New York Knicks,12954546
2026,139,Coby White,G,Charlotte Hornets,12888889
2026,140,Dorian Finney-Smith,F,Houston Rockets,12700000
2026,141,Brandon Clarke,F,Memphis Grizzlies,12500000
2026,142,Dylan Harper,G,San Antonio Spurs,12370320
2026,143,Isaiah Joe,G,Oklahoma City Thunder,12362338
2026,144,Jabari Smith Jr.,F,Houston Rockets,12350392
2026,145,Donte DiVincenzo,G,Minnesota Timberwolves,11990000
2026,146,Brandon Miller,F,Charlotte Hornets,11968800
2026,147,Alex Sarr,C,Washington Wizards,11808240
2026,148,Davion Mitchell,G,Miami Heat,11600000
2026,149,Moses Moody,G,Golden State Warriors,11574074
2026,150,Jarred Vanderbilt,F,Los Angeles Lakers,11571429
2026,151,Matisse Thybulle,G,Portland Trail Blazers,11550000
2026,152,Gabe Vincent,G,Atlanta Hawks,11500000
2026,153,Keegan Murray,F,Sacramento Kings,11144093
2026,154,VJ Edgecombe,G,Philadelphia 76ers,11108880
2026,155,Luke Kornet,C,San Antonio Spurs,11000000
2026,156,Luke Kennard,G,Los Angeles Lakers,11000000
2026,157,Maxi Kleber,F,Los Angeles Lakers,11000000
2026,158,Aaron Nesmith,G,Indiana Pacers,11000000
2026,159,Isaac Okoro,F,Chicago Bulls,11000000
2026,160,Wendell Carter Jr.,C,Orlando Magic,10850000
2026,161,Scoot Henderson,G,Portland Trail Blazers,10748040
2026,162,Reed Sheppard,G,Houston Rockets,10603560
2026,163,Jonas Valanciunas,C,Denver Nuggets,10395000
2026,164,T.J. McConnell,G,Indiana Pacers,10200000
2026,165,Royce O'Neale,F,Phoenix Suns,10125000
2026,166,Jaden Ivey,G,Chicago Bulls,10107163
2026,167,Aaron Wiggins,G,Oklahoma City Thunder,10102802
2026,168,Sam Hauser,F,Boston Celtics,10044643
2026,169,Kon Knueppel,G,Charlotte Hornets,10015680
2026,170,Lonzo Ball,G,Cleveland Cavaliers,10000000
2026,171,Derrick Jones Jr.,F,LA Clippers,10000000
2026,172,Amen Thompson,G,Houston Rockets,9690600
2026,173,Caleb Martin,F,Dallas Mavericks,9594044
2026,174,Stephon Castle,G,San Antonio Spurs,9560520
2026,175,Buddy Hield,G,Atlanta Hawks,9219512
2026,176,Bennedict Mathurin,G,LA Clippers,9187573
2026,177,Ace Bailey,G,Utah Jazz,9069840
2026,178,Naji Marshall,F,Dallas Mavericks,9000000
2026,179,Jalen Smith,F,Chicago Bulls,9000000
2026,180,Ty Jerome,G,Memphis Grizzlies,8781000
2026,181,Ausar Thompson,G,Detroit Pistons,8775000
2026,182,Brook Lopez,C,LA Clippers,8750000
2026,183,Quentin Grimes,G,Philadelphia 76ers,8741209
2026,184,Cody Martin,SF,Indiana Pacers,8680000
2026,185,Ronald Holland II,F,Detroit Pistons,8657280
2026,186,Sam Merrill,G,Cleveland Cavaliers,8482143
2026,187,Jaylin Williams,F,Oklahoma City Thunder,8450794
2026,188,Shaedon Sharpe,G,Portland Trail Blazers,8399983
2026,189,Kelly Oubre Jr.,G,Philadelphia 76ers,8382150
2026,190,Goga Bitadze,C,Orlando Magic,8333333
2026,191,Simone Fontecchio,F,Miami Heat,8307692
2026,192,Tre Johnson,G,Washington Wizards,8237640
2026,193,Georges Niang,F,Memphis Grizzlies,8200000
2026,194,Zeke Nnaji,F,Denver Nuggets,8177778
2026,195,Deandre Ayton,C,Los Angeles Lakers,8104000
2026,196,KJ Martin,F,Utah Jazz,8025000
2026,197,Tre Mann,G,Charlotte Hornets,8000000
2026,198,Tre Jones,G,Chicago Bulls,8000000
2026,199,Kevon Looney,F,New Orleans Pelicans,8000000
2026,200,Anthony Black,G,Orlando Magic,7970280
2026,201,Tidjane Salaun,F,Charlotte Hornets,7863240
2026,202,Josh Okogie,G,Houston Rockets,7750000
2026,203,Max Christie,G,Dallas Mavericks,7714286
2026,204,Dyson Daniels,G,Atlanta Hawks,7707709
2026,205,Jeremiah Fears,G,New Orleans Pelicans,7520040
2026,206,Ayo Dosunmu,G,Minnesota Timberwolves,7518519
2026,207,Bilal Coulibaly,G,Washington Wizards,7275600
2026,208,Payton Pritchard,G,Boston Celtics,7232143
2026,209,Donovan Clingan,C,Portland Trail Blazers,7178400
2026,210,Kenrich Williams,G,Oklahoma City Thunder,7163000
2026,211,Isaiah Jackson,F,LA Clippers,7000000
2026,212,Egor Demin,G,Brooklyn Nets,6889200
2026,213,Clint Capela,C,Houston Rockets,6700000
2026,214,Ousmane Dieng,F,Milwaukee Bucks,6670882
2026,215,Jarace Walker,F,Indiana Pacers,6665520
2026,216,Dean Wade,F,Cleveland Cavaliers,6623456
2026,217,Jalen Williams,G,Oklahoma City Thunder,6580997
2026,218,Rob Dillingham,G,Chicago Bulls,6576120
2026,219,Jalen Duren,C,Detroit Pistons,6483144
2026,220,Ochai Agbaji,G,Brooklyn Nets,6383525
2026,221,Collin Murray-Boyles,F,Toronto Raptors,6332520
2026,222,Mark Williams,C,Phoenix Suns,6276531
2026,223,Ziaire Williams,F,Brooklyn Nets,6250000
2026,224,Day'Ron Sharpe,C,Brooklyn Nets,6250000
2026,225,John Konchar,G,Utah Jazz,6165000
2026,226,Taylor Hendricks,F,Memphis Grizzlies,6127080
2026,227,Saddiq Bey,G,New Orleans Pelicans,6118644
2026,228,Zach Edey,C,Memphis Grizzlies,6045000
2026,229,Khaman Maluach,C,Phoenix Suns,6016080
2026,230,Jaden Hardy,G,Washington Wizards,6000000
2026,231,Jake LaRavia,F,Los Angeles Lakers,6000000
2026,232,Cason Wallace,G,Oklahoma City Thunder,5820240
2026,233,Cody Williams,F,Utah Jazz,5742480
2026,234,Cedric Coward,F,Memphis Grizzlies,5715120
2026,235,D'Angelo Russell,G,Dallas Mavericks,5685000
2026,236,Al Horford,C,Golden State Warriors,5685000
2026,237,Tari Eason,F,Houston Rockets,5675766
2026,238,Nicolas Batum,F,LA Clippers,5601600
2026,239,Jett Howard,G,Orlando Magic,5529720
2026,240,Guerschon Yabusele,F,Chicago Bulls,5500000
2026,241,Matas Buzelis,F,Chicago Bulls,5455560
2026,242,Noa Essengue,F,Chicago Bulls,5429520
2026,243,Kris Dunn,G,LA Clippers,5426000
2026,244,Dario Saric,F,Sacramento Kings,5426000
2026,245,Bradley Beal,G,LA Clippers,5354000
2026,246,Paul Reed,F,Detroit Pistons,5335894
2026,247,Dereck Lively II,C,Dallas Mavericks,5253360
2026,248,Nikola Topic,G,Oklahoma City Thunder,5182920
2026,249,Derik Queen,C,New Orleans Pelicans,5157960
2026,250,Kevin Porter Jr.,G,Milwaukee Bucks,5134000
2026,251,Marcus Smart,G,Los Angeles Lakers,5134000
2026,252,Andre Drummond,C,Philadelphia 76ers,5000000
2026,253,Moritz Wagner,F,Orlando Magic,5000000
2026,254,Nick Richards,C,Chicago Bulls,5000000
2026,255,Gradey Dick,G,Toronto Raptors,4990560
2026,256,Malaki Branham,G,Washington Wizards,4962033
2026,257,Devin Carter,G,Sacramento Kings,4923720
2026,258,Christian Braun,G,Denver Nuggets,4921797
2026,259,Carter Bryant,F,San Antonio Spurs,4900320
2026,260,Walker Kessler,C,Utah Jazz,4878938
2026,261,Jordan Hawkins,G,New Orleans Pelicans,4741320
2026,262,Blake Wesley,G,Portland Trail Blazers,4726328
2026,263,Bub Carrington,G,Washington Wizards,4677600
2026,264,Thomas Sorber,C,Oklahoma City Thunder,4655040
2026,265,Jose Alvarado,G,New York Knicks,4500000
2026,266,Nikola Jovic,F,Miami Heat,4445417
2026,267,Kel'el Ware,C,Miami Heat,4443360
2026,268,Yang Hansen,C,Portland Trail Blazers,4422360
2026,269,Peyton Watson,G,Denver Nuggets,4356476
2026,270,Miles McBride,G,New York Knicks,4333333
2026,271,Keyonte George,G,Utah Jazz,4278960
2026,272,Jared McCain,G,Oklahoma City Thunder,4221360
2026,273,Joan Beringer,F,Minnesota Timberwolves,4201080
2026,274,Kevin Love,F,Utah Jazz,4150000
2026,275,Dalton Knecht,F,Los Angeles Lakers,4010160
2026,276,Ryan Rollins,G,Milwaukee Bucks,4000000
2026,277,Dwight Powell,F,Dallas Mavericks,4000000
2026,278,Walter Clayton Jr.,G,Memphis Grizzlies,3991320
2026,279,Jaime Jaquez Jr.,F,Miami Heat,3861600
2026,280,Nolan Traore,G,Brooklyn Nets,3811560
2026,281,Daniss Jenkins,G,Detroit Pistons,3809524
2026,282,Tristan da Silva,F,Orlando Magic,3809520
2026,283,Gary Trent Jr.,G,Milwaukee Bucks,3697105
2026,284,Brandin Podziemski,G,Golden State Warriors,3687960
2026,285,Svi Mykhailiuk,G,Utah Jazz,3675000
2026,286,Kasparas Jakucionis,G,Miami Heat,3658800
2026,287,Ja'Kobe Walter,G,Toronto Raptors,3638160
2026,288,Gary Harris,G,Milwaukee Bucks,3634153
2026,289,Cam Whitmore,F,Washington Wizards,3539760
2026,290,Will Riley,G,Washington Wizards,3512520
2026,291,Jaylon Tyson,G,Cleveland Cavaliers,3492480
2026,292,Eric Gordon,G,Philadelphia 76ers,3468960
2026,293,Jaxson Hayes,C,Los Angeles Lakers,3449324
2026,294,Dominick Barlow,F,Philadelphia 76ers,3415000
2026,295,Noah Clowney,F,Brooklyn Nets,3398640
2026,296,Drake Powell,G,Brooklyn Nets,3372240
2026,297,Yves Missi,C,New Orleans Pelicans,3353040
2026,298,Taurean Prince,F,Milwaukee Bucks,3303774
2026,299,Dariq Whitehead,F,Memphis Grizzlies,3262560
2026,300,Asa Newell,F,Atlanta Hawks,3237480
2026,301,DaRon Holmes II,F,Denver Nuggets,3218760
2026,302,Kris Murray,F,Portland Trail Blazers,3132000
2026,303,Nique Clifford,G,Sacramento Kings,3108120
2026,304,AJ Johnson,G,Dallas Mavericks,3090480
2026,305,De'Anthony Melton,G,Golden State Warriors,3080921
2026,306,Kyle Filipowski,F,Utah Jazz,3000000
2026,307,Ajay Mitchell,G,Oklahoma City Thunder,3000000
2026,308,Julian Champagnie,F,San Antonio Spurs,3000000
2026,309,Shake Milton,SG,Los Angeles Lakers,3000000
2026,310,Jase Richardson,G,Orlando Magic,2983320
2026,311,Kyshawn George,F,Washington Wizards,2966760
2026,312,Marcus Sasser,G,Detroit Pistons,2886720
2026,313,Ben Saraf,G,Brooklyn Nets,2884560
2026,314,Tristan Vukcevic,F,Washington Wizards,2857143
2026,315,Pacome Dadiet,F,New York Knicks,2847600
2026,316,Danny Wolf,F,Brooklyn Nets,2801280
2026,317,Ben Sheppard,G,Indiana Pacers,2790720
2026,318,Hugo Gonzalez,G,Boston Celtics,2783880
2026,319,Liam McNeeley,G,Charlotte Hornets,2763960
2026,320,Dillon Jones,F,New York Knicks,2753280
2026,321,Yanic Konan Niederhauser,C,LA Clippers,2743800
2026,322,DaQuan Jeffries,G,Sacramento Kings,2743776
2026,323,Brice Sensabaugh,F,Utah Jazz,2693760
2026,324,Julian Strawther,G,Denver Nuggets,2674200
2026,325,Terrence Shannon Jr.,G,Minnesota Timberwolves,2674080
2026,326,James Wiseman,C,Indiana Pacers,2667947
2026,327,Ryan Dunn,F,Phoenix Suns,2657760
2026,328,Kobe Brown,G,Indiana Pacers,2654880
2026,329,Isaiah Collier,G,Utah Jazz,2638200
2026,330,Baylor Scheierman,G,Boston Celtics,2619000
2026,331,Xavier Tillman,F,Charlotte Hornets,2546675
2026,332,Anthony Gill,F,Washington Wizards,2546675
2026,333,Terence Davis,G,Sacramento Kings,2546675
2026,334,Cam Spencer,G,Memphis Grizzlies,2537989
2026,335,Sandro Mamukelashvili,F,Toronto Raptors,2461463
2026,336,Trendon Watford,F,Philadelphia 76ers,2461463
2026,337,Jericho Sims,C,Milwaukee Bucks,2461463
2026,338,Luka Garza,C,Boston Celtics,2461463
2026,339,Josh Minott,F,Brooklyn Nets,2378870
2026,340,Dru Smith,G,Miami Heat,2378870
2026,341,Justin Champagnie,F,Washington Wizards,2349578
2026,342,Vit Krejci,G,Portland Trail Blazers,2349578
2026,343,Jared Butler,G,Phoenix Suns,2349578
2026,344,Jordan Goodwin,G,Phoenix Suns,2349578
2026,345,Keon Johnson,G,Brooklyn Nets,2349578
2026,346,Jay Huff,C,Indiana Pacers,2349578
2026,347,Jaden Springer,G,New Orleans Pelicans,2349578
2026,348,Neemias Queta,C,Boston Celtics,2349578
2026,349,Vince Williams Jr.,G,Utah Jazz,2301587
2026,350,AJ Green,G,Milwaukee Bucks,2301587
2026,351,Keon Ellis,G,Cleveland Cavaliers,2301587
2026,352,Sion James,G,Charlotte Hornets,2296274
2026,353,Ryan Kalkbrenner,C,Charlotte Hornets,2296274
2026,354,Spencer Dinwiddie,PG,Charlotte Hornets,2296274
2026,355,Garrett Temple,G,Toronto Raptors,2296274
2026,356,Chris Paul,G,LA Clippers,2296274
2026,357,Dante Exum,G,Washington Wizards,2296274
2026,358,Chris Boucher,F,Boston Celtics,2296274
2026,359,Lindy Waters III,F,San Antonio Spurs,2296274
2026,360,Jordan McLaughlin,G,San Antonio Spurs,2296274
2026,361,Bismack Biyombo,C,San Antonio Spurs,2296274
2026,362,Drew Eubanks,F,Sacramento Kings,2296274
2026,363,Doug McDermott,F,Sacramento Kings,2296274
2026,364,Russell Westbrook,G,Sacramento Kings,2296274
2026,365,Cole Anthony,G,Milwaukee Bucks,2296274
2026,366,Collin Gillespie,G,Phoenix Suns,2296274
2026,367,Amir Coffey,G,Phoenix Suns,2296274
2026,368,Kyle Lowry,G,Philadelphia 76ers,2296274
2026,369,Landry Shamet,G,New York Knicks,2296274
2026,370,Jordan Clarkson,G,New York Knicks,2296274
2026,371,Bones Hyland,G,Minnesota Timberwolves,2296274
2026,372,Joe Ingles,F,Minnesota Timberwolves,2296274
2026,373,Thanasis Antetokounmpo,F,Milwaukee Bucks,2296274
2026,374,Nigel Hayes-Davis,F,Phoenix Suns,2296274
2026,375,Jae'Sean Tate,F,Houston Rockets,2296274
2026,376,Jeff Green,F,Houston Rockets,2296274
2026,377,Gary Payton II,G,Golden State Warriors,2296274
2026,378,Javonte Green,G,Detroit Pistons,2296274
2026,379,Bruce Brown,G,Denver Nuggets,2296274
2026,380,Tim Hardaway Jr.,G,Denver Nuggets,2296274
2026,381,Marvin Bagley III,F,Dallas Mavericks,2296274
2026,382,Thomas Bryant,C,Cleveland Cavaliers,2296274
2026,383,Larry Nance Jr.,F,Cleveland Cavaliers,2296274
2026,384,Keaton Wallace,G,Atlanta Hawks,2296274
2026,385,Jock Landale,C,Atlanta Hawks,2296274
2026,386,Maxwell Lewis,F,Brooklyn Nets,2271677
2026,387,Moussa Diabate,F,Charlotte Hornets,2270735
2026,388,Scotty Pippen Jr.,G,Memphis Grizzlies,2270735
2026,389,A.J. Lawson,G,Toronto Raptors,2270735
2026,390,JD Davison,G,Houston Rockets,2270735
2026,391,Brandon Williams,G,Dallas Mavericks,2270735
2026,392,DeAndre Jordan,C,New Orleans Pelicans,2269880
2026,393,GG Jackson,F,Memphis Grizzlies,2221677
2026,394,Trayce Jackson-Davis,F,Toronto Raptors,2221677
2026,395,Toumani Camara,F,Portland Trail Blazers,2221677
2026,396,Ricky Council IV,G,Philadelphia 76ers,2221677
2026,397,Jalen Wilson,F,Brooklyn Nets,2221677
2026,398,Hunter Tyson,F,Denver Nuggets,2221677
2026,399,Julian Phillips,F,Minnesota Timberwolves,2221677
2026,400,Andre Jackson Jr.,G,Milwaukee Bucks,2221677
2026,401,Gui Santos,F,Golden State Warriors,2221677
2026,402,Colby Jones,G,Detroit Pistons,2221677
2026,403,Jalen Pickett,G,Denver Nuggets,2221677
2026,404,Craig Porter Jr.,G,Cleveland Cavaliers,2221677
2026,405,Leonard Miller,F,Chicago Bulls,2221677
2026,406,Jordan Walsh,G,Boston Celtics,2221677
2026,407,Mouhamed Gueye,F,Atlanta Hawks,2221677
2026,408,Duop Reath,C,Portland Trail Blazers,2221677
2026,409,Colin Castleton,C,Orlando Magic,2191897
2026,410,Tyler Kolek,G,New York Knicks,2191897
2026,411,Jaylen Clark,G,Minnesota Timberwolves,2191897
2026,412,Precious Achiuwa,PF,Sacramento Kings,2111516
2026,413,Justin Edwards,F,Philadelphia 76ers,2048494
2026,414,N'Faly Dante,C,Atlanta Hawks,2048494
2026,415,Antonio Reeves,G,Charlotte Hornets,1955377
2026,416,Jaylen Wells,F,Memphis Grizzlies,1955377
2026,417,Jonathan Mogbo,F,Toronto Raptors,1955377
2026,418,Jamal Shead,G,Toronto Raptors,1955377
2026,419,Jamison Battle,F,Toronto Raptors,1955377
2026,420,Oso Ighodaro,F,Phoenix Suns,1955377
2026,421,Adem Bona,C,Philadelphia 76ers,1955377
2026,422,Ariel Hukporti,C,New York Knicks,1955377
2026,423,Pelle Larsson,G,Miami Heat,1955377
2026,424,Keshad Johnson,F,Miami Heat,1955377
2026,425,Bronny James,G,Los Angeles Lakers,1955377
2026,426,Drew Timme,F,Los Angeles Lakers,1955377
2026,427,Cam Christie,G,LA Clippers,1955377
2026,428,Johnny Furphy,G,Indiana Pacers,1955377
2026,429,Isaac Jones,C,Detroit Pistons,1955377
2026,430,Bobi Klintman,F,Detroit Pistons,1955377
2026,431,Tyler Smith,F,Dallas Mavericks,1955377
2026,432,Karlo Matkovic,F,New Orleans Pelicans,1955377
2026,433,Quinten Post,C,Golden State Warriors,1935377
2026,434,Seth Curry,G,Golden State Warriors,1755198
2026,435,Micah Potter,C,Indiana Pacers,1527805
2026,436,Chaz Lanier,G,Detroit Pistons,1372870
2026,437,Pat Connaughton,G,Charlotte Hornets,1315814
2026,438,Micah Peavy,G,New Orleans Pelicans,1272970
2026,439,Maxime Raynaud,C,Sacramento Kings,1272870
2026,440,Rasheer Fleming,F,Phoenix Suns,1272870
2026,441,Johni Broome,F,Philadelphia 76ers,1272870
2026,442,Noah Penda,F,Orlando Magic,1272870
2026,443,Mohamed Diawara,F,New York Knicks,1272870
2026,444,Adou Thiero,F,Los Angeles Lakers,1272870
2026,445,Kam Jones,G,Indiana Pacers,1272870
2026,446,Will Richard,G,Golden State Warriors,1272870
2026,447,Tyrese Proctor,G,Cleveland Cavaliers,1272870
2026,448,Nikola Durisic,F,Atlanta Hawks,1272870
2026,449,Jamir Watkins,G,Washington Wizards,1131970
2026,450,Taj Gibson,F,Memphis Grizzlies,960753
2026,451,Dylan Cardwell,C,Sacramento Kings,871000
2026,452,Jevon Carter,G,Orlando Magic,871000
2026,453,Pat Spencer,G,Golden State Warriors,857804
2026,454,Cam Thomas,G,Milwaukee Bucks,844607
2026,455,Kobe Bufkin,G,Los Angeles Lakers,831410
2026,456,Haywood Highsmith,F,Phoenix Suns,827984
2026,457,Jeremy Sochan,F,New York Knicks,778622
2026,458,Mike Conley,G,Minnesota Timberwolves,725834
2026,459,Jabari Walker,F,Philadelphia 76ers,724598
2026,460,Bryce McGowens,G,New Orleans Pelicans,724598
2026,461,Nae'Qwan Tomlin,F,Cleveland Cavaliers,718150
2026,462,Cameron Payne,PG,Philadelphia 76ers,712637
2026,463,Jordan Miller,G,LA Clippers,712637
2026,464,Caleb Houstan,G,Atlanta Hawks,699440
2026,465,Sidy Cissoko,G,Portland Trail Blazers,688243
2026,466,Spencer Jones,F,Denver Nuggets,623967
2026,467,Quenton Jackson,G,Indiana Pacers,601553
2026,468,Mason Plumlee,C,San Antonio Spurs,593864
2026,469,Jamaree Bouyea,G,Phoenix Suns,574210
2026,470,Kyle Anderson,F,Minnesota Timberwolves,567470
2026,471,Olivier-Maxence Prosper,F,Memphis Grizzlies,527879
2026,472,Tyus Jones,G,Denver Nuggets,514682
2026,473,Amari Williams,F,Boston Celtics,490128
2026,474,Myron Gardner,F,Miami Heat,395029
2026,475,Ryan Nembhard,G,Dallas Mavericks,321875
2027,1,Stephen Curry,G,Golden State Warriors,62587158
2027,2,Nikola Jokic,C,Denver Nuggets,59033114
2027,3,Anthony Davis,F,Washington Wizards,58456566
2027,4,Giannis Antetokounmpo,F,Milwaukee Bucks,58456566
2027,5,Jayson Tatum,F,Boston Celtics,58456566
2027,6,Joel Embiid,C,Philadelphia 76ers,58100000
2027,7,Devin Booker,G,Phoenix Suns,57078728
2027,8,Karl-Anthony Towns,C,New York Knicks,57078728
2027,9,Jaylen Brown,G,Boston Celtics,57078728
2027,10,Jimmy Butler III,F,Golden State Warriors,56832773
2027,11,Paul George,F,Philadelphia 76ers,54126380
2027,12,Kawhi Leonard,F,LA Clippers,50300000
2027,13,Cade Cunningham,G,Detroit Pistons,50105628
2027,14,Jamal Murray,G,Denver Nuggets,50105628
2027,15,Evan Mobley,C,Cleveland Cavaliers,50105628
2027,16,Donovan Mitchell,G,Cleveland Cavaliers,50105628
2027,17,De'Aaron Fox,G,San Antonio Spurs,49800000
2027,18,Bam Adebayo,C,Miami Heat,49500000
2027,19,Luka Doncic,G,Los Angeles Lakers,49500000
2027,20,Jaren Jackson Jr.,F,Utah Jazz,49000000
2027,21,Trae Young,G,Washington Wizards,48967380
2027,22,Zach LaVine,G,Sacramento Kings,48967380
2027,23,Anthony Edwards,G,Minnesota Timberwolves,48924624
2027,24,Tyrese Haliburton,G,Indiana Pacers,48924624
2027,25,Pascal Siakam,F,Indiana Pacers,48924624
2027,26,Lauri Markkanen,F,Utah Jazz,46113154
2027,27,Domantas Sabonis,F,Sacramento Kings,45472000
2027,28,Kevin Durant,F,Houston Rockets,43902439
2027,29,OG Anunoby,F,New York Knicks,42500000
2027,30,James Harden,G,Cleveland Cavaliers,42317308
2027,31,Ja Morant,G,Memphis Grizzlies,42166510
2027,32,Darius Garland,G,LA Clippers,42166510
2027,33,Zion Williamson,F,New Orleans Pelicans,42166510
2027,34,Scottie Barnes,F,Toronto Raptors,41754690
2027,35,Franz Wagner,F,Orlando Magic,41754690
2027,36,Jalen Williams,G,Oklahoma City Thunder,41500000
2027,37,Chet Holmgren,C,Oklahoma City Thunder,41500000
2027,38,Paolo Banchero,F,Orlando Magic,41500000
2027,39,Michael Porter Jr.,F,Brooklyn Nets,40906150
2027,40,Shai Gilgeous-Alexander,G,Oklahoma City Thunder,40806150
2027,41,LaMelo Ball,G,Charlotte Hornets,40770520
2027,42,Tyrese Maxey,G,Philadelphia 76ers,40770520
2027,43,Brandon Ingram,F,Toronto Raptors,40000000
2027,44,Desmond Bane,G,Orlando Magic,39446090
2027,45,Kyrie Irving,G,Dallas Mavericks,39416562
2027,46,Jalen Brunson,G,New York Knicks,37739521
2027,47,Rudy Gobert,C,Minnesota Timberwolves,36500000
2027,48,Jalen Green,G,Phoenix Suns,36251166
2027,49,Alperen Sengun,C,Houston Rockets,35642202
2027,50,Jrue Holiday,G,Portland Trail Blazers,34800000
2027,51,Jerami Grant,F,Portland Trail Blazers,34206897
2027,52,Jordan Poole,G,New Orleans Pelicans,34044642
2027,53,Aaron Gordon,F,Denver Nuggets,33658037
2027,54,Mikal Bridges,G,New York Knicks,33482143
2027,55,Julius Randle,F,Minnesota Timberwolves,33333333
2027,56,Tyler Herro,G,Miami Heat,33000000
2027,57,Dejounte Murray,G,New Orleans Pelicans,32785071
2027,58,Immanuel Quickley,G,Toronto Raptors,32500000
2027,59,Jalen Suggs,G,Orlando Magic,32400000
2027,60,Derrick White,G,Boston Celtics,30348001
2027,61,Andrew Wiggins,F,Miami Heat,30169643
2027,62,Jalen Johnson,F,Atlanta Hawks,30000000
2027,63,RJ Barrett,F,Toronto Raptors,29616071
2027,64,Isaiah Hartenstein,C,Oklahoma City Thunder,28500000
2027,65,Jarrett Allen,C,Cleveland Cavaliers,28000000
2027,66,Draymond Green,F,Golden State Warriors,27678571
2027,67,Devin Vassell,G,San Antonio Spurs,27000000
2027,68,Trey Murphy III,F,New Orleans Pelicans,27000000
2027,69,Myles Turner,C,Milwaukee Bucks,26584164
2027,70,Jaden McDaniels,F,Minnesota Timberwolves,26200001
2027,71,DeMar DeRozan,G,Sacramento Kings,25740000
2027,72,Fred VanVleet,G,Houston Rockets,25000000
2027,73,Josh Giddey,G,Chicago Bulls,25000000
2027,74,Dyson Daniels,G,Atlanta Hawks,25000000
2027,75,De'Andre Hunter,F,Sacramento Kings,24910714
2027,76,Jonathan Kuminga,F,Atlanta Hawks,24300000
2027,77,Keegan Murray,F,Sacramento Kings,24137931
2027,78,Jabari Smith Jr.,F,Houston Rockets,23643411
2027,79,Naz Reid,C,Minnesota Timberwolves,23275862
2027,80,Nic Claxton,C,Brooklyn Nets,23147727
2027,81,Cameron Johnson,F,Denver Nuggets,23062500
2027,82,Miles Bridges,F,Charlotte Hornets,22826087
2027,83,Kentavious Caldwell-Pope,G,Memphis Grizzlies,21621500
2027,84,Christian Braun,G,Denver Nuggets,21551774
2027,85,Malik Monk,G,Sacramento Kings,21190034
2027,86,Josh Hart,G,New York Knicks,20923760
2027,87,Kyle Kuzma,F,Milwaukee Bucks,20345152
2027,88,Ivica Zubac,C,Indiana Pacers,20342140
2027,89,Shaedon Sharpe,G,Portland Trail Blazers,20089286
2027,90,Dillon Brooks,F,Phoenix Suns,19992727
2027,91,P.J. Washington,F,Dallas Mavericks,19813044
2027,92,Alex Caruso,G,Oklahoma City Thunder,19550160
2027,93,Andrew Nembhard,G,Indiana Pacers,19550160
2027,94,Jakob Poeltl,C,Toronto Raptors,19500000
2027,95,Luguentz Dort,G,Oklahoma City Thunder,18222222
2027,96,Grayson Allen,G,Phoenix Suns,18125000
2027,97,Wendell Carter Jr.,C,Orlando Magic,18102000
2027,98,Toumani Camara,F,Portland Trail Blazers,18080358
2027,99,Patrick Williams,F,Chicago Bulls,18000000
2027,100,Keldon Johnson,F,San Antonio Spurs,17500000
2027,101,Klay Thompson,G,Dallas Mavericks,17460317
2027,102,Daniel Gafford,F,Dallas Mavericks,17263584
2027,103,Santi Aldama,F,Memphis Grizzlies,17007043
2027,104,Victor Wembanyama,F,San Antonio Spurs,16868245
2027,105,Max Strus,G,Cleveland Cavaliers,16660836
2027,106,Nikola Jovic,F,Miami Heat,16200000
2027,107,Onyeka Okongwu,F,Atlanta Hawks,16120000
2027,108,Bogdan Bogdanovic,G,LA Clippers,16020000
2027,109,Duncan Robinson,F,Detroit Pistons,15992957
2027,110,Terance Mann,G,Brooklyn Nets,15500000
2027,111,Brandon Miller,F,Charlotte Hornets,15104625
2027,112,Obi Toppin,F,Indiana Pacers,15000000
2027,113,Isaiah Stewart,F,Detroit Pistons,15000000
2027,114,Herbert Jones,F,New Orleans Pelicans,14898786
2027,115,Caris LeVert,G,Detroit Pistons,14809200
2027,116,Dennis Schroder,G,Cleveland Cavaliers,14809200
2027,117,Josh Green,G,Charlotte Hornets,14679012
2027,118,Bobby Portis,F,Milwaukee Bucks,14521414
2027,119,Cooper Flagg,F,Dallas Mavericks,14517480
2027,120,Jonathan Isaac,F,Orlando Magic,14500000
2027,121,Nickeil Alexander-Walker,G,Atlanta Hawks,14403710
2027,122,Grant Williams,F,Charlotte Hornets,14265750
2027,123,Corey Kispert,F,Atlanta Hawks,13975000
2027,124,Zaccharie Risacher,F,Atlanta Hawks,13826040
2027,125,Scoot Henderson,G,Portland Trail Blazers,13585522
2027,126,Damian Lillard,G,Portland Trail Blazers,13398000
2027,127,Dorian Finney-Smith,F,Houston Rockets,13335000
2027,128,Deni Avdija,F,Portland Trail Blazers,13125000
2027,129,Steven Adams,C,Houston Rockets,13000000
2027,130,Dylan Harper,G,San Antonio Spurs,12989040
2027,131,Brandon Clarke,F,Memphis Grizzlies,12500000
2027,132,Moses Moody,G,Golden State Warriors,12500000
2027,133,Jarred Vanderbilt,F,Los Angeles Lakers,12428571
2027,134,Davion Mitchell,G,Miami Heat,12400000
2027,135,Alex Sarr,C,Washington Wizards,12370680
2027,136,Amen Thompson,G,Houston Rockets,12258609
2027,137,Isaac Okoro,F,Chicago Bulls,11814815
2027,138,VJ Edgecombe,G,Philadelphia 76ers,11663880
2027,139,Royce O'Neale,F,Phoenix Suns,11375000
2027,140,Isaiah Joe,G,Oklahoma City Thunder,11323006
2027,141,Ausar Thompson,G,Detroit Pistons,11117925
2027,142,Reed Sheppard,G,Houston Rockets,11108880
2027,143,Aaron Nesmith,G,Indiana Pacers,11000000
2027,144,T.J. McConnell,G,Indiana Pacers,11000000
2027,145,Sam Hauser,F,Boston Celtics,10848241
2027,146,Kon Knueppel,G,Charlotte Hornets,10516560
2027,147,Derrick Jones Jr.,F,LA Clippers,10476190
2027,148,Luke Kornet,C,San Antonio Spurs,10450000
2027,149,Anthony Black,G,Orlando Magic,10106315
2027,150,AJ Green,G,Milwaukee Bucks,10044643
2027,151,Stephon Castle,G,San Antonio Spurs,10015920
2027,152,Caleb Martin,F,Dallas Mavericks,10001494
2027,153,Jonas Valanciunas,C,Denver Nuggets,10000000
2027,154,Buddy Hield,G,Atlanta Hawks,9658536
2027,155,Ace Bailey,G,Utah Jazz,9523080
2027,156,Naji Marshall,F,Dallas Mavericks,9428571
2027,157,Jalen Smith,F,Chicago Bulls,9428571
2027,158,Bilal Coulibaly,G,Washington Wizards,9240012
2027,159,Aaron Wiggins,G,Oklahoma City Thunder,9224300
2027,160,Ty Jerome,G,Memphis Grizzlies,9220050
2027,161,Sam Merrill,G,Cleveland Cavaliers,9160714
2027,162,Ronald Holland II,F,Detroit Pistons,9069600
2027,163,Brook Lopez,C,LA Clippers,8750000
2027,164,Tre Johnson,G,Washington Wizards,8649600
2027,165,Jarace Walker,F,Indiana Pacers,8478541
2027,166,Max Christie,G,Dallas Mavericks,8285714
2027,167,Tidjane Salaun,F,Charlotte Hornets,8237880
2027,168,Deandre Ayton,C,Los Angeles Lakers,8104000
2027,169,Tre Mann,G,Charlotte Hornets,8000000
2027,170,Tre Jones,G,Chicago Bulls,8000000
2027,171,Kevon Looney,F,New Orleans Pelicans,8000000
2027,172,Jeremiah Fears,G,New Orleans Pelicans,7896240
2027,173,Taylor Hendricks,F,Memphis Grizzlies,7805900
2027,174,Jaylin Williams,F,Oklahoma City Thunder,7774648
2027,175,Payton Pritchard,G,Boston Celtics,7767857
2027,176,Goga Bitadze,C,Orlando Magic,7608696
2027,177,Donovan Clingan,C,Portland Trail Blazers,7519920
2027,178,Zeke Nnaji,F,Denver Nuggets,7466667
2027,179,Cason Wallace,G,Oklahoma City Thunder,7420806
2027,180,Dereck Lively II,C,Dallas Mavericks,7239130
2027,181,Egor Demin,G,Brooklyn Nets,7233720
2027,182,Kenrich Williams,G,Oklahoma City Thunder,7163000
2027,183,Gradey Dick,G,Toronto Raptors,7131510
2027,184,Clint Capela,C,Houston Rockets,7035000
2027,185,Jordan Hawkins,G,New Orleans Pelicans,7021895
2027,186,Isaiah Jackson,F,LA Clippers,7000000
2027,187,Rob Dillingham,G,Chicago Bulls,6889320
2027,188,Collin Murray-Boyles,F,Toronto Raptors,6649560
2027,189,Keyonte George,G,Utah Jazz,6563925
2027,190,Saddiq Bey,G,New Orleans Pelicans,6440678
2027,191,Zach Edey,C,Memphis Grizzlies,6332760
2027,192,Khaman Maluach,C,Phoenix Suns,6316680
2027,193,Ziaire Williams,F,Brooklyn Nets,6250000
2027,194,Day'Ron Sharpe,C,Brooklyn Nets,6250000
2027,195,John Konchar,G,Utah Jazz,6165000
2027,196,Cody Williams,F,Utah Jazz,6015600
2027,197,Cedric Coward,F,Memphis Grizzlies,6001080
2027,198,Jaden Hardy,G,Washington Wizards,6000000
2027,199,Jake LaRavia,F,Los Angeles Lakers,6000000
2027,200,D'Angelo Russell,G,Washington Wizards,5969250
2027,201,Al Horford,C,Golden State Warriors,5969250
2027,202,Jaime Jaquez Jr.,F,Miami Heat,5939141
2027,203,Nicolas Batum,F,LA Clippers,5881680
2027,204,Matas Buzelis,F,Chicago Bulls,5715360
2027,205,Noa Essengue,F,Chicago Bulls,5701200
2027,206,Kris Dunn,G,LA Clippers,5684800
2027,207,Brandin Podziemski,G,Golden State Warriors,5679458
2027,208,Bradley Beal,G,LA Clippers,5621700
2027,209,Cam Whitmore,F,Washington Wizards,5458310
2027,210,Nikola Topic,G,Oklahoma City Thunder,5429760
2027,211,Derik Queen,C,New Orleans Pelicans,5416080
2027,212,Noah Clowney,F,Brooklyn Nets,5414034
2027,213,Marcus Smart,G,Los Angeles Lakers,5390700
2027,214,Kris Murray,F,Portland Trail Blazers,5315004
2027,215,Marcus Sasser,G,Detroit Pistons,5198983
2027,216,Devin Carter,G,Sacramento Kings,5158080
2027,217,Carter Bryant,F,San Antonio Spurs,5145360
2027,218,Ben Sheppard,G,Indiana Pacers,5031668
2027,219,Bub Carrington,G,Washington Wizards,4900560
2027,220,Thomas Sorber,C,Oklahoma City Thunder,4887720
2027,221,Brice Sensabaugh,F,Utah Jazz,4862237
2027,222,Julian Strawther,G,Denver Nuggets,4826931
2027,223,Kel'el Ware,C,Miami Heat,4654920
2027,224,Yang Hansen,C,Portland Trail Blazers,4643520
2027,225,Gui Santos,F,Golden State Warriors,4629630
2027,226,Jose Alvarado,G,New York Knicks,4500000
2027,227,Jared McCain,G,Oklahoma City Thunder,4422600
2027,228,Joan Beringer,F,Minnesota Timberwolves,4411200
2027,229,Dalton Knecht,F,Los Angeles Lakers,4201080
2027,230,Walter Clayton Jr.,G,Memphis Grizzlies,4190520
2027,231,Nolan Traore,G,Brooklyn Nets,4002000
2027,232,Ryan Rollins,G,Milwaukee Bucks,4000000
2027,233,Daniss Jenkins,G,Detroit Pistons,4000000
2027,234,Tristan da Silva,F,Orlando Magic,3991200
2027,235,Miles McBride,G,New York Knicks,3956523
2027,236,Svi Mykhailiuk,G,Utah Jazz,3850000
2027,237,Kasparas Jakucionis,G,Miami Heat,3841680
2027,238,Pat Connaughton,G,Charlotte Hornets,3815861
2027,239,Gary Harris,G,Milwaukee Bucks,3815861
2027,240,Ja'Kobe Walter,G,Toronto Raptors,3811800
2027,241,Will Riley,G,Washington Wizards,3688320
2027,242,Jaylon Tyson,G,Cleveland Cavaliers,3658560
2027,243,Drake Powell,G,Brooklyn Nets,3540600
2027,244,Yves Missi,C,New Orleans Pelicans,3512760
2027,245,Dominick Barlow,F,Philadelphia 76ers,3415000
2027,246,Asa Newell,F,Atlanta Hawks,3399480
2027,247,DaRon Holmes II,F,Denver Nuggets,3372120
2027,248,Nique Clifford,G,Sacramento Kings,3263400
2027,249,AJ Johnson,G,Dallas Mavericks,3237120
2027,250,Taj Gibson,F,Memphis Grizzlies,3185861
2027,251,Jase Richardson,G,Orlando Magic,3132360
2027,252,Kyshawn George,F,Washington Wizards,3108000
2027,253,Ben Saraf,G,Brooklyn Nets,3028560
2027,254,Killian Hayes,G,Sacramento Kings,3018158
2027,255,Haywood Highsmith,F,Phoenix Suns,3018158
2027,256,Tristan Vukcevic,F,Washington Wizards,3000000
2027,257,Kyle Filipowski,F,Utah Jazz,3000000
2027,258,Julian Champagnie,F,San Antonio Spurs,3000000
2027,259,Pacome Dadiet,F,New York Knicks,2983680
2027,260,Danny Wolf,F,Brooklyn Nets,2941440
2027,261,Hugo Gonzalez,G,Boston Celtics,2923560
2027,262,Liam McNeeley,G,Charlotte Hornets,2902080
2027,263,Yanic Konan Niederhauser,C,LA Clippers,2880960
2027,264,Ajay Mitchell,G,Oklahoma City Thunder,2850000
2027,265,Terrence Shannon Jr.,G,Minnesota Timberwolves,2801640
2027,266,Trendon Watford,F,Philadelphia 76ers,2801346
2027,267,Micah Potter,C,Indiana Pacers,2801346
2027,268,Luka Garza,C,Boston Celtics,2801346
2027,269,Ryan Dunn,F,Phoenix Suns,2784240
2027,270,Isaiah Collier,G,Utah Jazz,2763960
2027,271,Baylor Scheierman,G,Boston Celtics,2744040
2027,272,Justin Champagnie,F,Washington Wizards,2667944
2027,273,Vit Krejci,G,Portland Trail Blazers,2667944
2027,274,Jay Huff,C,Indiana Pacers,2667944
2027,275,Neemias Queta,C,Boston Celtics,2667944
2027,276,Jamaree Bouyea,G,Phoenix Suns,2584539
2027,277,Jabari Walker,F,Philadelphia 76ers,2584539
2027,278,Josh Minott,F,Brooklyn Nets,2584539
2027,279,Quenton Jackson,G,Indiana Pacers,2584539
2027,280,Bryce McGowens,G,New Orleans Pelicans,2584539
2027,281,Dru Smith,G,Miami Heat,2584359
2027,282,Olivier-Maxence Prosper,F,Memphis Grizzlies,2497812
2027,283,Sidy Cissoko,G,Portland Trail Blazers,2497812
2027,284,Kobe Bufkin,G,Los Angeles Lakers,2497812
2027,285,Jordan Miller,G,LA Clippers,2497812
2027,286,Moussa Diabate,F,Charlotte Hornets,2461462
2027,287,Scotty Pippen Jr.,G,Memphis Grizzlies,2461462
2027,288,Sion James,G,Charlotte Hornets,2411090
2027,289,Ryan Kalkbrenner,C,Charlotte Hornets,2411090
2027,290,Cam Spencer,G,Memphis Grizzlies,2411090
2027,291,Justin Edwards,F,Philadelphia 76ers,2411090
2027,292,Nae'Qwan Tomlin,F,Cleveland Cavaliers,2411090
2027,293,GG Jackson,F,Memphis Grizzlies,2406205
2027,294,Trayce Jackson-Davis,F,Toronto Raptors,2406205
2027,295,Jalen Pickett,G,Denver Nuggets,2406205
2027,296,Craig Porter Jr.,G,Cleveland Cavaliers,2406205
2027,297,Leonard Miller,F,Chicago Bulls,2406205
2027,298,Jordan Walsh,G,Boston Celtics,2406205
2027,299,Mouhamed Gueye,F,Atlanta Hawks,2406205
2027,300,Bronny James,G,Los Angeles Lakers,2296274
2027,301,Jaylen Wells,F,Memphis Grizzlies,2296271
2027,302,Jonathan Mogbo,F,Toronto Raptors,2296271
2027,303,Jamal Shead,G,Toronto Raptors,2296271
2027,304,Jamison Battle,F,Toronto Raptors,2296271
2027,305,Adem Bona,C,Philadelphia 76ers,2296271
2027,306,Tyler Kolek,G,New York Knicks,2296271
2027,307,Pelle Larsson,G,Miami Heat,2296271
2027,308,Cam Christie,G,LA Clippers,2296271
2027,309,Johnny Furphy,G,Indiana Pacers,2296271
2027,310,Bobi Klintman,F,Detroit Pistons,2296271
2027,311,Karlo Matkovic,F,New Orleans Pelicans,2296271
2027,312,Jamir Watkins,G,Washington Wizards,2150917
2027,313,Maxime Raynaud,C,Sacramento Kings,2150917
2027,314,Dylan Cardwell,C,Sacramento Kings,2150917
2027,315,Rasheer Fleming,F,Phoenix Suns,2150917
2027,316,Johni Broome,F,Philadelphia 76ers,2150917
2027,317,Noah Penda,F,Orlando Magic,2150917
2027,318,Myron Gardner,F,Miami Heat,2150917
2027,319,Adou Thiero,F,Los Angeles Lakers,2150917
2027,320,Kobe Sanders,G,LA Clippers,2150917
2027,321,Kam Jones,G,Indiana Pacers,2150917
2027,322,Chaz Lanier,G,Detroit Pistons,2150917
2027,323,Tyrese Proctor,G,Cleveland Cavaliers,2150917
2027,324,Micah Peavy,G,New Orleans Pelicans,2150917
